SONIC_CPU_PATH_DEFAULTS version=20260916 ram_regions=1 prepared_transfers=1
SONIC_INTERNAL_DIAGNOSTICS version=1 enabled=0
KATANA_NATIVE_PORT_BRINGUP unresolved_hardware_sites=96 probes=1
KATANA_NATIVE_BUILD_PROFILE name=performance pgo_mode=off pgo_profile_sha256=none aot_all_o2=1
SONIC_PRESENTATION mode=hor-plus output=800x500 renderer=vulkan camera=original render_percent=50 x_scale=0.833333 gameplay_timing=original
SONIC_STARTUP phase=Loading game code...
SONIC_STARTUP_PREFETCH backend=linux advised_bytes=340739413 mode=asynchronous
SONIC_STARTUP phase=Loading game data...
SONIC_STARTUP phase=Connecting controllers...
SONIC_STARTUP phase=Preparing graphics...
SONIC_VULKAN_DEVICE name=llvmpipe (LLVM 20.1.2, 256 bits) api=1.4 type2_nodes=5592405
SONIC_SHADER_CACHE backend=vulkan driver_hit=0 bytes=0
SONIC_VULKAN_WARMUP pipelines=0
SONIC_STARTUP phase=Starting game...
KATANA_NATIVE_FRAME_PACING simulation_fps=30 presentation_fps=60 catch_up=disabled
KATANA_NATIVE_PORT_BUILD_IDENTITY_V1:sha256:05a1c67fc1d6e5aee33963d0c1456242e84507378b637b71a9b3dd885ddc8e47
SONIC_NATIVE_PERIODIC_ADOPT reload=12500000 observed=12251537
SONIC_NATIVE_TEXTURE_SET acquired domain=main index=0 rows=7 archives=7 publication=guest-registry
SONIC_NATIVE_FRAME_BOUNDARY owner=frame-begin index=0 action=present open=1 draws=0 clear=0,0,0,1
SONIC_NATIVE_INPUT slot=0 connected=0 buttons=0x0 pressed=0x0 released=0x0
SONIC_NATIVE_INPUT slot=1 connected=0 buttons=0x0 pressed=0x0 released=0x0
SONIC_NATIVE_INPUT slot=2 connected=0 buttons=0x0 pressed=0x0 released=0x0
SONIC_NATIVE_INPUT slot=3 connected=0 buttons=0x0 pressed=0x0 released=0x0
SONIC_NATIVE_PRETRANSFORMED_PROBE r4=0x8c00f358 pr=0x8c09b4ea sp=0x8c00f350 fullscreen=1 r5=0x4 r6=0x60 fr4=0xbc23d70a streams=0x8c00f368,0x8c00f388,0x0 v0=[0x0,0x0,0xef000000] v1=[0x0,0x43f00000,0xef000000] v2=[0x44200000,0x43f00000,0xef000000] v3=[0x44200000,0x0,0xef000000]
SONIC_NATIVE_DRAW_PACKET frame=1 ordinal=0 vertices=4 topology=4 cull=0 shading=0 blend=1:6:7 depth=1:1:6 list=2 material=1:1:1:0
SONIC_NATIVE_DRAW_VERTEX ordinal=0 index=0 position=0,0,1 color=0,0,0,0.937255
SONIC_NATIVE_DRAW_VERTEX ordinal=0 index=1 position=640,0,1 color=0,0,0,0.937255
SONIC_NATIVE_DRAW_VERTEX ordinal=0 index=2 position=0,480,1 color=0,0,0,0.937255
SONIC_NATIVE_DRAW_VERTEX ordinal=0 index=3 position=640,480,1 color=0,0,0,0.937255
SONIC_NATIVE_DRAW_PACKET frame=1 ordinal=1 vertices=4 topology=4 cull=0 shading=1 blend=0:1:0 depth=1:1:6 list=0 material=1:0:0:0
SONIC_NATIVE_DRAW_VERTEX ordinal=1 index=0 position=-64,0,0.1 color=1,1,1,1
SONIC_NATIVE_DRAW_VERTEX ordinal=1 index=1 position=-64,256,0.1 color=1,1,1,1
SONIC_NATIVE_DRAW_VERTEX ordinal=1 index=2 position=192,0,0.1 color=1,1,1,1
SONIC_NATIVE_DRAW_VERTEX ordinal=1 index=3 position=192,256,0.1 color=1,1,1,1
SONIC_NATIVE_DRAW_PACKET frame=1 ordinal=2 vertices=4 topology=4 cull=0 shading=1 blend=0:1:0 depth=1:1:6 list=0 material=1:0:0:0
SONIC_NATIVE_DRAW_VERTEX ordinal=2 index=0 position=192,0,0.1 color=1,1,1,1
SONIC_NATIVE_DRAW_VERTEX ordinal=2 index=1 position=192,256,0.1 color=1,1,1,1
SONIC_NATIVE_DRAW_VERTEX ordinal=2 index=2 position=448,0,0.1 color=1,1,1,1
SONIC_NATIVE_DRAW_VERTEX ordinal=2 index=3 position=448,256,0.1 color=1,1,1,1
SONIC_NATIVE_DRAW_PACKET frame=1 ordinal=3 vertices=4 topology=4 cull=0 shading=1 blend=0:1:0 depth=1:1:6 list=0 material=1:0:0:0
SONIC_NATIVE_DRAW_VERTEX ordinal=3 index=0 position=448,0,0.1 color=1,1,1,1
SONIC_NATIVE_DRAW_VERTEX ordinal=3 index=1 position=448,256,0.1 color=1,1,1,1
SONIC_NATIVE_DRAW_VERTEX ordinal=3 index=2 position=704,0,0.1 color=1,1,1,1
SONIC_NATIVE_DRAW_VERTEX ordinal=3 index=3 position=704,256,0.1 color=1,1,1,1
SONIC_NATIVE_DRAW_PACKET frame=1 ordinal=4 vertices=4 topology=4 cull=0 shading=1 blend=0:1:0 depth=1:1:6 list=0 material=1:0:0:0
SONIC_NATIVE_DRAW_VERTEX ordinal=4 index=0 position=-64,256,0.1 color=1,1,1,1
SONIC_NATIVE_DRAW_VERTEX ordinal=4 index=1 position=-64,512,0.1 color=1,1,1,1
SONIC_NATIVE_DRAW_VERTEX ordinal=4 index=2 position=192,256,0.1 color=1,1,1,1
SONIC_NATIVE_DRAW_VERTEX ordinal=4 index=3 position=192,512,0.1 color=1,1,1,1
SONIC_NATIVE_DRAW_PACKET frame=1 ordinal=5 vertices=4 topology=4 cull=0 shading=1 blend=0:1:0 depth=1:1:6 list=0 material=1:0:0:0
SONIC_NATIVE_DRAW_VERTEX ordinal=5 index=0 position=192,256,0.1 color=1,1,1,1
SONIC_NATIVE_DRAW_VERTEX ordinal=5 index=1 position=192,512,0.1 color=1,1,1,1
SONIC_NATIVE_DRAW_VERTEX ordinal=5 index=2 position=448,256,0.1 color=1,1,1,1
SONIC_NATIVE_DRAW_VERTEX ordinal=5 index=3 position=448,512,0.1 color=1,1,1,1
SONIC_NATIVE_DRAW_PACKET frame=1 ordinal=6 vertices=4 topology=4 cull=0 shading=1 blend=0:1:0 depth=1:1:6 list=0 material=1:0:0:0
SONIC_NATIVE_DRAW_VERTEX ordinal=6 index=0 position=448,256,0.1 color=1,1,1,1
SONIC_NATIVE_DRAW_VERTEX ordinal=6 index=1 position=448,512,0.1 color=1,1,1,1
SONIC_NATIVE_DRAW_VERTEX ordinal=6 index=2 position=704,256,0.1 color=1,1,1,1
SONIC_NATIVE_DRAW_VERTEX ordinal=6 index=3 position=704,512,0.1 color=1,1,1,1
SONIC_NATIVE_FRAME_BOUNDARY owner=frame-begin index=1 action=present open=1 draws=7 clear=0,0,0,1
SONIC_VULKAN_PRESENT mode=immediate vsync_setting=2 visible=0
SONIC_VULKAN_PIPELINE kind=3 warmup=0 elapsed_ms=11.332
SONIC_STARTUP ready=1 elapsed_ms=14242.357
SONIC_NATIVE_FRAME_BOUNDARY owner=frame-begin index=2 action=present open=1 draws=7 clear=0,0,0,1
SONIC_VULKAN_PIPELINE kind=0 warmup=0 elapsed_ms=74.366
SONIC_VULKAN_PIPELINE kind=1 warmup=0 elapsed_ms=93.841
SONIC_VULKAN_PIPELINE kind=2 warmup=0 elapsed_ms=65.436
SONIC_NATIVE_FRAME_BOUNDARY owner=frame-begin index=3 action=present open=1 draws=7 clear=0,0,0,1
SONIC_NATIVE_FRAME_BOUNDARY owner=frame-begin index=4 action=present open=1 draws=7 clear=0,0,0,1
SONIC_NATIVE_FRAME_BOUNDARY owner=frame-begin index=5 action=present open=1 draws=7 clear=0,0,0,1
SONIC_NATIVE_FRAME_BOUNDARY owner=frame-begin index=6 action=present open=1 draws=7 clear=0,0,0,1
SONIC_NATIVE_FRAME_BOUNDARY owner=frame-begin index=7 action=present open=1 draws=7 clear=0,0,0,1
SONIC_NATIVE_FRAME_BOUNDARY owner=frame-begin index=8 action=present open=1 draws=7 clear=0,0,0,1
SONIC_NATIVE_FRAME_BOUNDARY owner=frame-begin index=9 action=present open=1 draws=7 clear=0,0,0,1
SONIC_NATIVE_MOVIE_SEQUENCE diagnostic-menu-edge=1
SONIC_NATIVE_MOVIE_SEQUENCE skip id=0 clip=0 input=menu
SONIC_NATIVE_MOVIE_SEQUENCE completed id=0 clips=0 skipped=1 completion_status=1 decoded_video=0 presented_video=0 audio_frames=0 visibly_non_black=0
SONIC_NATIVE_CONTENT request=advertise.prs normalized=ADVERTISE.PRS destination=0xcd00000
SONIC_NATIVE_PRS_SOURCE staged=SONICAD/ADVERTISE.PRS decoded=sha256:6e8a5806f1f32e6c17c70c30c953600f16fcdb4959b8cd91094c4b32062793d5 encoded_start=0xcd00000 encoded_bytes=0x2b000 sequence=1
SONIC_NATIVE_CONTENT loaded=SONICAD/ADVERTISE.PRS destination=0xcd00000 bytes=0x2ae96 sector_bytes=0x2b000
SONIC_NATIVE_PRS retired_runtime_images=1 retired_loaded_aot=0 destination=0xc900000
SONIC_NATIVE_PRS_MODULE identity=sha256:6e8a5806f1f32e6c17c70c30c953600f16fcdb4959b8cd91094c4b32062793d5 source=0x8088b000 runtime=0xc900000 bytes=0xe4648 generation=3 transition_epoch=1
SONIC_NATIVE_SOUND_BANK_MAP collection=0:1 available=13 retained=0 replaced=0 retired_one_shot=0 retired_sequence=0 stale_handles=0
SONIC_NATIVE_SOUND_COLLECTION loaded=SONICAD/MOBILE1.MLT bytes=1222016 active=1
SONIC_NATIVE_SOUND_BANK_MAP collection=1:1 available=13 retained=0 replaced=13 retired_one_shot=0 retired_sequence=0 stale_handles=0
SONIC_NATIVE_SOUND_COLLECTION loaded=SONICAD/EGGCARRIER.MLT bytes=1311520 active=2
SONIC_NATIVE_SOUND_BANK_MAP collection=2:1 available=5 retained=10 replaced=3 retired_one_shot=0 retired_sequence=0 stale_handles=0
SONIC_NATIVE_SOUND_COLLECTION loaded=SONICAD/V_SONICTAILS_E.MLT bytes=201472 active=3
SONIC_NATIVE_SOUND_BANK_MAP collection=3:1 available=5 retained=12 replaced=3 retired_one_shot=0 retired_sequence=0 stale_handles=0
SONIC_NATIVE_SOUND_COLLECTION loaded=SONICAD/P_SONICTAILS.MLT bytes=144000 active=4
SONIC_NATIVE_SCENARIO_STAGE_QUEUED id=knuckles-lost-world stage=7:1 context=3 table=22:2 main=11->2 tuple_override=0 gameplay_probe=1 protocol=3 input_profile=3 frame=193 presentations=190
SONIC_NATIVE_CONTENT request=k_mot.PRS normalized=K_MOT.PRS destination=0xcd00000
SONIC_NATIVE_CONTENT loaded=SONICAD/K_MOT.PRS destination=0xcd00000 bytes=0x26ab7 sector_bytes=0x27000
SONIC_NATIVE_TEXTURE_SET acquired domain=character index=3 rows=2 archives=2 publication=guest-registry
SONIC_NATIVE_TEXTURE_SET acquired domain=main index=0 rows=7 archives=7 publication=guest-registry
SONIC_NATIVE_SDK_TEXTURE_VIEW pvm=0 acquired=1 copied=1 texlist=0x8c1bee94
SONIC_NATIVE_PRETRANSFORMED_STREAM kind=textured source=0x8c798718 count=4 texture_key=0x989803 translucent=0
SONIC_VULKAN_PIPELINE kind=0 warmup=0 elapsed_ms=99.208
SONIC_NATIVE_SOUND_BANK_MAP collection=4:1 available=13 retained=4 replaced=13 retired_one_shot=0 retired_sequence=0 stale_handles=0
SONIC_NATIVE_SOUND_COLLECTION loaded=SONICAD/LOSTWORLD.MLT bytes=1048960 active=5
SONIC_NATIVE_SOUND_BANK_MAP collection=5:1 available=5 retained=12 replaced=5 retired_one_shot=0 retired_sequence=0 stale_handles=0
SONIC_NATIVE_SOUND_COLLECTION loaded=SONICAD/V_KNUCKLES_E.MLT bytes=157408 active=6
SONIC_NATIVE_SOUND_BANK_MAP collection=6:1 available=5 retained=12 replaced=5 retired_one_shot=0 retired_sequence=0 stale_handles=0
SONIC_NATIVE_SOUND_COLLECTION loaded=SONICAD/P_KNUCKLES.MLT bytes=200160 active=7
SONIC_NATIVE_CONTENT request=stg07.PRS normalized=STG07.PRS destination=0xcd00000
SONIC_NATIVE_PRS_SOURCE staged=SONICAD/STG07.PRS decoded=sha256:4061569d533458514f2e0e26c88631a20f3ffd5c260e0521717a9c2bc3a3b44c encoded_start=0xcd00000 encoded_bytes=0xa1800 sequence=2
SONIC_NATIVE_CONTENT loaded=SONICAD/STG07.PRS destination=0xcd00000 bytes=0xa1304 sector_bytes=0xa1800
SONIC_NATIVE_OVERLAY_TASK_RETIRE destination=0xc900000 bytes=0x15d36c owners=1 tasks=2 roots=2 child_graph=1 transition=sha256:4061569d533458514f2e0e26c88631a20f3ffd5c260e0521717a9c2bc3a3b44c
SONIC_NATIVE_OVERLAY_TASK_OWNER kind=loaded-aot identity=sha256:6e8a5806f1f32e6c17c70c30c953600f16fcdb4959b8cd91094c4b32062793d5 runtime=0x8c900000 bytes=0xe4648 generation=3
SONIC_NATIVE_PRS retired_runtime_images=0 retired_loaded_aot=1 destination=0xc900000
SONIC_NATIVE_PRS_MODULE identity=sha256:4061569d533458514f2e0e26c88631a20f3ffd5c260e0521717a9c2bc3a3b44c source=0x838a3000 runtime=0xc900000 bytes=0x15d36c generation=5 transition_epoch=2
SONIC_NATIVE_CONTENT request=set0700K.bin normalized=SET0700K.BIN destination=0xcb68000
SONIC_NATIVE_CONTENT missing_path=SET0700K.BIN guest_pointer=0x8c00f314 destination=0xcb68000
SONIC_NATIVE_CONTENT request=set0700S.bin normalized=SET0700S.BIN destination=0xcb68000
SONIC_NATIVE_CONTENT loaded=SONICAD/SET0700S.BIN destination=0xcb68000 bytes=0x3c40 sector_bytes=0x4000
SONIC_NATIVE_CONTENT request=set0701K.bin normalized=SET0701K.BIN destination=0xcb70000
SONIC_NATIVE_CONTENT loaded=SONICAD/SET0701K.BIN destination=0xcb70000 bytes=0x7ce0 sector_bytes=0x8000
SONIC_NATIVE_CONTENT request=set0702K.bin normalized=SET0702K.BIN destination=0xcb78000
SONIC_NATIVE_CONTENT missing_path=SET0702K.BIN guest_pointer=0x8c00f314 destination=0xcb78000
SONIC_NATIVE_CONTENT request=set0702S.bin normalized=SET0702S.BIN destination=0xcb78000
SONIC_NATIVE_CONTENT loaded=SONICAD/SET0702S.BIN destination=0xcb78000 bytes=0x420 sector_bytes=0x800
SONIC_NATIVE_CONTENT request=cam0700K.bin normalized=CAM0700K.BIN destination=0xcb50000
SONIC_NATIVE_CONTENT missing_path=CAM0700K.BIN guest_pointer=0x8c00f318 destination=0xcb50000
SONIC_NATIVE_CONTENT request=cam0700S.bin normalized=CAM0700S.BIN destination=0xcb50000
SONIC_NATIVE_CONTENT loaded=SONICAD/CAM0700S.BIN destination=0xcb50000 bytes=0x1840 sector_bytes=0x2000
SONIC_NATIVE_CONTENT request=cam0701K.bin normalized=CAM0701K.BIN destination=0xcb58000
SONIC_NATIVE_CONTENT loaded=SONICAD/CAM0701K.BIN destination=0xcb58000 bytes=0x1dc0 sector_bytes=0x2000
SONIC_NATIVE_CONTENT request=cam0702K.bin normalized=CAM0702K.BIN destination=0xcb60000
SONIC_NATIVE_CONTENT missing_path=CAM0702K.BIN guest_pointer=0x8c00f338 destination=0xcb60000
SONIC_NATIVE_CONTENT request=cam0702S.bin normalized=CAM0702S.BIN destination=0xcb60000
SONIC_NATIVE_CONTENT loaded=SONICAD/CAM0702S.BIN destination=0xcb60000 bytes=0x440 sector_bytes=0x800
SONIC_NATIVE_TEXTURE_SET acquired domain=character index=3 rows=2 archives=2 publication=guest-registry
SONIC_NATIVE_TEXTURE_SET acquired domain=main index=0 rows=7 archives=7 publication=guest-registry
SONIC_NATIVE_SDK_TEXTURE_VIEW pvm=1 acquired=127 copied=127 texlist=0xca27608
SONIC_NATIVE_SDK_TEXTURE_VIEW pvm=1 acquired=41 copied=41 texlist=0xca27814
SONIC_NATIVE_SDK_TEXTURE_VIEW pvm=1 acquired=18 copied=18 texlist=0x8c5b3d58
SONIC_NATIVE_SDK_TEXTURE_VIEW pvm=1 acquired=9 copied=9 texlist=0x8c59d484
SONIC_NATIVE_SDK_TEXTURE_VIEW pvm=1 acquired=3 copied=3 texlist=0x8c5c3698
SONIC_NATIVE_SDK_TEXTURE_VIEW pvm=1 acquired=2 copied=2 texlist=0x8c18610c
SONIC_NATIVE_SDK_TEXTURE_VIEW pvm=1 acquired=4 copied=4 texlist=0x8c1843a0
SONIC_NATIVE_SDK_TEXTURE_VIEW pvm=1 acquired=3 copied=3 texlist=0x8c181138
SONIC_NATIVE_SDK_TEXTURE_VIEW pvm=1 acquired=5 copied=5 texlist=0x8c16887c
SONIC_NATIVE_SDK_TEXTURE_VIEW pvm=1 acquired=4 copied=4 texlist=0x8c17df3c
SONIC_NATIVE_SDK_TEXTURE_VIEW pvm=1 acquired=95 copied=95 texlist=0xc963f04
SONIC_NATIVE_LIGHTING_CONTENT loaded=SONICAD/SL_71B.BIN destination=0x8c6aeec4 backing=0xc6aeec4 bytes=0xa00 sector_bytes=0x1000
SONIC_NATIVE_LIGHTING_CONTENT loaded=SONICAD/PL_71B.BIN destination=0x8c038f60 backing=0xc038f60 bytes=0x2400 sector_bytes=0x2800
SONIC_NATIVE_SDK_TEXTURE_VIEW pvm=0 acquired=1 copied=1 texlist=0x8c6b67b8
SONIC_NATIVE_SDK_TEXTURE_VIEW pvm=1 acquired=4 copied=4 texlist=0xca2784c
SONIC_VULKAN_PIPELINE kind=0 warmup=0 elapsed_ms=102.148
SONIC_VULKAN_PIPELINE kind=1 warmup=0 elapsed_ms=105.029
SONIC_VULKAN_PIPELINE kind=0 warmup=0 elapsed_ms=98.169
SONIC_VULKAN_PIPELINE kind=1 warmup=0 elapsed_ms=89.107
SONIC_VULKAN_PIPELINE kind=1 warmup=0 elapsed_ms=96.489
SONIC_NATIVE_CONTENT_RANGE bound=SONICAD/EVENT_ADX_US.AFS start_sector=450138 sectors=31836 bytes=65200128
SONIC_NATIVE_ADX_AFS bound=SONICAD/EVENT_ADX_US.AFS identity=sha256:58a427309d55eb6613b09a056461c5d5f4e3c82e61936980d2d2d1bf04cd0dcd afs_id=0 entries=2044
SONIC_NATIVE_PCM_STREAM_RING registered bank=15 offset=0x1fbfc0 bytes=0x4000 resource=0x141f8 mirror=0x8c8d371c
SONIC_NATIVE_PCM_STREAM_RING registered bank=14 offset=0x1f7f80 bytes=0x4000 resource=0x141f0 mirror=0x8c8d3714
SONIC_NATIVE_PCM_STREAM_RING registered bank=13 offset=0x1f3f40 bytes=0x4000 resource=0x141e8 mirror=0x8c8d370c
[adx @ 0x77a21007bc00] Estimating duration from bitrate, this may be inaccurate
SONIC_NATIVE_ADX start=SONICAD/LSTWRLD3.ADX identity=sha256:c3a15a5b6f655a264354e0209fdb5cf5eb6a34a61d6022b21c4e3330e8822dab guest_handle=0x8c6736f0 callsite=0x8c107892 pr=0x8c107894 bgm_signature=0x0 bgm_trace=0 bgm_frame=0 bgm_selection=0 bgm_request=0 bgm_mirror=0 bgm_handles=0x0,0x0 voice=0:1 active=1 playing=1 queued=2048 loop=1 loop_start=627680 loop_end=3833886 gain=0.891251 wrapper_valid=1 wrapper=0x2000301,0x8c8a3850,0x0,0x8c8a4950,0x8c8a64f8,0x8c8a64f8
SONIC_NATIVE_SCENARIO_GAMEPLAY_STARTED id=knuckles-lost-world protocol=3 input_profile=3 monotonic_ns=115454260367315 frame=252 presentations=247 load_ms=71631 owner_generation=5 stage_state=0 stage_mode=1
SONIC_NATIVE_INPUT slot=0 connected=1 buttons=0x0 pressed=0x0 released=0x0
SONIC_NATIVE_SCENARIO_GAMEPLAY_SAMPLE id=knuckles-lost-world protocol=3 input_profile=3 monotonic_ns=115455277455702 elapsed_ms=1017 collision_debug_signed=-1 frame=253 presentations=248 relative_frame=1 max_frame_ns=1017088387 input_applied_frames=1 completed_frames=2 drawn_frames=1 cadence_readable=1 active_video_hz=50 clock_owner=postpal-checkpoint clock_bound_frame=0 tv_mode_readable=1 tv_mode_word=1 release_slots=2 logical_delta=2 sixty_frame_fixture=0 native_gameplay_math=1 native_leaf_math=1 math_scope_readable=1 main_state=4 scene=15 palette_native_calls=3806 palette_original_calls=0 vertex_normals_native_calls=0 vertex_normals_original_calls=0 matrix_push_native_calls=35208 matrix_push_original_calls=0 matrix_pop_native_calls=36860 matrix_pop_original_calls=0 matrix_staged_groups=0 collision_cross_native_calls=352 collision_length_native_calls=14968 collision_normalize_native_calls=3033 collision_cross_original_calls=0 collision_length_original_calls=0 collision_normalize_original_calls=0 matrix_inverse_native_calls=8748 triangle_contacts_native_calls=2422 triangle_contacts_original_calls=0 triangle_contacts_scope_blocked_calls=0 collision_candidates_native_calls=1788 collision_candidates_scope_blocked_calls=0 collision_candidates_original_calls=0 motion_sampling_native_calls=0 motion_sampling_original_calls=0 animation_hierarchy_native_calls=227 model_packets=0 model_snapshots=0 model_packet_verified=0 model_packet_vertices=0 model_gpu_draws=0 model_point_uploads=0 model_corner_uploads=0 closed_memory_calls=158918 closed_memory_words=1959436 collision_memory_intervals=0 collision_memory_reads=0 collision_memory_writes=0 model_pipeline_calls=7655 model_pipeline_declined=0 model_pipeline_points=118460 model_pipeline_normals=2649 model_pipeline_draws=2649 model_pipeline_direct_outputs=2652 model_pipeline_root_operations=0 model_pipeline_closed_children=0 object_distance_calls=176352 object_distance_native=176352 object_distance_fallback=0 object_activation_calls=175 object_lifetime_calls=36121 object_records=174650 object_created=270 object_retired=73 object_declined=0 object_slow_accesses=0 movement_calls=0 movement_declined=0 movement_callbacks=0 movement_reentries=0 contact_family_calls=0 object_contact_calls=0 contact_family_internal=0 contact_family_foreign=0 contact_family_resumes=0 world_calls=176 world_declined=0 world_internal=22763 world_callbacks=56321 world_resumes=0 world_membership=4599 world_eligibility=4606 render_hierarchy_calls=2545 render_hierarchy_declined=0 render_hierarchy_internal=62250 render_hierarchy_callbacks=7183 render_model_calls=0 render_model_revocations=0 render_hierarchy_resumes=0 rigid_hierarchy_calls=2442 morph_hierarchy_calls=0 land_render_calls=0 collision_fused_cross=0 collision_fused_length=0 collision_fused_normalize=0 matrix_bulk_pushes=0 matrix_bulk_pops=0 matrix_bulk_saved=0 matrix_bulk_loaded=0 render_context_captures=4464 render_context_commits=4464 render_context_fallbacks=0 render_context_direct_calls=8928 palette_batch_calls=3806 palette_batch_vertices=160222 palette_batch_declined=0 palette_batch_closed_loops=3806 projection_batch_calls=4259 projection_batch_vertices=162010 projection_batch_declined=5 projection_batch_verified=0 sound_metadata_hits=0 sound_metadata_misses=0 sound_metadata_verified=0 deferred_midi_notes=0 animation_hierarchy_original_calls=0 animation_hierarchy_nodes=12879 animation_direct_write_calls=227 pose_blend_native_calls=0 pose_blend_original_calls=0 pose_direct_write_calls=0 matrix_vector_point_native_calls=40015 matrix_vector_point_original_calls=0 matrix_vector_direction_native_calls=28473 matrix_vector_direction_original_calls=0 matrix_vector_store_native_calls=0 matrix_vector_store_original_calls=0 matrix_vector_translation_native_calls=0 matrix_vector_translation_original_calls=0 atan_native_calls=0 inverse_trig_native_calls=16385 inverse_trig_declined=0 inverse_memory_calls=0 inverse_memory_stores=0 atan_original_calls=0 atan_quotient_native_calls=2 atan_quotient_original_calls=0 atan_polynomial_native_calls=0 atan_polynomial_original_calls=0 atan_scale_native_calls=0 atan_scale_original_calls=0 matrix_inverse_original_calls=0 matrix_determinant_native_calls=0 matrix_determinant_original_calls=0 player_state_readable=1 player_x=7482 player_y=-2640.4 player_z=908 player_x_bits=1172951040 player_y_bits=3307538021 player_z_bits=1147338752 frame_window_begin=5 frame_window_end=25 game_ticks=176 hud_timer_ticks=10 update_timing=0 update_tasks=0 update_tails=0 update_main_tasks=0 update_alternate_tasks=0 update_waits=0 update_elapsed=0 update_elapsed_extra=0 update_timer_setups=0 periodic_epoch_ns=115454261850464 periodic_callbacks=1 render_completion_experiment=0 guest_render_submitted=0 guest_render_completed=0 guest_render_dispatched=0 guest_render_callback=0 guest_render_counter=0 guest_render_nonzero_callbacks=0 update_unreadable=0 execution_thread_id=65876 execution_cpu_valid=1 execution_cpu_100ns=832329442 process_cpu_valid=1 process_cpu_100ns=3267244306 execution_cycles_valid=0 execution_cycles=0 phase=0 final=0
SONIC_NATIVE_SCENARIO_GAMEPLAY_SAMPLE id=knuckles-lost-world protocol=3 input_profile=3 monotonic_ns=115456545257985 elapsed_ms=2284 collision_debug_signed=-1 frame=254 presentations=249 relative_frame=2 max_frame_ns=1267802283 input_applied_frames=2 completed_frames=3 drawn_frames=2 cadence_readable=1 active_video_hz=50 clock_owner=postpal-checkpoint clock_bound_frame=0 tv_mode_readable=1 tv_mode_word=1 release_slots=2 logical_delta=2 sixty_frame_fixture=0 native_gameplay_math=1 native_leaf_math=1 math_scope_readable=1 main_state=4 scene=15 palette_native_calls=3898 palette_original_calls=0 vertex_normals_native_calls=0 vertex_normals_original_calls=0 matrix_push_native_calls=35992 matrix_push_original_calls=0 matrix_pop_native_calls=37679 matrix_pop_original_calls=0 matrix_staged_groups=0 collision_cross_native_calls=360 collision_length_native_calls=15289 collision_normalize_native_calls=3086 collision_cross_original_calls=0 collision_length_original_calls=0 collision_normalize_original_calls=0 matrix_inverse_native_calls=8948 triangle_contacts_native_calls=2486 triangle_contacts_original_calls=0 triangle_contacts_scope_blocked_calls=0 collision_candidates_native_calls=1828 collision_candidates_scope_blocked_calls=0 collision_candidates_original_calls=0 motion_sampling_native_calls=0 motion_sampling_original_calls=0 animation_hierarchy_native_calls=233 model_packets=0 model_snapshots=0 model_packet_verified=0 model_packet_vertices=0 model_gpu_draws=0 model_point_uploads=0 model_corner_uploads=0 closed_memory_calls=162407 closed_memory_words=2002546 collision_memory_intervals=0 collision_memory_reads=0 collision_memory_writes=0 model_pipeline_calls=7818 model_pipeline_declined=0 model_pipeline_points=120755 model_pipeline_normals=2697 model_pipeline_draws=2697 model_pipeline_direct_outputs=2700 model_pipeline_root_operations=0 model_pipeline_closed_children=0 object_distance_calls=180382 object_distance_native=180382 object_distance_fallback=0 object_activation_calls=179 object_lifetime_calls=36947 object_records=178642 object_created=272 object_retired=74 object_declined=0 object_slow_accesses=0 movement_calls=0 movement_declined=0 movement_callbacks=0 movement_reentries=0 contact_family_calls=0 object_contact_calls=0 contact_family_internal=0 contact_family_foreign=0 contact_family_resumes=0 world_calls=180 world_declined=0 world_internal=22862 world_callbacks=57468 world_resumes=0 world_membership=4704 world_eligibility=4710 render_hierarchy_calls=2604 render_hierarchy_declined=0 render_hierarchy_internal=63926 render_hierarchy_callbacks=7353 render_model_calls=0 render_model_revocations=0 render_hierarchy_resumes=0 rigid_hierarchy_calls=2498 morph_hierarchy_calls=0 land_render_calls=0 collision_fused_cross=0 collision_fused_length=0 collision_fused_normalize=0 matrix_bulk_pushes=0 matrix_bulk_pops=0 matrix_bulk_saved=0 matrix_bulk_loaded=0 render_context_captures=4582 render_context_commits=4582 render_context_fallbacks=0 render_context_direct_calls=9164 palette_batch_calls=3898 palette_batch_vertices=163562 palette_batch_declined=0 palette_batch_closed_loops=3898 projection_batch_calls=4360 projection_batch_vertices=165386 projection_batch_declined=5 projection_batch_verified=0 sound_metadata_hits=0 sound_metadata_misses=0 sound_metadata_verified=0 deferred_midi_notes=0 animation_hierarchy_original_calls=0 animation_hierarchy_nodes=13175 animation_direct_write_calls=233 pose_blend_native_calls=0 pose_blend_original_calls=0 pose_direct_write_calls=0 matrix_vector_point_native_calls=40818 matrix_vector_point_original_calls=0 matrix_vector_direction_native_calls=29120 matrix_vector_direction_original_calls=0 matrix_vector_store_native_calls=0 matrix_vector_store_original_calls=0 matrix_vector_translation_native_calls=0 matrix_vector_translation_original_calls=0 atan_native_calls=0 inverse_trig_native_calls=16775 inverse_trig_declined=0 inverse_memory_calls=0 inverse_memory_stores=0 atan_original_calls=0 atan_quotient_native_calls=2 atan_quotient_original_calls=0 atan_polynomial_native_calls=0 atan_polynomial_original_calls=0 atan_scale_native_calls=0 atan_scale_original_calls=0 matrix_inverse_original_calls=0 matrix_determinant_native_calls=0 matrix_determinant_original_calls=0 player_state_readable=1 player_x=7481.87 player_y=-2640.4 player_z=907.881 player_x_bits=1172950773 player_y_bits=3307538021 player_z_bits=1147336810 frame_window_begin=5 frame_window_end=25 game_ticks=180 hud_timer_ticks=14 update_timing=0 update_tasks=0 update_tails=0 update_main_tasks=0 update_alternate_tasks=0 update_waits=0 update_elapsed=0 update_elapsed_extra=0 update_timer_setups=0 periodic_epoch_ns=115455282904437 periodic_callbacks=1 render_completion_experiment=0 guest_render_submitted=0 guest_render_completed=0 guest_render_dispatched=0 guest_render_callback=0 guest_render_counter=0 guest_render_nonzero_callbacks=0 update_unreadable=0 execution_thread_id=65876 execution_cpu_valid=1 execution_cpu_100ns=845006150 process_cpu_valid=1 process_cpu_100ns=3306690801 execution_cycles_valid=0 execution_cycles=0 phase=0 final=0
SONIC_NATIVE_SCENARIO_GAMEPLAY_SAMPLE id=knuckles-lost-world protocol=3 input_profile=3 monotonic_ns=115457762972915 elapsed_ms=3502 collision_debug_signed=-1 frame=255 presentations=250 relative_frame=3 max_frame_ns=1267802283 input_applied_frames=3 completed_frames=4 drawn_frames=3 cadence_readable=1 active_video_hz=50 clock_owner=postpal-checkpoint clock_bound_frame=0 tv_mode_readable=1 tv_mode_word=1 release_slots=2 logical_delta=2 sixty_frame_fixture=0 native_gameplay_math=1 native_leaf_math=1 math_scope_readable=1 main_state=4 scene=15 palette_native_calls=3990 palette_original_calls=0 vertex_normals_native_calls=0 vertex_normals_original_calls=0 matrix_push_native_calls=36592 matrix_push_original_calls=0 matrix_pop_native_calls=38305 matrix_pop_original_calls=0 matrix_staged_groups=0 collision_cross_native_calls=366 collision_length_native_calls=15533 collision_normalize_native_calls=3125 collision_cross_original_calls=0 collision_length_original_calls=0 collision_normalize_original_calls=0 matrix_inverse_native_calls=9098 triangle_contacts_native_calls=2534 triangle_contacts_original_calls=0 triangle_contacts_scope_blocked_calls=0 collision_candidates_native_calls=1858 collision_candidates_scope_blocked_calls=0 collision_candidates_original_calls=0 motion_sampling_native_calls=0 motion_sampling_original_calls=0 animation_hierarchy_native_calls=238 model_packets=0 model_snapshots=0 model_packet_verified=0 model_packet_vertices=0 model_gpu_draws=0 model_point_uploads=0 model_corner_uploads=0 closed_memory_calls=165042 closed_memory_words=2036961 collision_memory_intervals=0 collision_memory_reads=0 collision_memory_writes=0 model_pipeline_calls=7954 model_pipeline_declined=0 model_pipeline_points=123050 model_pipeline_normals=2745 model_pipeline_draws=2745 model_pipeline_direct_outputs=2748 model_pipeline_root_operations=0 model_pipeline_closed_children=0 object_distance_calls=183406 object_distance_native=183406 object_distance_fallback=0 object_activation_calls=182 object_lifetime_calls=37568 object_records=181636 object_created=272 object_retired=74 object_declined=0 object_slow_accesses=0 movement_calls=0 movement_declined=0 movement_callbacks=0 movement_reentries=0 contact_family_calls=0 object_contact_calls=0 contact_family_internal=0 contact_family_foreign=0 contact_family_resumes=0 world_calls=183 world_declined=0 world_internal=22866 world_callbacks=58290 world_resumes=0 world_membership=4782 world_eligibility=4789 render_hierarchy_calls=2649 render_hierarchy_declined=0 render_hierarchy_internal=65539 render_hierarchy_callbacks=7496 render_model_calls=0 render_model_revocations=0 render_hierarchy_resumes=0 rigid_hierarchy_calls=2540 morph_hierarchy_calls=0 land_render_calls=0 collision_fused_cross=0 collision_fused_length=0 collision_fused_normalize=0 matrix_bulk_pushes=0 matrix_bulk_pops=0 matrix_bulk_saved=0 matrix_bulk_loaded=0 render_context_captures=4686 render_context_commits=4686 render_context_fallbacks=0 render_context_direct_calls=9372 palette_batch_calls=3990 palette_batch_vertices=166902 palette_batch_declined=0 palette_batch_closed_loops=3990 projection_batch_calls=4461 projection_batch_vertices=168762 projection_batch_declined=5 projection_batch_verified=0 sound_metadata_hits=0 sound_metadata_misses=0 sound_metadata_verified=0 deferred_midi_notes=0 animation_hierarchy_original_calls=0 animation_hierarchy_nodes=13398 animation_direct_write_calls=238 pose_blend_native_calls=0 pose_blend_original_calls=0 pose_direct_write_calls=0 matrix_vector_point_native_calls=41391 matrix_vector_point_original_calls=0 matrix_vector_direction_native_calls=29606 matrix_vector_direction_original_calls=0 matrix_vector_store_native_calls=0 matrix_vector_store_original_calls=0 matrix_vector_translation_native_calls=0 matrix_vector_translation_original_calls=0 atan_native_calls=0 inverse_trig_native_calls=17068 inverse_trig_declined=0 inverse_memory_calls=0 inverse_memory_stores=0 atan_original_calls=0 atan_quotient_native_calls=2 atan_quotient_original_calls=0 atan_polynomial_native_calls=0 atan_polynomial_original_calls=0 atan_scale_native_calls=0 atan_scale_original_calls=0 matrix_inverse_original_calls=0 matrix_determinant_native_calls=0 matrix_determinant_original_calls=0 player_state_readable=1 player_x=7481.63 player_y=-2640.4 player_z=907.676 player_x_bits=1172950278 player_y_bits=3307538021 player_z_bits=1147333446 frame_window_begin=5 frame_window_end=25 game_ticks=183 hud_timer_ticks=17 update_timing=0 update_tasks=0 update_tails=0 update_main_tasks=0 update_alternate_tasks=0 update_waits=0 update_elapsed=0 update_elapsed_extra=0 update_timer_setups=0 periodic_epoch_ns=115456550185983 periodic_callbacks=1 render_completion_experiment=0 guest_render_submitted=0 guest_render_completed=0 guest_render_dispatched=0 guest_render_callback=0 guest_render_counter=0 guest_render_nonzero_callbacks=0 update_unreadable=0 execution_thread_id=65876 execution_cpu_valid=1 execution_cpu_100ns=854928214 process_cpu_valid=1 process_cpu_100ns=3342588566 execution_cycles_valid=0 execution_cycles=0 phase=0 final=0
SONIC_NATIVE_SCENARIO_GAMEPLAY_SAMPLE id=knuckles-lost-world protocol=3 input_profile=3 monotonic_ns=115459023005221 elapsed_ms=4762 collision_debug_signed=-1 frame=256 presentations=251 relative_frame=4 max_frame_ns=1267802283 input_applied_frames=4 completed_frames=5 drawn_frames=4 cadence_readable=1 active_video_hz=50 clock_owner=postpal-checkpoint clock_bound_frame=0 tv_mode_readable=1 tv_mode_word=1 release_slots=2 logical_delta=2 sixty_frame_fixture=0 native_gameplay_math=1 native_leaf_math=1 math_scope_readable=1 main_state=4 scene=15 palette_native_calls=4082 palette_original_calls=0 vertex_normals_native_calls=0 vertex_normals_original_calls=0 matrix_push_native_calls=37374 matrix_push_original_calls=0 matrix_pop_native_calls=39122 matrix_pop_original_calls=0 matrix_staged_groups=0 collision_cross_native_calls=374 collision_length_native_calls=15858 collision_normalize_native_calls=3177 collision_cross_original_calls=0 collision_length_original_calls=0 collision_normalize_original_calls=0 matrix_inverse_native_calls=9298 triangle_contacts_native_calls=2598 triangle_contacts_original_calls=0 triangle_contacts_scope_blocked_calls=0 collision_candidates_native_calls=1898 collision_candidates_scope_blocked_calls=0 collision_candidates_original_calls=0 motion_sampling_native_calls=0 motion_sampling_original_calls=0 animation_hierarchy_native_calls=244 model_packets=0 model_snapshots=0 model_packet_verified=0 model_packet_vertices=0 model_gpu_draws=0 model_point_uploads=0 model_corner_uploads=0 closed_memory_calls=168486 closed_memory_words=2079886 collision_memory_intervals=0 collision_memory_reads=0 collision_memory_writes=0 model_pipeline_calls=8120 model_pipeline_declined=0 model_pipeline_points=125345 model_pipeline_normals=2793 model_pipeline_draws=2793 model_pipeline_direct_outputs=2796 model_pipeline_root_operations=0 model_pipeline_closed_children=0 object_distance_calls=187438 object_distance_native=187438 object_distance_fallback=0 object_activation_calls=186 object_lifetime_calls=38396 object_records=185628 object_created=272 object_retired=74 object_declined=0 object_slow_accesses=0 movement_calls=0 movement_declined=0 movement_callbacks=0 movement_reentries=0 contact_family_calls=0 object_contact_calls=0 contact_family_internal=0 contact_family_foreign=0 contact_family_resumes=0 world_calls=187 world_declined=0 world_internal=22870 world_callbacks=59386 world_resumes=0 world_membership=4886 world_eligibility=4893 render_hierarchy_calls=2708 render_hierarchy_declined=0 render_hierarchy_internal=67227 render_hierarchy_callbacks=7669 render_model_calls=0 render_model_revocations=0 render_hierarchy_resumes=0 rigid_hierarchy_calls=2596 morph_hierarchy_calls=0 land_render_calls=0 collision_fused_cross=0 collision_fused_length=0 collision_fused_normalize=0 matrix_bulk_pushes=0 matrix_bulk_pops=0 matrix_bulk_saved=0 matrix_bulk_loaded=0 render_context_captures=4804 render_context_commits=4804 render_context_fallbacks=0 render_context_direct_calls=9608 palette_batch_calls=4082 palette_batch_vertices=170242 palette_batch_declined=0 palette_batch_closed_loops=4082 projection_batch_calls=4562 projection_batch_vertices=172138 projection_batch_declined=5 projection_batch_verified=0 sound_metadata_hits=0 sound_metadata_misses=0 sound_metadata_verified=0 deferred_midi_notes=0 animation_hierarchy_original_calls=0 animation_hierarchy_nodes=13694 animation_direct_write_calls=244 pose_blend_native_calls=0 pose_blend_original_calls=0 pose_direct_write_calls=0 matrix_vector_point_native_calls=42153 matrix_vector_point_original_calls=0 matrix_vector_direction_native_calls=30253 matrix_vector_direction_original_calls=0 matrix_vector_store_native_calls=0 matrix_vector_store_original_calls=0 matrix_vector_translation_native_calls=0 matrix_vector_translation_original_calls=0 atan_native_calls=0 inverse_trig_native_calls=17458 inverse_trig_declined=0 inverse_memory_calls=0 inverse_memory_stores=0 atan_original_calls=0 atan_quotient_native_calls=2 atan_quotient_original_calls=0 atan_polynomial_native_calls=0 atan_polynomial_original_calls=0 atan_scale_native_calls=0 atan_scale_original_calls=0 matrix_inverse_original_calls=0 matrix_determinant_native_calls=0 matrix_determinant_original_calls=0 player_state_readable=1 player_x=7481.11 player_y=-2640.4 player_z=907.255 player_x_bits=1172949212 player_y_bits=3307538021 player_z_bits=1147326548 frame_window_begin=5 frame_window_end=25 game_ticks=187 hud_timer_ticks=21 update_timing=0 update_tasks=0 update_tails=0 update_main_tasks=0 update_alternate_tasks=0 update_waits=0 update_elapsed=0 update_elapsed_extra=0 update_timer_setups=0 periodic_epoch_ns=115457767265079 periodic_callbacks=1 render_completion_experiment=0 guest_render_submitted=0 guest_render_completed=0 guest_render_dispatched=0 guest_render_callback=0 guest_render_counter=0 guest_render_nonzero_callbacks=0 update_unreadable=0 execution_thread_id=65876 execution_cpu_valid=1 execution_cpu_100ns=867502320 process_cpu_valid=1 process_cpu_100ns=3381826948 execution_cycles_valid=0 execution_cycles=0 phase=0 final=0
SONIC_NATIVE_SCENARIO_GAMEPLAY_SAMPLE id=knuckles-lost-world protocol=3 input_profile=3 monotonic_ns=115460012892120 elapsed_ms=5752 collision_debug_signed=-1 frame=257 presentations=252 relative_frame=5 max_frame_ns=1267802283 input_applied_frames=5 completed_frames=6 drawn_frames=5 cadence_readable=1 active_video_hz=50 clock_owner=postpal-checkpoint clock_bound_frame=0 tv_mode_readable=1 tv_mode_word=1 release_slots=2 logical_delta=2 sixty_frame_fixture=0 native_gameplay_math=1 native_leaf_math=1 math_scope_readable=1 main_state=4 scene=15 palette_native_calls=4174 palette_original_calls=0 vertex_normals_native_calls=0 vertex_normals_original_calls=0 matrix_push_native_calls=37974 matrix_push_original_calls=0 matrix_pop_native_calls=39748 matrix_pop_original_calls=0 matrix_staged_groups=0 collision_cross_native_calls=380 collision_length_native_calls=16102 collision_normalize_native_calls=3216 collision_cross_original_calls=0 collision_length_original_calls=0 collision_normalize_original_calls=0 matrix_inverse_native_calls=9448 triangle_contacts_native_calls=2646 triangle_contacts_original_calls=0 triangle_contacts_scope_blocked_calls=0 collision_candidates_native_calls=1928 collision_candidates_scope_blocked_calls=0 collision_candidates_original_calls=0 motion_sampling_native_calls=0 motion_sampling_original_calls=0 animation_hierarchy_native_calls=249 model_packets=0 model_snapshots=0 model_packet_verified=0 model_packet_vertices=0 model_gpu_draws=0 model_point_uploads=0 model_corner_uploads=0 closed_memory_calls=171121 closed_memory_words=2114301 collision_memory_intervals=0 collision_memory_reads=0 collision_memory_writes=0 model_pipeline_calls=8256 model_pipeline_declined=0 model_pipeline_points=127640 model_pipeline_normals=2841 model_pipeline_draws=2841 model_pipeline_direct_outputs=2844 model_pipeline_root_operations=0 model_pipeline_closed_children=0 object_distance_calls=190462 object_distance_native=190462 object_distance_fallback=0 object_activation_calls=189 object_lifetime_calls=39017 object_records=188622 object_created=272 object_retired=74 object_declined=0 object_slow_accesses=0 movement_calls=0 movement_declined=0 movement_callbacks=0 movement_reentries=0 contact_family_calls=0 object_contact_calls=0 contact_family_internal=0 contact_family_foreign=0 contact_family_resumes=0 world_calls=190 world_declined=0 world_internal=22873 world_callbacks=60208 world_resumes=0 world_membership=4964 world_eligibility=4971 render_hierarchy_calls=2753 render_hierarchy_declined=0 render_hierarchy_internal=68840 render_hierarchy_callbacks=7812 render_model_calls=0 render_model_revocations=0 render_hierarchy_resumes=0 rigid_hierarchy_calls=2638 morph_hierarchy_calls=0 land_render_calls=0 collision_fused_cross=0 collision_fused_length=0 collision_fused_normalize=0 matrix_bulk_pushes=0 matrix_bulk_pops=0 matrix_bulk_saved=0 matrix_bulk_loaded=0 render_context_captures=4908 render_context_commits=4908 render_context_fallbacks=0 render_context_direct_calls=9816 palette_batch_calls=4174 palette_batch_vertices=173582 palette_batch_declined=0 palette_batch_closed_loops=4174 projection_batch_calls=4663 projection_batch_vertices=175514 projection_batch_declined=5 projection_batch_verified=0 sound_metadata_hits=0 sound_metadata_misses=0 sound_metadata_verified=0 deferred_midi_notes=0 animation_hierarchy_original_calls=0 animation_hierarchy_nodes=13917 animation_direct_write_calls=249 pose_blend_native_calls=0 pose_blend_original_calls=0 pose_direct_write_calls=0 matrix_vector_point_native_calls=42726 matrix_vector_point_original_calls=0 matrix_vector_direction_native_calls=30739 matrix_vector_direction_original_calls=0 matrix_vector_store_native_calls=0 matrix_vector_store_original_calls=0 matrix_vector_translation_native_calls=0 matrix_vector_translation_original_calls=0 atan_native_calls=0 inverse_trig_native_calls=17751 inverse_trig_declined=0 inverse_memory_calls=0 inverse_memory_stores=0 atan_original_calls=0 atan_quotient_native_calls=2 atan_quotient_original_calls=0 atan_polynomial_native_calls=0 atan_polynomial_original_calls=0 atan_scale_native_calls=0 atan_scale_original_calls=0 matrix_inverse_original_calls=0 matrix_determinant_native_calls=0 matrix_determinant_original_calls=0 player_state_readable=1 player_x=7480.65 player_y=-2640.4 player_z=906.897 player_x_bits=1172948276 player_y_bits=3307538021 player_z_bits=1147320673 frame_window_begin=5 frame_window_end=25 game_ticks=190 hud_timer_ticks=24 update_timing=0 update_tasks=0 update_tails=0 update_main_tasks=0 update_alternate_tasks=0 update_waits=0 update_elapsed=0 update_elapsed_extra=0 update_timer_setups=0 periodic_epoch_ns=115459027866731 periodic_callbacks=0 render_completion_experiment=0 guest_render_submitted=0 guest_render_completed=0 guest_render_dispatched=0 guest_render_callback=0 guest_render_counter=0 guest_render_nonzero_callbacks=0 update_unreadable=0 execution_thread_id=65876 execution_cpu_valid=1 execution_cpu_100ns=877378267 process_cpu_valid=1 process_cpu_100ns=3415673621 execution_cycles_valid=0 execution_cycles=0 phase=0 final=0
SONIC_NATIVE_SCENARIO_GAMEPLAY_SAMPLE id=knuckles-lost-world protocol=3 input_profile=3 monotonic_ns=115461037509399 elapsed_ms=6777 collision_debug_signed=-1 frame=258 presentations=253 relative_frame=6 max_frame_ns=1267802283 input_applied_frames=6 completed_frames=7 drawn_frames=6 cadence_readable=1 active_video_hz=50 clock_owner=postpal-checkpoint clock_bound_frame=0 tv_mode_readable=1 tv_mode_word=1 release_slots=2 logical_delta=2 sixty_frame_fixture=0 native_gameplay_math=1 native_leaf_math=1 math_scope_readable=1 main_state=4 scene=15 palette_native_calls=4266 palette_original_calls=0 vertex_normals_native_calls=0 vertex_normals_original_calls=0 matrix_push_native_calls=38574 matrix_push_original_calls=0 matrix_pop_native_calls=40374 matrix_pop_original_calls=0 matrix_staged_groups=0 collision_cross_native_calls=386 collision_length_native_calls=16346 collision_normalize_native_calls=3255 collision_cross_original_calls=0 collision_length_original_calls=0 collision_normalize_original_calls=0 matrix_inverse_native_calls=9598 triangle_contacts_native_calls=2694 triangle_contacts_original_calls=0 triangle_contacts_scope_blocked_calls=0 collision_candidates_native_calls=1958 collision_candidates_scope_blocked_calls=0 collision_candidates_original_calls=0 motion_sampling_native_calls=0 motion_sampling_original_calls=0 animation_hierarchy_native_calls=254 model_packets=0 model_snapshots=0 model_packet_verified=0 model_packet_vertices=0 model_gpu_draws=0 model_point_uploads=0 model_corner_uploads=0 closed_memory_calls=173756 closed_memory_words=2148716 collision_memory_intervals=0 collision_memory_reads=0 collision_memory_writes=0 model_pipeline_calls=8392 model_pipeline_declined=0 model_pipeline_points=129935 model_pipeline_normals=2889 model_pipeline_draws=2889 model_pipeline_direct_outputs=2892 model_pipeline_root_operations=0 model_pipeline_closed_children=0 object_distance_calls=193486 object_distance_native=193486 object_distance_fallback=0 object_activation_calls=192 object_lifetime_calls=39638 object_records=191616 object_created=272 object_retired=74 object_declined=0 object_slow_accesses=0 movement_calls=0 movement_declined=0 movement_callbacks=0 movement_reentries=0 contact_family_calls=0 object_contact_calls=0 contact_family_internal=0 contact_family_foreign=0 contact_family_resumes=0 world_calls=193 world_declined=0 world_internal=22876 world_callbacks=61030 world_resumes=0 world_membership=5042 world_eligibility=5049 render_hierarchy_calls=2798 render_hierarchy_declined=0 render_hierarchy_internal=70453 render_hierarchy_callbacks=7955 render_model_calls=0 render_model_revocations=0 render_hierarchy_resumes=0 rigid_hierarchy_calls=2680 morph_hierarchy_calls=0 land_render_calls=0 collision_fused_cross=0 collision_fused_length=0 collision_fused_normalize=0 matrix_bulk_pushes=0 matrix_bulk_pops=0 matrix_bulk_saved=0 matrix_bulk_loaded=0 render_context_captures=5012 render_context_commits=5012 render_context_fallbacks=0 render_context_direct_calls=10024 palette_batch_calls=4266 palette_batch_vertices=176922 palette_batch_declined=0 palette_batch_closed_loops=4266 projection_batch_calls=4764 projection_batch_vertices=178890 projection_batch_declined=5 projection_batch_verified=0 sound_metadata_hits=0 sound_metadata_misses=0 sound_metadata_verified=0 deferred_midi_notes=0 animation_hierarchy_original_calls=0 animation_hierarchy_nodes=14140 animation_direct_write_calls=254 pose_blend_native_calls=0 pose_blend_original_calls=0 pose_direct_write_calls=0 matrix_vector_point_native_calls=43299 matrix_vector_point_original_calls=0 matrix_vector_direction_native_calls=31225 matrix_vector_direction_original_calls=0 matrix_vector_store_native_calls=0 matrix_vector_store_original_calls=0 matrix_vector_translation_native_calls=0 matrix_vector_translation_original_calls=0 atan_native_calls=0 inverse_trig_native_calls=18044 inverse_trig_declined=0 inverse_memory_calls=0 inverse_memory_stores=0 atan_original_calls=0 atan_quotient_native_calls=2 atan_quotient_original_calls=0 atan_polynomial_native_calls=0 atan_polynomial_original_calls=0 atan_scale_native_calls=0 atan_scale_original_calls=0 matrix_inverse_original_calls=0 matrix_determinant_native_calls=0 matrix_determinant_original_calls=0 player_state_readable=1 player_x=7480.19 player_y=-2640.4 player_z=906.542 player_x_bits=1172947333 player_y_bits=3307538021 player_z_bits=1147314870 frame_window_begin=5 frame_window_end=25 game_ticks=193 hud_timer_ticks=27 update_timing=0 update_tasks=0 update_tails=0 update_main_tasks=0 update_alternate_tasks=0 update_waits=0 update_elapsed=0 update_elapsed_extra=0 update_timer_setups=0 periodic_epoch_ns=115460019069998 periodic_callbacks=1 render_completion_experiment=0 guest_render_submitted=0 guest_render_completed=0 guest_render_dispatched=0 guest_render_callback=0 guest_render_counter=0 guest_render_nonzero_callbacks=0 update_unreadable=0 execution_thread_id=65876 execution_cpu_valid=1 execution_cpu_100ns=887617770 process_cpu_valid=1 process_cpu_100ns=3450089211 execution_cycles_valid=0 execution_cycles=0 phase=0 final=0
SONIC_NATIVE_SCENARIO_GAMEPLAY_SAMPLE id=knuckles-lost-world protocol=3 input_profile=3 monotonic_ns=115462432855784 elapsed_ms=8172 collision_debug_signed=-1 frame=259 presentations=254 relative_frame=7 max_frame_ns=1395346385 input_applied_frames=7 completed_frames=8 drawn_frames=7 cadence_readable=1 active_video_hz=50 clock_owner=postpal-checkpoint clock_bound_frame=0 tv_mode_readable=1 tv_mode_word=1 release_slots=2 logical_delta=2 sixty_frame_fixture=0 native_gameplay_math=1 native_leaf_math=1 math_scope_readable=1 main_state=4 scene=15 palette_native_calls=4359 palette_original_calls=0 vertex_normals_native_calls=0 vertex_normals_original_calls=0 matrix_push_native_calls=39356 matrix_push_original_calls=0 matrix_pop_native_calls=41191 matrix_pop_original_calls=0 matrix_staged_groups=0 collision_cross_native_calls=394 collision_length_native_calls=16671 collision_normalize_native_calls=3307 collision_cross_original_calls=0 collision_length_original_calls=0 collision_normalize_original_calls=0 matrix_inverse_native_calls=9798 triangle_contacts_native_calls=2758 triangle_contacts_original_calls=0 triangle_contacts_scope_blocked_calls=0 collision_candidates_native_calls=1998 collision_candidates_scope_blocked_calls=0 collision_candidates_original_calls=0 motion_sampling_native_calls=0 motion_sampling_original_calls=0 animation_hierarchy_native_calls=260 model_packets=0 model_snapshots=0 model_packet_verified=0 model_packet_vertices=0 model_gpu_draws=0 model_point_uploads=0 model_corner_uploads=0 closed_memory_calls=177201 closed_memory_words=2191714 collision_memory_intervals=0 collision_memory_reads=0 collision_memory_writes=0 model_pipeline_calls=8559 model_pipeline_declined=0 model_pipeline_points=132266 model_pipeline_normals=2938 model_pipeline_draws=2938 model_pipeline_direct_outputs=2941 model_pipeline_root_operations=0 model_pipeline_closed_children=0 object_distance_calls=197518 object_distance_native=197518 object_distance_fallback=0 object_activation_calls=196 object_lifetime_calls=40466 object_records=195608 object_created=272 object_retired=74 object_declined=0 object_slow_accesses=0 movement_calls=0 movement_declined=0 movement_callbacks=0 movement_reentries=0 contact_family_calls=0 object_contact_calls=0 contact_family_internal=0 contact_family_foreign=0 contact_family_resumes=0 world_calls=197 world_declined=0 world_internal=22880 world_callbacks=62126 world_resumes=0 world_membership=5146 world_eligibility=5153 render_hierarchy_calls=2857 render_hierarchy_declined=0 render_hierarchy_internal=72141 render_hierarchy_callbacks=8128 render_model_calls=0 render_model_revocations=0 render_hierarchy_resumes=0 rigid_hierarchy_calls=2736 morph_hierarchy_calls=0 land_render_calls=0 collision_fused_cross=0 collision_fused_length=0 collision_fused_normalize=0 matrix_bulk_pushes=0 matrix_bulk_pops=0 matrix_bulk_saved=0 matrix_bulk_loaded=0 render_context_captures=5130 render_context_commits=5130 render_context_fallbacks=0 render_context_direct_calls=10260 palette_batch_calls=4359 palette_batch_vertices=180298 palette_batch_declined=0 palette_batch_closed_loops=4359 projection_batch_calls=4866 projection_batch_vertices=182302 projection_batch_declined=5 projection_batch_verified=0 sound_metadata_hits=0 sound_metadata_misses=0 sound_metadata_verified=0 deferred_midi_notes=0 animation_hierarchy_original_calls=0 animation_hierarchy_nodes=14436 animation_direct_write_calls=260 pose_blend_native_calls=0 pose_blend_original_calls=0 pose_direct_write_calls=0 matrix_vector_point_native_calls=44061 matrix_vector_point_original_calls=0 matrix_vector_direction_native_calls=31872 matrix_vector_direction_original_calls=0 matrix_vector_store_native_calls=0 matrix_vector_store_original_calls=0 matrix_vector_translation_native_calls=0 matrix_vector_translation_original_calls=0 atan_native_calls=0 inverse_trig_native_calls=18434 inverse_trig_declined=0 inverse_memory_calls=0 inverse_memory_stores=0 atan_original_calls=0 atan_quotient_native_calls=2 atan_quotient_original_calls=0 atan_polynomial_native_calls=0 atan_polynomial_original_calls=0 atan_scale_native_calls=0 atan_scale_original_calls=0 matrix_inverse_original_calls=0 matrix_determinant_native_calls=0 matrix_determinant_original_calls=0 player_state_readable=1 player_x=7479.57 player_y=-2640.4 player_z=906.075 player_x_bits=1172946067 player_y_bits=3307538021 player_z_bits=1147307212 frame_window_begin=5 frame_window_end=25 game_ticks=197 hud_timer_ticks=31 update_timing=0 update_tasks=0 update_tails=0 update_main_tasks=0 update_alternate_tasks=0 update_waits=0 update_elapsed=0 update_elapsed_extra=0 update_timer_setups=0 periodic_epoch_ns=115461041818604 periodic_callbacks=1 render_completion_experiment=0 guest_render_submitted=0 guest_render_completed=0 guest_render_dispatched=0 guest_render_callback=0 guest_render_counter=0 guest_render_nonzero_callbacks=0 update_unreadable=0 execution_thread_id=65876 execution_cpu_valid=1 execution_cpu_100ns=900148164 process_cpu_valid=1 process_cpu_100ns=3490626409 execution_cycles_valid=0 execution_cycles=0 phase=0 final=0
SONIC_NATIVE_SCENARIO_GAMEPLAY_SAMPLE id=knuckles-lost-world protocol=3 input_profile=3 monotonic_ns=115464698330042 elapsed_ms=10437 collision_debug_signed=-1 frame=261 presentations=256 relative_frame=9 max_frame_ns=1395346385 input_applied_frames=9 completed_frames=10 drawn_frames=9 cadence_readable=1 active_video_hz=50 clock_owner=postpal-checkpoint clock_bound_frame=0 tv_mode_readable=1 tv_mode_word=1 release_slots=2 logical_delta=2 sixty_frame_fixture=0 native_gameplay_math=1 native_leaf_math=1 math_scope_readable=1 main_state=4 scene=15 palette_native_calls=4545 palette_original_calls=0 vertex_normals_native_calls=0 vertex_normals_original_calls=0 matrix_push_native_calls=40741 matrix_push_original_calls=0 matrix_pop_native_calls=42637 matrix_pop_original_calls=0 matrix_staged_groups=0 collision_cross_native_calls=408 collision_length_native_calls=17240 collision_normalize_native_calls=3400 collision_cross_original_calls=0 collision_length_original_calls=0 collision_normalize_original_calls=0 matrix_inverse_native_calls=10148 triangle_contacts_native_calls=2870 triangle_contacts_original_calls=0 triangle_contacts_scope_blocked_calls=0 collision_candidates_native_calls=2068 collision_candidates_scope_blocked_calls=0 collision_candidates_original_calls=0 motion_sampling_native_calls=0 motion_sampling_original_calls=0 animation_hierarchy_native_calls=271 model_packets=0 model_snapshots=0 model_packet_verified=0 model_packet_vertices=0 model_gpu_draws=0 model_point_uploads=0 model_corner_uploads=0 closed_memory_calls=183288 closed_memory_words=2269320 collision_memory_intervals=0 collision_memory_reads=0 collision_memory_writes=0 model_pipeline_calls=8863 model_pipeline_declined=0 model_pipeline_points=136928 model_pipeline_normals=3036 model_pipeline_draws=3036 model_pipeline_direct_outputs=3039 model_pipeline_root_operations=0 model_pipeline_closed_children=0 object_distance_calls=204577 object_distance_native=204577 object_distance_fallback=0 object_activation_calls=203 object_lifetime_calls=41918 object_records=202594 object_created=272 object_retired=74 object_declined=0 object_slow_accesses=0 movement_calls=0 movement_declined=0 movement_callbacks=0 movement_reentries=0 contact_family_calls=0 object_contact_calls=0 contact_family_internal=0 contact_family_foreign=0 contact_family_resumes=0 world_calls=204 world_declined=0 world_internal=22887 world_callbacks=64044 world_resumes=0 world_membership=5328 world_eligibility=5335 render_hierarchy_calls=2961 render_hierarchy_declined=0 render_hierarchy_internal=75442 render_hierarchy_callbacks=8444 render_model_calls=0 render_model_revocations=0 render_hierarchy_resumes=0 rigid_hierarchy_calls=2834 morph_hierarchy_calls=0 land_render_calls=0 collision_fused_cross=0 collision_fused_length=0 collision_fused_normalize=0 matrix_bulk_pushes=0 matrix_bulk_pops=0 matrix_bulk_saved=0 matrix_bulk_loaded=0 render_context_captures=5352 render_context_commits=5352 render_context_fallbacks=0 render_context_direct_calls=10704 palette_batch_calls=4545 palette_batch_vertices=187050 palette_batch_declined=0 palette_batch_closed_loops=4545 projection_batch_calls=5070 projection_batch_vertices=189126 projection_batch_declined=5 projection_batch_verified=0 sound_metadata_hits=0 sound_metadata_misses=0 sound_metadata_verified=0 deferred_midi_notes=0 animation_hierarchy_original_calls=0 animation_hierarchy_nodes=14955 animation_direct_write_calls=271 pose_blend_native_calls=0 pose_blend_original_calls=0 pose_direct_write_calls=0 matrix_vector_point_native_calls=45396 matrix_vector_point_original_calls=0 matrix_vector_direction_native_calls=33005 matrix_vector_direction_original_calls=0 matrix_vector_store_native_calls=0 matrix_vector_store_original_calls=0 matrix_vector_translation_native_calls=0 matrix_vector_translation_original_calls=0 atan_native_calls=0 inverse_trig_native_calls=19121 inverse_trig_declined=0 inverse_memory_calls=0 inverse_memory_stores=0 atan_original_calls=0 atan_quotient_native_calls=2 atan_quotient_original_calls=0 atan_polynomial_native_calls=0 atan_polynomial_original_calls=0 atan_scale_native_calls=0 atan_scale_original_calls=0 matrix_inverse_original_calls=0 matrix_determinant_native_calls=0 matrix_determinant_original_calls=0 player_state_readable=1 player_x=7478.48 player_y=-2640.4 player_z=905.267 player_x_bits=1172943839 player_y_bits=3307538021 player_z_bits=1147293968 frame_window_begin=5 frame_window_end=25 game_ticks=204 hud_timer_ticks=38 update_timing=0 update_tasks=0 update_tails=0 update_main_tasks=0 update_alternate_tasks=0 update_waits=0 update_elapsed=0 update_elapsed_extra=0 update_timer_setups=0 periodic_epoch_ns=115463419112058 periodic_callbacks=1 render_completion_experiment=0 guest_render_submitted=0 guest_render_completed=0 guest_render_dispatched=0 guest_render_callback=0 guest_render_counter=0 guest_render_nonzero_callbacks=0 update_unreadable=0 execution_thread_id=65876 execution_cpu_valid=1 execution_cpu_100ns=922797631 process_cpu_valid=1 process_cpu_100ns=3564258575 execution_cycles_valid=0 execution_cycles=0 phase=0 final=0
SONIC_NATIVE_SCENARIO_GAMEPLAY_SAMPLE id=knuckles-lost-world protocol=3 input_profile=3 monotonic_ns=115466877906825 elapsed_ms=12617 collision_debug_signed=-1 frame=263 presentations=258 relative_frame=11 max_frame_ns=1395346385 input_applied_frames=11 completed_frames=12 drawn_frames=11 cadence_readable=1 active_video_hz=50 clock_owner=postpal-checkpoint clock_bound_frame=0 tv_mode_readable=1 tv_mode_word=1 release_slots=2 logical_delta=2 sixty_frame_fixture=0 native_gameplay_math=1 native_leaf_math=1 math_scope_readable=1 main_state=4 scene=15 palette_native_calls=4731 palette_original_calls=0 vertex_normals_native_calls=0 vertex_normals_original_calls=0 matrix_push_native_calls=41941 matrix_push_original_calls=0 matrix_pop_native_calls=43889 matrix_pop_original_calls=0 matrix_staged_groups=0 collision_cross_native_calls=420 collision_length_native_calls=17728 collision_normalize_native_calls=3484 collision_cross_original_calls=0 collision_length_original_calls=0 collision_normalize_original_calls=0 matrix_inverse_native_calls=10448 triangle_contacts_native_calls=2966 triangle_contacts_original_calls=0 triangle_contacts_scope_blocked_calls=0 collision_candidates_native_calls=2128 collision_candidates_scope_blocked_calls=0 collision_candidates_original_calls=0 motion_sampling_native_calls=0 motion_sampling_original_calls=0 animation_hierarchy_native_calls=281 model_packets=0 model_snapshots=0 model_packet_verified=0 model_packet_vertices=0 model_gpu_draws=0 model_point_uploads=0 model_corner_uploads=0 closed_memory_calls=188572 closed_memory_words=2338364 collision_memory_intervals=0 collision_memory_reads=0 collision_memory_writes=0 model_pipeline_calls=9137 model_pipeline_declined=0 model_pipeline_points=141590 model_pipeline_normals=3134 model_pipeline_draws=3134 model_pipeline_direct_outputs=3137 model_pipeline_root_operations=0 model_pipeline_closed_children=0 object_distance_calls=210625 object_distance_native=210625 object_distance_fallback=0 object_activation_calls=209 object_lifetime_calls=43160 object_records=208582 object_created=272 object_retired=74 object_declined=0 object_slow_accesses=0 movement_calls=0 movement_declined=0 movement_callbacks=0 movement_reentries=0 contact_family_calls=0 object_contact_calls=0 contact_family_internal=0 contact_family_foreign=0 contact_family_resumes=0 world_calls=210 world_declined=0 world_internal=22893 world_callbacks=65688 world_resumes=0 world_membership=5484 world_eligibility=5491 render_hierarchy_calls=3051 render_hierarchy_declined=0 render_hierarchy_internal=78668 render_hierarchy_callbacks=8730 render_model_calls=0 render_model_revocations=0 render_hierarchy_resumes=0 rigid_hierarchy_calls=2918 morph_hierarchy_calls=0 land_render_calls=0 collision_fused_cross=0 collision_fused_length=0 collision_fused_normalize=0 matrix_bulk_pushes=0 matrix_bulk_pops=0 matrix_bulk_saved=0 matrix_bulk_loaded=0 render_context_captures=5560 render_context_commits=5560 render_context_fallbacks=0 render_context_direct_calls=11120 palette_batch_calls=4731 palette_batch_vertices=193802 palette_batch_declined=0 palette_batch_closed_loops=4731 projection_batch_calls=5274 projection_batch_vertices=195950 projection_batch_declined=5 projection_batch_verified=0 sound_metadata_hits=0 sound_metadata_misses=0 sound_metadata_verified=0 deferred_midi_notes=0 animation_hierarchy_original_calls=0 animation_hierarchy_nodes=15401 animation_direct_write_calls=281 pose_blend_native_calls=0 pose_blend_original_calls=0 pose_direct_write_calls=0 matrix_vector_point_native_calls=46542 matrix_vector_point_original_calls=0 matrix_vector_direction_native_calls=33977 matrix_vector_direction_original_calls=0 matrix_vector_store_native_calls=0 matrix_vector_store_original_calls=0 matrix_vector_translation_native_calls=0 matrix_vector_translation_original_calls=0 atan_native_calls=0 inverse_trig_native_calls=19727 inverse_trig_declined=0 inverse_memory_calls=0 inverse_memory_stores=0 atan_original_calls=0 atan_quotient_native_calls=2 atan_quotient_original_calls=0 atan_polynomial_native_calls=0 atan_polynomial_original_calls=0 atan_scale_native_calls=0 atan_scale_original_calls=0 matrix_inverse_original_calls=0 matrix_determinant_native_calls=0 matrix_determinant_original_calls=0 player_state_readable=1 player_x=7477.55 player_y=-2640.4 player_z=904.581 player_x_bits=1172941917 player_y_bits=3307538021 player_z_bits=1147282731 frame_window_begin=5 frame_window_end=25 game_ticks=210 hud_timer_ticks=44 update_timing=0 update_tasks=0 update_tails=0 update_main_tasks=0 update_alternate_tasks=0 update_waits=0 update_elapsed=0 update_elapsed_extra=0 update_timer_setups=0 periodic_epoch_ns=115465681206001 periodic_callbacks=1 render_completion_experiment=0 guest_render_submitted=0 guest_render_completed=0 guest_render_dispatched=0 guest_render_callback=0 guest_render_counter=0 guest_render_nonzero_callbacks=0 update_unreadable=0 execution_thread_id=65876 execution_cpu_valid=1 execution_cpu_100ns=942420268 process_cpu_valid=1 process_cpu_100ns=3633575220 execution_cycles_valid=0 execution_cycles=0 phase=0 final=0
SONIC_NATIVE_SCENARIO_GAMEPLAY_SAMPLE id=knuckles-lost-world protocol=3 input_profile=3 monotonic_ns=115468159436279 elapsed_ms=13899 collision_debug_signed=-1 frame=264 presentations=259 relative_frame=12 max_frame_ns=1395346385 input_applied_frames=12 completed_frames=13 drawn_frames=12 cadence_readable=1 active_video_hz=50 clock_owner=postpal-checkpoint clock_bound_frame=0 tv_mode_readable=1 tv_mode_word=1 release_slots=2 logical_delta=2 sixty_frame_fixture=0 native_gameplay_math=1 native_leaf_math=1 math_scope_readable=1 main_state=4 scene=15 palette_native_calls=4825 palette_original_calls=0 vertex_normals_native_calls=0 vertex_normals_original_calls=0 matrix_push_native_calls=42723 matrix_push_original_calls=0 matrix_pop_native_calls=44706 matrix_pop_original_calls=0 matrix_staged_groups=0 collision_cross_native_calls=428 collision_length_native_calls=18053 collision_normalize_native_calls=3538 collision_cross_original_calls=0 collision_length_original_calls=0 collision_normalize_original_calls=0 matrix_inverse_native_calls=10648 triangle_contacts_native_calls=3030 triangle_contacts_original_calls=0 triangle_contacts_scope_blocked_calls=0 collision_candidates_native_calls=2168 collision_candidates_scope_blocked_calls=0 collision_candidates_original_calls=0 motion_sampling_native_calls=0 motion_sampling_original_calls=0 animation_hierarchy_native_calls=287 model_packets=0 model_snapshots=0 model_packet_verified=0 model_packet_vertices=0 model_gpu_draws=0 model_point_uploads=0 model_corner_uploads=0 closed_memory_calls=192066 closed_memory_words=2381691 collision_memory_intervals=0 collision_memory_reads=0 collision_memory_writes=0 model_pipeline_calls=9304 model_pipeline_declined=0 model_pipeline_points=143921 model_pipeline_normals=3183 model_pipeline_draws=3183 model_pipeline_direct_outputs=3186 model_pipeline_root_operations=0 model_pipeline_closed_children=0 object_distance_calls=214657 object_distance_native=214657 object_distance_fallback=0 object_activation_calls=213 object_lifetime_calls=43988 object_records=212574 object_created=272 object_retired=74 object_declined=0 object_slow_accesses=0 movement_calls=0 movement_declined=0 movement_callbacks=0 movement_reentries=0 contact_family_calls=0 object_contact_calls=0 contact_family_internal=0 contact_family_foreign=0 contact_family_resumes=0 world_calls=214 world_declined=0 world_internal=22897 world_callbacks=66784 world_resumes=0 world_membership=5588 world_eligibility=5595 render_hierarchy_calls=3110 render_hierarchy_declined=0 render_hierarchy_internal=80356 render_hierarchy_callbacks=8903 render_model_calls=0 render_model_revocations=0 render_hierarchy_resumes=0 rigid_hierarchy_calls=2974 morph_hierarchy_calls=0 land_render_calls=0 collision_fused_cross=0 collision_fused_length=0 collision_fused_normalize=0 matrix_bulk_pushes=0 matrix_bulk_pops=0 matrix_bulk_saved=0 matrix_bulk_loaded=0 render_context_captures=5679 render_context_commits=5679 render_context_fallbacks=0 render_context_direct_calls=11358 palette_batch_calls=4825 palette_batch_vertices=197206 palette_batch_declined=0 palette_batch_closed_loops=4825 projection_batch_calls=5377 projection_batch_vertices=199390 projection_batch_declined=5 projection_batch_verified=0 sound_metadata_hits=0 sound_metadata_misses=0 sound_metadata_verified=0 deferred_midi_notes=0 animation_hierarchy_original_calls=0 animation_hierarchy_nodes=15697 animation_direct_write_calls=287 pose_blend_native_calls=0 pose_blend_original_calls=0 pose_direct_write_calls=0 matrix_vector_point_native_calls=47304 matrix_vector_point_original_calls=0 matrix_vector_direction_native_calls=34624 matrix_vector_direction_original_calls=0 matrix_vector_store_native_calls=0 matrix_vector_store_original_calls=0 matrix_vector_translation_native_calls=0 matrix_vector_translation_original_calls=0 atan_native_calls=0 inverse_trig_native_calls=20153 inverse_trig_declined=0 inverse_memory_calls=0 inverse_memory_stores=0 atan_original_calls=0 atan_quotient_native_calls=2 atan_quotient_original_calls=0 atan_polynomial_native_calls=0 atan_polynomial_original_calls=0 atan_scale_native_calls=0 atan_scale_original_calls=0 matrix_inverse_original_calls=0 matrix_determinant_native_calls=0 matrix_determinant_original_calls=0 player_state_readable=1 player_x=7476.92 player_y=-2640.4 player_z=904.126 player_x_bits=1172940632 player_y_bits=3307538021 player_z_bits=1147275288 frame_window_begin=5 frame_window_end=25 game_ticks=214 hud_timer_ticks=48 update_timing=0 update_tasks=0 update_tails=0 update_main_tasks=0 update_alternate_tasks=0 update_waits=0 update_elapsed=0 update_elapsed_extra=0 update_timer_setups=0 periodic_epoch_ns=115466882447904 periodic_callbacks=1 render_completion_experiment=0 guest_render_submitted=0 guest_render_completed=0 guest_render_dispatched=0 guest_render_callback=0 guest_render_counter=0 guest_render_nonzero_callbacks=0 update_unreadable=0 execution_thread_id=65876 execution_cpu_valid=1 execution_cpu_100ns=955232517 process_cpu_valid=1 process_cpu_100ns=3672928985 execution_cycles_valid=0 execution_cycles=0 phase=0 final=0
SONIC_NATIVE_SCENARIO_GAMEPLAY_SAMPLE id=knuckles-lost-world protocol=3 input_profile=3 monotonic_ns=115470350487986 elapsed_ms=16090 collision_debug_signed=-1 frame=266 presentations=261 relative_frame=14 max_frame_ns=1395346385 input_applied_frames=14 completed_frames=15 drawn_frames=14 cadence_readable=1 active_video_hz=50 clock_owner=postpal-checkpoint clock_bound_frame=0 tv_mode_readable=1 tv_mode_word=1 release_slots=2 logical_delta=2 sixty_frame_fixture=0 native_gameplay_math=1 native_leaf_math=1 math_scope_readable=1 main_state=4 scene=15 palette_native_calls=5013 palette_original_calls=0 vertex_normals_native_calls=0 vertex_normals_original_calls=0 matrix_push_native_calls=44107 matrix_push_original_calls=0 matrix_pop_native_calls=46151 matrix_pop_original_calls=0 matrix_staged_groups=0 collision_cross_native_calls=442 collision_length_native_calls=18622 collision_normalize_native_calls=3636 collision_cross_original_calls=0 collision_length_original_calls=0 collision_normalize_original_calls=0 matrix_inverse_native_calls=10998 triangle_contacts_native_calls=3138 triangle_contacts_original_calls=0 triangle_contacts_scope_blocked_calls=0 collision_candidates_native_calls=2238 collision_candidates_scope_blocked_calls=0 collision_candidates_original_calls=0 motion_sampling_native_calls=0 motion_sampling_original_calls=0 animation_hierarchy_native_calls=298 model_packets=0 model_snapshots=0 model_packet_verified=0 model_packet_vertices=0 model_gpu_draws=0 model_point_uploads=0 model_corner_uploads=0 closed_memory_calls=198239 closed_memory_words=2459817 collision_memory_intervals=0 collision_memory_reads=0 collision_memory_writes=0 model_pipeline_calls=9644 model_pipeline_declined=0 model_pipeline_points=149005 model_pipeline_normals=3317 model_pipeline_draws=3317 model_pipeline_direct_outputs=3320 model_pipeline_root_operations=0 model_pipeline_closed_children=0 object_distance_calls=221713 object_distance_native=221713 object_distance_fallback=0 object_activation_calls=220 object_lifetime_calls=45437 object_records=219560 object_created=272 object_retired=74 object_declined=0 object_slow_accesses=0 movement_calls=0 movement_declined=0 movement_callbacks=0 movement_reentries=0 contact_family_calls=0 object_contact_calls=0 contact_family_internal=0 contact_family_foreign=0 contact_family_resumes=0 world_calls=221 world_declined=0 world_internal=22904 world_callbacks=68702 world_resumes=0 world_membership=5770 world_eligibility=5777 render_hierarchy_calls=3214 render_hierarchy_declined=0 render_hierarchy_internal=83245 render_hierarchy_callbacks=9219 render_model_calls=0 render_model_revocations=0 render_hierarchy_resumes=0 rigid_hierarchy_calls=3072 morph_hierarchy_calls=0 land_render_calls=0 collision_fused_cross=0 collision_fused_length=0 collision_fused_normalize=0 matrix_bulk_pushes=0 matrix_bulk_pops=0 matrix_bulk_saved=0 matrix_bulk_loaded=0 render_context_captures=5867 render_context_commits=5867 render_context_fallbacks=0 render_context_direct_calls=11734 palette_batch_calls=5013 palette_batch_vertices=204014 palette_batch_declined=0 palette_batch_closed_loops=5013 projection_batch_calls=5583 projection_batch_vertices=206270 projection_batch_declined=5 projection_batch_verified=0 sound_metadata_hits=0 sound_metadata_misses=0 sound_metadata_verified=0 deferred_midi_notes=0 animation_hierarchy_original_calls=0 animation_hierarchy_nodes=16216 animation_direct_write_calls=298 pose_blend_native_calls=0 pose_blend_original_calls=0 pose_direct_write_calls=0 matrix_vector_point_native_calls=48641 matrix_vector_point_original_calls=0 matrix_vector_direction_native_calls=35757 matrix_vector_direction_original_calls=0 matrix_vector_store_native_calls=0 matrix_vector_store_original_calls=0 matrix_vector_translation_native_calls=0 matrix_vector_translation_original_calls=0 atan_native_calls=0 inverse_trig_native_calls=20884 inverse_trig_declined=0 inverse_memory_calls=0 inverse_memory_stores=0 atan_original_calls=0 atan_quotient_native_calls=2 atan_quotient_original_calls=0 atan_polynomial_native_calls=0 atan_polynomial_original_calls=0 atan_scale_native_calls=0 atan_scale_original_calls=0 matrix_inverse_original_calls=0 matrix_determinant_native_calls=0 matrix_determinant_original_calls=0 player_state_readable=1 player_x=7475.82 player_y=-2640.4 player_z=903.336 player_x_bits=1172938375 player_y_bits=3307538021 player_z_bits=1147262345 frame_window_begin=5 frame_window_end=25 game_ticks=221 hud_timer_ticks=55 update_timing=0 update_tasks=0 update_tails=0 update_main_tasks=0 update_alternate_tasks=0 update_waits=0 update_elapsed=0 update_elapsed_extra=0 update_timer_setups=0 periodic_epoch_ns=115469130775583 periodic_callbacks=1 render_completion_experiment=0 guest_render_submitted=0 guest_render_completed=0 guest_render_dispatched=0 guest_render_callback=0 guest_render_counter=0 guest_render_nonzero_callbacks=0 update_unreadable=0 execution_thread_id=65876 execution_cpu_valid=1 execution_cpu_100ns=977134542 process_cpu_valid=1 process_cpu_100ns=3744067238 execution_cycles_valid=0 execution_cycles=0 phase=0 final=0
SONIC_NATIVE_SCENARIO_GAMEPLAY_SAMPLE id=knuckles-lost-world protocol=3 input_profile=3 monotonic_ns=115471453039732 elapsed_ms=17192 collision_debug_signed=-1 frame=267 presentations=262 relative_frame=15 max_frame_ns=1395346385 input_applied_frames=15 completed_frames=16 drawn_frames=15 cadence_readable=1 active_video_hz=50 clock_owner=postpal-checkpoint clock_bound_frame=0 tv_mode_readable=1 tv_mode_word=1 release_slots=2 logical_delta=2 sixty_frame_fixture=0 native_gameplay_math=1 native_leaf_math=1 math_scope_readable=1 main_state=4 scene=15 palette_native_calls=5108 palette_original_calls=0 vertex_normals_native_calls=0 vertex_normals_original_calls=0 matrix_push_native_calls=44708 matrix_push_original_calls=0 matrix_pop_native_calls=46778 matrix_pop_original_calls=0 matrix_staged_groups=0 collision_cross_native_calls=448 collision_length_native_calls=18866 collision_normalize_native_calls=3678 collision_cross_original_calls=0 collision_length_original_calls=0 collision_normalize_original_calls=0 matrix_inverse_native_calls=11148 triangle_contacts_native_calls=3183 triangle_contacts_original_calls=0 triangle_contacts_scope_blocked_calls=0 collision_candidates_native_calls=2268 collision_candidates_scope_blocked_calls=0 collision_candidates_original_calls=0 motion_sampling_native_calls=0 motion_sampling_original_calls=0 animation_hierarchy_native_calls=303 model_packets=0 model_snapshots=0 model_packet_verified=0 model_packet_vertices=0 model_gpu_draws=0 model_point_uploads=0 model_corner_uploads=0 closed_memory_calls=200916 closed_memory_words=2494648 collision_memory_intervals=0 collision_memory_reads=0 collision_memory_writes=0 model_pipeline_calls=9799 model_pipeline_declined=0 model_pipeline_points=151547 model_pipeline_normals=3384 model_pipeline_draws=3384 model_pipeline_direct_outputs=3387 model_pipeline_root_operations=0 model_pipeline_closed_children=0 object_distance_calls=224737 object_distance_native=224737 object_distance_fallback=0 object_activation_calls=223 object_lifetime_calls=46058 object_records=222554 object_created=272 object_retired=74 object_declined=0 object_slow_accesses=0 movement_calls=0 movement_declined=0 movement_callbacks=0 movement_reentries=0 contact_family_calls=0 object_contact_calls=0 contact_family_internal=0 contact_family_foreign=0 contact_family_resumes=0 world_calls=224 world_declined=0 world_internal=22907 world_callbacks=69524 world_resumes=0 world_membership=5848 world_eligibility=5855 render_hierarchy_calls=3259 render_hierarchy_declined=0 render_hierarchy_internal=84652 render_hierarchy_callbacks=9362 render_model_calls=0 render_model_revocations=0 render_hierarchy_resumes=0 rigid_hierarchy_calls=3114 morph_hierarchy_calls=0 land_render_calls=0 collision_fused_cross=0 collision_fused_length=0 collision_fused_normalize=0 matrix_bulk_pushes=0 matrix_bulk_pops=0 matrix_bulk_saved=0 matrix_bulk_loaded=0 render_context_captures=5955 render_context_commits=5955 render_context_fallbacks=0 render_context_direct_calls=11910 palette_batch_calls=5108 palette_batch_vertices=207446 palette_batch_declined=0 palette_batch_closed_loops=5108 projection_batch_calls=5687 projection_batch_vertices=209738 projection_batch_declined=5 projection_batch_verified=0 sound_metadata_hits=0 sound_metadata_misses=0 sound_metadata_verified=0 deferred_midi_notes=0 animation_hierarchy_original_calls=0 animation_hierarchy_nodes=16439 animation_direct_write_calls=303 pose_blend_native_calls=0 pose_blend_original_calls=0 pose_direct_write_calls=0 matrix_vector_point_native_calls=49215 matrix_vector_point_original_calls=0 matrix_vector_direction_native_calls=36243 matrix_vector_direction_original_calls=0 matrix_vector_store_native_calls=0 matrix_vector_store_original_calls=0 matrix_vector_translation_native_calls=0 matrix_vector_translation_original_calls=0 atan_native_calls=0 inverse_trig_native_calls=21195 inverse_trig_declined=0 inverse_memory_calls=0 inverse_memory_stores=0 atan_original_calls=0 atan_quotient_native_calls=2 atan_quotient_original_calls=0 atan_polynomial_native_calls=0 atan_polynomial_original_calls=0 atan_scale_native_calls=0 atan_scale_original_calls=0 matrix_inverse_original_calls=0 matrix_determinant_native_calls=0 matrix_determinant_original_calls=0 player_state_readable=1 player_x=7475.34 player_y=-2640.4 player_z=903 player_x_bits=1172937406 player_y_bits=3307538021 player_z_bits=1147256828 frame_window_begin=5 frame_window_end=25 game_ticks=224 hud_timer_ticks=58 update_timing=0 update_tasks=0 update_tails=0 update_main_tasks=0 update_alternate_tasks=0 update_waits=0 update_elapsed=0 update_elapsed_extra=0 update_timer_setups=0 periodic_epoch_ns=115470357222918 periodic_callbacks=1 render_completion_experiment=0 guest_render_submitted=0 guest_render_completed=0 guest_render_dispatched=0 guest_render_callback=0 guest_render_counter=0 guest_render_nonzero_callbacks=0 update_unreadable=0 execution_thread_id=65876 execution_cpu_valid=1 execution_cpu_100ns=986857549 process_cpu_valid=1 process_cpu_100ns=3778399835 execution_cycles_valid=0 execution_cycles=0 phase=0 final=0
SONIC_NATIVE_SCENARIO_GAMEPLAY_SAMPLE id=knuckles-lost-world protocol=3 input_profile=3 monotonic_ns=115472632450941 elapsed_ms=18372 collision_debug_signed=-1 frame=268 presentations=263 relative_frame=16 max_frame_ns=1395346385 input_applied_frames=16 completed_frames=17 drawn_frames=16 cadence_readable=1 active_video_hz=50 clock_owner=postpal-checkpoint clock_bound_frame=0 tv_mode_readable=1 tv_mode_word=1 release_slots=2 logical_delta=2 sixty_frame_fixture=0 native_gameplay_math=1 native_leaf_math=1 math_scope_readable=1 main_state=4 scene=15 palette_native_calls=5203 palette_original_calls=0 vertex_normals_native_calls=0 vertex_normals_original_calls=0 matrix_push_native_calls=45309 matrix_push_original_calls=0 matrix_pop_native_calls=47405 matrix_pop_original_calls=0 matrix_staged_groups=0 collision_cross_native_calls=454 collision_length_native_calls=19110 collision_normalize_native_calls=3720 collision_cross_original_calls=0 collision_length_original_calls=0 collision_normalize_original_calls=0 matrix_inverse_native_calls=11298 triangle_contacts_native_calls=3228 triangle_contacts_original_calls=0 triangle_contacts_scope_blocked_calls=0 collision_candidates_native_calls=2298 collision_candidates_scope_blocked_calls=0 collision_candidates_original_calls=0 motion_sampling_native_calls=0 motion_sampling_original_calls=0 animation_hierarchy_native_calls=308 model_packets=0 model_snapshots=0 model_packet_verified=0 model_packet_vertices=0 model_gpu_draws=0 model_point_uploads=0 model_corner_uploads=0 closed_memory_calls=203593 closed_memory_words=2529479 collision_memory_intervals=0 collision_memory_reads=0 collision_memory_writes=0 model_pipeline_calls=9954 model_pipeline_declined=0 model_pipeline_points=154089 model_pipeline_normals=3451 model_pipeline_draws=3451 model_pipeline_direct_outputs=3454 model_pipeline_root_operations=0 model_pipeline_closed_children=0 object_distance_calls=227761 object_distance_native=227761 object_distance_fallback=0 object_activation_calls=226 object_lifetime_calls=46679 object_records=225548 object_created=272 object_retired=74 object_declined=0 object_slow_accesses=0 movement_calls=0 movement_declined=0 movement_callbacks=0 movement_reentries=0 contact_family_calls=0 object_contact_calls=0 contact_family_internal=0 contact_family_foreign=0 contact_family_resumes=0 world_calls=227 world_declined=0 world_internal=22910 world_callbacks=70346 world_resumes=0 world_membership=5926 world_eligibility=5933 render_hierarchy_calls=3304 render_hierarchy_declined=0 render_hierarchy_internal=86059 render_hierarchy_callbacks=9505 render_model_calls=0 render_model_revocations=0 render_hierarchy_resumes=0 rigid_hierarchy_calls=3156 morph_hierarchy_calls=0 land_render_calls=0 collision_fused_cross=0 collision_fused_length=0 collision_fused_normalize=0 matrix_bulk_pushes=0 matrix_bulk_pops=0 matrix_bulk_saved=0 matrix_bulk_loaded=0 render_context_captures=6043 render_context_commits=6043 render_context_fallbacks=0 render_context_direct_calls=12086 palette_batch_calls=5203 palette_batch_vertices=210878 palette_batch_declined=0 palette_batch_closed_loops=5203 projection_batch_calls=5791 projection_batch_vertices=213206 projection_batch_declined=5 projection_batch_verified=0 sound_metadata_hits=0 sound_metadata_misses=0 sound_metadata_verified=0 deferred_midi_notes=0 animation_hierarchy_original_calls=0 animation_hierarchy_nodes=16662 animation_direct_write_calls=308 pose_blend_native_calls=0 pose_blend_original_calls=0 pose_direct_write_calls=0 matrix_vector_point_native_calls=49789 matrix_vector_point_original_calls=0 matrix_vector_direction_native_calls=36729 matrix_vector_direction_original_calls=0 matrix_vector_store_native_calls=0 matrix_vector_store_original_calls=0 matrix_vector_translation_native_calls=0 matrix_vector_translation_original_calls=0 atan_native_calls=0 inverse_trig_native_calls=21506 inverse_trig_declined=0 inverse_memory_calls=0 inverse_memory_stores=0 atan_original_calls=0 atan_quotient_native_calls=2 atan_quotient_original_calls=0 atan_polynomial_native_calls=0 atan_polynomial_original_calls=0 atan_scale_native_calls=0 atan_scale_original_calls=0 matrix_inverse_original_calls=0 matrix_determinant_native_calls=0 matrix_determinant_original_calls=0 player_state_readable=1 player_x=7474.87 player_y=-2640.4 player_z=902.664 player_x_bits=1172936434 player_y_bits=3307538021 player_z_bits=1147251329 frame_window_begin=5 frame_window_end=25 game_ticks=227 hud_timer_ticks=61 update_timing=0 update_tasks=0 update_tails=0 update_main_tasks=0 update_alternate_tasks=0 update_waits=0 update_elapsed=0 update_elapsed_extra=0 update_timer_setups=0 periodic_epoch_ns=115471458180887 periodic_callbacks=1 render_completion_experiment=0 guest_render_submitted=0 guest_render_completed=0 guest_render_dispatched=0 guest_render_callback=0 guest_render_counter=0 guest_render_nonzero_callbacks=0 update_unreadable=0 execution_thread_id=65876 execution_cpu_valid=1 execution_cpu_100ns=998650091 process_cpu_valid=1 process_cpu_100ns=3815329718 execution_cycles_valid=0 execution_cycles=0 phase=0 final=0
SONIC_NATIVE_SCENARIO_GAMEPLAY_SAMPLE id=knuckles-lost-world protocol=3 input_profile=3 monotonic_ns=115473948771122 elapsed_ms=19688 collision_debug_signed=-1 frame=269 presentations=264 relative_frame=17 max_frame_ns=1395346385 input_applied_frames=17 completed_frames=18 drawn_frames=17 cadence_readable=1 active_video_hz=50 clock_owner=postpal-checkpoint clock_bound_frame=0 tv_mode_readable=1 tv_mode_word=1 release_slots=2 logical_delta=2 sixty_frame_fixture=0 native_gameplay_math=1 native_leaf_math=1 math_scope_readable=1 main_state=4 scene=15 palette_native_calls=5298 palette_original_calls=0 vertex_normals_native_calls=0 vertex_normals_original_calls=0 matrix_push_native_calls=46092 matrix_push_original_calls=0 matrix_pop_native_calls=48223 matrix_pop_original_calls=0 matrix_staged_groups=0 collision_cross_native_calls=462 collision_length_native_calls=19435 collision_normalize_native_calls=3774 collision_cross_original_calls=0 collision_length_original_calls=0 collision_normalize_original_calls=0 matrix_inverse_native_calls=11498 triangle_contacts_native_calls=3285 triangle_contacts_original_calls=0 triangle_contacts_scope_blocked_calls=0 collision_candidates_native_calls=2338 collision_candidates_scope_blocked_calls=0 collision_candidates_original_calls=0 motion_sampling_native_calls=0 motion_sampling_original_calls=0 animation_hierarchy_native_calls=314 model_packets=0 model_snapshots=0 model_packet_verified=0 model_packet_vertices=0 model_gpu_draws=0 model_point_uploads=0 model_corner_uploads=0 closed_memory_calls=207091 closed_memory_words=2572888 collision_memory_intervals=0 collision_memory_reads=0 collision_memory_writes=0 model_pipeline_calls=10139 model_pipeline_declined=0 model_pipeline_points=156631 model_pipeline_normals=3518 model_pipeline_draws=3518 model_pipeline_direct_outputs=3521 model_pipeline_root_operations=0 model_pipeline_closed_children=0 object_distance_calls=231793 object_distance_native=231793 object_distance_fallback=0 object_activation_calls=230 object_lifetime_calls=47507 object_records=229540 object_created=272 object_retired=74 object_declined=0 object_slow_accesses=0 movement_calls=0 movement_declined=0 movement_callbacks=0 movement_reentries=0 contact_family_calls=0 object_contact_calls=0 contact_family_internal=0 contact_family_foreign=0 contact_family_resumes=0 world_calls=231 world_declined=0 world_internal=22914 world_callbacks=71442 world_resumes=0 world_membership=6030 world_eligibility=6037 render_hierarchy_calls=3363 render_hierarchy_declined=0 render_hierarchy_internal=87541 render_hierarchy_callbacks=9678 render_model_calls=0 render_model_revocations=0 render_hierarchy_resumes=0 rigid_hierarchy_calls=3212 morph_hierarchy_calls=0 land_render_calls=0 collision_fused_cross=0 collision_fused_length=0 collision_fused_normalize=0 matrix_bulk_pushes=0 matrix_bulk_pops=0 matrix_bulk_saved=0 matrix_bulk_loaded=0 render_context_captures=6145 render_context_commits=6145 render_context_fallbacks=0 render_context_direct_calls=12290 palette_batch_calls=5298 palette_batch_vertices=214310 palette_batch_declined=0 palette_batch_closed_loops=5298 projection_batch_calls=5895 projection_batch_vertices=216674 projection_batch_declined=5 projection_batch_verified=0 sound_metadata_hits=0 sound_metadata_misses=0 sound_metadata_verified=0 deferred_midi_notes=0 animation_hierarchy_original_calls=0 animation_hierarchy_nodes=16958 animation_direct_write_calls=314 pose_blend_native_calls=0 pose_blend_original_calls=0 pose_direct_write_calls=0 matrix_vector_point_native_calls=50552 matrix_vector_point_original_calls=0 matrix_vector_direction_native_calls=37376 matrix_vector_direction_original_calls=0 matrix_vector_store_native_calls=0 matrix_vector_store_original_calls=0 matrix_vector_translation_native_calls=0 matrix_vector_translation_original_calls=0 atan_native_calls=0 inverse_trig_native_calls=21914 inverse_trig_declined=0 inverse_memory_calls=0 inverse_memory_stores=0 atan_original_calls=0 atan_quotient_native_calls=2 atan_quotient_original_calls=0 atan_polynomial_native_calls=0 atan_polynomial_original_calls=0 atan_scale_native_calls=0 atan_scale_original_calls=0 matrix_inverse_original_calls=0 matrix_determinant_native_calls=0 matrix_determinant_original_calls=0 player_state_readable=1 player_x=7474.23 player_y=-2640.4 player_z=902.218 player_x_bits=1172935137 player_y_bits=3307538021 player_z_bits=1147244024 frame_window_begin=5 frame_window_end=25 game_ticks=231 hud_timer_ticks=65 update_timing=0 update_tasks=0 update_tails=0 update_main_tasks=0 update_alternate_tasks=0 update_waits=0 update_elapsed=0 update_elapsed_extra=0 update_timer_setups=0 periodic_epoch_ns=115472637741276 periodic_callbacks=1 render_completion_experiment=0 guest_render_submitted=0 guest_render_completed=0 guest_render_dispatched=0 guest_render_callback=0 guest_render_counter=0 guest_render_nonzero_callbacks=0 update_unreadable=0 execution_thread_id=65876 execution_cpu_valid=1 execution_cpu_100ns=1011810715 process_cpu_valid=1 process_cpu_100ns=3855301138 execution_cycles_valid=0 execution_cycles=0 phase=0 final=0
SONIC_NATIVE_SCENARIO_GAMEPLAY_SAMPLE id=knuckles-lost-world protocol=3 input_profile=3 monotonic_ns=115476241563668 elapsed_ms=21981 collision_debug_signed=-1 frame=271 presentations=266 relative_frame=19 max_frame_ns=1395346385 input_applied_frames=19 completed_frames=20 drawn_frames=19 cadence_readable=1 active_video_hz=50 clock_owner=postpal-checkpoint clock_bound_frame=0 tv_mode_readable=1 tv_mode_word=1 release_slots=2 logical_delta=2 sixty_frame_fixture=0 native_gameplay_math=1 native_leaf_math=1 math_scope_readable=1 main_state=4 scene=15 palette_native_calls=5488 palette_original_calls=0 vertex_normals_native_calls=0 vertex_normals_original_calls=0 matrix_push_native_calls=47477 matrix_push_original_calls=0 matrix_pop_native_calls=49669 matrix_pop_original_calls=0 matrix_staged_groups=0 collision_cross_native_calls=476 collision_length_native_calls=20005 collision_normalize_native_calls=3865 collision_cross_original_calls=0 collision_length_original_calls=0 collision_normalize_original_calls=0 matrix_inverse_native_calls=11848 triangle_contacts_native_calls=3378 triangle_contacts_original_calls=0 triangle_contacts_scope_blocked_calls=0 collision_candidates_native_calls=2408 collision_candidates_scope_blocked_calls=0 collision_candidates_original_calls=0 motion_sampling_native_calls=0 motion_sampling_original_calls=0 animation_hierarchy_native_calls=325 model_packets=0 model_snapshots=0 model_packet_verified=0 model_packet_vertices=0 model_gpu_draws=0 model_point_uploads=0 model_corner_uploads=0 closed_memory_calls=213268 closed_memory_words=2651168 collision_memory_intervals=0 collision_memory_reads=0 collision_memory_writes=0 model_pipeline_calls=10479 model_pipeline_declined=0 model_pipeline_points=161715 model_pipeline_normals=3652 model_pipeline_draws=3652 model_pipeline_direct_outputs=3655 model_pipeline_root_operations=0 model_pipeline_closed_children=0 object_distance_calls=238856 object_distance_native=238856 object_distance_fallback=0 object_activation_calls=237 object_lifetime_calls=48962 object_records=236526 object_created=274 object_retired=75 object_declined=0 object_slow_accesses=0 movement_calls=0 movement_declined=0 movement_callbacks=0 movement_reentries=0 contact_family_calls=0 object_contact_calls=0 contact_family_internal=0 contact_family_foreign=0 contact_family_resumes=0 world_calls=238 world_declined=0 world_internal=22921 world_callbacks=73360 world_resumes=0 world_membership=6212 world_eligibility=6219 render_hierarchy_calls=3467 render_hierarchy_declined=0 render_hierarchy_internal=90430 render_hierarchy_callbacks=9994 render_model_calls=0 render_model_revocations=0 render_hierarchy_resumes=0 rigid_hierarchy_calls=3310 morph_hierarchy_calls=0 land_render_calls=0 collision_fused_cross=0 collision_fused_length=0 collision_fused_normalize=0 matrix_bulk_pushes=0 matrix_bulk_pops=0 matrix_bulk_saved=0 matrix_bulk_loaded=0 render_context_captures=6335 render_context_commits=6335 render_context_fallbacks=0 render_context_direct_calls=12670 palette_batch_calls=5488 palette_batch_vertices=221174 palette_batch_declined=0 palette_batch_closed_loops=5488 projection_batch_calls=6103 projection_batch_vertices=223610 projection_batch_declined=5 projection_batch_verified=0 sound_metadata_hits=0 sound_metadata_misses=0 sound_metadata_verified=0 deferred_midi_notes=0 animation_hierarchy_original_calls=0 animation_hierarchy_nodes=17477 animation_direct_write_calls=325 pose_blend_native_calls=0 pose_blend_original_calls=0 pose_direct_write_calls=0 matrix_vector_point_native_calls=51889 matrix_vector_point_original_calls=0 matrix_vector_direction_native_calls=38509 matrix_vector_direction_original_calls=0 matrix_vector_store_native_calls=0 matrix_vector_store_original_calls=0 matrix_vector_translation_native_calls=0 matrix_vector_translation_original_calls=0 atan_native_calls=0 inverse_trig_native_calls=22615 inverse_trig_declined=0 inverse_memory_calls=0 inverse_memory_stores=0 atan_original_calls=0 atan_quotient_native_calls=2 atan_quotient_original_calls=0 atan_polynomial_native_calls=0 atan_polynomial_original_calls=0 atan_scale_native_calls=0 atan_scale_original_calls=0 matrix_inverse_original_calls=0 matrix_determinant_native_calls=0 matrix_determinant_original_calls=0 player_state_readable=1 player_x=7473.12 player_y=-2640.4 player_z=901.442 player_x_bits=1172932860 player_y_bits=3307538021 player_z_bits=1147231308 frame_window_begin=5 frame_window_end=25 game_ticks=238 hud_timer_ticks=72 update_timing=0 update_tasks=0 update_tails=0 update_main_tasks=0 update_alternate_tasks=0 update_waits=0 update_elapsed=0 update_elapsed_extra=0 update_timer_setups=0 periodic_epoch_ns=115474898901039 periodic_callbacks=1 render_completion_experiment=0 guest_render_submitted=0 guest_render_completed=0 guest_render_dispatched=0 guest_render_callback=0 guest_render_counter=0 guest_render_nonzero_callbacks=0 update_unreadable=0 execution_thread_id=65876 execution_cpu_valid=1 execution_cpu_100ns=1033200066 process_cpu_valid=1 process_cpu_100ns=3926204067 execution_cycles_valid=0 execution_cycles=0 phase=0 final=0
SONIC_NATIVE_SCENARIO_GAMEPLAY_SAMPLE id=knuckles-lost-world protocol=3 input_profile=3 monotonic_ns=115478138924815 elapsed_ms=23878 collision_debug_signed=-1 frame=273 presentations=268 relative_frame=21 max_frame_ns=1395346385 input_applied_frames=21 completed_frames=22 drawn_frames=21 cadence_readable=1 active_video_hz=50 clock_owner=postpal-checkpoint clock_bound_frame=0 tv_mode_readable=1 tv_mode_word=1 release_slots=2 logical_delta=2 sixty_frame_fixture=0 native_gameplay_math=1 native_leaf_math=1 math_scope_readable=1 main_state=4 scene=15 palette_native_calls=5678 palette_original_calls=0 vertex_normals_native_calls=0 vertex_normals_original_calls=0 matrix_push_native_calls=48679 matrix_push_original_calls=0 matrix_pop_native_calls=50923 matrix_pop_original_calls=0 matrix_staged_groups=0 collision_cross_native_calls=488 collision_length_native_calls=20493 collision_normalize_native_calls=3943 collision_cross_original_calls=0 collision_length_original_calls=0 collision_normalize_original_calls=0 matrix_inverse_native_calls=12148 triangle_contacts_native_calls=3456 triangle_contacts_original_calls=0 triangle_contacts_scope_blocked_calls=0 collision_candidates_native_calls=2468 collision_candidates_scope_blocked_calls=0 collision_candidates_original_calls=0 motion_sampling_native_calls=0 motion_sampling_original_calls=0 animation_hierarchy_native_calls=335 model_packets=0 model_snapshots=0 model_packet_verified=0 model_packet_vertices=0 model_gpu_draws=0 model_point_uploads=0 model_corner_uploads=0 closed_memory_calls=218622 closed_memory_words=2720830 collision_memory_intervals=0 collision_memory_reads=0 collision_memory_writes=0 model_pipeline_calls=10789 model_pipeline_declined=0 model_pipeline_points=166799 model_pipeline_normals=3786 model_pipeline_draws=3786 model_pipeline_direct_outputs=3789 model_pipeline_root_operations=0 model_pipeline_closed_children=0 object_distance_calls=244910 object_distance_native=244910 object_distance_fallback=0 object_activation_calls=243 object_lifetime_calls=50210 object_records=242514 object_created=274 object_retired=75 object_declined=0 object_slow_accesses=0 movement_calls=0 movement_declined=0 movement_callbacks=0 movement_reentries=0 contact_family_calls=0 object_contact_calls=0 contact_family_internal=0 contact_family_foreign=0 contact_family_resumes=0 world_calls=244 world_declined=0 world_internal=22927 world_callbacks=75004 world_resumes=0 world_membership=6368 world_eligibility=6375 render_hierarchy_calls=3557 render_hierarchy_declined=0 render_hierarchy_internal=93244 render_hierarchy_callbacks=10280 render_model_calls=0 render_model_revocations=0 render_hierarchy_resumes=0 rigid_hierarchy_calls=3394 morph_hierarchy_calls=0 land_render_calls=0 collision_fused_cross=0 collision_fused_length=0 collision_fused_normalize=0 matrix_bulk_pushes=0 matrix_bulk_pops=0 matrix_bulk_saved=0 matrix_bulk_loaded=0 render_context_captures=6511 render_context_commits=6511 render_context_fallbacks=0 render_context_direct_calls=13022 palette_batch_calls=5678 palette_batch_vertices=228038 palette_batch_declined=0 palette_batch_closed_loops=5678 projection_batch_calls=6311 projection_batch_vertices=230546 projection_batch_declined=5 projection_batch_verified=0 sound_metadata_hits=0 sound_metadata_misses=0 sound_metadata_verified=0 deferred_midi_notes=0 animation_hierarchy_original_calls=0 animation_hierarchy_nodes=17923 animation_direct_write_calls=335 pose_blend_native_calls=0 pose_blend_original_calls=0 pose_direct_write_calls=0 matrix_vector_point_native_calls=53037 matrix_vector_point_original_calls=0 matrix_vector_direction_native_calls=39481 matrix_vector_direction_original_calls=0 matrix_vector_store_native_calls=0 matrix_vector_store_original_calls=0 matrix_vector_translation_native_calls=0 matrix_vector_translation_original_calls=0 atan_native_calls=0 inverse_trig_native_calls=23219 inverse_trig_declined=0 inverse_memory_calls=0 inverse_memory_stores=0 atan_original_calls=0 atan_quotient_native_calls=2 atan_quotient_original_calls=0 atan_polynomial_native_calls=0 atan_polynomial_original_calls=0 atan_scale_native_calls=0 atan_scale_original_calls=0 matrix_inverse_original_calls=0 matrix_determinant_native_calls=0 matrix_determinant_original_calls=0 player_state_readable=1 player_x=7472.17 player_y=-2640.4 player_z=900.781 player_x_bits=1172930903 player_y_bits=3307538021 player_z_bits=1147220476 frame_window_begin=5 frame_window_end=25 game_ticks=244 hud_timer_ticks=78 update_timing=0 update_tasks=0 update_tails=0 update_main_tasks=0 update_alternate_tasks=0 update_waits=0 update_elapsed=0 update_elapsed_extra=0 update_timer_setups=0 periodic_epoch_ns=115477196159237 periodic_callbacks=0 render_completion_experiment=0 guest_render_submitted=0 guest_render_completed=0 guest_render_dispatched=0 guest_render_callback=0 guest_render_counter=0 guest_render_nonzero_callbacks=0 update_unreadable=0 execution_thread_id=65876 execution_cpu_valid=1 execution_cpu_100ns=1052137589 process_cpu_valid=1 process_cpu_100ns=3990519752 execution_cycles_valid=0 execution_cycles=0 phase=0 final=0
SONIC_NATIVE_SCENARIO_GAMEPLAY_SAMPLE id=knuckles-lost-world protocol=3 input_profile=3 monotonic_ns=115479332611862 elapsed_ms=25072 collision_debug_signed=-1 frame=274 presentations=269 relative_frame=22 max_frame_ns=1395346385 input_applied_frames=22 completed_frames=23 drawn_frames=22 cadence_readable=1 active_video_hz=50 clock_owner=postpal-checkpoint clock_bound_frame=0 tv_mode_readable=1 tv_mode_word=1 release_slots=2 logical_delta=2 sixty_frame_fixture=0 native_gameplay_math=1 native_leaf_math=1 math_scope_readable=1 main_state=4 scene=15 palette_native_calls=5774 palette_original_calls=0 vertex_normals_native_calls=0 vertex_normals_original_calls=0 matrix_push_native_calls=49463 matrix_push_original_calls=0 matrix_pop_native_calls=51742 matrix_pop_original_calls=0 matrix_staged_groups=0 collision_cross_native_calls=496 collision_length_native_calls=20818 collision_normalize_native_calls=3995 collision_cross_original_calls=0 collision_length_original_calls=0 collision_normalize_original_calls=0 matrix_inverse_native_calls=12348 triangle_contacts_native_calls=3508 triangle_contacts_original_calls=0 triangle_contacts_scope_blocked_calls=0 collision_candidates_native_calls=2508 collision_candidates_scope_blocked_calls=0 collision_candidates_original_calls=0 motion_sampling_native_calls=0 motion_sampling_original_calls=0 animation_hierarchy_native_calls=341 model_packets=0 model_snapshots=0 model_packet_verified=0 model_packet_vertices=0 model_gpu_draws=0 model_point_uploads=0 model_corner_uploads=0 closed_memory_calls=222124 closed_memory_words=2764337 collision_memory_intervals=0 collision_memory_reads=0 collision_memory_writes=0 model_pipeline_calls=10975 model_pipeline_declined=0 model_pipeline_points=169377 model_pipeline_normals=3854 model_pipeline_draws=3854 model_pipeline_direct_outputs=3857 model_pipeline_root_operations=0 model_pipeline_closed_children=0 object_distance_calls=248946 object_distance_native=248946 object_distance_fallback=0 object_activation_calls=247 object_lifetime_calls=51042 object_records=246506 object_created=274 object_retired=75 object_declined=0 object_slow_accesses=0 movement_calls=0 movement_declined=0 movement_callbacks=0 movement_reentries=0 contact_family_calls=0 object_contact_calls=0 contact_family_internal=0 contact_family_foreign=0 contact_family_resumes=0 world_calls=248 world_declined=0 world_internal=22931 world_callbacks=76100 world_resumes=0 world_membership=6472 world_eligibility=6479 render_hierarchy_calls=3616 render_hierarchy_declined=0 render_hierarchy_internal=94726 render_hierarchy_callbacks=10453 render_model_calls=0 render_model_revocations=0 render_hierarchy_resumes=0 rigid_hierarchy_calls=3450 morph_hierarchy_calls=0 land_render_calls=0 collision_fused_cross=0 collision_fused_length=0 collision_fused_normalize=0 matrix_bulk_pushes=0 matrix_bulk_pops=0 matrix_bulk_saved=0 matrix_bulk_loaded=0 render_context_captures=6613 render_context_commits=6613 render_context_fallbacks=0 render_context_direct_calls=13226 palette_batch_calls=5774 palette_batch_vertices=231506 palette_batch_declined=0 palette_batch_closed_loops=5774 projection_batch_calls=6416 projection_batch_vertices=234050 projection_batch_declined=5 projection_batch_verified=0 sound_metadata_hits=0 sound_metadata_misses=0 sound_metadata_verified=0 deferred_midi_notes=0 animation_hierarchy_original_calls=0 animation_hierarchy_nodes=18219 animation_direct_write_calls=341 pose_blend_native_calls=0 pose_blend_original_calls=0 pose_direct_write_calls=0 matrix_vector_point_native_calls=53801 matrix_vector_point_original_calls=0 matrix_vector_direction_native_calls=40128 matrix_vector_direction_original_calls=0 matrix_vector_store_native_calls=0 matrix_vector_store_original_calls=0 matrix_vector_translation_native_calls=0 matrix_vector_translation_original_calls=0 atan_native_calls=0 inverse_trig_native_calls=23625 inverse_trig_declined=0 inverse_memory_calls=0 inverse_memory_stores=0 atan_original_calls=0 atan_quotient_native_calls=2 atan_quotient_original_calls=0 atan_polynomial_native_calls=0 atan_polynomial_original_calls=0 atan_scale_native_calls=0 atan_scale_original_calls=0 matrix_inverse_original_calls=0 matrix_determinant_native_calls=0 matrix_determinant_original_calls=0 player_state_readable=1 player_x=7471.53 player_y=-2640.4 player_z=900.342 player_x_bits=1172929595 player_y_bits=3307538021 player_z_bits=1147213290 frame_window_begin=5 frame_window_end=25 game_ticks=248 hud_timer_ticks=82 update_timing=0 update_tasks=0 update_tails=0 update_main_tasks=0 update_alternate_tasks=0 update_waits=0 update_elapsed=0 update_elapsed_extra=0 update_timer_setups=0 periodic_epoch_ns=115478143619265 periodic_callbacks=1 render_completion_experiment=0 guest_render_submitted=0 guest_render_completed=0 guest_render_dispatched=0 guest_render_callback=0 guest_render_counter=0 guest_render_nonzero_callbacks=0 update_unreadable=0 execution_thread_id=65876 execution_cpu_valid=1 execution_cpu_100ns=1064038528 process_cpu_valid=1 process_cpu_100ns=4027529930 execution_cycles_valid=0 execution_cycles=0 phase=0 final=0
SONIC_NATIVE_SCENARIO_GAMEPLAY_SAMPLE id=knuckles-lost-world protocol=3 input_profile=3 monotonic_ns=115482021455453 elapsed_ms=27761 collision_debug_signed=-1 frame=276 presentations=271 relative_frame=24 max_frame_ns=1757146733 input_applied_frames=24 completed_frames=25 drawn_frames=24 cadence_readable=1 active_video_hz=50 clock_owner=postpal-checkpoint clock_bound_frame=0 tv_mode_readable=1 tv_mode_word=1 release_slots=2 logical_delta=2 sixty_frame_fixture=0 native_gameplay_math=1 native_leaf_math=1 math_scope_readable=1 main_state=4 scene=15 palette_native_calls=5966 palette_original_calls=0 vertex_normals_native_calls=0 vertex_normals_original_calls=0 matrix_push_native_calls=50860 matrix_push_original_calls=0 matrix_pop_native_calls=53200 matrix_pop_original_calls=0 matrix_staged_groups=0 collision_cross_native_calls=510 collision_length_native_calls=21387 collision_normalize_native_calls=4086 collision_cross_original_calls=0 collision_length_original_calls=0 collision_normalize_original_calls=0 matrix_inverse_native_calls=12698 triangle_contacts_native_calls=3599 triangle_contacts_original_calls=0 triangle_contacts_scope_blocked_calls=0 collision_candidates_native_calls=2578 collision_candidates_scope_blocked_calls=0 collision_candidates_original_calls=0 motion_sampling_native_calls=0 motion_sampling_original_calls=0 animation_hierarchy_native_calls=352 model_packets=0 model_snapshots=0 model_packet_verified=0 model_packet_vertices=0 model_gpu_draws=0 model_point_uploads=0 model_corner_uploads=0 closed_memory_calls=228340 closed_memory_words=2843048 collision_memory_intervals=0 collision_memory_reads=0 collision_memory_writes=0 model_pipeline_calls=11317 model_pipeline_declined=0 model_pipeline_points=174533 model_pipeline_normals=3990 model_pipeline_draws=3990 model_pipeline_direct_outputs=3993 model_pipeline_root_operations=0 model_pipeline_closed_children=0 object_distance_calls=256009 object_distance_native=256009 object_distance_fallback=0 object_activation_calls=254 object_lifetime_calls=52498 object_records=253492 object_created=274 object_retired=75 object_declined=0 object_slow_accesses=0 movement_calls=0 movement_declined=0 movement_callbacks=0 movement_reentries=0 contact_family_calls=0 object_contact_calls=0 contact_family_internal=0 contact_family_foreign=0 contact_family_resumes=0 world_calls=255 world_declined=0 world_internal=22938 world_callbacks=78018 world_resumes=0 world_membership=6654 world_eligibility=6661 render_hierarchy_calls=3720 render_hierarchy_declined=0 render_hierarchy_internal=97615 render_hierarchy_callbacks=10769 render_model_calls=0 render_model_revocations=0 render_hierarchy_resumes=0 rigid_hierarchy_calls=3548 morph_hierarchy_calls=0 land_render_calls=0 collision_fused_cross=0 collision_fused_length=0 collision_fused_normalize=0 matrix_bulk_pushes=0 matrix_bulk_pops=0 matrix_bulk_saved=0 matrix_bulk_loaded=0 render_context_captures=6803 render_context_commits=6803 render_context_fallbacks=0 render_context_direct_calls=13606 palette_batch_calls=5966 palette_batch_vertices=238442 palette_batch_declined=0 palette_batch_closed_loops=5966 projection_batch_calls=6626 projection_batch_vertices=241058 projection_batch_declined=5 projection_batch_verified=0 sound_metadata_hits=0 sound_metadata_misses=0 sound_metadata_verified=0 deferred_midi_notes=0 animation_hierarchy_original_calls=0 animation_hierarchy_nodes=18738 animation_direct_write_calls=352 pose_blend_native_calls=0 pose_blend_original_calls=0 pose_direct_write_calls=0 matrix_vector_point_native_calls=55151 matrix_vector_point_original_calls=0 matrix_vector_direction_native_calls=41261 matrix_vector_direction_original_calls=0 matrix_vector_store_native_calls=0 matrix_vector_store_original_calls=0 matrix_vector_translation_native_calls=0 matrix_vector_translation_original_calls=0 atan_native_calls=0 inverse_trig_native_calls=24336 inverse_trig_declined=0 inverse_memory_calls=0 inverse_memory_stores=0 atan_original_calls=0 atan_quotient_native_calls=2 atan_quotient_original_calls=0 atan_polynomial_native_calls=0 atan_polynomial_original_calls=0 atan_scale_native_calls=0 atan_scale_original_calls=0 matrix_inverse_original_calls=0 matrix_determinant_native_calls=0 matrix_determinant_original_calls=0 player_state_readable=1 player_x=7470.41 player_y=-2640.4 player_z=899.579 player_x_bits=1172927301 player_y_bits=3307538021 player_z_bits=1147200782 frame_window_begin=5 frame_window_end=25 game_ticks=255 hud_timer_ticks=89 update_timing=0 update_tasks=0 update_tails=0 update_main_tasks=0 update_alternate_tasks=0 update_waits=0 update_elapsed=0 update_elapsed_extra=0 update_timer_setups=0 periodic_epoch_ns=115480264727488 periodic_callbacks=1 render_completion_experiment=0 guest_render_submitted=0 guest_render_completed=0 guest_render_dispatched=0 guest_render_callback=0 guest_render_counter=0 guest_render_nonzero_callbacks=0 update_unreadable=0 execution_thread_id=65876 execution_cpu_valid=1 execution_cpu_100ns=1085219054 process_cpu_valid=1 process_cpu_100ns=4101538267 execution_cycles_valid=0 execution_cycles=0 phase=0 final=0
SONIC_NATIVE_SCENARIO_GAMEPLAY_SAMPLE id=knuckles-lost-world protocol=3 input_profile=3 monotonic_ns=115482960106827 elapsed_ms=28699 collision_debug_signed=-1 frame=277 presentations=272 relative_frame=25 max_frame_ns=1757146733 input_applied_frames=25 completed_frames=26 drawn_frames=25 cadence_readable=1 active_video_hz=50 clock_owner=postpal-checkpoint clock_bound_frame=0 tv_mode_readable=1 tv_mode_word=1 release_slots=2 logical_delta=2 sixty_frame_fixture=0 native_gameplay_math=1 native_leaf_math=1 math_scope_readable=1 main_state=4 scene=15 palette_native_calls=6064 palette_original_calls=0 vertex_normals_native_calls=0 vertex_normals_original_calls=0 matrix_push_native_calls=51467 matrix_push_original_calls=0 matrix_pop_native_calls=53833 matrix_pop_original_calls=0 matrix_staged_groups=0 collision_cross_native_calls=516 collision_length_native_calls=21631 collision_normalize_native_calls=4125 collision_cross_original_calls=0 collision_length_original_calls=0 collision_normalize_original_calls=0 matrix_inverse_native_calls=12848 triangle_contacts_native_calls=3638 triangle_contacts_original_calls=0 triangle_contacts_scope_blocked_calls=0 collision_candidates_native_calls=2608 collision_candidates_scope_blocked_calls=0 collision_candidates_original_calls=0 motion_sampling_native_calls=0 motion_sampling_original_calls=0 animation_hierarchy_native_calls=357 model_packets=0 model_snapshots=0 model_packet_verified=0 model_packet_vertices=0 model_gpu_draws=0 model_point_uploads=0 model_corner_uploads=0 closed_memory_calls=231038 closed_memory_words=2878404 collision_memory_intervals=0 collision_memory_reads=0 collision_memory_writes=0 model_pipeline_calls=11474 model_pipeline_declined=0 model_pipeline_points=177213 model_pipeline_normals=4059 model_pipeline_draws=4059 model_pipeline_direct_outputs=4062 model_pipeline_root_operations=0 model_pipeline_closed_children=0 object_distance_calls=259036 object_distance_native=259036 object_distance_fallback=0 object_activation_calls=257 object_lifetime_calls=53122 object_records=256486 object_created=274 object_retired=75 object_declined=0 object_slow_accesses=0 movement_calls=0 movement_declined=0 movement_callbacks=0 movement_reentries=0 contact_family_calls=0 object_contact_calls=0 contact_family_internal=0 contact_family_foreign=0 contact_family_resumes=0 world_calls=258 world_declined=0 world_internal=22941 world_callbacks=78840 world_resumes=0 world_membership=6732 world_eligibility=6739 render_hierarchy_calls=3765 render_hierarchy_declined=0 render_hierarchy_internal=99022 render_hierarchy_callbacks=10912 render_model_calls=0 render_model_revocations=0 render_hierarchy_resumes=0 rigid_hierarchy_calls=3590 morph_hierarchy_calls=0 land_render_calls=0 collision_fused_cross=0 collision_fused_length=0 collision_fused_normalize=0 matrix_bulk_pushes=0 matrix_bulk_pops=0 matrix_bulk_saved=0 matrix_bulk_loaded=0 render_context_captures=6892 render_context_commits=6892 render_context_fallbacks=0 render_context_direct_calls=13784 palette_batch_calls=6064 palette_batch_vertices=242060 palette_batch_declined=0 palette_batch_closed_loops=6064 projection_batch_calls=6733 projection_batch_vertices=244712 projection_batch_declined=5 projection_batch_verified=0 sound_metadata_hits=0 sound_metadata_misses=0 sound_metadata_verified=0 deferred_midi_notes=0 animation_hierarchy_original_calls=0 animation_hierarchy_nodes=18961 animation_direct_write_calls=357 pose_blend_native_calls=0 pose_blend_original_calls=0 pose_direct_write_calls=0 matrix_vector_point_native_calls=55731 matrix_vector_point_original_calls=0 matrix_vector_direction_native_calls=41747 matrix_vector_direction_original_calls=0 matrix_vector_store_native_calls=0 matrix_vector_store_original_calls=0 matrix_vector_translation_native_calls=0 matrix_vector_translation_original_calls=0 atan_native_calls=0 inverse_trig_native_calls=24641 inverse_trig_declined=0 inverse_memory_calls=0 inverse_memory_stores=0 atan_original_calls=0 atan_quotient_native_calls=2 atan_quotient_original_calls=0 atan_polynomial_native_calls=0 atan_polynomial_original_calls=0 atan_scale_native_calls=0 atan_scale_original_calls=0 matrix_inverse_original_calls=0 matrix_determinant_native_calls=0 matrix_determinant_original_calls=0 player_state_readable=1 player_x=7469.93 player_y=-2640.4 player_z=899.253 player_x_bits=1172926315 player_y_bits=3307538021 player_z_bits=1147195448 frame_window_begin=5 frame_window_end=25 game_ticks=258 hud_timer_ticks=92 update_timing=0 update_tasks=0 update_tails=0 update_main_tasks=0 update_alternate_tasks=0 update_waits=0 update_elapsed=0 update_elapsed_extra=0 update_timer_setups=0 periodic_epoch_ns=115482026358030 periodic_callbacks=0 render_completion_experiment=0 guest_render_submitted=0 guest_render_completed=0 guest_render_dispatched=0 guest_render_callback=0 guest_render_counter=0 guest_render_nonzero_callbacks=0 update_unreadable=0 execution_thread_id=65876 execution_cpu_valid=1 execution_cpu_100ns=1094604137 process_cpu_valid=1 process_cpu_100ns=4133578282 execution_cycles_valid=0 execution_cycles=0 phase=0 final=1
SONIC_NATIVE_SCENARIO_GAMEPLAY_COMPLETE id=knuckles-lost-world protocol=3 input_profile=3 monotonic_ns=115482960106827 elapsed_ms=28699 frame=277 presentations=272 relative_frame=25 input_applied_frames=25 completed_frames=26 drawn_frames=25 max_frame_ns=1757146733 p95_frame_ns=1395346385 p99_frame_ns=1757146733 frame_samples=25 frame_samples_truncated=0
SONIC_NATIVE_SCENARIO_DEADLINE_ARMED frame=277 presentations=272
KATANA_NATIVE_FRAME_PACING_SNAPSHOT {"schema":1,"simulation_frames":277,"presentation_frames":273,"repeated_presentations":0,"late_simulation_frames":0,"missed_presentation_deadlines":6150,"simulation_rate_hz":30,"presentation_rate_hz":60,"enabled":true}
KATANA_NATIVE_PRODUCT_GATE status=not-reached milestone=FirstVisibleGameFrame stop_reason=2 bootstrap_phase=2
KATANA_RUNTIME_STOP_FRONTIER {"version":2,"stop_reason":2,"pc":2349152670,"pr":2349152670,"active_instruction":2349161410,"active_instruction_physical":201677762,"active_block":0,"active_block_physical":0,"active_block_size":0,"gpr":[124275773,2356798248,0,2349143952,0,2356800708,2356800704,4,2356545712,2349898930,2350259184,2348878714,2348878680,2349252608,2350509724,2348872648],"gbr":2358246912,"vbr":2348872704,"sr":1610612992,"mach":0,"macl":1924,"fpul":4294967096,"fpscr":262245,"retired_guest_instructions":112975145,"attempted_guest_instructions":112975145}
