SONIC_CPU_PATH_DEFAULTS version=20260916 ram_regions=1 prepared_transfers=1
SONIC_INTERNAL_DIAGNOSTICS version=1 enabled=0
KATANA_NATIVE_PORT_BRINGUP unresolved_hardware_sites=96 probes=1
KATANA_NATIVE_BUILD_PROFILE name=performance pgo_mode=off pgo_profile_sha256=none aot_all_o2=1
SONIC_PRESENTATION mode=hor-plus output=800x500 renderer=vulkan camera=original render_percent=50 x_scale=0.833333 gameplay_timing=recompiled
SONIC_STARTUP phase=Loading game code...
SONIC_STARTUP_PREFETCH backend=linux advised_bytes=321646592 mode=asynchronous
SONIC_STARTUP phase=Loading game data...
SONIC_STARTUP phase=Connecting controllers...
SONIC_STARTUP phase=Preparing graphics...
SONIC_VULKAN_DEVICE name=llvmpipe (LLVM 20.1.2, 256 bits) api=1.4 type2_nodes=5592405
SONIC_SHADER_CACHE backend=vulkan driver_hit=0 bytes=0
SONIC_VULKAN_WARMUP pipelines=0
SONIC_STARTUP phase=Starting game...
KATANA_NATIVE_FRAME_PACING simulation_fps=30 presentation_fps=60 catch_up=disabled
KATANA_NATIVE_PORT_BUILD_IDENTITY_V1:sha256:05a1c67fc1d6e5aee33963d0c1456242e84507378b637b71a9b3dd885ddc8e47
SONIC_NATIVE_PERIODIC_ADOPT reload=12500000 observed=12251537
SONIC_NATIVE_TEXTURE_SET acquired domain=main index=0 rows=7 archives=7 publication=guest-registry
SONIC_NATIVE_FRAME_BOUNDARY owner=frame-begin index=0 action=present open=1 draws=0 clear=0,0,0,1
SONIC_NATIVE_INPUT slot=0 connected=0 buttons=0x0 pressed=0x0 released=0x0
SONIC_NATIVE_INPUT slot=1 connected=0 buttons=0x0 pressed=0x0 released=0x0
SONIC_NATIVE_INPUT slot=2 connected=0 buttons=0x0 pressed=0x0 released=0x0
SONIC_NATIVE_INPUT slot=3 connected=0 buttons=0x0 pressed=0x0 released=0x0
SONIC_NATIVE_PRETRANSFORMED_PROBE r4=0x8c00f358 pr=0x8c09b4ea sp=0x8c00f350 fullscreen=1 r5=0x4 r6=0x60 fr4=0xbc23d70a streams=0x8c00f368,0x8c00f388,0x0 v0=[0x0,0x0,0xef000000] v1=[0x0,0x43f00000,0xef000000] v2=[0x44200000,0x43f00000,0xef000000] v3=[0x44200000,0x0,0xef000000]
SONIC_NATIVE_DRAW_PACKET frame=1 ordinal=0 vertices=4 topology=4 cull=0 shading=0 blend=1:6:7 depth=1:1:6 list=2 material=1:1:1:0
SONIC_NATIVE_DRAW_VERTEX ordinal=0 index=0 position=0,0,1 color=0,0,0,0.937255
SONIC_NATIVE_DRAW_VERTEX ordinal=0 index=1 position=640,0,1 color=0,0,0,0.937255
SONIC_NATIVE_DRAW_VERTEX ordinal=0 index=2 position=0,480,1 color=0,0,0,0.937255
SONIC_NATIVE_DRAW_VERTEX ordinal=0 index=3 position=640,480,1 color=0,0,0,0.937255
SONIC_NATIVE_DRAW_PACKET frame=1 ordinal=1 vertices=4 topology=4 cull=0 shading=1 blend=0:1:0 depth=1:1:6 list=0 material=1:0:0:0
SONIC_NATIVE_DRAW_VERTEX ordinal=1 index=0 position=-64,0,0.1 color=1,1,1,1
SONIC_NATIVE_DRAW_VERTEX ordinal=1 index=1 position=-64,256,0.1 color=1,1,1,1
SONIC_NATIVE_DRAW_VERTEX ordinal=1 index=2 position=192,0,0.1 color=1,1,1,1
SONIC_NATIVE_DRAW_VERTEX ordinal=1 index=3 position=192,256,0.1 color=1,1,1,1
SONIC_NATIVE_DRAW_PACKET frame=1 ordinal=2 vertices=4 topology=4 cull=0 shading=1 blend=0:1:0 depth=1:1:6 list=0 material=1:0:0:0
SONIC_NATIVE_DRAW_VERTEX ordinal=2 index=0 position=192,0,0.1 color=1,1,1,1
SONIC_NATIVE_DRAW_VERTEX ordinal=2 index=1 position=192,256,0.1 color=1,1,1,1
SONIC_NATIVE_DRAW_VERTEX ordinal=2 index=2 position=448,0,0.1 color=1,1,1,1
SONIC_NATIVE_DRAW_VERTEX ordinal=2 index=3 position=448,256,0.1 color=1,1,1,1
SONIC_NATIVE_DRAW_PACKET frame=1 ordinal=3 vertices=4 topology=4 cull=0 shading=1 blend=0:1:0 depth=1:1:6 list=0 material=1:0:0:0
SONIC_NATIVE_DRAW_VERTEX ordinal=3 index=0 position=448,0,0.1 color=1,1,1,1
SONIC_NATIVE_DRAW_VERTEX ordinal=3 index=1 position=448,256,0.1 color=1,1,1,1
SONIC_NATIVE_DRAW_VERTEX ordinal=3 index=2 position=704,0,0.1 color=1,1,1,1
SONIC_NATIVE_DRAW_VERTEX ordinal=3 index=3 position=704,256,0.1 color=1,1,1,1
SONIC_NATIVE_DRAW_PACKET frame=1 ordinal=4 vertices=4 topology=4 cull=0 shading=1 blend=0:1:0 depth=1:1:6 list=0 material=1:0:0:0
SONIC_NATIVE_DRAW_VERTEX ordinal=4 index=0 position=-64,256,0.1 color=1,1,1,1
SONIC_NATIVE_DRAW_VERTEX ordinal=4 index=1 position=-64,512,0.1 color=1,1,1,1
SONIC_NATIVE_DRAW_VERTEX ordinal=4 index=2 position=192,256,0.1 color=1,1,1,1
SONIC_NATIVE_DRAW_VERTEX ordinal=4 index=3 position=192,512,0.1 color=1,1,1,1
SONIC_NATIVE_DRAW_PACKET frame=1 ordinal=5 vertices=4 topology=4 cull=0 shading=1 blend=0:1:0 depth=1:1:6 list=0 material=1:0:0:0
SONIC_NATIVE_DRAW_VERTEX ordinal=5 index=0 position=192,256,0.1 color=1,1,1,1
SONIC_NATIVE_DRAW_VERTEX ordinal=5 index=1 position=192,512,0.1 color=1,1,1,1
SONIC_NATIVE_DRAW_VERTEX ordinal=5 index=2 position=448,256,0.1 color=1,1,1,1
SONIC_NATIVE_DRAW_VERTEX ordinal=5 index=3 position=448,512,0.1 color=1,1,1,1
SONIC_NATIVE_DRAW_PACKET frame=1 ordinal=6 vertices=4 topology=4 cull=0 shading=1 blend=0:1:0 depth=1:1:6 list=0 material=1:0:0:0
SONIC_NATIVE_DRAW_VERTEX ordinal=6 index=0 position=448,256,0.1 color=1,1,1,1
SONIC_NATIVE_DRAW_VERTEX ordinal=6 index=1 position=448,512,0.1 color=1,1,1,1
SONIC_NATIVE_DRAW_VERTEX ordinal=6 index=2 position=704,256,0.1 color=1,1,1,1
SONIC_NATIVE_DRAW_VERTEX ordinal=6 index=3 position=704,512,0.1 color=1,1,1,1
SONIC_NATIVE_FRAME_BOUNDARY owner=frame-begin index=1 action=present open=1 draws=7 clear=0,0,0,1
SONIC_VULKAN_PRESENT mode=immediate vsync_setting=2 visible=0
SONIC_VULKAN_PIPELINE kind=3 warmup=0 elapsed_ms=52.209
SONIC_STARTUP ready=1 elapsed_ms=15216.597
SONIC_NATIVE_FRAME_BOUNDARY owner=frame-begin index=2 action=present open=1 draws=7 clear=0,0,0,1
SONIC_VULKAN_PIPELINE kind=0 warmup=0 elapsed_ms=115.288
SONIC_VULKAN_PIPELINE kind=1 warmup=0 elapsed_ms=106.474
SONIC_VULKAN_PIPELINE kind=2 warmup=0 elapsed_ms=76.371
SONIC_NATIVE_FRAME_BOUNDARY owner=frame-begin index=3 action=present open=1 draws=7 clear=0,0,0,1
SONIC_NATIVE_FRAME_BOUNDARY owner=frame-begin index=4 action=present open=1 draws=7 clear=0,0,0,1
SONIC_NATIVE_FRAME_BOUNDARY owner=frame-begin index=5 action=present open=1 draws=7 clear=0,0,0,1
SONIC_NATIVE_FRAME_BOUNDARY owner=frame-begin index=6 action=present open=1 draws=7 clear=0,0,0,1
SONIC_NATIVE_FRAME_BOUNDARY owner=frame-begin index=7 action=present open=1 draws=7 clear=0,0,0,1
SONIC_NATIVE_FRAME_BOUNDARY owner=frame-begin index=8 action=present open=1 draws=7 clear=0,0,0,1
SONIC_NATIVE_FRAME_BOUNDARY owner=frame-begin index=9 action=present open=1 draws=7 clear=0,0,0,1
SONIC_NATIVE_MOVIE_SEQUENCE diagnostic-menu-edge=1
SONIC_NATIVE_MOVIE_SEQUENCE skip id=0 clip=0 input=menu
SONIC_NATIVE_MOVIE_SEQUENCE completed id=0 clips=0 skipped=1 completion_status=1 decoded_video=0 presented_video=0 audio_frames=0 visibly_non_black=0
SONIC_NATIVE_CONTENT request=advertise.prs normalized=ADVERTISE.PRS destination=0xcd00000
SONIC_NATIVE_PRS_SOURCE staged=SONICAD/ADVERTISE.PRS decoded=sha256:6e8a5806f1f32e6c17c70c30c953600f16fcdb4959b8cd91094c4b32062793d5 encoded_start=0xcd00000 encoded_bytes=0x2b000 sequence=1
SONIC_NATIVE_CONTENT loaded=SONICAD/ADVERTISE.PRS destination=0xcd00000 bytes=0x2ae96 sector_bytes=0x2b000
SONIC_NATIVE_PRS retired_runtime_images=1 retired_loaded_aot=0 destination=0xc900000
SONIC_NATIVE_PRS_MODULE identity=sha256:6e8a5806f1f32e6c17c70c30c953600f16fcdb4959b8cd91094c4b32062793d5 source=0x8088b000 runtime=0xc900000 bytes=0xe4648 generation=3 transition_epoch=1
SONIC_NATIVE_SOUND_BANK_MAP collection=0:1 available=13 retained=0 replaced=0 retired_one_shot=0 retired_sequence=0 stale_handles=0
SONIC_NATIVE_SOUND_COLLECTION loaded=SONICAD/MOBILE1.MLT bytes=1222016 active=1
SONIC_NATIVE_SOUND_BANK_MAP collection=1:1 available=13 retained=0 replaced=13 retired_one_shot=0 retired_sequence=0 stale_handles=0
SONIC_NATIVE_SOUND_COLLECTION loaded=SONICAD/EGGCARRIER.MLT bytes=1311520 active=2
SONIC_NATIVE_SOUND_BANK_MAP collection=2:1 available=5 retained=10 replaced=3 retired_one_shot=0 retired_sequence=0 stale_handles=0
SONIC_NATIVE_SOUND_COLLECTION loaded=SONICAD/V_SONICTAILS_E.MLT bytes=201472 active=3
SONIC_NATIVE_SOUND_BANK_MAP collection=3:1 available=5 retained=12 replaced=3 retired_one_shot=0 retired_sequence=0 stale_handles=0
SONIC_NATIVE_SOUND_COLLECTION loaded=SONICAD/P_SONICTAILS.MLT bytes=144000 active=4
SONIC_NATIVE_SCENARIO_STAGE_QUEUED id=gamma-emerald-coast stage=1:0 context=6 table=3:5 main=11->2 tuple_override=0 gameplay_probe=1 protocol=3 input_profile=3 frame=193 presentations=41
SONIC_NATIVE_CONTENT request=e_mot.PRS normalized=E_MOT.PRS destination=0xcd00000
SONIC_NATIVE_CONTENT loaded=SONICAD/E_MOT.PRS destination=0xcd00000 bytes=0x15c76 sector_bytes=0x16000
SONIC_NATIVE_TEXTURE_SET acquired domain=character index=6 rows=5 archives=5 publication=guest-registry
SONIC_NATIVE_TEXTURE_SET acquired domain=main index=0 rows=7 archives=7 publication=guest-registry
SONIC_NATIVE_SDK_TEXTURE_VIEW pvm=0 acquired=1 copied=1 texlist=0x8c1bee94
SONIC_NATIVE_PRETRANSFORMED_STREAM kind=textured source=0x8c798718 count=4 texture_key=0x9897fc translucent=0
SONIC_VULKAN_PIPELINE kind=0 warmup=0 elapsed_ms=67.675
SONIC_NATIVE_SOUND_BANK_MAP collection=4:1 available=13 retained=4 replaced=13 retired_one_shot=0 retired_sequence=0 stale_handles=0
SONIC_NATIVE_SOUND_COLLECTION loaded=SONICAD/EMERALDCOAST.MLT bytes=1125984 active=5
SONIC_NATIVE_SOUND_BANK_MAP collection=5:1 available=5 retained=12 replaced=5 retired_one_shot=0 retired_sequence=0 stale_handles=0
SONIC_NATIVE_SOUND_COLLECTION loaded=SONICAD/V_E102_E.MLT bytes=102144 active=6
SONIC_NATIVE_SOUND_BANK_MAP collection=6:1 available=5 retained=12 replaced=5 retired_one_shot=0 retired_sequence=0 stale_handles=0
SONIC_NATIVE_SOUND_COLLECTION loaded=SONICAD/P_E102.MLT bytes=198400 active=7
SONIC_NATIVE_CONTENT request=stg01.PRS normalized=STG01.PRS destination=0xcd00000
SONIC_NATIVE_PRS_SOURCE staged=SONICAD/STG01.PRS decoded=sha256:4c4478ef6bc50c53a85e2c08d88bed8fcfcfdf47c9db378f7ad8f693f8b29538 encoded_start=0xcd00000 encoded_bytes=0x13e000 sequence=2
SONIC_NATIVE_CONTENT loaded=SONICAD/STG01.PRS destination=0xcd00000 bytes=0x13d9dc sector_bytes=0x13e000
SONIC_NATIVE_OVERLAY_TASK_RETIRE destination=0xc900000 bytes=0x1dd108 owners=1 tasks=2 roots=2 child_graph=1 transition=sha256:4c4478ef6bc50c53a85e2c08d88bed8fcfcfdf47c9db378f7ad8f693f8b29538
SONIC_NATIVE_OVERLAY_TASK_OWNER kind=loaded-aot identity=sha256:6e8a5806f1f32e6c17c70c30c953600f16fcdb4959b8cd91094c4b32062793d5 runtime=0x8c900000 bytes=0xe4648 generation=3
SONIC_NATIVE_PRS retired_runtime_images=0 retired_loaded_aot=1 destination=0xc900000
SONIC_NATIVE_PRS_MODULE identity=sha256:4c4478ef6bc50c53a85e2c08d88bed8fcfcfdf47c9db378f7ad8f693f8b29538 source=0x82f44000 runtime=0xc900000 bytes=0x1dd108 generation=5 transition_epoch=2
SONIC_NATIVE_CONTENT request=set0100E.bin normalized=SET0100E.BIN destination=0xcb68000
SONIC_NATIVE_CONTENT loaded=SONICAD/SET0100E.BIN destination=0xcb68000 bytes=0x4b80 sector_bytes=0x5000
SONIC_NATIVE_CONTENT request=set0101E.bin normalized=SET0101E.BIN destination=0xcb70000
SONIC_NATIVE_CONTENT missing_path=SET0101E.BIN guest_pointer=0x8c00f314 destination=0xcb70000
SONIC_NATIVE_CONTENT request=set0101S.bin normalized=SET0101S.BIN destination=0xcb70000
SONIC_NATIVE_CONTENT loaded=SONICAD/SET0101S.BIN destination=0xcb70000 bytes=0x7bc0 sector_bytes=0x8000
SONIC_NATIVE_CONTENT request=set0102E.bin normalized=SET0102E.BIN destination=0xcb78000
SONIC_NATIVE_CONTENT missing_path=SET0102E.BIN guest_pointer=0x8c00f314 destination=0xcb78000
SONIC_NATIVE_CONTENT request=set0102S.bin normalized=SET0102S.BIN destination=0xcb78000
SONIC_NATIVE_CONTENT loaded=SONICAD/SET0102S.BIN destination=0xcb78000 bytes=0x40 sector_bytes=0x800
SONIC_NATIVE_CONTENT request=cam0100E.bin normalized=CAM0100E.BIN destination=0xcb50000
SONIC_NATIVE_CONTENT loaded=SONICAD/CAM0100E.BIN destination=0xcb50000 bytes=0x1780 sector_bytes=0x1800
SONIC_NATIVE_CONTENT request=cam0101E.bin normalized=CAM0101E.BIN destination=0xcb58000
SONIC_NATIVE_CONTENT missing_path=CAM0101E.BIN guest_pointer=0x8c00f318 destination=0xcb58000
SONIC_NATIVE_CONTENT request=cam0101S.bin normalized=CAM0101S.BIN destination=0xcb58000
SONIC_NATIVE_CONTENT loaded=SONICAD/CAM0101S.BIN destination=0xcb58000 bytes=0x2180 sector_bytes=0x2800
SONIC_NATIVE_CONTENT request=cam0102E.bin normalized=CAM0102E.BIN destination=0xcb60000
SONIC_NATIVE_CONTENT missing_path=CAM0102E.BIN guest_pointer=0x8c00f338 destination=0xcb60000
SONIC_NATIVE_CONTENT request=cam0102S.bin normalized=CAM0102S.BIN destination=0xcb60000
SONIC_NATIVE_CONTENT loaded=SONICAD/CAM0102S.BIN destination=0xcb60000 bytes=0x80 sector_bytes=0x800
SONIC_NATIVE_TEXTURE_SET acquired domain=character index=6 rows=5 archives=5 publication=guest-registry
SONIC_NATIVE_TEXTURE_SET acquired domain=main index=0 rows=7 archives=7 publication=guest-registry
SONIC_NATIVE_SDK_TEXTURE_VIEW pvm=1 acquired=90 copied=90 texlist=0xca1e21c
SONIC_NATIVE_SDK_TEXTURE_VIEW pvm=1 acquired=12 copied=12 texlist=0x8c5b81a4
SONIC_NATIVE_SDK_TEXTURE_VIEW pvm=1 acquired=26 copied=26 texlist=0x8c5993d0
SONIC_NATIVE_SDK_TEXTURE_VIEW pvm=1 acquired=23 copied=23 texlist=0x8c59f7f4
SONIC_NATIVE_SDK_TEXTURE_VIEW pvm=0 acquired=1 copied=1 texlist=0xca84470
SONIC_NATIVE_SDK_TEXTURE_VIEW pvm=0 acquired=1 copied=1 texlist=0xcaafb90
SONIC_NATIVE_SDK_TEXTURE_VIEW pvm=1 acquired=2 copied=2 texlist=0x8c5c0f04
SONIC_NATIVE_SDK_TEXTURE_VIEW pvm=1 acquired=2 copied=2 texlist=0x8c5c16cc
SONIC_NATIVE_SDK_TEXTURE_VIEW pvm=1 acquired=10 copied=10 texlist=0xcaa14dc
SONIC_NATIVE_SDK_TEXTURE_VIEW pvm=1 acquired=3 copied=3 texlist=0xca1ec64
SONIC_NATIVE_SDK_TEXTURE_VIEW pvm=1 acquired=5 copied=5 texlist=0x8c165980
SONIC_NATIVE_SDK_TEXTURE_VIEW pvm=1 acquired=5 copied=5 texlist=0x8c16887c
SONIC_NATIVE_SDK_TEXTURE_VIEW pvm=1 acquired=4 copied=4 texlist=0x8c18b724
SONIC_NATIVE_SDK_TEXTURE_VIEW pvm=1 acquired=4 copied=4 texlist=0x8c17bb5c
SONIC_NATIVE_SDK_TEXTURE_VIEW pvm=1 acquired=4 copied=4 texlist=0x8c172db4
SONIC_NATIVE_SDK_TEXTURE_VIEW pvm=1 acquired=7 copied=7 texlist=0xcab21a0
SONIC_NATIVE_SDK_TEXTURE_VIEW pvm=1 acquired=6 copied=6 texlist=0xcab9ef0
SONIC_NATIVE_SDK_TEXTURE_VIEW pvm=1 acquired=6 copied=6 texlist=0xcabc1f8
SONIC_NATIVE_SDK_TEXTURE_VIEW pvm=1 acquired=8 copied=8 texlist=0xcac0a10
SONIC_NATIVE_SDK_TEXTURE_VIEW pvm=1 acquired=7 copied=7 texlist=0xcacca40
SONIC_NATIVE_SDK_TEXTURE_VIEW pvm=1 acquired=7 copied=7 texlist=0xcac5e74
SONIC_NATIVE_SDK_TEXTURE_VIEW pvm=1 acquired=12 copied=12 texlist=0xcac81e0
SONIC_NATIVE_SDK_TEXTURE_VIEW pvm=1 acquired=6 copied=6 texlist=0xcad0c18
SONIC_NATIVE_SDK_TEXTURE_VIEW pvm=1 acquired=8 copied=8 texlist=0x8c5661a8
SONIC_NATIVE_SDK_TEXTURE_VIEW pvm=1 acquired=97 copied=97 texlist=0xc911ec0
SONIC_NATIVE_LIGHTING_CONTENT loaded=SONICAD/SL_10B.BIN destination=0x8c6aeec4 backing=0xc6aeec4 bytes=0xa00 sector_bytes=0x1000
SONIC_NATIVE_LIGHTING_CONTENT loaded=SONICAD/PL_10B.BIN destination=0x8c038f60 backing=0xc038f60 bytes=0x2400 sector_bytes=0x2800
SONIC_NATIVE_SDK_TEXTURE_VIEW pvm=0 acquired=1 copied=1 texlist=0x8c6b67b8
SONIC_VULKAN_PIPELINE kind=0 warmup=0 elapsed_ms=91.119
SONIC_VULKAN_PIPELINE kind=0 warmup=0 elapsed_ms=84.892
SONIC_VULKAN_PIPELINE kind=1 warmup=0 elapsed_ms=89.500
SONIC_VULKAN_PIPELINE kind=1 warmup=0 elapsed_ms=82.623
SONIC_VULKAN_PIPELINE kind=1 warmup=0 elapsed_ms=77.845
SONIC_VULKAN_PIPELINE kind=1 warmup=0 elapsed_ms=89.025
SONIC_NATIVE_CONTENT_RANGE bound=SONICAD/EVENT_ADX_US.AFS start_sector=450138 sectors=31836 bytes=65200128
SONIC_NATIVE_ADX_AFS bound=SONICAD/EVENT_ADX_US.AFS identity=sha256:58a427309d55eb6613b09a056461c5d5f4e3c82e61936980d2d2d1bf04cd0dcd afs_id=0 entries=2044
SONIC_NATIVE_PCM_STREAM_RING registered bank=15 offset=0x1fbfc0 bytes=0x4000 resource=0x141f8 mirror=0x8c8d371c
SONIC_NATIVE_PCM_STREAM_RING registered bank=14 offset=0x1f7f80 bytes=0x4000 resource=0x141f0 mirror=0x8c8d3714
SONIC_NATIVE_PCM_STREAM_RING registered bank=13 offset=0x1f3f40 bytes=0x4000 resource=0x141e8 mirror=0x8c8d370c
[adx @ 0x7bf69007be00] Estimating duration from bitrate, this may be inaccurate
SONIC_NATIVE_ADX start=SONICAD/ECOAST1.ADX identity=sha256:07d941ddf108678898194bdf04a43ca789e0371e0098cbd46fa02f7a3f939e32 guest_handle=0x8c6736f0 callsite=0x8c107892 pr=0x8c107894 bgm_signature=0x0 bgm_trace=0 bgm_frame=0 bgm_selection=0 bgm_request=0 bgm_mirror=0 bgm_handles=0x0,0x0 voice=0:1 active=1 playing=1 queued=2048 loop=1 loop_start=1888096 loop_end=4944080 gain=0.891251 wrapper_valid=1 wrapper=0x2000301,0x8c8a3850,0x0,0x8c8a4950,0x8c8a64f8,0x8c8a64f8
SONIC_GAMEPLAY_CADENCE active=1 default=1 frame=250 scene=15 main=4 hz=60 release=1 delta=1 interpolation=0
SONIC_NATIVE_SCENARIO_GAMEPLAY_STARTED id=gamma-emerald-coast protocol=3 input_profile=3 monotonic_ns=134372208770286 frame=252 presentations=465 load_ms=89706 owner_generation=5 stage_state=0 stage_mode=1
SONIC_NATIVE_INPUT slot=0 connected=1 buttons=0x0 pressed=0x0 released=0x0
SONIC_NATIVE_SCENARIO_GAMEPLAY_SAMPLE id=gamma-emerald-coast protocol=3 input_profile=3 monotonic_ns=134374728269427 elapsed_ms=2519 collision_debug_signed=-1 frame=254 presentations=478 relative_frame=2 max_frame_ns=1532381274 input_applied_frames=2 completed_frames=3 drawn_frames=2 cadence_readable=1 active_video_hz=60 clock_owner=applied-658220 clock_bound_frame=250 tv_mode_readable=1 tv_mode_word=0 release_slots=1 logical_delta=1 sixty_frame_fixture=0 native_gameplay_math=1 native_leaf_math=1 math_scope_readable=1 main_state=4 scene=15 palette_native_calls=15497 palette_original_calls=0 vertex_normals_native_calls=0 vertex_normals_original_calls=0 matrix_push_native_calls=14288 matrix_push_original_calls=0 matrix_pop_native_calls=15303 matrix_pop_original_calls=0 matrix_staged_groups=0 collision_cross_native_calls=170 collision_length_native_calls=2666 collision_normalize_native_calls=1959 collision_cross_original_calls=0 collision_length_original_calls=0 collision_normalize_original_calls=0 matrix_inverse_native_calls=1 triangle_contacts_native_calls=0 triangle_contacts_original_calls=0 triangle_contacts_scope_blocked_calls=0 collision_candidates_native_calls=504 collision_candidates_scope_blocked_calls=0 collision_candidates_original_calls=0 motion_sampling_native_calls=0 motion_sampling_original_calls=0 animation_hierarchy_native_calls=339 model_packets=0 model_snapshots=0 model_packet_verified=0 model_packet_vertices=0 model_gpu_draws=0 model_point_uploads=0 model_corner_uploads=0 closed_memory_calls=59921 closed_memory_words=1727544 collision_memory_intervals=0 collision_memory_reads=0 collision_memory_writes=0 model_pipeline_calls=25107 model_pipeline_declined=0 model_pipeline_points=483554 model_pipeline_normals=13918 model_pipeline_draws=13918 model_pipeline_direct_outputs=13970 model_pipeline_root_operations=0 model_pipeline_closed_children=53700 object_distance_calls=104045 object_distance_native=104045 object_distance_fallback=0 object_activation_calls=169 object_lifetime_calls=10614 object_records=101907 object_created=56 object_retired=0 object_declined=0 object_slow_accesses=0 movement_calls=0 movement_declined=0 movement_callbacks=0 movement_reentries=0 contact_family_calls=508 object_contact_calls=170 camera_operation_calls=169 contact_family_internal=373364 contact_family_foreign=4850 contact_family_resumes=0 world_calls=170 world_declined=0 world_internal=10308 world_callbacks=31056 world_resumes=0 world_membership=2890 world_eligibility=3042 render_hierarchy_calls=7006 render_hierarchy_declined=0 render_hierarchy_internal=373377 render_hierarchy_callbacks=19211 render_model_calls=25107 render_model_revocations=0 render_hierarchy_resumes=0 rigid_hierarchy_calls=5381 morph_hierarchy_calls=0 land_render_calls=170 actor_operation_calls=840 player_operation_calls=170 player_display_calls=0 actor_state_transfers=1850 collision_fused_cross=0 collision_fused_length=0 collision_fused_normalize=0 matrix_bulk_pushes=0 matrix_bulk_pops=0 matrix_bulk_saved=0 matrix_bulk_loaded=0 render_context_captures=10168 render_context_commits=10168 render_context_fallbacks=0 render_context_direct_calls=20336 palette_batch_calls=15497 palette_batch_vertices=549969 palette_batch_declined=0 palette_batch_closed_loops=15497 projection_batch_calls=15965 projection_batch_vertices=553609 projection_batch_declined=1 projection_batch_verified=0 sound_metadata_hits=0 sound_metadata_misses=0 sound_metadata_verified=0 deferred_midi_notes=0 animation_hierarchy_original_calls=0 animation_hierarchy_nodes=13523 animation_direct_write_calls=339 pose_blend_native_calls=0 pose_blend_original_calls=0 pose_direct_write_calls=0 matrix_vector_point_native_calls=4439 matrix_vector_point_original_calls=0 matrix_vector_direction_native_calls=2959 matrix_vector_direction_original_calls=0 matrix_vector_store_native_calls=0 matrix_vector_store_original_calls=0 matrix_vector_translation_native_calls=0 matrix_vector_translation_original_calls=0 atan_native_calls=0 inverse_trig_native_calls=8808 inverse_trig_declined=0 inverse_memory_calls=0 inverse_memory_stores=0 atan_original_calls=0 atan_quotient_native_calls=2 atan_quotient_original_calls=0 atan_polynomial_native_calls=0 atan_polynomial_original_calls=0 atan_scale_native_calls=0 atan_scale_original_calls=0 matrix_inverse_original_calls=0 matrix_determinant_native_calls=0 matrix_determinant_original_calls=0 player_state_readable=1 player_x=0.357781 player_y=3.65463 player_z=-0.147472 player_x_bits=1052192519 player_y_bits=1080681828 player_z_bits=3189179135 frame_window_begin=5 frame_window_end=25 game_ticks=170 hud_timer_ticks=10796 update_timing=0 update_tasks=0 update_tails=0 update_main_tasks=0 update_alternate_tasks=0 update_waits=0 update_elapsed=0 update_elapsed_extra=0 update_timer_setups=0 periodic_epoch_ns=134373196627353 periodic_callbacks=0 render_completion_experiment=0 guest_render_submitted=0 guest_render_completed=0 guest_render_dispatched=0 guest_render_callback=0 guest_render_counter=0 guest_render_nonzero_callbacks=0 update_unreadable=0 execution_thread_id=77354 execution_cpu_valid=1 execution_cpu_100ns=485372026 process_cpu_valid=1 process_cpu_100ns=2994827582 execution_cycles_valid=0 execution_cycles=0 phase=0 final=0
SONIC_NATIVE_SCENARIO_GAMEPLAY_SAMPLE id=gamma-emerald-coast protocol=3 input_profile=3 monotonic_ns=134375940431808 elapsed_ms=3731 collision_debug_signed=-1 frame=255 presentations=484 relative_frame=3 max_frame_ns=1532381274 input_applied_frames=3 completed_frames=4 drawn_frames=3 cadence_readable=1 active_video_hz=60 clock_owner=applied-658220 clock_bound_frame=250 tv_mode_readable=1 tv_mode_word=0 release_slots=1 logical_delta=1 sixty_frame_fixture=0 native_gameplay_math=1 native_leaf_math=1 math_scope_readable=1 main_state=4 scene=15 palette_native_calls=15799 palette_original_calls=0 vertex_normals_native_calls=0 vertex_normals_original_calls=0 matrix_push_native_calls=14384 matrix_push_original_calls=0 matrix_pop_native_calls=15404 matrix_pop_original_calls=0 matrix_staged_groups=0 collision_cross_native_calls=171 collision_length_native_calls=2681 collision_normalize_native_calls=1972 collision_cross_original_calls=0 collision_length_original_calls=0 collision_normalize_original_calls=0 matrix_inverse_native_calls=1 triangle_contacts_native_calls=0 triangle_contacts_original_calls=0 triangle_contacts_scope_blocked_calls=0 collision_candidates_native_calls=507 collision_candidates_scope_blocked_calls=0 collision_candidates_original_calls=0 motion_sampling_native_calls=0 motion_sampling_original_calls=0 animation_hierarchy_native_calls=341 model_packets=0 model_snapshots=0 model_packet_verified=0 model_packet_vertices=0 model_gpu_draws=0 model_point_uploads=0 model_corner_uploads=0 closed_memory_calls=60500 closed_memory_words=1753032 collision_memory_intervals=0 collision_memory_reads=0 collision_memory_writes=0 model_pipeline_calls=25380 model_pipeline_declined=0 model_pipeline_points=492830 model_pipeline_normals=14189 model_pipeline_draws=14189 model_pipeline_direct_outputs=14242 model_pipeline_root_operations=0 model_pipeline_closed_children=54735 object_distance_calls=104660 object_distance_native=104660 object_distance_fallback=0 object_activation_calls=170 object_lifetime_calls=10677 object_records=102510 object_created=56 object_retired=0 object_declined=0 object_slow_accesses=0 movement_calls=0 movement_declined=0 movement_callbacks=0 movement_reentries=0 contact_family_calls=511 object_contact_calls=171 camera_operation_calls=170 contact_family_internal=375593 contact_family_foreign=4881 contact_family_resumes=0 world_calls=171 world_declined=0 world_internal=10349 world_callbacks=31232 world_resumes=0 world_membership=2907 world_eligibility=3060 render_hierarchy_calls=7049 render_hierarchy_declined=0 render_hierarchy_internal=377494 render_hierarchy_callbacks=19344 render_model_calls=25380 render_model_revocations=0 render_hierarchy_resumes=0 rigid_hierarchy_calls=5413 morph_hierarchy_calls=0 land_render_calls=171 actor_operation_calls=845 player_operation_calls=171 player_display_calls=0 actor_state_transfers=1861 collision_fused_cross=0 collision_fused_length=0 collision_fused_normalize=0 matrix_bulk_pushes=0 matrix_bulk_pops=0 matrix_bulk_saved=0 matrix_bulk_loaded=0 render_context_captures=10279 render_context_commits=10279 render_context_fallbacks=0 render_context_direct_calls=20558 palette_batch_calls=15799 palette_batch_vertices=560533 palette_batch_declined=0 palette_batch_closed_loops=15799 projection_batch_calls=16276 projection_batch_vertices=564243 projection_batch_declined=1 projection_batch_verified=0 sound_metadata_hits=0 sound_metadata_misses=0 sound_metadata_verified=0 deferred_midi_notes=0 animation_hierarchy_original_calls=0 animation_hierarchy_nodes=13603 animation_direct_write_calls=341 pose_blend_native_calls=0 pose_blend_original_calls=0 pose_direct_write_calls=0 matrix_vector_point_native_calls=4459 matrix_vector_point_original_calls=0 matrix_vector_direction_native_calls=2977 matrix_vector_direction_original_calls=0 matrix_vector_store_native_calls=0 matrix_vector_store_original_calls=0 matrix_vector_translation_native_calls=0 matrix_vector_translation_original_calls=0 atan_native_calls=0 inverse_trig_native_calls=8860 inverse_trig_declined=0 inverse_memory_calls=0 inverse_memory_stores=0 atan_original_calls=0 atan_quotient_native_calls=2 atan_quotient_original_calls=0 atan_polynomial_native_calls=0 atan_polynomial_original_calls=0 atan_scale_native_calls=0 atan_scale_original_calls=0 matrix_inverse_original_calls=0 matrix_determinant_native_calls=0 matrix_determinant_original_calls=0 player_state_readable=1 player_x=0.357781 player_y=3.65463 player_z=-0.147472 player_x_bits=1052192519 player_y_bits=1080681828 player_z_bits=3189179135 frame_window_begin=5 frame_window_end=25 game_ticks=171 hud_timer_ticks=10795 update_timing=0 update_tasks=0 update_tails=0 update_main_tasks=0 update_alternate_tasks=0 update_waits=0 update_elapsed=0 update_elapsed_extra=0 update_timer_setups=0 periodic_epoch_ns=134374733411421 periodic_callbacks=0 render_completion_experiment=0 guest_render_submitted=0 guest_render_completed=0 guest_render_dispatched=0 guest_render_callback=0 guest_render_counter=0 guest_render_nonzero_callbacks=0 update_unreadable=0 execution_thread_id=77354 execution_cpu_valid=1 execution_cpu_100ns=487495000 process_cpu_valid=1 process_cpu_100ns=3028316697 execution_cycles_valid=0 execution_cycles=0 phase=0 final=0
SONIC_NATIVE_SCENARIO_GAMEPLAY_SAMPLE id=gamma-emerald-coast protocol=3 input_profile=3 monotonic_ns=134377789566735 elapsed_ms=5580 collision_debug_signed=-1 frame=257 presentations=489 relative_frame=5 max_frame_ns=1532381274 input_applied_frames=5 completed_frames=6 drawn_frames=5 cadence_readable=1 active_video_hz=60 clock_owner=applied-658220 clock_bound_frame=250 tv_mode_readable=1 tv_mode_word=0 release_slots=1 logical_delta=1 sixty_frame_fixture=0 native_gameplay_math=1 native_leaf_math=1 math_scope_readable=1 main_state=4 scene=15 palette_native_calls=16403 palette_original_calls=0 vertex_normals_native_calls=0 vertex_normals_original_calls=0 matrix_push_native_calls=14576 matrix_push_original_calls=0 matrix_pop_native_calls=15606 matrix_pop_original_calls=0 matrix_staged_groups=0 collision_cross_native_calls=173 collision_length_native_calls=2711 collision_normalize_native_calls=1998 collision_cross_original_calls=0 collision_length_original_calls=0 collision_normalize_original_calls=0 matrix_inverse_native_calls=1 triangle_contacts_native_calls=0 triangle_contacts_original_calls=0 triangle_contacts_scope_blocked_calls=0 collision_candidates_native_calls=513 collision_candidates_scope_blocked_calls=0 collision_candidates_original_calls=0 motion_sampling_native_calls=0 motion_sampling_original_calls=0 animation_hierarchy_native_calls=345 model_packets=0 model_snapshots=0 model_packet_verified=0 model_packet_vertices=0 model_gpu_draws=0 model_point_uploads=0 model_corner_uploads=0 closed_memory_calls=61658 closed_memory_words=1804008 collision_memory_intervals=0 collision_memory_reads=0 collision_memory_writes=0 model_pipeline_calls=25926 model_pipeline_declined=0 model_pipeline_points=511382 model_pipeline_normals=14731 model_pipeline_draws=14731 model_pipeline_direct_outputs=14786 model_pipeline_root_operations=0 model_pipeline_closed_children=56775 object_distance_calls=105890 object_distance_native=105890 object_distance_fallback=0 object_activation_calls=172 object_lifetime_calls=10803 object_records=103716 object_created=56 object_retired=0 object_declined=0 object_slow_accesses=0 movement_calls=0 movement_declined=0 movement_callbacks=0 movement_reentries=0 contact_family_calls=517 object_contact_calls=173 camera_operation_calls=172 contact_family_internal=380121 contact_family_foreign=4949 contact_family_resumes=0 world_calls=173 world_declined=0 world_internal=10431 world_callbacks=31584 world_resumes=0 world_membership=2941 world_eligibility=3096 render_hierarchy_calls=7134 render_hierarchy_declined=0 render_hierarchy_internal=385416 render_hierarchy_callbacks=19620 render_model_calls=25926 render_model_revocations=0 render_hierarchy_resumes=0 rigid_hierarchy_calls=5477 morph_hierarchy_calls=0 land_render_calls=173 actor_operation_calls=855 player_operation_calls=173 player_display_calls=0 actor_state_transfers=1883 collision_fused_cross=0 collision_fused_length=0 collision_fused_normalize=0 matrix_bulk_pushes=0 matrix_bulk_pops=0 matrix_bulk_saved=0 matrix_bulk_loaded=0 render_context_captures=10486 render_context_commits=10486 render_context_fallbacks=0 render_context_direct_calls=20972 palette_batch_calls=16403 palette_batch_vertices=581661 palette_batch_declined=0 palette_batch_closed_loops=16403 projection_batch_calls=16898 projection_batch_vertices=585511 projection_batch_declined=1 projection_batch_verified=0 sound_metadata_hits=0 sound_metadata_misses=0 sound_metadata_verified=0 deferred_midi_notes=0 animation_hierarchy_original_calls=0 animation_hierarchy_nodes=13763 animation_direct_write_calls=345 pose_blend_native_calls=0 pose_blend_original_calls=0 pose_direct_write_calls=0 matrix_vector_point_native_calls=4499 matrix_vector_point_original_calls=0 matrix_vector_direction_native_calls=3013 matrix_vector_direction_original_calls=0 matrix_vector_store_native_calls=0 matrix_vector_store_original_calls=0 matrix_vector_translation_native_calls=0 matrix_vector_translation_original_calls=0 atan_native_calls=0 inverse_trig_native_calls=8964 inverse_trig_declined=0 inverse_memory_calls=0 inverse_memory_stores=0 atan_original_calls=0 atan_quotient_native_calls=2 atan_quotient_original_calls=0 atan_polynomial_native_calls=0 atan_polynomial_original_calls=0 atan_scale_native_calls=0 atan_scale_original_calls=0 matrix_inverse_original_calls=0 matrix_determinant_native_calls=0 matrix_determinant_original_calls=0 player_state_readable=1 player_x=0.107907 player_y=3.65005 player_z=-0.0258335 player_x_bits=1037893272 player_y_bits=1080662624 player_z_bits=3167985840 frame_window_begin=5 frame_window_end=25 game_ticks=173 hud_timer_ticks=10793 update_timing=0 update_tasks=0 update_tails=0 update_main_tasks=0 update_alternate_tasks=0 update_waits=0 update_elapsed=0 update_elapsed_extra=0 update_timer_setups=0 periodic_epoch_ns=134376746290335 periodic_callbacks=0 render_completion_experiment=0 guest_render_submitted=0 guest_render_completed=0 guest_render_dispatched=0 guest_render_callback=0 guest_render_counter=0 guest_render_nonzero_callbacks=0 update_unreadable=0 execution_thread_id=77354 execution_cpu_valid=1 execution_cpu_100ns=491832110 process_cpu_valid=1 process_cpu_100ns=3079826065 execution_cycles_valid=0 execution_cycles=0 phase=0 final=0
SONIC_NATIVE_SCENARIO_GAMEPLAY_SAMPLE id=gamma-emerald-coast protocol=3 input_profile=3 monotonic_ns=134378936462724 elapsed_ms=6727 collision_debug_signed=-1 frame=258 presentations=492 relative_frame=6 max_frame_ns=1532381274 input_applied_frames=6 completed_frames=7 drawn_frames=6 cadence_readable=1 active_video_hz=60 clock_owner=applied-658220 clock_bound_frame=250 tv_mode_readable=1 tv_mode_word=0 release_slots=1 logical_delta=1 sixty_frame_fixture=0 native_gameplay_math=1 native_leaf_math=1 math_scope_readable=1 main_state=4 scene=15 palette_native_calls=16705 palette_original_calls=0 vertex_normals_native_calls=0 vertex_normals_original_calls=0 matrix_push_native_calls=14672 matrix_push_original_calls=0 matrix_pop_native_calls=15707 matrix_pop_original_calls=0 matrix_staged_groups=0 collision_cross_native_calls=174 collision_length_native_calls=2726 collision_normalize_native_calls=2011 collision_cross_original_calls=0 collision_length_original_calls=0 collision_normalize_original_calls=0 matrix_inverse_native_calls=1 triangle_contacts_native_calls=0 triangle_contacts_original_calls=0 triangle_contacts_scope_blocked_calls=0 collision_candidates_native_calls=516 collision_candidates_scope_blocked_calls=0 collision_candidates_original_calls=0 motion_sampling_native_calls=0 motion_sampling_original_calls=0 animation_hierarchy_native_calls=347 model_packets=0 model_snapshots=0 model_packet_verified=0 model_packet_vertices=0 model_gpu_draws=0 model_point_uploads=0 model_corner_uploads=0 closed_memory_calls=62237 closed_memory_words=1829496 collision_memory_intervals=0 collision_memory_reads=0 collision_memory_writes=0 model_pipeline_calls=26199 model_pipeline_declined=0 model_pipeline_points=520658 model_pipeline_normals=15002 model_pipeline_draws=15002 model_pipeline_direct_outputs=15058 model_pipeline_root_operations=0 model_pipeline_closed_children=57750 object_distance_calls=106505 object_distance_native=106505 object_distance_fallback=0 object_activation_calls=173 object_lifetime_calls=10866 object_records=104319 object_created=56 object_retired=0 object_declined=0 object_slow_accesses=0 movement_calls=0 movement_declined=0 movement_callbacks=0 movement_reentries=0 contact_family_calls=520 object_contact_calls=174 camera_operation_calls=173 contact_family_internal=382391 contact_family_foreign=4983 contact_family_resumes=0 world_calls=174 world_declined=0 world_internal=10472 world_callbacks=31760 world_resumes=0 world_membership=2958 world_eligibility=3114 render_hierarchy_calls=7175 render_hierarchy_declined=0 render_hierarchy_internal=388900 render_hierarchy_callbacks=19760 render_model_calls=26199 render_model_revocations=0 render_hierarchy_resumes=0 rigid_hierarchy_calls=5509 morph_hierarchy_calls=0 land_render_calls=174 actor_operation_calls=860 player_operation_calls=174 player_display_calls=0 actor_state_transfers=1894 collision_fused_cross=0 collision_fused_length=0 collision_fused_normalize=0 matrix_bulk_pushes=0 matrix_bulk_pops=0 matrix_bulk_saved=0 matrix_bulk_loaded=0 render_context_captures=10567 render_context_commits=10567 render_context_fallbacks=0 render_context_direct_calls=21134 palette_batch_calls=16705 palette_batch_vertices=592225 palette_batch_declined=0 palette_batch_closed_loops=16705 projection_batch_calls=17209 projection_batch_vertices=596145 projection_batch_declined=1 projection_batch_verified=0 sound_metadata_hits=0 sound_metadata_misses=0 sound_metadata_verified=0 deferred_midi_notes=0 animation_hierarchy_original_calls=0 animation_hierarchy_nodes=13843 animation_direct_write_calls=347 pose_blend_native_calls=0 pose_blend_original_calls=0 pose_direct_write_calls=0 matrix_vector_point_native_calls=4519 matrix_vector_point_original_calls=0 matrix_vector_direction_native_calls=3031 matrix_vector_direction_original_calls=0 matrix_vector_store_native_calls=0 matrix_vector_store_original_calls=0 matrix_vector_translation_native_calls=0 matrix_vector_translation_original_calls=0 atan_native_calls=0 inverse_trig_native_calls=9016 inverse_trig_declined=0 inverse_memory_calls=0 inverse_memory_stores=0 atan_original_calls=0 atan_quotient_native_calls=2 atan_quotient_original_calls=0 atan_polynomial_native_calls=0 atan_polynomial_original_calls=0 atan_scale_native_calls=0 atan_scale_original_calls=0 matrix_inverse_original_calls=0 matrix_determinant_native_calls=0 matrix_determinant_original_calls=0 player_state_readable=1 player_x=0.0774228 player_y=3.65313 player_z=0.00125358 player_x_bits=1033801688 player_y_bits=1080675536 player_z_bits=983846656 frame_window_begin=5 frame_window_end=25 game_ticks=174 hud_timer_ticks=10792 update_timing=0 update_tasks=0 update_tails=0 update_main_tasks=0 update_alternate_tasks=0 update_waits=0 update_elapsed=0 update_elapsed_extra=0 update_timer_setups=0 periodic_epoch_ns=134377793868957 periodic_callbacks=0 render_completion_experiment=0 guest_render_submitted=0 guest_render_completed=0 guest_render_dispatched=0 guest_render_callback=0 guest_render_counter=0 guest_render_nonzero_callbacks=0 update_unreadable=0 execution_thread_id=77354 execution_cpu_valid=1 execution_cpu_100ns=493930919 process_cpu_valid=1 process_cpu_100ns=3111099098 execution_cycles_valid=0 execution_cycles=0 phase=0 final=0
SONIC_NATIVE_SCENARIO_GAMEPLAY_SAMPLE id=gamma-emerald-coast protocol=3 input_profile=3 monotonic_ns=134381307903398 elapsed_ms=9099 collision_debug_signed=-1 frame=260 presentations=504 relative_frame=8 max_frame_ns=1532381274 input_applied_frames=8 completed_frames=9 drawn_frames=8 cadence_readable=1 active_video_hz=60 clock_owner=applied-658220 clock_bound_frame=250 tv_mode_readable=1 tv_mode_word=0 release_slots=1 logical_delta=1 sixty_frame_fixture=0 native_gameplay_math=1 native_leaf_math=1 math_scope_readable=1 main_state=4 scene=15 palette_native_calls=17309 palette_original_calls=0 vertex_normals_native_calls=0 vertex_normals_original_calls=0 matrix_push_native_calls=14872 matrix_push_original_calls=0 matrix_pop_native_calls=15917 matrix_pop_original_calls=0 matrix_staged_groups=0 collision_cross_native_calls=176 collision_length_native_calls=2756 collision_normalize_native_calls=2037 collision_cross_original_calls=0 collision_length_original_calls=0 collision_normalize_original_calls=0 matrix_inverse_native_calls=1 triangle_contacts_native_calls=0 triangle_contacts_original_calls=0 triangle_contacts_scope_blocked_calls=0 collision_candidates_native_calls=522 collision_candidates_scope_blocked_calls=0 collision_candidates_original_calls=0 motion_sampling_native_calls=0 motion_sampling_original_calls=0 animation_hierarchy_native_calls=351 model_packets=0 model_snapshots=0 model_packet_verified=0 model_packet_vertices=0 model_gpu_draws=0 model_point_uploads=0 model_corner_uploads=0 closed_memory_calls=63427 closed_memory_words=1880696 collision_memory_intervals=0 collision_memory_reads=0 collision_memory_writes=0 model_pipeline_calls=26745 model_pipeline_declined=0 model_pipeline_points=539210 model_pipeline_normals=15544 model_pipeline_draws=15544 model_pipeline_direct_outputs=15602 model_pipeline_root_operations=0 model_pipeline_closed_children=59730 object_distance_calls=107735 object_distance_native=107735 object_distance_fallback=0 object_activation_calls=175 object_lifetime_calls=10992 object_records=105525 object_created=56 object_retired=0 object_declined=0 object_slow_accesses=0 movement_calls=0 movement_declined=0 movement_callbacks=0 movement_reentries=0 contact_family_calls=526 object_contact_calls=176 camera_operation_calls=175 contact_family_internal=386931 contact_family_foreign=5051 contact_family_resumes=0 world_calls=176 world_declined=0 world_internal=10554 world_callbacks=32112 world_resumes=0 world_membership=2992 world_eligibility=3150 render_hierarchy_calls=7258 render_hierarchy_declined=0 render_hierarchy_internal=396081 render_hierarchy_callbacks=20042 render_model_calls=26745 render_model_revocations=0 render_hierarchy_resumes=0 rigid_hierarchy_calls=5573 morph_hierarchy_calls=0 land_render_calls=176 actor_operation_calls=870 player_operation_calls=176 player_display_calls=0 actor_state_transfers=1916 collision_fused_cross=0 collision_fused_length=0 collision_fused_normalize=0 matrix_bulk_pushes=0 matrix_bulk_pops=0 matrix_bulk_saved=0 matrix_bulk_loaded=0 render_context_captures=10744 render_context_commits=10744 render_context_fallbacks=0 render_context_direct_calls=21488 palette_batch_calls=17309 palette_batch_vertices=613353 palette_batch_declined=0 palette_batch_closed_loops=17309 projection_batch_calls=17831 projection_batch_vertices=617413 projection_batch_declined=1 projection_batch_verified=0 sound_metadata_hits=0 sound_metadata_misses=0 sound_metadata_verified=0 deferred_midi_notes=0 animation_hierarchy_original_calls=0 animation_hierarchy_nodes=14003 animation_direct_write_calls=351 pose_blend_native_calls=0 pose_blend_original_calls=0 pose_direct_write_calls=0 matrix_vector_point_native_calls=4567 matrix_vector_point_original_calls=0 matrix_vector_direction_native_calls=3075 matrix_vector_direction_original_calls=0 matrix_vector_store_native_calls=0 matrix_vector_store_original_calls=0 matrix_vector_translation_native_calls=0 matrix_vector_translation_original_calls=0 atan_native_calls=0 inverse_trig_native_calls=9120 inverse_trig_declined=0 inverse_memory_calls=0 inverse_memory_stores=0 atan_original_calls=0 atan_quotient_native_calls=2 atan_quotient_original_calls=0 atan_polynomial_native_calls=0 atan_polynomial_original_calls=0 atan_scale_native_calls=0 atan_scale_original_calls=0 matrix_inverse_original_calls=0 matrix_determinant_native_calls=0 matrix_determinant_original_calls=0 player_state_readable=1 player_x=-0.0157863 player_y=3.66242 player_z=0.0801486 player_x_bits=3162591840 player_y_bits=1080714508 player_z_bits=1034167544 frame_window_begin=5 frame_window_end=25 game_ticks=176 hud_timer_ticks=10790 update_timing=0 update_tasks=0 update_tails=0 update_main_tasks=0 update_alternate_tasks=0 update_waits=0 update_elapsed=0 update_elapsed_extra=0 update_timer_setups=0 periodic_epoch_ns=134379847745819 periodic_callbacks=0 render_completion_experiment=0 guest_render_submitted=0 guest_render_completed=0 guest_render_dispatched=0 guest_render_callback=0 guest_render_counter=0 guest_render_nonzero_callbacks=0 update_unreadable=0 execution_thread_id=77354 execution_cpu_valid=1 execution_cpu_100ns=498186165 process_cpu_valid=1 process_cpu_100ns=3175973166 execution_cycles_valid=0 execution_cycles=0 phase=0 final=0
SONIC_NATIVE_SCENARIO_GAMEPLAY_SAMPLE id=gamma-emerald-coast protocol=3 input_profile=3 monotonic_ns=134382464237739 elapsed_ms=10255 collision_debug_signed=-1 frame=261 presentations=511 relative_frame=9 max_frame_ns=1532381274 input_applied_frames=9 completed_frames=10 drawn_frames=9 cadence_readable=1 active_video_hz=60 clock_owner=applied-658220 clock_bound_frame=250 tv_mode_readable=1 tv_mode_word=0 release_slots=1 logical_delta=1 sixty_frame_fixture=0 native_gameplay_math=1 native_leaf_math=1 math_scope_readable=1 main_state=4 scene=15 palette_native_calls=17611 palette_original_calls=0 vertex_normals_native_calls=0 vertex_normals_original_calls=0 matrix_push_native_calls=14968 matrix_push_original_calls=0 matrix_pop_native_calls=16018 matrix_pop_original_calls=0 matrix_staged_groups=0 collision_cross_native_calls=177 collision_length_native_calls=2771 collision_normalize_native_calls=2050 collision_cross_original_calls=0 collision_length_original_calls=0 collision_normalize_original_calls=0 matrix_inverse_native_calls=1 triangle_contacts_native_calls=0 triangle_contacts_original_calls=0 triangle_contacts_scope_blocked_calls=0 collision_candidates_native_calls=525 collision_candidates_scope_blocked_calls=0 collision_candidates_original_calls=0 motion_sampling_native_calls=0 motion_sampling_original_calls=0 animation_hierarchy_native_calls=353 model_packets=0 model_snapshots=0 model_packet_verified=0 model_packet_vertices=0 model_gpu_draws=0 model_point_uploads=0 model_corner_uploads=0 closed_memory_calls=64006 closed_memory_words=1906184 collision_memory_intervals=0 collision_memory_reads=0 collision_memory_writes=0 model_pipeline_calls=27018 model_pipeline_declined=0 model_pipeline_points=548486 model_pipeline_normals=15815 model_pipeline_draws=15815 model_pipeline_direct_outputs=15874 model_pipeline_root_operations=0 model_pipeline_closed_children=60735 object_distance_calls=108350 object_distance_native=108350 object_distance_fallback=0 object_activation_calls=176 object_lifetime_calls=11055 object_records=106128 object_created=56 object_retired=0 object_declined=0 object_slow_accesses=0 movement_calls=0 movement_declined=0 movement_callbacks=0 movement_reentries=0 contact_family_calls=529 object_contact_calls=177 camera_operation_calls=176 contact_family_internal=389201 contact_family_foreign=5085 contact_family_resumes=0 world_calls=177 world_declined=0 world_internal=10595 world_callbacks=32288 world_resumes=0 world_membership=3009 world_eligibility=3168 render_hierarchy_calls=7300 render_hierarchy_declined=0 render_hierarchy_internal=399778 render_hierarchy_callbacks=20182 render_model_calls=27018 render_model_revocations=0 render_hierarchy_resumes=0 rigid_hierarchy_calls=5605 morph_hierarchy_calls=0 land_render_calls=177 actor_operation_calls=875 player_operation_calls=177 player_display_calls=0 actor_state_transfers=1927 collision_fused_cross=0 collision_fused_length=0 collision_fused_normalize=0 matrix_bulk_pushes=0 matrix_bulk_pops=0 matrix_bulk_saved=0 matrix_bulk_loaded=0 render_context_captures=10840 render_context_commits=10840 render_context_fallbacks=0 render_context_direct_calls=21680 palette_batch_calls=17611 palette_batch_vertices=623917 palette_batch_declined=0 palette_batch_closed_loops=17611 projection_batch_calls=18142 projection_batch_vertices=628047 projection_batch_declined=1 projection_batch_verified=0 sound_metadata_hits=0 sound_metadata_misses=0 sound_metadata_verified=0 deferred_midi_notes=0 animation_hierarchy_original_calls=0 animation_hierarchy_nodes=14083 animation_direct_write_calls=353 pose_blend_native_calls=0 pose_blend_original_calls=0 pose_direct_write_calls=0 matrix_vector_point_native_calls=4587 matrix_vector_point_original_calls=0 matrix_vector_direction_native_calls=3093 matrix_vector_direction_original_calls=0 matrix_vector_store_native_calls=0 matrix_vector_store_original_calls=0 matrix_vector_translation_native_calls=0 matrix_vector_translation_original_calls=0 atan_native_calls=0 inverse_trig_native_calls=9172 inverse_trig_declined=0 inverse_memory_calls=0 inverse_memory_stores=0 atan_original_calls=0 atan_quotient_native_calls=2 atan_quotient_original_calls=0 atan_polynomial_native_calls=0 atan_polynomial_original_calls=0 atan_scale_native_calls=0 atan_scale_original_calls=0 matrix_inverse_original_calls=0 matrix_determinant_native_calls=0 matrix_determinant_original_calls=0 player_state_readable=1 player_x=-0.0787778 player_y=3.66864 player_z=0.131494 player_x_bits=3181467200 player_y_bits=1080740588 player_z_bits=1040623192 frame_window_begin=5 frame_window_end=25 game_ticks=177 hud_timer_ticks=10789 update_timing=0 update_tasks=0 update_tails=0 update_main_tasks=0 update_alternate_tasks=0 update_waits=0 update_elapsed=0 update_elapsed_extra=0 update_timer_setups=0 periodic_epoch_ns=134381312772731 periodic_callbacks=0 render_completion_experiment=0 guest_render_submitted=0 guest_render_completed=0 guest_render_dispatched=0 guest_render_callback=0 guest_render_counter=0 guest_render_nonzero_callbacks=0 update_unreadable=0 execution_thread_id=77354 execution_cpu_valid=1 execution_cpu_100ns=500373777 process_cpu_valid=1 process_cpu_100ns=3207831327 execution_cycles_valid=0 execution_cycles=0 phase=0 final=0
SONIC_NATIVE_SCENARIO_GAMEPLAY_SAMPLE id=gamma-emerald-coast protocol=3 input_profile=3 monotonic_ns=134384559220667 elapsed_ms=12350 collision_debug_signed=-1 frame=263 presentations=520 relative_frame=11 max_frame_ns=1532381274 input_applied_frames=11 completed_frames=12 drawn_frames=11 cadence_readable=1 active_video_hz=60 clock_owner=applied-658220 clock_bound_frame=250 tv_mode_readable=1 tv_mode_word=0 release_slots=1 logical_delta=1 sixty_frame_fixture=0 native_gameplay_math=1 native_leaf_math=1 math_scope_readable=1 main_state=4 scene=15 palette_native_calls=18211 palette_original_calls=0 vertex_normals_native_calls=0 vertex_normals_original_calls=0 matrix_push_native_calls=15160 matrix_push_original_calls=0 matrix_pop_native_calls=16220 matrix_pop_original_calls=0 matrix_staged_groups=0 collision_cross_native_calls=179 collision_length_native_calls=2801 collision_normalize_native_calls=2076 collision_cross_original_calls=0 collision_length_original_calls=0 collision_normalize_original_calls=0 matrix_inverse_native_calls=1 triangle_contacts_native_calls=0 triangle_contacts_original_calls=0 triangle_contacts_scope_blocked_calls=0 collision_candidates_native_calls=531 collision_candidates_scope_blocked_calls=0 collision_candidates_original_calls=0 motion_sampling_native_calls=0 motion_sampling_original_calls=0 animation_hierarchy_native_calls=357 model_packets=0 model_snapshots=0 model_packet_verified=0 model_packet_vertices=0 model_gpu_draws=0 model_point_uploads=0 model_corner_uploads=0 closed_memory_calls=65160 closed_memory_words=1957102 collision_memory_intervals=0 collision_memory_reads=0 collision_memory_writes=0 model_pipeline_calls=27560 model_pipeline_declined=0 model_pipeline_points=567011 model_pipeline_normals=16353 model_pipeline_draws=16353 model_pipeline_direct_outputs=16414 model_pipeline_root_operations=0 model_pipeline_closed_children=62728 object_distance_calls=109580 object_distance_native=109580 object_distance_fallback=0 object_activation_calls=178 object_lifetime_calls=11181 object_records=107334 object_created=56 object_retired=0 object_declined=0 object_slow_accesses=0 movement_calls=0 movement_declined=0 movement_callbacks=0 movement_reentries=0 contact_family_calls=535 object_contact_calls=179 camera_operation_calls=178 contact_family_internal=393741 contact_family_foreign=5153 contact_family_resumes=0 world_calls=179 world_declined=0 world_internal=10677 world_callbacks=32640 world_resumes=0 world_membership=3043 world_eligibility=3204 render_hierarchy_calls=7383 render_hierarchy_declined=0 render_hierarchy_internal=407120 render_hierarchy_callbacks=20464 render_model_calls=27560 render_model_revocations=0 render_hierarchy_resumes=0 rigid_hierarchy_calls=5669 morph_hierarchy_calls=0 land_render_calls=179 actor_operation_calls=885 player_operation_calls=179 player_display_calls=0 actor_state_transfers=1949 collision_fused_cross=0 collision_fused_length=0 collision_fused_normalize=0 matrix_bulk_pushes=0 matrix_bulk_pops=0 matrix_bulk_saved=0 matrix_bulk_loaded=0 render_context_captures=11031 render_context_commits=11031 render_context_fallbacks=0 render_context_direct_calls=22062 palette_batch_calls=18211 palette_batch_vertices=645018 palette_batch_declined=0 palette_batch_closed_loops=18211 projection_batch_calls=18760 projection_batch_vertices=649288 projection_batch_declined=1 projection_batch_verified=0 sound_metadata_hits=0 sound_metadata_misses=0 sound_metadata_verified=0 deferred_midi_notes=0 animation_hierarchy_original_calls=0 animation_hierarchy_nodes=14243 animation_direct_write_calls=357 pose_blend_native_calls=0 pose_blend_original_calls=0 pose_direct_write_calls=0 matrix_vector_point_native_calls=4627 matrix_vector_point_original_calls=0 matrix_vector_direction_native_calls=3129 matrix_vector_direction_original_calls=0 matrix_vector_store_native_calls=0 matrix_vector_store_original_calls=0 matrix_vector_translation_native_calls=0 matrix_vector_translation_original_calls=0 atan_native_calls=0 inverse_trig_native_calls=9276 inverse_trig_declined=0 inverse_memory_calls=0 inverse_memory_stores=0 atan_original_calls=0 atan_quotient_native_calls=2 atan_quotient_original_calls=0 atan_polynomial_native_calls=0 atan_polynomial_original_calls=0 atan_scale_native_calls=0 atan_scale_original_calls=0 matrix_inverse_original_calls=0 matrix_determinant_native_calls=0 matrix_determinant_original_calls=0 player_state_readable=1 player_x=-0.237975 player_y=3.68423 player_z=0.25713 player_x_bits=3195252684 player_y_bits=1080805988 player_z_bits=1048815228 frame_window_begin=5 frame_window_end=25 game_ticks=179 hud_timer_ticks=10787 update_timing=0 update_tasks=0 update_tails=0 update_main_tasks=0 update_alternate_tasks=0 update_waits=0 update_elapsed=0 update_elapsed_extra=0 update_timer_setups=0 periodic_epoch_ns=134383444396067 periodic_callbacks=0 render_completion_experiment=0 guest_render_submitted=0 guest_render_completed=0 guest_render_dispatched=0 guest_render_callback=0 guest_render_counter=0 guest_render_nonzero_callbacks=0 update_unreadable=0 execution_thread_id=77354 execution_cpu_valid=1 execution_cpu_100ns=504517117 process_cpu_valid=1 process_cpu_100ns=3265800657 execution_cycles_valid=0 execution_cycles=0 phase=0 final=0
SONIC_NATIVE_SCENARIO_GAMEPLAY_SAMPLE id=gamma-emerald-coast protocol=3 input_profile=3 monotonic_ns=134385992998639 elapsed_ms=13784 collision_debug_signed=-1 frame=264 presentations=527 relative_frame=12 max_frame_ns=1532381274 input_applied_frames=12 completed_frames=13 drawn_frames=12 cadence_readable=1 active_video_hz=60 clock_owner=applied-658220 clock_bound_frame=250 tv_mode_readable=1 tv_mode_word=0 release_slots=1 logical_delta=1 sixty_frame_fixture=0 native_gameplay_math=1 native_leaf_math=1 math_scope_readable=1 main_state=4 scene=15 palette_native_calls=18509 palette_original_calls=0 vertex_normals_native_calls=0 vertex_normals_original_calls=0 matrix_push_native_calls=15256 matrix_push_original_calls=0 matrix_pop_native_calls=16321 matrix_pop_original_calls=0 matrix_staged_groups=0 collision_cross_native_calls=180 collision_length_native_calls=2816 collision_normalize_native_calls=2089 collision_cross_original_calls=0 collision_length_original_calls=0 collision_normalize_original_calls=0 matrix_inverse_native_calls=1 triangle_contacts_native_calls=0 triangle_contacts_original_calls=0 triangle_contacts_scope_blocked_calls=0 collision_candidates_native_calls=534 collision_candidates_scope_blocked_calls=0 collision_candidates_original_calls=0 motion_sampling_native_calls=0 motion_sampling_original_calls=0 animation_hierarchy_native_calls=359 model_packets=0 model_snapshots=0 model_packet_verified=0 model_packet_vertices=0 model_gpu_draws=0 model_point_uploads=0 model_corner_uploads=0 closed_memory_calls=65735 closed_memory_words=1982532 collision_memory_intervals=0 collision_memory_reads=0 collision_memory_writes=0 model_pipeline_calls=27829 model_pipeline_declined=0 model_pipeline_points=576260 model_pipeline_normals=16620 model_pipeline_draws=16620 model_pipeline_direct_outputs=16682 model_pipeline_root_operations=0 model_pipeline_closed_children=63716 object_distance_calls=110195 object_distance_native=110195 object_distance_fallback=0 object_activation_calls=179 object_lifetime_calls=11244 object_records=107937 object_created=56 object_retired=0 object_declined=0 object_slow_accesses=0 movement_calls=0 movement_declined=0 movement_callbacks=0 movement_reentries=0 contact_family_calls=538 object_contact_calls=180 camera_operation_calls=179 contact_family_internal=396011 contact_family_foreign=5187 contact_family_resumes=0 world_calls=180 world_declined=0 world_internal=10718 world_callbacks=32816 world_resumes=0 world_membership=3060 world_eligibility=3222 render_hierarchy_calls=7424 render_hierarchy_declined=0 render_hierarchy_internal=410762 render_hierarchy_callbacks=20602 render_model_calls=27829 render_model_revocations=0 render_hierarchy_resumes=0 rigid_hierarchy_calls=5701 morph_hierarchy_calls=0 land_render_calls=180 actor_operation_calls=890 player_operation_calls=180 player_display_calls=0 actor_state_transfers=1960 collision_fused_cross=0 collision_fused_length=0 collision_fused_normalize=0 matrix_bulk_pushes=0 matrix_bulk_pops=0 matrix_bulk_saved=0 matrix_bulk_loaded=0 render_context_captures=11126 render_context_commits=11126 render_context_fallbacks=0 render_context_direct_calls=22252 palette_batch_calls=18509 palette_batch_vertices=655555 palette_batch_declined=0 palette_batch_closed_loops=18509 projection_batch_calls=19067 projection_batch_vertices=659895 projection_batch_declined=1 projection_batch_verified=0 sound_metadata_hits=0 sound_metadata_misses=0 sound_metadata_verified=0 deferred_midi_notes=0 animation_hierarchy_original_calls=0 animation_hierarchy_nodes=14323 animation_direct_write_calls=359 pose_blend_native_calls=0 pose_blend_original_calls=0 pose_direct_write_calls=0 matrix_vector_point_native_calls=4647 matrix_vector_point_original_calls=0 matrix_vector_direction_native_calls=3147 matrix_vector_direction_original_calls=0 matrix_vector_store_native_calls=0 matrix_vector_store_original_calls=0 matrix_vector_translation_native_calls=0 matrix_vector_translation_original_calls=0 atan_native_calls=0 inverse_trig_native_calls=9328 inverse_trig_declined=0 inverse_memory_calls=0 inverse_memory_stores=0 atan_original_calls=0 atan_quotient_native_calls=2 atan_quotient_original_calls=0 atan_polynomial_native_calls=0 atan_polynomial_original_calls=0 atan_scale_native_calls=0 atan_scale_original_calls=0 matrix_inverse_original_calls=0 matrix_determinant_native_calls=0 matrix_determinant_original_calls=0 player_state_readable=1 player_x=-0.334294 player_y=3.6936 player_z=0.33119 player_x_bits=3198888071 player_y_bits=1080845304 player_z_bits=1051300271 frame_window_begin=5 frame_window_end=25 game_ticks=180 hud_timer_ticks=10786 update_timing=0 update_tasks=0 update_tails=0 update_main_tasks=0 update_alternate_tasks=0 update_waits=0 update_elapsed=0 update_elapsed_extra=0 update_timer_setups=0 periodic_epoch_ns=134384563156362 periodic_callbacks=0 render_completion_experiment=0 guest_render_submitted=0 guest_render_completed=0 guest_render_dispatched=0 guest_render_callback=0 guest_render_counter=0 guest_render_nonzero_callbacks=0 update_unreadable=0 execution_thread_id=77354 execution_cpu_valid=1 execution_cpu_100ns=506886438 process_cpu_valid=1 process_cpu_100ns=3301707593 execution_cycles_valid=0 execution_cycles=0 phase=0 final=0
SONIC_NATIVE_SCENARIO_GAMEPLAY_SAMPLE id=gamma-emerald-coast protocol=3 input_profile=3 monotonic_ns=134387554593690 elapsed_ms=15345 collision_debug_signed=-1 frame=265 presentations=534 relative_frame=13 max_frame_ns=1561595051 input_applied_frames=13 completed_frames=14 drawn_frames=13 cadence_readable=1 active_video_hz=60 clock_owner=applied-658220 clock_bound_frame=250 tv_mode_readable=1 tv_mode_word=0 release_slots=1 logical_delta=1 sixty_frame_fixture=0 native_gameplay_math=1 native_leaf_math=1 math_scope_readable=1 main_state=4 scene=15 palette_native_calls=18812 palette_original_calls=0 vertex_normals_native_calls=0 vertex_normals_original_calls=0 matrix_push_native_calls=15352 matrix_push_original_calls=0 matrix_pop_native_calls=16422 matrix_pop_original_calls=0 matrix_staged_groups=0 collision_cross_native_calls=181 collision_length_native_calls=2831 collision_normalize_native_calls=2102 collision_cross_original_calls=0 collision_length_original_calls=0 collision_normalize_original_calls=0 matrix_inverse_native_calls=1 triangle_contacts_native_calls=0 triangle_contacts_original_calls=0 triangle_contacts_scope_blocked_calls=0 collision_candidates_native_calls=537 collision_candidates_scope_blocked_calls=0 collision_candidates_original_calls=0 motion_sampling_native_calls=0 motion_sampling_original_calls=0 animation_hierarchy_native_calls=361 model_packets=0 model_snapshots=0 model_packet_verified=0 model_packet_vertices=0 model_gpu_draws=0 model_point_uploads=0 model_corner_uploads=0 closed_memory_calls=66315 closed_memory_words=2008037 collision_memory_intervals=0 collision_memory_reads=0 collision_memory_writes=0 model_pipeline_calls=28103 model_pipeline_declined=0 model_pipeline_points=585544 model_pipeline_normals=16892 model_pipeline_draws=16892 model_pipeline_direct_outputs=16955 model_pipeline_root_operations=0 model_pipeline_closed_children=64724 object_distance_calls=110810 object_distance_native=110810 object_distance_fallback=0 object_activation_calls=180 object_lifetime_calls=11307 object_records=108540 object_created=56 object_retired=0 object_declined=0 object_slow_accesses=0 movement_calls=0 movement_declined=0 movement_callbacks=0 movement_reentries=0 contact_family_calls=541 object_contact_calls=181 camera_operation_calls=180 contact_family_internal=398281 contact_family_foreign=5221 contact_family_resumes=0 world_calls=181 world_declined=0 world_internal=10759 world_callbacks=32992 world_resumes=0 world_membership=3077 world_eligibility=3240 render_hierarchy_calls=7466 render_hierarchy_declined=0 render_hierarchy_internal=414461 render_hierarchy_callbacks=20740 render_model_calls=28103 render_model_revocations=0 render_hierarchy_resumes=0 rigid_hierarchy_calls=5733 morph_hierarchy_calls=0 land_render_calls=181 actor_operation_calls=895 player_operation_calls=181 player_display_calls=0 actor_state_transfers=1971 collision_fused_cross=0 collision_fused_length=0 collision_fused_normalize=0 matrix_bulk_pushes=0 matrix_bulk_pops=0 matrix_bulk_saved=0 matrix_bulk_loaded=0 render_context_captures=11222 render_context_commits=11222 render_context_fallbacks=0 render_context_direct_calls=22444 palette_batch_calls=18812 palette_batch_vertices=666127 palette_batch_declined=0 palette_batch_closed_loops=18812 projection_batch_calls=19379 projection_batch_vertices=670537 projection_batch_declined=1 projection_batch_verified=0 sound_metadata_hits=0 sound_metadata_misses=0 sound_metadata_verified=0 deferred_midi_notes=0 animation_hierarchy_original_calls=0 animation_hierarchy_nodes=14403 animation_direct_write_calls=361 pose_blend_native_calls=0 pose_blend_original_calls=0 pose_direct_write_calls=0 matrix_vector_point_native_calls=4667 matrix_vector_point_original_calls=0 matrix_vector_direction_native_calls=3165 matrix_vector_direction_original_calls=0 matrix_vector_store_native_calls=0 matrix_vector_store_original_calls=0 matrix_vector_translation_native_calls=0 matrix_vector_translation_original_calls=0 atan_native_calls=0 inverse_trig_native_calls=9380 inverse_trig_declined=0 inverse_memory_calls=0 inverse_memory_stores=0 atan_original_calls=0 atan_quotient_native_calls=2 atan_quotient_original_calls=0 atan_polynomial_native_calls=0 atan_polynomial_original_calls=0 atan_scale_native_calls=0 atan_scale_original_calls=0 matrix_inverse_original_calls=0 matrix_determinant_native_calls=0 matrix_determinant_original_calls=0 player_state_readable=1 player_x=-0.441797 player_y=3.70403 player_z=0.41263 player_x_bits=3202495288 player_y_bits=1080889032 player_z_bits=1054032972 frame_window_begin=5 frame_window_end=25 game_ticks=181 hud_timer_ticks=10785 update_timing=0 update_tasks=0 update_tails=0 update_main_tasks=0 update_alternate_tasks=0 update_waits=0 update_elapsed=0 update_elapsed_extra=0 update_timer_setups=0 periodic_epoch_ns=134385997683592 periodic_callbacks=0 render_completion_experiment=0 guest_render_submitted=0 guest_render_completed=0 guest_render_dispatched=0 guest_render_callback=0 guest_render_counter=0 guest_render_nonzero_callbacks=0 update_unreadable=0 execution_thread_id=77354 execution_cpu_valid=1 execution_cpu_100ns=508924185 process_cpu_valid=1 process_cpu_100ns=3337523065 execution_cycles_valid=0 execution_cycles=0 phase=0 final=0
SONIC_NATIVE_SCENARIO_GAMEPLAY_SAMPLE id=gamma-emerald-coast protocol=3 input_profile=3 monotonic_ns=134388635981083 elapsed_ms=16427 collision_debug_signed=-1 frame=266 presentations=540 relative_frame=14 max_frame_ns=1561595051 input_applied_frames=14 completed_frames=15 drawn_frames=14 cadence_readable=1 active_video_hz=60 clock_owner=applied-658220 clock_bound_frame=250 tv_mode_readable=1 tv_mode_word=0 release_slots=1 logical_delta=1 sixty_frame_fixture=0 native_gameplay_math=1 native_leaf_math=1 math_scope_readable=1 main_state=4 scene=15 palette_native_calls=19115 palette_original_calls=0 vertex_normals_native_calls=0 vertex_normals_original_calls=0 matrix_push_native_calls=15456 matrix_push_original_calls=0 matrix_pop_native_calls=16531 matrix_pop_original_calls=0 matrix_staged_groups=0 collision_cross_native_calls=182 collision_length_native_calls=2846 collision_normalize_native_calls=2115 collision_cross_original_calls=0 collision_length_original_calls=0 collision_normalize_original_calls=0 matrix_inverse_native_calls=1 triangle_contacts_native_calls=0 triangle_contacts_original_calls=0 triangle_contacts_scope_blocked_calls=0 collision_candidates_native_calls=540 collision_candidates_scope_blocked_calls=0 collision_candidates_original_calls=0 motion_sampling_native_calls=0 motion_sampling_original_calls=0 animation_hierarchy_native_calls=363 model_packets=0 model_snapshots=0 model_packet_verified=0 model_packet_vertices=0 model_gpu_draws=0 model_point_uploads=0 model_corner_uploads=0 closed_memory_calls=66915 closed_memory_words=2033698 collision_memory_intervals=0 collision_memory_reads=0 collision_memory_writes=0 model_pipeline_calls=28377 model_pipeline_declined=0 model_pipeline_points=594828 model_pipeline_normals=17164 model_pipeline_draws=17164 model_pipeline_direct_outputs=17228 model_pipeline_root_operations=0 model_pipeline_closed_children=65732 object_distance_calls=111425 object_distance_native=111425 object_distance_fallback=0 object_activation_calls=181 object_lifetime_calls=11370 object_records=109143 object_created=56 object_retired=0 object_declined=0 object_slow_accesses=0 movement_calls=0 movement_declined=0 movement_callbacks=0 movement_reentries=0 contact_family_calls=544 object_contact_calls=182 camera_operation_calls=181 contact_family_internal=400551 contact_family_foreign=5255 contact_family_resumes=0 world_calls=182 world_declined=0 world_internal=10800 world_callbacks=33168 world_resumes=0 world_membership=3094 world_eligibility=3258 render_hierarchy_calls=7508 render_hierarchy_declined=0 render_hierarchy_internal=418160 render_hierarchy_callbacks=20880 render_model_calls=28377 render_model_revocations=0 render_hierarchy_resumes=0 rigid_hierarchy_calls=5765 morph_hierarchy_calls=0 land_render_calls=182 actor_operation_calls=900 player_operation_calls=182 player_display_calls=0 actor_state_transfers=1982 collision_fused_cross=0 collision_fused_length=0 collision_fused_normalize=0 matrix_bulk_pushes=0 matrix_bulk_pops=0 matrix_bulk_saved=0 matrix_bulk_loaded=0 render_context_captures=11318 render_context_commits=11318 render_context_fallbacks=0 render_context_direct_calls=22636 palette_batch_calls=19115 palette_batch_vertices=676699 palette_batch_declined=0 palette_batch_closed_loops=19115 projection_batch_calls=19691 projection_batch_vertices=681179 projection_batch_declined=1 projection_batch_verified=0 sound_metadata_hits=0 sound_metadata_misses=0 sound_metadata_verified=0 deferred_midi_notes=0 animation_hierarchy_original_calls=0 animation_hierarchy_nodes=14483 animation_direct_write_calls=363 pose_blend_native_calls=0 pose_blend_original_calls=0 pose_direct_write_calls=0 matrix_vector_point_native_calls=4695 matrix_vector_point_original_calls=0 matrix_vector_direction_native_calls=3191 matrix_vector_direction_original_calls=0 matrix_vector_store_native_calls=0 matrix_vector_store_original_calls=0 matrix_vector_translation_native_calls=0 matrix_vector_translation_original_calls=0 atan_native_calls=0 inverse_trig_native_calls=9424 inverse_trig_declined=0 inverse_memory_calls=0 inverse_memory_stores=0 atan_original_calls=0 atan_quotient_native_calls=2 atan_quotient_original_calls=0 atan_polynomial_native_calls=0 atan_polynomial_original_calls=0 atan_scale_native_calls=0 atan_scale_original_calls=0 matrix_inverse_original_calls=0 matrix_determinant_native_calls=0 matrix_determinant_original_calls=0 player_state_readable=1 player_x=-0.560506 player_y=3.7155 player_z=0.501393 player_x_bits=3205463380 player_y_bits=1080937172 player_z_bits=1056987977 frame_window_begin=5 frame_window_end=25 game_ticks=182 hud_timer_ticks=10784 update_timing=0 update_tasks=0 update_tails=0 update_main_tasks=0 update_alternate_tasks=0 update_waits=0 update_elapsed=0 update_elapsed_extra=0 update_timer_setups=0 periodic_epoch_ns=134387561033615 periodic_callbacks=0 render_completion_experiment=0 guest_render_submitted=0 guest_render_completed=0 guest_render_dispatched=0 guest_render_callback=0 guest_render_counter=0 guest_render_nonzero_callbacks=0 update_unreadable=0 execution_thread_id=77354 execution_cpu_valid=1 execution_cpu_100ns=510977400 process_cpu_valid=1 process_cpu_100ns=3363166021 execution_cycles_valid=0 execution_cycles=0 phase=0 final=0
SONIC_NATIVE_SCENARIO_GAMEPLAY_SAMPLE id=gamma-emerald-coast protocol=3 input_profile=3 monotonic_ns=134389779730589 elapsed_ms=17570 collision_debug_signed=-1 frame=267 presentations=545 relative_frame=15 max_frame_ns=1561595051 input_applied_frames=15 completed_frames=16 drawn_frames=15 cadence_readable=1 active_video_hz=60 clock_owner=applied-658220 clock_bound_frame=250 tv_mode_readable=1 tv_mode_word=0 release_slots=1 logical_delta=1 sixty_frame_fixture=0 native_gameplay_math=1 native_leaf_math=1 math_scope_readable=1 main_state=4 scene=15 palette_native_calls=19418 palette_original_calls=0 vertex_normals_native_calls=0 vertex_normals_original_calls=0 matrix_push_native_calls=15552 matrix_push_original_calls=0 matrix_pop_native_calls=16632 matrix_pop_original_calls=0 matrix_staged_groups=0 collision_cross_native_calls=183 collision_length_native_calls=2861 collision_normalize_native_calls=2128 collision_cross_original_calls=0 collision_length_original_calls=0 collision_normalize_original_calls=0 matrix_inverse_native_calls=1 triangle_contacts_native_calls=0 triangle_contacts_original_calls=0 triangle_contacts_scope_blocked_calls=0 collision_candidates_native_calls=543 collision_candidates_scope_blocked_calls=0 collision_candidates_original_calls=0 motion_sampling_native_calls=0 motion_sampling_original_calls=0 animation_hierarchy_native_calls=365 model_packets=0 model_snapshots=0 model_packet_verified=0 model_packet_vertices=0 model_gpu_draws=0 model_point_uploads=0 model_corner_uploads=0 closed_memory_calls=67483 closed_memory_words=2059135 collision_memory_intervals=0 collision_memory_reads=0 collision_memory_writes=0 model_pipeline_calls=28651 model_pipeline_declined=0 model_pipeline_points=604112 model_pipeline_normals=17436 model_pipeline_draws=17436 model_pipeline_direct_outputs=17501 model_pipeline_root_operations=0 model_pipeline_closed_children=66770 object_distance_calls=112040 object_distance_native=112040 object_distance_fallback=0 object_activation_calls=182 object_lifetime_calls=11433 object_records=109746 object_created=56 object_retired=0 object_declined=0 object_slow_accesses=0 movement_calls=0 movement_declined=0 movement_callbacks=0 movement_reentries=0 contact_family_calls=547 object_contact_calls=183 camera_operation_calls=182 contact_family_internal=402821 contact_family_foreign=5289 contact_family_resumes=0 world_calls=183 world_declined=0 world_internal=10841 world_callbacks=33344 world_resumes=0 world_membership=3111 world_eligibility=3276 render_hierarchy_calls=7551 render_hierarchy_declined=0 render_hierarchy_internal=422076 render_hierarchy_callbacks=21015 render_model_calls=28651 render_model_revocations=0 render_hierarchy_resumes=0 rigid_hierarchy_calls=5797 morph_hierarchy_calls=0 land_render_calls=183 actor_operation_calls=905 player_operation_calls=183 player_display_calls=0 actor_state_transfers=1993 collision_fused_cross=0 collision_fused_length=0 collision_fused_normalize=0 matrix_bulk_pushes=0 matrix_bulk_pops=0 matrix_bulk_saved=0 matrix_bulk_loaded=0 render_context_captures=11429 render_context_commits=11429 render_context_fallbacks=0 render_context_direct_calls=22858 palette_batch_calls=19418 palette_batch_vertices=687271 palette_batch_declined=0 palette_batch_closed_loops=19418 projection_batch_calls=20003 projection_batch_vertices=691821 projection_batch_declined=1 projection_batch_verified=0 sound_metadata_hits=0 sound_metadata_misses=0 sound_metadata_verified=0 deferred_midi_notes=0 animation_hierarchy_original_calls=0 animation_hierarchy_nodes=14563 animation_direct_write_calls=365 pose_blend_native_calls=0 pose_blend_original_calls=0 pose_direct_write_calls=0 matrix_vector_point_native_calls=4715 matrix_vector_point_original_calls=0 matrix_vector_direction_native_calls=3209 matrix_vector_direction_original_calls=0 matrix_vector_store_native_calls=0 matrix_vector_store_original_calls=0 matrix_vector_translation_native_calls=0 matrix_vector_translation_original_calls=0 atan_native_calls=0 inverse_trig_native_calls=9468 inverse_trig_declined=0 inverse_memory_calls=0 inverse_memory_stores=0 atan_original_calls=0 atan_quotient_native_calls=2 atan_quotient_original_calls=0 atan_polynomial_native_calls=0 atan_polynomial_original_calls=0 atan_scale_native_calls=0 atan_scale_original_calls=0 matrix_inverse_original_calls=0 matrix_determinant_native_calls=0 matrix_determinant_original_calls=0 player_state_readable=1 player_x=-0.690438 player_y=3.72803 player_z=0.597429 player_x_bits=3207643278 player_y_bits=1080989716 player_z_bits=1058599201 frame_window_begin=5 frame_window_end=25 game_ticks=183 hud_timer_ticks=10783 update_timing=0 update_tasks=0 update_tails=0 update_main_tasks=0 update_alternate_tasks=0 update_waits=0 update_elapsed=0 update_elapsed_extra=0 update_timer_setups=0 periodic_epoch_ns=134388639620372 periodic_callbacks=0 render_completion_experiment=0 guest_render_submitted=0 guest_render_completed=0 guest_render_dispatched=0 guest_render_callback=0 guest_render_counter=0 guest_render_nonzero_callbacks=0 update_unreadable=0 execution_thread_id=77354 execution_cpu_valid=1 execution_cpu_100ns=513173603 process_cpu_valid=1 process_cpu_100ns=3390214981 execution_cycles_valid=0 execution_cycles=0 phase=0 final=0
SONIC_NATIVE_SCENARIO_GAMEPLAY_SAMPLE id=gamma-emerald-coast protocol=3 input_profile=3 monotonic_ns=134391093886942 elapsed_ms=18885 collision_debug_signed=-1 frame=268 presentations=549 relative_frame=16 max_frame_ns=1561595051 input_applied_frames=16 completed_frames=17 drawn_frames=16 cadence_readable=1 active_video_hz=60 clock_owner=applied-658220 clock_bound_frame=250 tv_mode_readable=1 tv_mode_word=0 release_slots=1 logical_delta=1 sixty_frame_fixture=0 native_gameplay_math=1 native_leaf_math=1 math_scope_readable=1 main_state=4 scene=15 palette_native_calls=19721 palette_original_calls=0 vertex_normals_native_calls=0 vertex_normals_original_calls=0 matrix_push_native_calls=15648 matrix_push_original_calls=0 matrix_pop_native_calls=16733 matrix_pop_original_calls=0 matrix_staged_groups=0 collision_cross_native_calls=184 collision_length_native_calls=2876 collision_normalize_native_calls=2141 collision_cross_original_calls=0 collision_length_original_calls=0 collision_normalize_original_calls=0 matrix_inverse_native_calls=1 triangle_contacts_native_calls=0 triangle_contacts_original_calls=0 triangle_contacts_scope_blocked_calls=0 collision_candidates_native_calls=546 collision_candidates_scope_blocked_calls=0 collision_candidates_original_calls=0 motion_sampling_native_calls=0 motion_sampling_original_calls=0 animation_hierarchy_native_calls=367 model_packets=0 model_snapshots=0 model_packet_verified=0 model_packet_vertices=0 model_gpu_draws=0 model_point_uploads=0 model_corner_uploads=0 closed_memory_calls=68051 closed_memory_words=2084572 collision_memory_intervals=0 collision_memory_reads=0 collision_memory_writes=0 model_pipeline_calls=28925 model_pipeline_declined=0 model_pipeline_points=613396 model_pipeline_normals=17708 model_pipeline_draws=17708 model_pipeline_direct_outputs=17774 model_pipeline_root_operations=0 model_pipeline_closed_children=67808 object_distance_calls=112655 object_distance_native=112655 object_distance_fallback=0 object_activation_calls=183 object_lifetime_calls=11496 object_records=110349 object_created=56 object_retired=0 object_declined=0 object_slow_accesses=0 movement_calls=0 movement_declined=0 movement_callbacks=0 movement_reentries=0 contact_family_calls=550 object_contact_calls=184 camera_operation_calls=183 contact_family_internal=405091 contact_family_foreign=5323 contact_family_resumes=0 world_calls=184 world_declined=0 world_internal=10882 world_callbacks=33520 world_resumes=0 world_membership=3128 world_eligibility=3294 render_hierarchy_calls=7594 render_hierarchy_declined=0 render_hierarchy_internal=425992 render_hierarchy_callbacks=21150 render_model_calls=28925 render_model_revocations=0 render_hierarchy_resumes=0 rigid_hierarchy_calls=5829 morph_hierarchy_calls=0 land_render_calls=184 actor_operation_calls=910 player_operation_calls=184 player_display_calls=0 actor_state_transfers=2004 collision_fused_cross=0 collision_fused_length=0 collision_fused_normalize=0 matrix_bulk_pushes=0 matrix_bulk_pops=0 matrix_bulk_saved=0 matrix_bulk_loaded=0 render_context_captures=11540 render_context_commits=11540 render_context_fallbacks=0 render_context_direct_calls=23080 palette_batch_calls=19721 palette_batch_vertices=697843 palette_batch_declined=0 palette_batch_closed_loops=19721 projection_batch_calls=20315 projection_batch_vertices=702463 projection_batch_declined=1 projection_batch_verified=0 sound_metadata_hits=0 sound_metadata_misses=0 sound_metadata_verified=0 deferred_midi_notes=0 animation_hierarchy_original_calls=0 animation_hierarchy_nodes=14643 animation_direct_write_calls=367 pose_blend_native_calls=0 pose_blend_original_calls=0 pose_direct_write_calls=0 matrix_vector_point_native_calls=4735 matrix_vector_point_original_calls=0 matrix_vector_direction_native_calls=3227 matrix_vector_direction_original_calls=0 matrix_vector_store_native_calls=0 matrix_vector_store_original_calls=0 matrix_vector_translation_native_calls=0 matrix_vector_translation_original_calls=0 atan_native_calls=0 inverse_trig_native_calls=9512 inverse_trig_declined=0 inverse_memory_calls=0 inverse_memory_stores=0 atan_original_calls=0 atan_quotient_native_calls=2 atan_quotient_original_calls=0 atan_polynomial_native_calls=0 atan_polynomial_original_calls=0 atan_scale_native_calls=0 atan_scale_original_calls=0 matrix_inverse_original_calls=0 matrix_determinant_native_calls=0 matrix_determinant_original_calls=0 player_state_readable=1 player_x=-0.831594 player_y=3.74161 player_z=0.700707 player_x_bits=3210011482 player_y_bits=1081046664 player_z_bits=1060331909 frame_window_begin=5 frame_window_end=25 game_ticks=184 hud_timer_ticks=10782 update_timing=0 update_tasks=0 update_tails=0 update_main_tasks=0 update_alternate_tasks=0 update_waits=0 update_elapsed=0 update_elapsed_extra=0 update_timer_setups=0 periodic_epoch_ns=134389783762386 periodic_callbacks=0 render_completion_experiment=0 guest_render_submitted=0 guest_render_completed=0 guest_render_dispatched=0 guest_render_callback=0 guest_render_counter=0 guest_render_nonzero_callbacks=0 update_unreadable=0 execution_thread_id=77354 execution_cpu_valid=1 execution_cpu_100ns=515181135 process_cpu_valid=1 process_cpu_100ns=3420654880 execution_cycles_valid=0 execution_cycles=0 phase=0 final=0
SONIC_NATIVE_SCENARIO_GAMEPLAY_SAMPLE id=gamma-emerald-coast protocol=3 input_profile=3 monotonic_ns=134392971603167 elapsed_ms=20762 collision_debug_signed=-1 frame=269 presentations=559 relative_frame=17 max_frame_ns=1877716225 input_applied_frames=17 completed_frames=18 drawn_frames=17 cadence_readable=1 active_video_hz=60 clock_owner=applied-658220 clock_bound_frame=250 tv_mode_readable=1 tv_mode_word=0 release_slots=1 logical_delta=1 sixty_frame_fixture=0 native_gameplay_math=1 native_leaf_math=1 math_scope_readable=1 main_state=4 scene=15 palette_native_calls=20024 palette_original_calls=0 vertex_normals_native_calls=0 vertex_normals_original_calls=0 matrix_push_native_calls=15744 matrix_push_original_calls=0 matrix_pop_native_calls=16834 matrix_pop_original_calls=0 matrix_staged_groups=0 collision_cross_native_calls=185 collision_length_native_calls=2891 collision_normalize_native_calls=2154 collision_cross_original_calls=0 collision_length_original_calls=0 collision_normalize_original_calls=0 matrix_inverse_native_calls=1 triangle_contacts_native_calls=0 triangle_contacts_original_calls=0 triangle_contacts_scope_blocked_calls=0 collision_candidates_native_calls=549 collision_candidates_scope_blocked_calls=0 collision_candidates_original_calls=0 motion_sampling_native_calls=0 motion_sampling_original_calls=0 animation_hierarchy_native_calls=369 model_packets=0 model_snapshots=0 model_packet_verified=0 model_packet_vertices=0 model_gpu_draws=0 model_point_uploads=0 model_corner_uploads=0 closed_memory_calls=68619 closed_memory_words=2110009 collision_memory_intervals=0 collision_memory_reads=0 collision_memory_writes=0 model_pipeline_calls=29199 model_pipeline_declined=0 model_pipeline_points=622680 model_pipeline_normals=17980 model_pipeline_draws=17980 model_pipeline_direct_outputs=18047 model_pipeline_root_operations=0 model_pipeline_closed_children=68846 object_distance_calls=113270 object_distance_native=113270 object_distance_fallback=0 object_activation_calls=184 object_lifetime_calls=11559 object_records=110952 object_created=56 object_retired=0 object_declined=0 object_slow_accesses=0 movement_calls=0 movement_declined=0 movement_callbacks=0 movement_reentries=0 contact_family_calls=553 object_contact_calls=185 camera_operation_calls=184 contact_family_internal=407361 contact_family_foreign=5357 contact_family_resumes=0 world_calls=185 world_declined=0 world_internal=10923 world_callbacks=33696 world_resumes=0 world_membership=3145 world_eligibility=3312 render_hierarchy_calls=7637 render_hierarchy_declined=0 render_hierarchy_internal=429908 render_hierarchy_callbacks=21285 render_model_calls=29199 render_model_revocations=0 render_hierarchy_resumes=0 rigid_hierarchy_calls=5861 morph_hierarchy_calls=0 land_render_calls=185 actor_operation_calls=915 player_operation_calls=185 player_display_calls=0 actor_state_transfers=2015 collision_fused_cross=0 collision_fused_length=0 collision_fused_normalize=0 matrix_bulk_pushes=0 matrix_bulk_pops=0 matrix_bulk_saved=0 matrix_bulk_loaded=0 render_context_captures=11651 render_context_commits=11651 render_context_fallbacks=0 render_context_direct_calls=23302 palette_batch_calls=20024 palette_batch_vertices=708415 palette_batch_declined=0 palette_batch_closed_loops=20024 projection_batch_calls=20627 projection_batch_vertices=713105 projection_batch_declined=1 projection_batch_verified=0 sound_metadata_hits=0 sound_metadata_misses=0 sound_metadata_verified=0 deferred_midi_notes=0 animation_hierarchy_original_calls=0 animation_hierarchy_nodes=14723 animation_direct_write_calls=369 pose_blend_native_calls=0 pose_blend_original_calls=0 pose_direct_write_calls=0 matrix_vector_point_native_calls=4755 matrix_vector_point_original_calls=0 matrix_vector_direction_native_calls=3245 matrix_vector_direction_original_calls=0 matrix_vector_store_native_calls=0 matrix_vector_store_original_calls=0 matrix_vector_translation_native_calls=0 matrix_vector_translation_original_calls=0 atan_native_calls=0 inverse_trig_native_calls=9556 inverse_trig_declined=0 inverse_memory_calls=0 inverse_memory_stores=0 atan_original_calls=0 atan_quotient_native_calls=2 atan_quotient_original_calls=0 atan_polynomial_native_calls=0 atan_polynomial_original_calls=0 atan_scale_native_calls=0 atan_scale_original_calls=0 matrix_inverse_original_calls=0 matrix_determinant_native_calls=0 matrix_determinant_original_calls=0 player_state_readable=1 player_x=-0.98396 player_y=3.75624 player_z=0.811224 player_x_bits=3212567756 player_y_bits=1081108016 player_z_bits=1062186072 frame_window_begin=5 frame_window_end=25 game_ticks=185 hud_timer_ticks=10781 update_timing=0 update_tasks=0 update_tails=0 update_main_tasks=0 update_alternate_tasks=0 update_waits=0 update_elapsed=0 update_elapsed_extra=0 update_timer_setups=0 periodic_epoch_ns=134391097609203 periodic_callbacks=0 render_completion_experiment=0 guest_render_submitted=0 guest_render_completed=0 guest_render_dispatched=0 guest_render_callback=0 guest_render_counter=0 guest_render_nonzero_callbacks=0 update_unreadable=0 execution_thread_id=77354 execution_cpu_valid=1 execution_cpu_100ns=517279156 process_cpu_valid=1 process_cpu_100ns=3464201141 execution_cycles_valid=0 execution_cycles=0 phase=0 final=0
SONIC_NATIVE_SCENARIO_GAMEPLAY_SAMPLE id=gamma-emerald-coast protocol=3 input_profile=3 monotonic_ns=134394302932095 elapsed_ms=22094 collision_debug_signed=-1 frame=270 presentations=566 relative_frame=18 max_frame_ns=1877716225 input_applied_frames=18 completed_frames=19 drawn_frames=18 cadence_readable=1 active_video_hz=60 clock_owner=applied-658220 clock_bound_frame=250 tv_mode_readable=1 tv_mode_word=0 release_slots=1 logical_delta=1 sixty_frame_fixture=0 native_gameplay_math=1 native_leaf_math=1 math_scope_readable=1 main_state=4 scene=15 palette_native_calls=20327 palette_original_calls=0 vertex_normals_native_calls=0 vertex_normals_original_calls=0 matrix_push_native_calls=15841 matrix_push_original_calls=0 matrix_pop_native_calls=16936 matrix_pop_original_calls=0 matrix_staged_groups=0 collision_cross_native_calls=186 collision_length_native_calls=2906 collision_normalize_native_calls=2167 collision_cross_original_calls=0 collision_length_original_calls=0 collision_normalize_original_calls=0 matrix_inverse_native_calls=1 triangle_contacts_native_calls=0 triangle_contacts_original_calls=0 triangle_contacts_scope_blocked_calls=0 collision_candidates_native_calls=552 collision_candidates_scope_blocked_calls=0 collision_candidates_original_calls=0 motion_sampling_native_calls=0 motion_sampling_original_calls=0 animation_hierarchy_native_calls=371 model_packets=0 model_snapshots=0 model_packet_verified=0 model_packet_vertices=0 model_gpu_draws=0 model_point_uploads=0 model_corner_uploads=0 closed_memory_calls=69190 closed_memory_words=2135471 collision_memory_intervals=0 collision_memory_reads=0 collision_memory_writes=0 model_pipeline_calls=29473 model_pipeline_declined=0 model_pipeline_points=631964 model_pipeline_normals=18252 model_pipeline_draws=18252 model_pipeline_direct_outputs=18320 model_pipeline_root_operations=0 model_pipeline_closed_children=69884 object_distance_calls=113885 object_distance_native=113885 object_distance_fallback=0 object_activation_calls=185 object_lifetime_calls=11622 object_records=111555 object_created=56 object_retired=0 object_declined=0 object_slow_accesses=0 movement_calls=0 movement_declined=0 movement_callbacks=0 movement_reentries=0 contact_family_calls=556 object_contact_calls=186 camera_operation_calls=185 contact_family_internal=409631 contact_family_foreign=5391 contact_family_resumes=0 world_calls=186 world_declined=0 world_internal=10964 world_callbacks=33872 world_resumes=0 world_membership=3162 world_eligibility=3330 render_hierarchy_calls=7680 render_hierarchy_declined=0 render_hierarchy_internal=433824 render_hierarchy_callbacks=21423 render_model_calls=29473 render_model_revocations=0 render_hierarchy_resumes=0 rigid_hierarchy_calls=5893 morph_hierarchy_calls=0 land_render_calls=186 actor_operation_calls=920 player_operation_calls=186 player_display_calls=0 actor_state_transfers=2026 collision_fused_cross=0 collision_fused_length=0 collision_fused_normalize=0 matrix_bulk_pushes=0 matrix_bulk_pops=0 matrix_bulk_saved=0 matrix_bulk_loaded=0 render_context_captures=11762 render_context_commits=11762 render_context_fallbacks=0 render_context_direct_calls=23524 palette_batch_calls=20327 palette_batch_vertices=718987 palette_batch_declined=0 palette_batch_closed_loops=20327 projection_batch_calls=20939 projection_batch_vertices=723747 projection_batch_declined=1 projection_batch_verified=0 sound_metadata_hits=0 sound_metadata_misses=0 sound_metadata_verified=0 deferred_midi_notes=0 animation_hierarchy_original_calls=0 animation_hierarchy_nodes=14803 animation_direct_write_calls=371 pose_blend_native_calls=0 pose_blend_original_calls=0 pose_direct_write_calls=0 matrix_vector_point_native_calls=4776 matrix_vector_point_original_calls=0 matrix_vector_direction_native_calls=3263 matrix_vector_direction_original_calls=0 matrix_vector_store_native_calls=0 matrix_vector_store_original_calls=0 matrix_vector_translation_native_calls=0 matrix_vector_translation_original_calls=0 atan_native_calls=0 inverse_trig_native_calls=9600 inverse_trig_declined=0 inverse_memory_calls=0 inverse_memory_stores=0 atan_original_calls=0 atan_quotient_native_calls=2 atan_quotient_original_calls=0 atan_polynomial_native_calls=0 atan_polynomial_original_calls=0 atan_scale_native_calls=0 atan_scale_original_calls=0 matrix_inverse_original_calls=0 matrix_determinant_native_calls=0 matrix_determinant_original_calls=0 player_state_readable=1 player_x=-1.14754 player_y=3.77191 player_z=0.928958 player_x_bits=3214074552 player_y_bits=1081173760 player_z_bits=1064161326 frame_window_begin=5 frame_window_end=25 game_ticks=186 hud_timer_ticks=10780 update_timing=0 update_tasks=0 update_tails=0 update_main_tasks=0 update_alternate_tasks=0 update_waits=0 update_elapsed=0 update_elapsed_extra=0 update_timer_setups=0 periodic_epoch_ns=134392976415231 periodic_callbacks=0 render_completion_experiment=0 guest_render_submitted=0 guest_render_completed=0 guest_render_dispatched=0 guest_render_callback=0 guest_render_counter=0 guest_render_nonzero_callbacks=0 update_unreadable=0 execution_thread_id=77354 execution_cpu_valid=1 execution_cpu_100ns=519377838 process_cpu_valid=1 process_cpu_100ns=3493993044 execution_cycles_valid=0 execution_cycles=0 phase=0 final=0
SONIC_NATIVE_SCENARIO_GAMEPLAY_SAMPLE id=gamma-emerald-coast protocol=3 input_profile=3 monotonic_ns=134395460207625 elapsed_ms=23251 collision_debug_signed=-1 frame=271 presentations=570 relative_frame=19 max_frame_ns=1877716225 input_applied_frames=19 completed_frames=20 drawn_frames=19 cadence_readable=1 active_video_hz=60 clock_owner=applied-658220 clock_bound_frame=250 tv_mode_readable=1 tv_mode_word=0 release_slots=1 logical_delta=1 sixty_frame_fixture=0 native_gameplay_math=1 native_leaf_math=1 math_scope_readable=1 main_state=4 scene=15 palette_native_calls=20630 palette_original_calls=0 vertex_normals_native_calls=0 vertex_normals_original_calls=0 matrix_push_native_calls=15938 matrix_push_original_calls=0 matrix_pop_native_calls=17038 matrix_pop_original_calls=0 matrix_staged_groups=0 collision_cross_native_calls=187 collision_length_native_calls=2921 collision_normalize_native_calls=2180 collision_cross_original_calls=0 collision_length_original_calls=0 collision_normalize_original_calls=0 matrix_inverse_native_calls=1 triangle_contacts_native_calls=0 triangle_contacts_original_calls=0 triangle_contacts_scope_blocked_calls=0 collision_candidates_native_calls=555 collision_candidates_scope_blocked_calls=0 collision_candidates_original_calls=0 motion_sampling_native_calls=0 motion_sampling_original_calls=0 animation_hierarchy_native_calls=373 model_packets=0 model_snapshots=0 model_packet_verified=0 model_packet_vertices=0 model_gpu_draws=0 model_point_uploads=0 model_corner_uploads=0 closed_memory_calls=69761 closed_memory_words=2160933 collision_memory_intervals=0 collision_memory_reads=0 collision_memory_writes=0 model_pipeline_calls=29747 model_pipeline_declined=0 model_pipeline_points=641248 model_pipeline_normals=18524 model_pipeline_draws=18524 model_pipeline_direct_outputs=18593 model_pipeline_root_operations=0 model_pipeline_closed_children=70862 object_distance_calls=114500 object_distance_native=114500 object_distance_fallback=0 object_activation_calls=186 object_lifetime_calls=11685 object_records=112158 object_created=56 object_retired=0 object_declined=0 object_slow_accesses=0 movement_calls=0 movement_declined=0 movement_callbacks=0 movement_reentries=0 contact_family_calls=559 object_contact_calls=187 camera_operation_calls=186 contact_family_internal=411901 contact_family_foreign=5425 contact_family_resumes=0 world_calls=187 world_declined=0 world_internal=11005 world_callbacks=34048 world_resumes=0 world_membership=3179 world_eligibility=3348 render_hierarchy_calls=7721 render_hierarchy_declined=0 render_hierarchy_internal=437317 render_hierarchy_callbacks=21565 render_model_calls=29747 render_model_revocations=0 render_hierarchy_resumes=0 rigid_hierarchy_calls=5925 morph_hierarchy_calls=0 land_render_calls=187 actor_operation_calls=925 player_operation_calls=187 player_display_calls=0 actor_state_transfers=2037 collision_fused_cross=0 collision_fused_length=0 collision_fused_normalize=0 matrix_bulk_pushes=0 matrix_bulk_pops=0 matrix_bulk_saved=0 matrix_bulk_loaded=0 render_context_captures=11843 render_context_commits=11843 render_context_fallbacks=0 render_context_direct_calls=23686 palette_batch_calls=20630 palette_batch_vertices=729559 palette_batch_declined=0 palette_batch_closed_loops=20630 projection_batch_calls=21251 projection_batch_vertices=734389 projection_batch_declined=1 projection_batch_verified=0 sound_metadata_hits=0 sound_metadata_misses=0 sound_metadata_verified=0 deferred_midi_notes=0 animation_hierarchy_original_calls=0 animation_hierarchy_nodes=14883 animation_direct_write_calls=373 pose_blend_native_calls=0 pose_blend_original_calls=0 pose_direct_write_calls=0 matrix_vector_point_native_calls=4797 matrix_vector_point_original_calls=0 matrix_vector_direction_native_calls=3281 matrix_vector_direction_original_calls=0 matrix_vector_store_native_calls=0 matrix_vector_store_original_calls=0 matrix_vector_translation_native_calls=0 matrix_vector_translation_original_calls=0 atan_native_calls=0 inverse_trig_native_calls=9644 inverse_trig_declined=0 inverse_memory_calls=0 inverse_memory_stores=0 atan_original_calls=0 atan_quotient_native_calls=2 atan_quotient_original_calls=0 atan_polynomial_native_calls=0 atan_polynomial_original_calls=0 atan_scale_native_calls=0 atan_scale_original_calls=0 matrix_inverse_original_calls=0 matrix_determinant_native_calls=0 matrix_determinant_original_calls=0 player_state_readable=1 player_x=-1.32233 player_y=3.78864 player_z=1.05391 player_x_bits=3215540751 player_y_bits=1081243908 player_z_bits=1065805471 frame_window_begin=5 frame_window_end=25 game_ticks=187 hud_timer_ticks=10779 update_timing=0 update_tasks=0 update_tails=0 update_main_tasks=0 update_alternate_tasks=0 update_waits=0 update_elapsed=0 update_elapsed_extra=0 update_timer_setups=0 periodic_epoch_ns=134394307665099 periodic_callbacks=0 render_completion_experiment=0 guest_render_submitted=0 guest_render_completed=0 guest_render_dispatched=0 guest_render_callback=0 guest_render_counter=0 guest_render_nonzero_callbacks=0 update_unreadable=0 execution_thread_id=77354 execution_cpu_valid=1 execution_cpu_100ns=521561540 process_cpu_valid=1 process_cpu_100ns=3521632320 execution_cycles_valid=0 execution_cycles=0 phase=0 final=0
SONIC_NATIVE_SCENARIO_GAMEPLAY_SAMPLE id=gamma-emerald-coast protocol=3 input_profile=3 monotonic_ns=134396682410678 elapsed_ms=24473 collision_debug_signed=-1 frame=272 presentations=574 relative_frame=20 max_frame_ns=1877716225 input_applied_frames=20 completed_frames=21 drawn_frames=20 cadence_readable=1 active_video_hz=60 clock_owner=applied-658220 clock_bound_frame=250 tv_mode_readable=1 tv_mode_word=0 release_slots=1 logical_delta=1 sixty_frame_fixture=0 native_gameplay_math=1 native_leaf_math=1 math_scope_readable=1 main_state=4 scene=15 palette_native_calls=20933 palette_original_calls=0 vertex_normals_native_calls=0 vertex_normals_original_calls=0 matrix_push_native_calls=16035 matrix_push_original_calls=0 matrix_pop_native_calls=17140 matrix_pop_original_calls=0 matrix_staged_groups=0 collision_cross_native_calls=188 collision_length_native_calls=2936 collision_normalize_native_calls=2193 collision_cross_original_calls=0 collision_length_original_calls=0 collision_normalize_original_calls=0 matrix_inverse_native_calls=1 triangle_contacts_native_calls=0 triangle_contacts_original_calls=0 triangle_contacts_scope_blocked_calls=0 collision_candidates_native_calls=558 collision_candidates_scope_blocked_calls=0 collision_candidates_original_calls=0 motion_sampling_native_calls=0 motion_sampling_original_calls=0 animation_hierarchy_native_calls=375 model_packets=0 model_snapshots=0 model_packet_verified=0 model_packet_vertices=0 model_gpu_draws=0 model_point_uploads=0 model_corner_uploads=0 closed_memory_calls=70332 closed_memory_words=2186395 collision_memory_intervals=0 collision_memory_reads=0 collision_memory_writes=0 model_pipeline_calls=30021 model_pipeline_declined=0 model_pipeline_points=650532 model_pipeline_normals=18796 model_pipeline_draws=18796 model_pipeline_direct_outputs=18866 model_pipeline_root_operations=0 model_pipeline_closed_children=71840 object_distance_calls=115115 object_distance_native=115115 object_distance_fallback=0 object_activation_calls=187 object_lifetime_calls=11748 object_records=112761 object_created=56 object_retired=0 object_declined=0 object_slow_accesses=0 movement_calls=0 movement_declined=0 movement_callbacks=0 movement_reentries=0 contact_family_calls=562 object_contact_calls=188 camera_operation_calls=187 contact_family_internal=414171 contact_family_foreign=5459 contact_family_resumes=0 world_calls=188 world_declined=0 world_internal=11046 world_callbacks=34224 world_resumes=0 world_membership=3196 world_eligibility=3366 render_hierarchy_calls=7762 render_hierarchy_declined=0 render_hierarchy_internal=440807 render_hierarchy_callbacks=21703 render_model_calls=30021 render_model_revocations=0 render_hierarchy_resumes=0 rigid_hierarchy_calls=5957 morph_hierarchy_calls=0 land_render_calls=188 actor_operation_calls=930 player_operation_calls=188 player_display_calls=0 actor_state_transfers=2048 collision_fused_cross=0 collision_fused_length=0 collision_fused_normalize=0 matrix_bulk_pushes=0 matrix_bulk_pops=0 matrix_bulk_saved=0 matrix_bulk_loaded=0 render_context_captures=11924 render_context_commits=11924 render_context_fallbacks=0 render_context_direct_calls=23848 palette_batch_calls=20933 palette_batch_vertices=740131 palette_batch_declined=0 palette_batch_closed_loops=20933 projection_batch_calls=21563 projection_batch_vertices=745031 projection_batch_declined=1 projection_batch_verified=0 sound_metadata_hits=0 sound_metadata_misses=0 sound_metadata_verified=0 deferred_midi_notes=0 animation_hierarchy_original_calls=0 animation_hierarchy_nodes=14963 animation_direct_write_calls=375 pose_blend_native_calls=0 pose_blend_original_calls=0 pose_direct_write_calls=0 matrix_vector_point_native_calls=4818 matrix_vector_point_original_calls=0 matrix_vector_direction_native_calls=3299 matrix_vector_direction_original_calls=0 matrix_vector_store_native_calls=0 matrix_vector_store_original_calls=0 matrix_vector_translation_native_calls=0 matrix_vector_translation_original_calls=0 atan_native_calls=0 inverse_trig_native_calls=9688 inverse_trig_declined=0 inverse_memory_calls=0 inverse_memory_stores=0 atan_original_calls=0 atan_quotient_native_calls=2 atan_quotient_original_calls=0 atan_polynomial_native_calls=0 atan_polynomial_original_calls=0 atan_scale_native_calls=0 atan_scale_original_calls=0 matrix_inverse_original_calls=0 matrix_determinant_native_calls=0 matrix_determinant_original_calls=0 player_state_readable=1 player_x=-1.50831 player_y=3.80641 player_z=1.18608 player_x_bits=3217100866 player_y_bits=1081318440 player_z_bits=1066914184 frame_window_begin=5 frame_window_end=25 game_ticks=188 hud_timer_ticks=10778 update_timing=0 update_tasks=0 update_tails=0 update_main_tasks=0 update_alternate_tasks=0 update_waits=0 update_elapsed=0 update_elapsed_extra=0 update_timer_setups=0 periodic_epoch_ns=134395464997898 periodic_callbacks=0 render_completion_experiment=0 guest_render_submitted=0 guest_render_completed=0 guest_render_dispatched=0 guest_render_callback=0 guest_render_counter=0 guest_render_nonzero_callbacks=0 update_unreadable=0 execution_thread_id=77354 execution_cpu_valid=1 execution_cpu_100ns=523457943 process_cpu_valid=1 process_cpu_100ns=3549989995 execution_cycles_valid=0 execution_cycles=0 phase=0 final=0
SONIC_NATIVE_SCENARIO_GAMEPLAY_SAMPLE id=gamma-emerald-coast protocol=3 input_profile=3 monotonic_ns=134397925913366 elapsed_ms=25717 collision_debug_signed=-1 frame=273 presentations=579 relative_frame=21 max_frame_ns=1877716225 input_applied_frames=21 completed_frames=22 drawn_frames=21 cadence_readable=1 active_video_hz=60 clock_owner=applied-658220 clock_bound_frame=250 tv_mode_readable=1 tv_mode_word=0 release_slots=1 logical_delta=1 sixty_frame_fixture=0 native_gameplay_math=1 native_leaf_math=1 math_scope_readable=1 main_state=4 scene=15 palette_native_calls=21236 palette_original_calls=0 vertex_normals_native_calls=0 vertex_normals_original_calls=0 matrix_push_native_calls=16132 matrix_push_original_calls=0 matrix_pop_native_calls=17242 matrix_pop_original_calls=0 matrix_staged_groups=0 collision_cross_native_calls=189 collision_length_native_calls=2951 collision_normalize_native_calls=2206 collision_cross_original_calls=0 collision_length_original_calls=0 collision_normalize_original_calls=0 matrix_inverse_native_calls=1 triangle_contacts_native_calls=0 triangle_contacts_original_calls=0 triangle_contacts_scope_blocked_calls=0 collision_candidates_native_calls=561 collision_candidates_scope_blocked_calls=0 collision_candidates_original_calls=0 motion_sampling_native_calls=0 motion_sampling_original_calls=0 animation_hierarchy_native_calls=377 model_packets=0 model_snapshots=0 model_packet_verified=0 model_packet_vertices=0 model_gpu_draws=0 model_point_uploads=0 model_corner_uploads=0 closed_memory_calls=70903 closed_memory_words=2211857 collision_memory_intervals=0 collision_memory_reads=0 collision_memory_writes=0 model_pipeline_calls=30295 model_pipeline_declined=0 model_pipeline_points=659816 model_pipeline_normals=19068 model_pipeline_draws=19068 model_pipeline_direct_outputs=19139 model_pipeline_root_operations=0 model_pipeline_closed_children=72818 object_distance_calls=115730 object_distance_native=115730 object_distance_fallback=0 object_activation_calls=188 object_lifetime_calls=11811 object_records=113364 object_created=56 object_retired=0 object_declined=0 object_slow_accesses=0 movement_calls=0 movement_declined=0 movement_callbacks=0 movement_reentries=0 contact_family_calls=565 object_contact_calls=189 camera_operation_calls=188 contact_family_internal=416441 contact_family_foreign=5493 contact_family_resumes=0 world_calls=189 world_declined=0 world_internal=11087 world_callbacks=34400 world_resumes=0 world_membership=3213 world_eligibility=3384 render_hierarchy_calls=7803 render_hierarchy_declined=0 render_hierarchy_internal=444298 render_hierarchy_callbacks=21841 render_model_calls=30295 render_model_revocations=0 render_hierarchy_resumes=0 rigid_hierarchy_calls=5989 morph_hierarchy_calls=0 land_render_calls=189 actor_operation_calls=935 player_operation_calls=189 player_display_calls=0 actor_state_transfers=2059 collision_fused_cross=0 collision_fused_length=0 collision_fused_normalize=0 matrix_bulk_pushes=0 matrix_bulk_pops=0 matrix_bulk_saved=0 matrix_bulk_loaded=0 render_context_captures=12005 render_context_commits=12005 render_context_fallbacks=0 render_context_direct_calls=24010 palette_batch_calls=21236 palette_batch_vertices=750703 palette_batch_declined=0 palette_batch_closed_loops=21236 projection_batch_calls=21875 projection_batch_vertices=755673 projection_batch_declined=1 projection_batch_verified=0 sound_metadata_hits=0 sound_metadata_misses=0 sound_metadata_verified=0 deferred_midi_notes=0 animation_hierarchy_original_calls=0 animation_hierarchy_nodes=15043 animation_direct_write_calls=377 pose_blend_native_calls=0 pose_blend_original_calls=0 pose_direct_write_calls=0 matrix_vector_point_native_calls=4839 matrix_vector_point_original_calls=0 matrix_vector_direction_native_calls=3317 matrix_vector_direction_original_calls=0 matrix_vector_store_native_calls=0 matrix_vector_store_original_calls=0 matrix_vector_translation_native_calls=0 matrix_vector_translation_original_calls=0 atan_native_calls=0 inverse_trig_native_calls=9732 inverse_trig_declined=0 inverse_memory_calls=0 inverse_memory_stores=0 atan_original_calls=0 atan_quotient_native_calls=2 atan_quotient_original_calls=0 atan_polynomial_native_calls=0 atan_polynomial_original_calls=0 atan_scale_native_calls=0 atan_scale_original_calls=0 matrix_inverse_original_calls=0 matrix_determinant_native_calls=0 matrix_determinant_original_calls=0 player_state_readable=1 player_x=-1.70548 player_y=3.82522 player_z=1.32546 player_x_bits=3218754848 player_y_bits=1081397368 player_z_bits=1068083381 frame_window_begin=5 frame_window_end=25 game_ticks=189 hud_timer_ticks=10777 update_timing=0 update_tasks=0 update_tails=0 update_main_tasks=0 update_alternate_tasks=0 update_waits=0 update_elapsed=0 update_elapsed_extra=0 update_timer_setups=0 periodic_epoch_ns=134396688102463 periodic_callbacks=0 render_completion_experiment=0 guest_render_submitted=0 guest_render_completed=0 guest_render_dispatched=0 guest_render_callback=0 guest_render_counter=0 guest_render_nonzero_callbacks=0 update_unreadable=0 execution_thread_id=77354 execution_cpu_valid=1 execution_cpu_100ns=525519479 process_cpu_valid=1 process_cpu_100ns=3579002558 execution_cycles_valid=0 execution_cycles=0 phase=0 final=0
SONIC_NATIVE_SCENARIO_GAMEPLAY_SAMPLE id=gamma-emerald-coast protocol=3 input_profile=3 monotonic_ns=134399033076664 elapsed_ms=26824 collision_debug_signed=-1 frame=274 presentations=583 relative_frame=22 max_frame_ns=1877716225 input_applied_frames=22 completed_frames=23 drawn_frames=22 cadence_readable=1 active_video_hz=60 clock_owner=applied-658220 clock_bound_frame=250 tv_mode_readable=1 tv_mode_word=0 release_slots=1 logical_delta=1 sixty_frame_fixture=0 native_gameplay_math=1 native_leaf_math=1 math_scope_readable=1 main_state=4 scene=15 palette_native_calls=21539 palette_original_calls=0 vertex_normals_native_calls=0 vertex_normals_original_calls=0 matrix_push_native_calls=16237 matrix_push_original_calls=0 matrix_pop_native_calls=17352 matrix_pop_original_calls=0 matrix_staged_groups=0 collision_cross_native_calls=190 collision_length_native_calls=2966 collision_normalize_native_calls=2219 collision_cross_original_calls=0 collision_length_original_calls=0 collision_normalize_original_calls=0 matrix_inverse_native_calls=1 triangle_contacts_native_calls=0 triangle_contacts_original_calls=0 triangle_contacts_scope_blocked_calls=0 collision_candidates_native_calls=564 collision_candidates_scope_blocked_calls=0 collision_candidates_original_calls=0 motion_sampling_native_calls=0 motion_sampling_original_calls=0 animation_hierarchy_native_calls=379 model_packets=0 model_snapshots=0 model_packet_verified=0 model_packet_vertices=0 model_gpu_draws=0 model_point_uploads=0 model_corner_uploads=0 closed_memory_calls=71506 closed_memory_words=2237543 collision_memory_intervals=0 collision_memory_reads=0 collision_memory_writes=0 model_pipeline_calls=30569 model_pipeline_declined=0 model_pipeline_points=669100 model_pipeline_normals=19340 model_pipeline_draws=19340 model_pipeline_direct_outputs=19412 model_pipeline_root_operations=0 model_pipeline_closed_children=73826 object_distance_calls=116345 object_distance_native=116345 object_distance_fallback=0 object_activation_calls=189 object_lifetime_calls=11874 object_records=113967 object_created=56 object_retired=0 object_declined=0 object_slow_accesses=0 movement_calls=0 movement_declined=0 movement_callbacks=0 movement_reentries=0 contact_family_calls=568 object_contact_calls=190 camera_operation_calls=189 contact_family_internal=418711 contact_family_foreign=5527 contact_family_resumes=0 world_calls=190 world_declined=0 world_internal=11128 world_callbacks=34576 world_resumes=0 world_membership=3230 world_eligibility=3402 render_hierarchy_calls=7845 render_hierarchy_declined=0 render_hierarchy_internal=448107 render_hierarchy_callbacks=21981 render_model_calls=30569 render_model_revocations=0 render_hierarchy_resumes=0 rigid_hierarchy_calls=6021 morph_hierarchy_calls=0 land_render_calls=190 actor_operation_calls=940 player_operation_calls=190 player_display_calls=0 actor_state_transfers=2070 collision_fused_cross=0 collision_fused_length=0 collision_fused_normalize=0 matrix_bulk_pushes=0 matrix_bulk_pops=0 matrix_bulk_saved=0 matrix_bulk_loaded=0 render_context_captures=12101 render_context_commits=12101 render_context_fallbacks=0 render_context_direct_calls=24202 palette_batch_calls=21539 palette_batch_vertices=761275 palette_batch_declined=0 palette_batch_closed_loops=21539 projection_batch_calls=22187 projection_batch_vertices=766315 projection_batch_declined=1 projection_batch_verified=0 sound_metadata_hits=0 sound_metadata_misses=0 sound_metadata_verified=0 deferred_midi_notes=0 animation_hierarchy_original_calls=0 animation_hierarchy_nodes=15123 animation_direct_write_calls=379 pose_blend_native_calls=0 pose_blend_original_calls=0 pose_direct_write_calls=0 matrix_vector_point_native_calls=4868 matrix_vector_point_original_calls=0 matrix_vector_direction_native_calls=3343 matrix_vector_direction_original_calls=0 matrix_vector_store_native_calls=0 matrix_vector_store_original_calls=0 matrix_vector_translation_native_calls=0 matrix_vector_translation_original_calls=0 atan_native_calls=0 inverse_trig_native_calls=9776 inverse_trig_declined=0 inverse_memory_calls=0 inverse_memory_stores=0 atan_original_calls=0 atan_quotient_native_calls=2 atan_quotient_original_calls=0 atan_polynomial_native_calls=0 atan_polynomial_original_calls=0 atan_scale_native_calls=0 atan_scale_original_calls=0 matrix_inverse_original_calls=0 matrix_determinant_native_calls=0 matrix_determinant_original_calls=0 player_state_readable=1 player_x=-1.91383 player_y=3.84509 player_z=1.47205 player_x_bits=3220502642 player_y_bits=1081480680 player_z_bits=1069313092 frame_window_begin=5 frame_window_end=25 game_ticks=190 hud_timer_ticks=10776 update_timing=0 update_tasks=0 update_tails=0 update_main_tasks=0 update_alternate_tasks=0 update_waits=0 update_elapsed=0 update_elapsed_extra=0 update_timer_setups=0 periodic_epoch_ns=134397929670268 periodic_callbacks=0 render_completion_experiment=0 guest_render_submitted=0 guest_render_completed=0 guest_render_dispatched=0 guest_render_callback=0 guest_render_counter=0 guest_render_nonzero_callbacks=0 update_unreadable=0 execution_thread_id=77354 execution_cpu_valid=1 execution_cpu_100ns=527629782 process_cpu_valid=1 process_cpu_100ns=3605778896 execution_cycles_valid=0 execution_cycles=0 phase=0 final=0
SONIC_NATIVE_SCENARIO_GAMEPLAY_SAMPLE id=gamma-emerald-coast protocol=3 input_profile=3 monotonic_ns=134400441154174 elapsed_ms=28232 collision_debug_signed=-1 frame=275 presentations=589 relative_frame=23 max_frame_ns=1877716225 input_applied_frames=23 completed_frames=24 drawn_frames=23 cadence_readable=1 active_video_hz=60 clock_owner=applied-658220 clock_bound_frame=250 tv_mode_readable=1 tv_mode_word=0 release_slots=1 logical_delta=1 sixty_frame_fixture=0 native_gameplay_math=1 native_leaf_math=1 math_scope_readable=1 main_state=4 scene=15 palette_native_calls=21842 palette_original_calls=0 vertex_normals_native_calls=0 vertex_normals_original_calls=0 matrix_push_native_calls=16334 matrix_push_original_calls=0 matrix_pop_native_calls=17454 matrix_pop_original_calls=0 matrix_staged_groups=0 collision_cross_native_calls=191 collision_length_native_calls=2981 collision_normalize_native_calls=2232 collision_cross_original_calls=0 collision_length_original_calls=0 collision_normalize_original_calls=0 matrix_inverse_native_calls=1 triangle_contacts_native_calls=0 triangle_contacts_original_calls=0 triangle_contacts_scope_blocked_calls=0 collision_candidates_native_calls=567 collision_candidates_scope_blocked_calls=0 collision_candidates_original_calls=0 motion_sampling_native_calls=0 motion_sampling_original_calls=0 animation_hierarchy_native_calls=381 model_packets=0 model_snapshots=0 model_packet_verified=0 model_packet_vertices=0 model_gpu_draws=0 model_point_uploads=0 model_corner_uploads=0 closed_memory_calls=72077 closed_memory_words=2263005 collision_memory_intervals=0 collision_memory_reads=0 collision_memory_writes=0 model_pipeline_calls=30843 model_pipeline_declined=0 model_pipeline_points=678384 model_pipeline_normals=19612 model_pipeline_draws=19612 model_pipeline_direct_outputs=19685 model_pipeline_root_operations=0 model_pipeline_closed_children=74834 object_distance_calls=116960 object_distance_native=116960 object_distance_fallback=0 object_activation_calls=190 object_lifetime_calls=11937 object_records=114570 object_created=56 object_retired=0 object_declined=0 object_slow_accesses=0 movement_calls=0 movement_declined=0 movement_callbacks=0 movement_reentries=0 contact_family_calls=571 object_contact_calls=191 camera_operation_calls=190 contact_family_internal=420981 contact_family_foreign=5561 contact_family_resumes=0 world_calls=191 world_declined=0 world_internal=11169 world_callbacks=34752 world_resumes=0 world_membership=3247 world_eligibility=3420 render_hierarchy_calls=7887 render_hierarchy_declined=0 render_hierarchy_internal=451916 render_hierarchy_callbacks=22116 render_model_calls=30843 render_model_revocations=0 render_hierarchy_resumes=0 rigid_hierarchy_calls=6053 morph_hierarchy_calls=0 land_render_calls=191 actor_operation_calls=945 player_operation_calls=191 player_display_calls=0 actor_state_transfers=2081 collision_fused_cross=0 collision_fused_length=0 collision_fused_normalize=0 matrix_bulk_pushes=0 matrix_bulk_pops=0 matrix_bulk_saved=0 matrix_bulk_loaded=0 render_context_captures=12197 render_context_commits=12197 render_context_fallbacks=0 render_context_direct_calls=24394 palette_batch_calls=21842 palette_batch_vertices=771847 palette_batch_declined=0 palette_batch_closed_loops=21842 projection_batch_calls=22499 projection_batch_vertices=776957 projection_batch_declined=1 projection_batch_verified=0 sound_metadata_hits=0 sound_metadata_misses=0 sound_metadata_verified=0 deferred_midi_notes=0 animation_hierarchy_original_calls=0 animation_hierarchy_nodes=15203 animation_direct_write_calls=381 pose_blend_native_calls=0 pose_blend_original_calls=0 pose_direct_write_calls=0 matrix_vector_point_native_calls=4889 matrix_vector_point_original_calls=0 matrix_vector_direction_native_calls=3361 matrix_vector_direction_original_calls=0 matrix_vector_store_native_calls=0 matrix_vector_store_original_calls=0 matrix_vector_translation_native_calls=0 matrix_vector_translation_original_calls=0 atan_native_calls=0 inverse_trig_native_calls=9819 inverse_trig_declined=0 inverse_memory_calls=0 inverse_memory_stores=0 atan_original_calls=0 atan_quotient_native_calls=2 atan_quotient_original_calls=0 atan_polynomial_native_calls=0 atan_polynomial_original_calls=0 atan_scale_native_calls=0 atan_scale_original_calls=0 matrix_inverse_original_calls=0 matrix_determinant_native_calls=0 matrix_determinant_original_calls=0 player_state_readable=1 player_x=-2.13336 player_y=3.866 player_z=1.62587 player_x_bits=3221784804 player_y_bits=1081568380 player_z_bits=1070603370 frame_window_begin=5 frame_window_end=25 game_ticks=191 hud_timer_ticks=10775 update_timing=0 update_tasks=0 update_tails=0 update_main_tasks=0 update_alternate_tasks=0 update_waits=0 update_elapsed=0 update_elapsed_extra=0 update_timer_setups=0 periodic_epoch_ns=134399038273414 periodic_callbacks=0 render_completion_experiment=0 guest_render_submitted=0 guest_render_completed=0 guest_render_dispatched=0 guest_render_callback=0 guest_render_counter=0 guest_render_nonzero_callbacks=0 update_unreadable=0 execution_thread_id=77354 execution_cpu_valid=1 execution_cpu_100ns=529480520 process_cpu_valid=1 process_cpu_100ns=3637725732 execution_cycles_valid=0 execution_cycles=0 phase=0 final=0
SONIC_NATIVE_SCENARIO_GAMEPLAY_SAMPLE id=gamma-emerald-coast protocol=3 input_profile=3 monotonic_ns=134401838284205 elapsed_ms=29629 collision_debug_signed=-1 frame=276 presentations=594 relative_frame=24 max_frame_ns=1877716225 input_applied_frames=24 completed_frames=25 drawn_frames=24 cadence_readable=1 active_video_hz=60 clock_owner=applied-658220 clock_bound_frame=250 tv_mode_readable=1 tv_mode_word=0 release_slots=1 logical_delta=1 sixty_frame_fixture=0 native_gameplay_math=1 native_leaf_math=1 math_scope_readable=1 main_state=4 scene=15 palette_native_calls=22145 palette_original_calls=0 vertex_normals_native_calls=0 vertex_normals_original_calls=0 matrix_push_native_calls=16431 matrix_push_original_calls=0 matrix_pop_native_calls=17556 matrix_pop_original_calls=0 matrix_staged_groups=0 collision_cross_native_calls=192 collision_length_native_calls=2996 collision_normalize_native_calls=2245 collision_cross_original_calls=0 collision_length_original_calls=0 collision_normalize_original_calls=0 matrix_inverse_native_calls=1 triangle_contacts_native_calls=0 triangle_contacts_original_calls=0 triangle_contacts_scope_blocked_calls=0 collision_candidates_native_calls=570 collision_candidates_scope_blocked_calls=0 collision_candidates_original_calls=0 motion_sampling_native_calls=0 motion_sampling_original_calls=0 animation_hierarchy_native_calls=383 model_packets=0 model_snapshots=0 model_packet_verified=0 model_packet_vertices=0 model_gpu_draws=0 model_point_uploads=0 model_corner_uploads=0 closed_memory_calls=72648 closed_memory_words=2288467 collision_memory_intervals=0 collision_memory_reads=0 collision_memory_writes=0 model_pipeline_calls=31117 model_pipeline_declined=0 model_pipeline_points=687668 model_pipeline_normals=19884 model_pipeline_draws=19884 model_pipeline_direct_outputs=19958 model_pipeline_root_operations=0 model_pipeline_closed_children=75842 object_distance_calls=117575 object_distance_native=117575 object_distance_fallback=0 object_activation_calls=191 object_lifetime_calls=12000 object_records=115173 object_created=56 object_retired=0 object_declined=0 object_slow_accesses=0 movement_calls=0 movement_declined=0 movement_callbacks=0 movement_reentries=0 contact_family_calls=574 object_contact_calls=192 camera_operation_calls=191 contact_family_internal=423317 contact_family_foreign=5595 contact_family_resumes=0 world_calls=192 world_declined=0 world_internal=11210 world_callbacks=34928 world_resumes=0 world_membership=3264 world_eligibility=3438 render_hierarchy_calls=7929 render_hierarchy_declined=0 render_hierarchy_internal=455725 render_hierarchy_callbacks=22251 render_model_calls=31117 render_model_revocations=0 render_hierarchy_resumes=0 rigid_hierarchy_calls=6085 morph_hierarchy_calls=0 land_render_calls=192 actor_operation_calls=950 player_operation_calls=192 player_display_calls=0 actor_state_transfers=2092 collision_fused_cross=0 collision_fused_length=0 collision_fused_normalize=0 matrix_bulk_pushes=0 matrix_bulk_pops=0 matrix_bulk_saved=0 matrix_bulk_loaded=0 render_context_captures=12293 render_context_commits=12293 render_context_fallbacks=0 render_context_direct_calls=24586 palette_batch_calls=22145 palette_batch_vertices=782419 palette_batch_declined=0 palette_batch_closed_loops=22145 projection_batch_calls=22811 projection_batch_vertices=787599 projection_batch_declined=1 projection_batch_verified=0 sound_metadata_hits=0 sound_metadata_misses=0 sound_metadata_verified=0 deferred_midi_notes=0 animation_hierarchy_original_calls=0 animation_hierarchy_nodes=15283 animation_direct_write_calls=383 pose_blend_native_calls=0 pose_blend_original_calls=0 pose_direct_write_calls=0 matrix_vector_point_native_calls=4910 matrix_vector_point_original_calls=0 matrix_vector_direction_native_calls=3379 matrix_vector_direction_original_calls=0 matrix_vector_store_native_calls=0 matrix_vector_store_original_calls=0 matrix_vector_translation_native_calls=0 matrix_vector_translation_original_calls=0 atan_native_calls=0 inverse_trig_native_calls=9862 inverse_trig_declined=0 inverse_memory_calls=0 inverse_memory_stores=0 atan_original_calls=0 atan_quotient_native_calls=2 atan_quotient_original_calls=0 atan_polynomial_native_calls=0 atan_polynomial_original_calls=0 atan_scale_native_calls=0 atan_scale_original_calls=0 matrix_inverse_original_calls=0 matrix_determinant_native_calls=0 matrix_determinant_original_calls=0 player_state_readable=1 player_x=-2.36405 player_y=3.88795 player_z=1.78691 player_x_bits=3222752394 player_y_bits=1081660464 player_z_bits=1071954257 frame_window_begin=5 frame_window_end=25 game_ticks=192 hud_timer_ticks=10774 update_timing=0 update_tasks=0 update_tails=0 update_main_tasks=0 update_alternate_tasks=0 update_waits=0 update_elapsed=0 update_elapsed_extra=0 update_timer_setups=0 periodic_epoch_ns=134400444897946 periodic_callbacks=0 render_completion_experiment=0 guest_render_submitted=0 guest_render_completed=0 guest_render_dispatched=0 guest_render_callback=0 guest_render_counter=0 guest_render_nonzero_callbacks=0 update_unreadable=0 execution_thread_id=77354 execution_cpu_valid=1 execution_cpu_100ns=531485778 process_cpu_valid=1 process_cpu_100ns=3670843498 execution_cycles_valid=0 execution_cycles=0 phase=0 final=0
SONIC_NATIVE_SCENARIO_GAMEPLAY_SAMPLE id=gamma-emerald-coast protocol=3 input_profile=3 monotonic_ns=134402839515051 elapsed_ms=30630 collision_debug_signed=-1 frame=277 presentations=597 relative_frame=25 max_frame_ns=1877716225 input_applied_frames=25 completed_frames=26 drawn_frames=25 cadence_readable=1 active_video_hz=60 clock_owner=applied-658220 clock_bound_frame=250 tv_mode_readable=1 tv_mode_word=0 release_slots=1 logical_delta=1 sixty_frame_fixture=0 native_gameplay_math=1 native_leaf_math=1 math_scope_readable=1 main_state=4 scene=15 palette_native_calls=22443 palette_original_calls=0 vertex_normals_native_calls=0 vertex_normals_original_calls=0 matrix_push_native_calls=16528 matrix_push_original_calls=0 matrix_pop_native_calls=17658 matrix_pop_original_calls=0 matrix_staged_groups=0 collision_cross_native_calls=193 collision_length_native_calls=3011 collision_normalize_native_calls=2258 collision_cross_original_calls=0 collision_length_original_calls=0 collision_normalize_original_calls=0 matrix_inverse_native_calls=1 triangle_contacts_native_calls=0 triangle_contacts_original_calls=0 triangle_contacts_scope_blocked_calls=0 collision_candidates_native_calls=573 collision_candidates_scope_blocked_calls=0 collision_candidates_original_calls=0 motion_sampling_native_calls=0 motion_sampling_original_calls=0 animation_hierarchy_native_calls=385 model_packets=0 model_snapshots=0 model_packet_verified=0 model_packet_vertices=0 model_gpu_draws=0 model_point_uploads=0 model_corner_uploads=0 closed_memory_calls=73214 closed_memory_words=2313854 collision_memory_intervals=0 collision_memory_reads=0 collision_memory_writes=0 model_pipeline_calls=31386 model_pipeline_declined=0 model_pipeline_points=696917 model_pipeline_normals=20151 model_pipeline_draws=20151 model_pipeline_direct_outputs=20226 model_pipeline_root_operations=0 model_pipeline_closed_children=76830 object_distance_calls=118190 object_distance_native=118190 object_distance_fallback=0 object_activation_calls=192 object_lifetime_calls=12063 object_records=115776 object_created=56 object_retired=0 object_declined=0 object_slow_accesses=0 movement_calls=0 movement_declined=0 movement_callbacks=0 movement_reentries=0 contact_family_calls=577 object_contact_calls=193 camera_operation_calls=192 contact_family_internal=425719 contact_family_foreign=5629 contact_family_resumes=0 world_calls=193 world_declined=0 world_internal=11251 world_callbacks=35104 world_resumes=0 world_membership=3281 world_eligibility=3456 render_hierarchy_calls=7970 render_hierarchy_declined=0 render_hierarchy_internal=459478 render_hierarchy_callbacks=22386 render_model_calls=31386 render_model_revocations=0 render_hierarchy_resumes=0 rigid_hierarchy_calls=6117 morph_hierarchy_calls=0 land_render_calls=193 actor_operation_calls=955 player_operation_calls=193 player_display_calls=0 actor_state_transfers=2103 collision_fused_cross=0 collision_fused_length=0 collision_fused_normalize=0 matrix_bulk_pushes=0 matrix_bulk_pops=0 matrix_bulk_saved=0 matrix_bulk_loaded=0 render_context_captures=12388 render_context_commits=12388 render_context_fallbacks=0 render_context_direct_calls=24776 palette_batch_calls=22443 palette_batch_vertices=792956 palette_batch_declined=0 palette_batch_closed_loops=22443 projection_batch_calls=23118 projection_batch_vertices=798206 projection_batch_declined=1 projection_batch_verified=0 sound_metadata_hits=0 sound_metadata_misses=0 sound_metadata_verified=0 deferred_midi_notes=0 animation_hierarchy_original_calls=0 animation_hierarchy_nodes=15363 animation_direct_write_calls=385 pose_blend_native_calls=0 pose_blend_original_calls=0 pose_direct_write_calls=0 matrix_vector_point_native_calls=4931 matrix_vector_point_original_calls=0 matrix_vector_direction_native_calls=3397 matrix_vector_direction_original_calls=0 matrix_vector_store_native_calls=0 matrix_vector_store_original_calls=0 matrix_vector_translation_native_calls=0 matrix_vector_translation_original_calls=0 atan_native_calls=0 inverse_trig_native_calls=9905 inverse_trig_declined=0 inverse_memory_calls=0 inverse_memory_stores=0 atan_original_calls=0 atan_quotient_native_calls=2 atan_quotient_original_calls=0 atan_polynomial_native_calls=0 atan_polynomial_original_calls=0 atan_scale_native_calls=0 atan_scale_original_calls=0 matrix_inverse_original_calls=0 matrix_determinant_native_calls=0 matrix_determinant_original_calls=0 player_state_readable=1 player_x=-2.60587 player_y=3.91095 player_z=1.9552 player_x_bits=3223766678 player_y_bits=1081756924 player_z_bits=1073365987 frame_window_begin=5 frame_window_end=25 game_ticks=193 hud_timer_ticks=10773 update_timing=0 update_tasks=0 update_tails=0 update_main_tasks=0 update_alternate_tasks=0 update_waits=0 update_elapsed=0 update_elapsed_extra=0 update_timer_setups=0 periodic_epoch_ns=134401842676104 periodic_callbacks=0 render_completion_experiment=0 guest_render_submitted=0 guest_render_completed=0 guest_render_dispatched=0 guest_render_callback=0 guest_render_counter=0 guest_render_nonzero_callbacks=0 update_unreadable=0 execution_thread_id=77354 execution_cpu_valid=1 execution_cpu_100ns=533380911 process_cpu_valid=1 process_cpu_100ns=3693541042 execution_cycles_valid=0 execution_cycles=0 phase=0 final=1
SONIC_NATIVE_SCENARIO_GAMEPLAY_COMPLETE id=gamma-emerald-coast protocol=3 input_profile=3 monotonic_ns=134402839515051 elapsed_ms=30630 frame=277 presentations=597 relative_frame=25 input_applied_frames=25 completed_frames=26 drawn_frames=25 max_frame_ns=1877716225 p95_frame_ns=1561595051 p99_frame_ns=1877716225 frame_samples=25 frame_samples_truncated=0
SONIC_NATIVE_SCENARIO_DEADLINE_ARMED frame=277 presentations=597
KATANA_NATIVE_FRAME_PACING_SNAPSHOT {"schema":1,"simulation_frames":277,"presentation_frames":610,"repeated_presentations":518,"late_simulation_frames":0,"missed_presentation_deadlines":8412,"simulation_rate_hz":30,"presentation_rate_hz":60,"enabled":true}
KATANA_NATIVE_PRODUCT_GATE status=not-reached milestone=FirstVisibleGameFrame stop_reason=2 bootstrap_phase=2
KATANA_RUNTIME_STOP_FRONTIER {"version":2,"stop_reason":2,"pc":2349152670,"pr":2349152670,"active_instruction":2349161410,"active_instruction_physical":201677762,"active_block":0,"active_block_physical":0,"active_block_size":0,"gpr":[125067631,2356798248,0,2349143952,0,2356800708,2356800704,4,2356545712,2349898930,2350259184,2348878714,2348878680,2349252608,2350509724,2348872648],"gbr":2358246912,"vbr":2348872704,"sr":1610612992,"mach":0,"macl":1924,"fpul":54,"fpscr":262245,"retired_guest_instructions":50406651,"attempted_guest_instructions":50406651}
