ninja: Entering directory `C:\Users\ultim\Desktop\Sonic Adventure Recompiled\build-linux'
[0/2] Re-checking globbed directories...
[1/2] Re-running CMake...
-- Could NOT find PkgConfig (missing: PKG_CONFIG_EXECUTABLE)
CMake Warning (policy) at .local/linux-deps/sdl/SDL3-3.4.16/CMakeLists.txt:1789 (check_c_source_compiles):
  Policy CMP0219 is not set: Macro invocations preserve backslashes in
  arguments.  Run "cmake --help-policy CMP0219" for policy details.  Use the
  cmake_policy command to set the policy and suppress this warning.

  Command "CHECK_C_SOURCE_COMPILES" called with arguments containing
  backslashes.

  Since the policy is not set, backslashes in the arguments:

   "    #ifndef __ELF__
        ELF DL notes is only supported on ELF platforms
      #endif
      __attribute__ ((used,aligned(4),section(".note.dlopen"))) static const struct {
        struct { int a; int b; int c; } hdr; char name[4]; __attribute__((aligned(4))) char json[24];
      } dlnote = { { 4, 0x407c0c0aU, 16 }, "FDO", "[\\"a\\":{\\"a\\":\\"1\\",\\"b\\":\\"2\\"}]" };
      int main(int argc, char *argv[]) {
        return argc + dlnote.hdr.a;
      }
      "

  will be interpreted as escape sequences for compatibility.

  Set the policy to NEW to instead pass

   "    #ifndef __ELF__
        ELF DL notes is only supported on ELF platforms
      #endif
      __attribute__ ((used,aligned(4),section(".note.dlopen"))) static const struct {
        struct { int a; int b; int c; } hdr; char name[4]; __attribute__((aligned(4))) char json[24];
      } dlnote = { { 4, 0x407c0c0aU, 16 }, "FDO", "[\\\\"a\\\\":{\\\\"a\\\\":\\\\"1\\\\",\\\\"b\\\\":\\\\"2\\\\"}]" };
      int main(int argc, char *argv[]) {
        return argc + dlnote.hdr.a;
      }
      "

  so that argument parsing will preserve the original values.
This warning is for project developers.  Use -Wno-author or -Wno-policy to
suppress it.

-- dynamic libasound -> libasound.so.2
-- dynamic libX11 -> libX11.so.6
-- dynamic libXext -> libXext.so.6
-- dynamic libXcursor -> libXcursor.so.1
-- dynamic libXi -> libXi.so.6
-- dynamic libXfixes -> libXfixes.so.3
-- dynamic libXrandr -> libXrandr.so.2
-- dynamic libXrender -> libXrender.so.1
-- dynamic libXss -> libXss.so.1
-- dynamic libXtst -> libXtst.so.6
-- Could NOT find LibUSB (missing: LibUSB_LIBRARY LibUSB_INCLUDE_PATH) (found version "LibUSB_VERSION-NOTFOUND")
--
-- SDL3 was configured with the following options:
--
-- Platform: Linux
-- 64-bit:   TRUE
-- Compiler: C:/Users/ultim/Desktop/Sonic Adventure Recompiled/.local/linux-deps/zig/zig-x86_64-windows-0.16.0/zig.exe
-- Revision: SDL-release-3.4.16-0-gfa2c02bb6
-- Vendor:
--
-- Subsystems:
--   Audio:    ON
--   Video:    ON
--   GPU:      ON
--   Render:   ON
--   Camera:   ON
--   Joystick: ON
--   Haptic:   ON
--   Hidapi:   ON
--   Power:    ON
--   Sensor:   ON
--   Dialog:   ON
--   Tray:     ON
--
-- Options:
--   SDL_ALSA                    (Wanted: ON): ON
--   SDL_ALSA_SHARED             (Wanted: ON): ON
--   SDL_ALTIVEC                 (Wanted: OFF): OFF
--   SDL_ARMNEON                 (Wanted: OFF): OFF
--   SDL_ASAN                    (Wanted: OFF): OFF
--   SDL_ASSEMBLY                (Wanted: ON): ON
--   SDL_ASSERTIONS              (Wanted: auto): auto
--   SDL_AVX                     (Wanted: ON): ON
--   SDL_AVX2                    (Wanted: ON): ON
--   SDL_AVX512F                 (Wanted: ON): ON
--   SDL_BACKGROUNDING_SIGNAL    (Wanted: OFF): OFF
--   SDL_CCACHE                  (Wanted: OFF): OFF
--   SDL_CLANG_TIDY              (Wanted: OFF): OFF
--   SDL_CLOCK_GETTIME           (Wanted: ON): ON
--   SDL_COCOA                   (Wanted: OFF): OFF
--   SDL_DBUS                    (Wanted: ON): OFF
--   SDL_DEPS_SHARED             (Wanted: ON): OFF
--   SDL_DIRECTX                 (Wanted: OFF): OFF
--   SDL_DISKAUDIO               (Wanted: ON): ON
--   SDL_DLOPEN_NOTES            (Wanted: ON): ON
--   SDL_DUMMYAUDIO              (Wanted: ON): ON
--   SDL_DUMMYCAMERA             (Wanted: ON): ON
--   SDL_DUMMYVIDEO              (Wanted: ON): ON
--   SDL_EXAMPLES                (Wanted: OFF): OFF
--   SDL_EXAMPLES_LINK_SHARED    (Wanted: ON): OFF
--   SDL_FOREGROUNDING_SIGNAL    (Wanted: OFF): OFF
--   SDL_FRIBIDI                 (Wanted: ON): OFF
--   SDL_FRIBIDI_SHARED          (Wanted: ON): OFF
--   SDL_GCC_ATOMICS             (Wanted: ON): ON
--   SDL_HIDAPI                  (Wanted: ON): ON
--   SDL_HIDAPI_JOYSTICK         (Wanted: ON): ON
--   SDL_HIDAPI_LIBUSB           (Wanted: ON): OFF
--   SDL_HIDAPI_LIBUSB_SHARED    (Wanted: ON): OFF
--   SDL_IBUS                    (Wanted: ON): OFF
--   SDL_INSTALL                 (Wanted: OFF): OFF
--   SDL_INSTALL_TESTS           (Wanted: OFF): OFF
--   SDL_JACK                    (Wanted: ON): OFF
--   SDL_JACK_SHARED             (Wanted: ON): OFF
--   SDL_KMSDRM                  (Wanted: ON): OFF
--   SDL_KMSDRM_SHARED           (Wanted: ON): OFF
--   SDL_LASX                    (Wanted: OFF): OFF
--   SDL_LIBC                    (Wanted: ON): ON
--   SDL_LIBICONV                (Wanted: OFF): OFF
--   SDL_LIBTHAI                 (Wanted: ON): OFF
--   SDL_LIBTHAI_SHARED          (Wanted: ON): OFF
--   SDL_LIBUDEV                 (Wanted: ON): OFF
--   SDL_LIBURING                (Wanted: ON): OFF
--   SDL_LSX                     (Wanted: OFF): OFF
--   SDL_METAL                   (Wanted: OFF): OFF
--   SDL_MMX                     (Wanted: ON): ON
--   SDL_OFFSCREEN               (Wanted: ON): ON
--   SDL_OPENGL                  (Wanted: OFF): OFF
--   SDL_OPENGLES                (Wanted: OFF): OFF
--   SDL_OPENVR                  (Wanted: OFF): OFF
--   SDL_OSS                     (Wanted: OFF): OFF
--   SDL_PIPEWIRE                (Wanted: ON): OFF
--   SDL_PIPEWIRE_SHARED         (Wanted: ON): OFF
--   SDL_PTHREADS                (Wanted: ON): ON
--   SDL_PTHREADS_SEM            (Wanted: ON): ON
--   SDL_PULSEAUDIO              (Wanted: ON): OFF
--   SDL_PULSEAUDIO_SHARED       (Wanted: ON): OFF
--   SDL_RENDER_D3D              (Wanted: OFF): OFF
--   SDL_RENDER_D3D11            (Wanted: OFF): OFF
--   SDL_RENDER_D3D12            (Wanted: OFF): OFF
--   SDL_RENDER_GPU              (Wanted: ON): ON
--   SDL_RENDER_METAL            (Wanted: OFF): OFF
--   SDL_RENDER_VULKAN           (Wanted: ON): ON
--   SDL_ROCKCHIP                (Wanted: OFF): OFF
--   SDL_RPATH                   (Wanted: ON): ON
--   SDL_RPI                     (Wanted: OFF): OFF
--   SDL_SNDIO                   (Wanted: ON): OFF
--   SDL_SNDIO_SHARED            (Wanted: ON): OFF
--   SDL_SSE                     (Wanted: ON): ON
--   SDL_SSE2                    (Wanted: ON): ON
--   SDL_SSE3                    (Wanted: ON): ON
--   SDL_SSE4_1                  (Wanted: ON): ON
--   SDL_SSE4_2                  (Wanted: ON): ON
--   SDL_SYSTEM_ICONV            (Wanted: ON): ON
--   SDL_TESTS                   (Wanted: OFF): OFF
--   SDL_TESTS_LINK_SHARED       (Wanted: ON): OFF
--   SDL_UNINSTALL               (Wanted: OFF): OFF
--   SDL_VIRTUAL_JOYSTICK        (Wanted: ON): ON
--   SDL_VIVANTE                 (Wanted: OFF): OFF
--   SDL_VULKAN                  (Wanted: ON): ON
--   SDL_WASAPI                  (Wanted: OFF): OFF
--   SDL_WAYLAND                 (Wanted: OFF): OFF
--   SDL_WAYLAND_LIBDECOR        (Wanted: OFF): OFF
--   SDL_WAYLAND_LIBDECOR_SHARED (Wanted: OFF): OFF
--   SDL_WAYLAND_SHARED          (Wanted: OFF): OFF
--   SDL_X11                     (Wanted: ON): ON
--   SDL_X11_SHARED              (Wanted: ON): ON
--   SDL_X11_XCURSOR             (Wanted: ON): ON
--   SDL_X11_XDBE                (Wanted: ON): ON
--   SDL_X11_XFIXES              (Wanted: ON): ON
--   SDL_X11_XINPUT              (Wanted: ON): ON
--   SDL_X11_XRANDR              (Wanted: ON): ON
--   SDL_X11_XSCRNSAVER          (Wanted: ON): ON
--   SDL_X11_XSHAPE              (Wanted: ON): ON
--   SDL_X11_XSYNC               (Wanted: ON): ON
--   SDL_X11_XTEST               (Wanted: ON): ON
--   SDL_XINPUT                  (Wanted: OFF): OFF
--
--  Build Shared Library: ON
--  Build Static Library: OFF
--
-- Enabled backends:
--   Video drivers: dummy offscreen x11(dynamic)
--   X11 libraries: xcursor xdbe xfixes xinput2 xrandr xscrnsaver xshape xsync xtest
--   Render drivers: gpu vulkan
--   GPU drivers: vulkan
--   Audio drivers: alsa(dynamic) disk dummy
--   Joystick drivers: hidapi linux virtual
--   Camera drivers: dummy v4l2
--
-- If something was not detected, although the libraries
-- were installed, then make sure you have set the
-- CMAKE_C_FLAGS and CMAKE_PREFIX_PATH CMake variables correctly.
--
-- SONIC_PORT_DISPATCH_READY source_generation_verified=1 retained_aot_unchanged=1 interpolation_instrumentation=0 exact_source_memo=64
SONIC_LINUX_TITLE_INPUTS files=29 windows_objects=0 analysis=0

-- Configuring done (3.9s)
-- Generating done (3.7s)
-- Build files have been written to: C:/Users/ultim/Desktop/Sonic Adventure Recompiled/build-linux
[0/4] Re-checking globbed directories...
[1/78] Building CXX object CMakeFiles/sonic_linux_services.dir/generated/region-writes/native_port_runtime.cpp.o
[2/78] Building CXX object CMakeFiles/sonic_audio_status.dir/src/sonic_audio_status.cpp.o
[3/78] Building CXX object CMakeFiles/sonic_linux_aot_runtime.dir/generated/region-writes/memory.cpp.o
[4/78] Linking CXX static library libsonic_linux_aot_runtime.a
[5/78] Linking CXX static library libsonic_linux_services.a
[6/78] Building CXX object CMakeFiles/sonic_linux_guest.dir/generated/region-writes/unit-v8C01ABDC-8C01BD3C-ae2d221aef611cc9.cpp.o
[7/78] Building CXX object CMakeFiles/sonic_linux_guest.dir/generated/region-writes/unit-v8C01BD9E-8C01CDE8-3af53bb71dfa59d4.cpp.o
[8/78] Building CXX object CMakeFiles/sonic_linux_guest.dir/generated/region-writes/unit-v8C025010-8C025D40-edfdd3cc9eb5a26a.cpp.o
[9/78] Building CXX object CMakeFiles/sonic_linux_guest.dir/generated/region-writes/unit-v8C029400-8C029B00-9bed0201322da5d9.cpp.o
[10/78] Building CXX object CMakeFiles/sonic_linux_guest.dir/generated/region-writes/unit-v8C02F0A0-8C02FF7E-7f9c84f2baee3248.cpp.o
[11/78] Building CXX object CMakeFiles/sonic_linux_guest.dir/generated/region-writes/unit-v8C030F20-8C031D00-ecbca4d22e31cdd3.cpp.o
[12/78] Building CXX object CMakeFiles/sonic_linux_guest.dir/generated/region-writes/unit-v8C038802-8C03FF90-0329df60636b0242.cpp.o
[13/78] Building CXX object CMakeFiles/sonic_linux_guest.dir/generated/region-writes/unit-v8C031F88-8C032D98-3416a033e4e8a11a.cpp.o
[14/78] Building CXX object CMakeFiles/sonic_linux_guest.dir/generated/region-writes/unit-v8C048624-8C0499C0-d9f0048262d265c6.cpp.o
[15/78] Building CXX object CMakeFiles/sonic_linux_guest.dir/generated/region-writes/unit-v8C0450A0-8C046120-3405e1906862d538.cpp.o
[16/78] Building CXX object CMakeFiles/sonic_linux_guest.dir/generated/region-writes/unit-v8C04ED1A-8C050172-9f54c1e26f849f69.cpp.o
[17/78] Building CXX object CMakeFiles/sonic_linux_guest.dir/generated/region-writes/unit-v8C06C98E-8C06D194-3e9aae167c094977.cpp.o
[18/78] Building CXX object CMakeFiles/sonic_linux_guest.dir/generated/region-writes/unit-v8C078796-8C07921C-d193030180b5454d.cpp.o
[19/78] Building CXX object CMakeFiles/sonic_linux_guest.dir/generated/region-writes/unit-v8C099160-8C09A218-65281c8f233f8abf.cpp.o
[20/78] Building CXX object CMakeFiles/sonic_linux_guest.dir/generated/region-writes/unit-v8C0D0BF2-8C0D209C-59e81633f89c0489.cpp.o
[21/78] Building CXX object CMakeFiles/sonic_linux_guest.dir/generated/region-writes/unit-v8C0D2150-8C0D326C-fb3ed40092450772.cpp.o
[22/78] Building CXX object CMakeFiles/sonic_linux_guest.dir/generated/region-writes/unit-v8C0FBD44-8C0FCF80-e62a472cf2c264eb.cpp.o
[23/78] Building CXX object CMakeFiles/sonic_linux_guest.dir/generated/region-writes/unit-v8C639F38-8C63B05C-e3ea66f80473641e.cpp.o
[24/78] Building CXX object CMakeFiles/sonic_linux_guest.dir/generated/region-writes/unit-v8C6542D2-8C654F30-9c8efeae2f15d96e.cpp.o
[25/78] Building CXX object CMakeFiles/sonic_linux_guest.dir/generated/region-writes/unit-v8C640068-8C641B00-7e135ebcc56bc686.cpp.o
[26/78] Building CXX object CMakeFiles/sonic_linux_guest.dir/generated/region-writes/unit-v8C655042-8C656812-4328bd807c0b8708.cpp.o
[27/78] Building CXX object CMakeFiles/sonic_linux_guest.dir/generated/animation-bridge/unit-v8C056ED4-8C0585E0-d3674ae50a86c851.cpp.o
[28/78] Building CXX object CMakeFiles/sonic_linux_guest.dir/generated/animation-bridge/unit-v8C604642-8C606E54-2ff8d7f677b95797.cpp.o
[29/78] Building CXX object CMakeFiles/sonic_linux_guest.dir/generated/object-activation-bridge/unit-v8C09036C-8C09168E-46c0db15f975e3ef.cpp.o
[30/78] Building CXX object CMakeFiles/sonic_linux_guest.dir/generated/object-activation-bridge/unit-v8C091720-8C09276E-f12ea02f8b924edc.cpp.o
[31/78] Building CXX object CMakeFiles/sonic_linux_guest.dir/generated/movement-contact-bridge/unit-v8C073018-8C073018-457a60bdbd02a56b.cpp.o
[32/78] Building CXX object CMakeFiles/sonic_linux_guest.dir/generated/movement-contact-bridge/unit-v8C074214-8C075154-1bc56e9d4bd882fb.cpp.o
[33/78] Building CXX object CMakeFiles/sonic_linux_guest.dir/generated/movement-contact-bridge/unit-v8C033122-8C0342E0-7edcb8468a2b4534.cpp.o
[34/78] Building CXX object CMakeFiles/sonic_linux_guest.dir/generated/movement-contact-bridge/unit-v8C01995E-8C01AAE0-6cf3d8aa9df0e7a3.cpp.o
[35/78] Building CXX object CMakeFiles/sonic_linux_guest.dir/generated/world-bridge/unit-v8C0273A2-8C028EC2-3c3ba866ec5c4265.cpp.o
[36/78] Building CXX object CMakeFiles/sonic_linux_guest.dir/generated/world-bridge/unit-v8C02CA00-8C02DE20-1e7e2fdd391d9bd8.cpp.o
[37/78] Building CXX object CMakeFiles/sonic_linux_guest.dir/generated/world-bridge/unit-v8C051E56-8C053338-ce4429c39e6969de.cpp.o
[38/78] Building CXX object CMakeFiles/sonic_linux_guest.dir/generated/world-bridge/sdk-continuations.cpp.o
[39/78] Building CXX object CMakeFiles/sonic_linux_guest.dir/generated/render-hierarchy-bridge/unit-v8C0400A0-8C04124E-c3a8c709f8ba2806.cpp.o
[40/78] Building CXX object CMakeFiles/sonic_linux_guest.dir/generated/render-hierarchy-bridge/unit-v8C0412C8-8C0425A0-1c2be1678b040d69.cpp.o
[41/78] Building CXX object CMakeFiles/sonic_linux_guest.dir/generated/render-hierarchy-bridge/unit-v8C036BC0-8C037C3C-aa2f5ddfed3d4270.cpp.o
[42/78] Building CXX object CMakeFiles/sonic_linux_guest.dir/generated/render-hierarchy-bridge/unit-v8C050BE4-8C051E00-44b823a416a623f6.cpp.o
[43/78] Building CXX object CMakeFiles/sonic_linux_guest.dir/generated/render-hierarchy-bridge/unit-v8C0FD05A-8C0FE340-9f120c53ca8c2b89.cpp.o
[44/78] Building CXX object CMakeFiles/sonic_linux_guest.dir/generated/render-hierarchy-bridge/unit-v8C0CBD40-8C0CCFDC-8bb83195ded15666.cpp.o
[45/78] Building CXX object CMakeFiles/sonic_linux_guest.dir/generated/movement-contact-bridge/private-original.cpp.o
[46/78] Building CXX object CMakeFiles/sonic_linux_guest.dir/generated/render-hierarchy-bridge/unit-v8C0CED2E-8C0D0BB8-9d87359849e1c862.cpp.o
[47/78] Building CXX object CMakeFiles/sonic_linux_guest.dir/generated/render-hierarchy-bridge/unit-v8C0CCFE8-8C0CCFE8-8623c664d8e08af9.cpp.o
[48/78] Building CXX object CMakeFiles/sonic_linux_guest.dir/generated/inverse-trig-bridge/unit-v8C10CDDC-8C10DA5C-cb14c3e2f790eaff.cpp.o
[49/78] Building CXX object CMakeFiles/sonic_linux_guest.dir/generated/inverse-trig-bridge/unit-v8C10DB04-8C10EB80-b3bbbddd2dccf359.cpp.o
[50/78] Building CXX object CMakeFiles/sonic_linux_title.dir/src/native_title_adapter.cpp.o
In file included from C:/Users/ultim/Desktop/Sonic Adventure Recompiled/src/native_title_adapter.cpp:22:
C:/Users/ultim/Desktop/Sonic Adventure Recompiled/src/sonic_qsound_reverb_medium.hpp:329:21: warning: result of comparison of constant 1152921504606846975 with expression of type 'const std::uint32_t' (aka 'const unsigned int') is always false [-Wtautological-constant-out-of-range-compare]
  329 |         frame_count >
      |         ~~~~~~~~~~~ ^
  330 |             std::numeric_limits<std::size_t>::max() / effect_bus_count)
      |             ~~~~~~~~~~~~~~~~~~~~~~~~~~~~~~~~~~~~~~~~~~~~~~~~~~~~~~~~~~
In file included from C:/Users/ultim/Desktop/Sonic Adventure Recompiled/src/native_title_adapter.cpp:35:
C:/Users/ultim/Desktop/Sonic Adventure Recompiled/src/sonic_camera.hpp:15:50: warning: 'sonic_recompiled_camera_publish' has C-linkage specified, but returns user-defined type 'katana::runtime::NativePortHookResult' which is incompatible with C [-Wreturn-type-c-linkage]
   15 | extern "C" katana::runtime::NativePortHookResult sonic_recompiled_camera_publish(
      |                                                  ^
C:/Users/ultim/Desktop/Sonic Adventure Recompiled/src/sonic_camera.hpp:17:50: warning: 'sonic_recompiled_camera_original_step' has C-linkage specified, but returns user-defined type 'katana::runtime::NativePortHookResult' which is incompatible with C [-Wreturn-type-c-linkage]
   17 | extern "C" katana::runtime::NativePortHookResult sonic_recompiled_camera_original_step(
      |                                                  ^
C:/Users/ultim/Desktop/Sonic Adventure Recompiled/src/native_title_adapter.cpp:21905:1: warning: 'sonic_native_sixty_frame_cadence' has C-linkage specified, but returns user-defined type 'katana::runtime::NativePortHookResult' which is incompatible with C [-Wreturn-type-c-linkage]
 21905 | sonic_native_sixty_frame_cadence(katana::runtime::NativePortContext& context) noexcept {
       | ^
C:/Users/ultim/Desktop/Sonic Adventure Recompiled/src/native_title_adapter.cpp:21947:1: warning: 'sonic_native_rumble_capability' has C-linkage specified, but returns user-defined type 'katana::runtime::NativePortHookResult' which is incompatible with C [-Wreturn-type-c-linkage]
 21947 | sonic_native_rumble_capability(katana::runtime::NativePortContext& context) noexcept {
       | ^
C:/Users/ultim/Desktop/Sonic Adventure Recompiled/src/native_title_adapter.cpp:21953:1: warning: 'sonic_native_rumble_configure' has C-linkage specified, but returns user-defined type 'katana::runtime::NativePortHookResult' which is incompatible with C [-Wreturn-type-c-linkage]
 21953 | sonic_native_rumble_configure(katana::runtime::NativePortContext& context) noexcept {
       | ^
C:/Users/ultim/Desktop/Sonic Adventure Recompiled/src/native_title_adapter.cpp:21959:1: warning: 'sonic_native_rumble_request' has C-linkage specified, but returns user-defined type 'katana::runtime::NativePortHookResult' which is incompatible with C [-Wreturn-type-c-linkage]
 21959 | sonic_native_rumble_request(katana::runtime::NativePortContext& context) noexcept {
       | ^
C:/Users/ultim/Desktop/Sonic Adventure Recompiled/src/native_title_adapter.cpp:21971:1: warning: 'sonic_native_rumble_stop' has C-linkage specified, but returns user-defined type 'katana::runtime::NativePortHookResult' which is incompatible with C [-Wreturn-type-c-linkage]
 21971 | sonic_native_rumble_stop(katana::runtime::NativePortContext& context) noexcept {
       | ^
C:/Users/ultim/Desktop/Sonic Adventure Recompiled/src/native_title_adapter.cpp:21978:1: warning: 'sonic_native_private_stage_tuple_override' has C-linkage specified, but returns user-defined type 'katana::runtime::NativePortHookResult' which is incompatible with C [-Wreturn-type-c-linkage]
 21978 | sonic_native_private_stage_tuple_override(
       | ^
C:/Users/ultim/Desktop/Sonic Adventure Recompiled/src/native_title_adapter.cpp:21984:1: warning: 'sonic_native_character_task_update_entry_observe' has C-linkage specified, but returns user-defined type 'katana::runtime::NativePortHookResult' which is incompatible with C [-Wreturn-type-c-linkage]
 21984 | sonic_native_character_task_update_entry_observe(
       | ^
C:/Users/ultim/Desktop/Sonic Adventure Recompiled/src/native_title_adapter.cpp:21992:1: warning: 'sonic_native_character_task_update_exit_observe' has C-linkage specified, but returns user-defined type 'katana::runtime::NativePortHookResult' which is incompatible with C [-Wreturn-type-c-linkage]
 21992 | sonic_native_character_task_update_exit_observe(
       | ^
C:/Users/ultim/Desktop/Sonic Adventure Recompiled/src/native_title_adapter.cpp:22000:1: warning: 'sonic_native_character_task_display_entry_observe' has C-linkage specified, but returns user-defined type 'katana::runtime::NativePortHookResult' which is incompatible with C [-Wreturn-type-c-linkage]
 22000 | sonic_native_character_task_display_entry_observe(
       | ^
C:/Users/ultim/Desktop/Sonic Adventure Recompiled/src/native_title_adapter.cpp:22008:1: warning: 'sonic_native_character_task_display_exit_observe' has C-linkage specified, but returns user-defined type 'katana::runtime::NativePortHookResult' which is incompatible with C [-Wreturn-type-c-linkage]
 22008 | sonic_native_character_task_display_exit_observe(
       | ^
C:/Users/ultim/Desktop/Sonic Adventure Recompiled/src/native_title_adapter.cpp:22016:1: warning: 'sonic_native_input_consumer_8c04d5f0' has C-linkage specified, but returns user-defined type 'katana::runtime::NativePortHookResult' which is incompatible with C [-Wreturn-type-c-linkage]
 22016 | sonic_native_input_consumer_8c04d5f0(
       | ^
C:/Users/ultim/Desktop/Sonic Adventure Recompiled/src/native_title_adapter.cpp:22026:1: warning: 'sonic_native_input_consumer_8c04e19e' has C-linkage specified, but returns user-defined type 'katana::runtime::NativePortHookResult' which is incompatible with C [-Wreturn-type-c-linkage]
 22026 | sonic_native_input_consumer_8c04e19e(
       | ^
C:/Users/ultim/Desktop/Sonic Adventure Recompiled/src/native_title_adapter.cpp:22036:1: warning: 'sonic_native_input_consumer_8c04ebf2' has C-linkage specified, but returns user-defined type 'katana::runtime::NativePortHookResult' which is incompatible with C [-Wreturn-type-c-linkage]
 22036 | sonic_native_input_consumer_8c04ebf2(
       | ^
C:/Users/ultim/Desktop/Sonic Adventure Recompiled/src/native_title_adapter.cpp:22046:1: warning: 'sonic_native_input_consumer_8c04ec20' has C-linkage specified, but returns user-defined type 'katana::runtime::NativePortHookResult' which is incompatible with C [-Wreturn-type-c-linkage]
 22046 | sonic_native_input_consumer_8c04ec20(
       | ^
C:/Users/ultim/Desktop/Sonic Adventure Recompiled/src/native_title_adapter.cpp:22056:1: warning: 'sonic_native_input_consumer_8c0a1258' has C-linkage specified, but returns user-defined type 'katana::runtime::NativePortHookResult' which is incompatible with C [-Wreturn-type-c-linkage]
 22056 | sonic_native_input_consumer_8c0a1258(
       | ^
C:/Users/ultim/Desktop/Sonic Adventure Recompiled/src/native_title_adapter.cpp:22066:1: warning: 'sonic_native_input_consumer_8c0a6264' has C-linkage specified, but returns user-defined type 'katana::runtime::NativePortHookResult' which is incompatible with C [-Wreturn-type-c-linkage]
 22066 | sonic_native_input_consumer_8c0a6264(
       | ^
C:/Users/ultim/Desktop/Sonic Adventure Recompiled/src/native_title_adapter.cpp:22076:1: warning: 'sonic_native_input_consumer_8c0a6388' has C-linkage specified, but returns user-defined type 'katana::runtime::NativePortHookResult' which is incompatible with C [-Wreturn-type-c-linkage]
 22076 | sonic_native_input_consumer_8c0a6388(
       | ^
C:/Users/ultim/Desktop/Sonic Adventure Recompiled/src/native_title_adapter.cpp:22086:1: warning: 'sonic_native_operand_cache_invalidate_range' has C-linkage specified, but returns user-defined type 'katana::runtime::NativePortHookResult' which is incompatible with C [-Wreturn-type-c-linkage]
 22086 | sonic_native_operand_cache_invalidate_range(
       | ^
C:/Users/ultim/Desktop/Sonic Adventure Recompiled/src/native_title_adapter.cpp:22095:1: warning: 'sonic_native_operand_cache_purge_range' has C-linkage specified, but returns user-defined type 'katana::runtime::NativePortHookResult' which is incompatible with C [-Wreturn-type-c-linkage]
 22095 | sonic_native_operand_cache_purge_range(
       | ^
C:/Users/ultim/Desktop/Sonic Adventure Recompiled/src/native_title_adapter.cpp:22104:1: warning: 'sonic_native_operand_cache_writeback_range' has C-linkage specified, but returns user-defined type 'katana::runtime::NativePortHookResult' which is incompatible with C [-Wreturn-type-c-linkage]
 22104 | sonic_native_operand_cache_writeback_range(
       | ^
C:/Users/ultim/Desktop/Sonic Adventure Recompiled/src/native_title_adapter.cpp:22113:1: warning: 'sonic_native_operand_cache_invalidate_all' has C-linkage specified, but returns user-defined type 'katana::runtime::NativePortHookResult' which is incompatible with C [-Wreturn-type-c-linkage]
 22113 | sonic_native_operand_cache_invalidate_all(
       | ^
C:/Users/ultim/Desktop/Sonic Adventure Recompiled/src/native_title_adapter.cpp:22122:1: warning: 'sonic_native_ninja_border_color' has C-linkage specified, but returns user-defined type 'katana::runtime::NativePortHookResult' which is incompatible with C [-Wreturn-type-c-linkage]
 22122 | sonic_native_ninja_border_color(
       | ^
C:/Users/ultim/Desktop/Sonic Adventure Recompiled/src/native_title_adapter.cpp:22144:1: warning: 'sonic_native_ninja_fog_table_color' has C-linkage specified, but returns user-defined type 'katana::runtime::NativePortHookResult' which is incompatible with C [-Wreturn-type-c-linkage]
 22144 | sonic_native_ninja_fog_table_color(
       | ^
C:/Users/ultim/Desktop/Sonic Adventure Recompiled/src/native_title_adapter.cpp:22160:1: warning: 'sonic_native_ninja_fog_density' has C-linkage specified, but returns user-defined type 'katana::runtime::NativePortHookResult' which is incompatible with C [-Wreturn-type-c-linkage]
 22160 | sonic_native_ninja_fog_density(
       | ^
C:/Users/ultim/Desktop/Sonic Adventure Recompiled/src/native_title_adapter.cpp:22218:1: warning: 'sonic_native_ninja_fog_table' has C-linkage specified, but returns user-defined type 'katana::runtime::NativePortHookResult' which is incompatible with C [-Wreturn-type-c-linkage]
 22218 | sonic_native_ninja_fog_table(
       | ^
C:/Users/ultim/Desktop/Sonic Adventure Recompiled/src/native_title_adapter.cpp:22262:1: warning: 'sonic_native_ninja_fog_table_color_direct' has C-linkage specified, but returns user-defined type 'katana::runtime::NativePortHookResult' which is incompatible with C [-Wreturn-type-c-linkage]
 22262 | sonic_native_ninja_fog_table_color_direct(
       | ^
C:/Users/ultim/Desktop/Sonic Adventure Recompiled/src/native_title_adapter.cpp:22277:1: warning: 'sonic_native_ninja_fog_vertex_color_direct' has C-linkage specified, but returns user-defined type 'katana::runtime::NativePortHookResult' which is incompatible with C [-Wreturn-type-c-linkage]
 22277 | sonic_native_ninja_fog_vertex_color_direct(
       | ^
C:/Users/ultim/Desktop/Sonic Adventure Recompiled/src/native_title_adapter.cpp:22292:1: warning: 'sonic_native_ninja_fog_table_direct' has C-linkage specified, but returns user-defined type 'katana::runtime::NativePortHookResult' which is incompatible with C [-Wreturn-type-c-linkage]
 22292 | sonic_native_ninja_fog_table_direct(
       | ^
C:/Users/ultim/Desktop/Sonic Adventure Recompiled/src/native_title_adapter.cpp:22298:1: warning: 'sonic_native_ninja_fog_density_direct' has C-linkage specified, but returns user-defined type 'katana::runtime::NativePortHookResult' which is incompatible with C [-Wreturn-type-c-linkage]
 22298 | sonic_native_ninja_fog_density_direct(
       | ^
C:/Users/ultim/Desktop/Sonic Adventure Recompiled/src/native_title_adapter.cpp:22304:1: warning: 'sonic_native_ninja_cull_value' has C-linkage specified, but returns user-defined type 'katana::runtime::NativePortHookResult' which is incompatible with C [-Wreturn-type-c-linkage]
 22304 | sonic_native_ninja_cull_value(
       | ^
C:/Users/ultim/Desktop/Sonic Adventure Recompiled/src/native_title_adapter.cpp:22502:1: warning: 'sonic_native_transfer_ring_initialize' has C-linkage specified, but returns user-defined type 'katana::runtime::NativePortHookResult' which is incompatible with C [-Wreturn-type-c-linkage]
 22502 | sonic_native_transfer_ring_initialize(
       | ^
C:/Users/ultim/Desktop/Sonic Adventure Recompiled/src/native_title_adapter.cpp:22582:1: warning: 'sonic_native_transfer_ring_reset' has C-linkage specified, but returns user-defined type 'katana::runtime::NativePortHookResult' which is incompatible with C [-Wreturn-type-c-linkage]
 22582 | sonic_native_transfer_ring_reset(
       | ^
C:/Users/ultim/Desktop/Sonic Adventure Recompiled/src/native_title_adapter.cpp:22637:1: warning: 'sonic_native_transfer_ring_submit' has C-linkage specified, but returns user-defined type 'katana::runtime::NativePortHookResult' which is incompatible with C [-Wreturn-type-c-linkage]
 22637 | sonic_native_transfer_ring_submit(
       | ^
C:/Users/ultim/Desktop/Sonic Adventure Recompiled/src/native_title_adapter.cpp:22765:1: warning: 'sonic_native_transfer_ring_drain' has C-linkage specified, but returns user-defined type 'katana::runtime::NativePortHookResult' which is incompatible with C [-Wreturn-type-c-linkage]
 22765 | sonic_native_transfer_ring_drain(
       | ^
C:/Users/ultim/Desktop/Sonic Adventure Recompiled/src/native_title_adapter.cpp:22931:1: warning: 'sonic_native_transfer_resume_all' has C-linkage specified, but returns user-defined type 'katana::runtime::NativePortHookResult' which is incompatible with C [-Wreturn-type-c-linkage]
 22931 | sonic_native_transfer_resume_all(
       | ^
C:/Users/ultim/Desktop/Sonic Adventure Recompiled/src/native_title_adapter.cpp:22937:1: warning: 'sonic_native_transfer_suspend_all' has C-linkage specified, but returns user-defined type 'katana::runtime::NativePortHookResult' which is incompatible with C [-Wreturn-type-c-linkage]
 22937 | sonic_native_transfer_suspend_all(
       | ^
C:/Users/ultim/Desktop/Sonic Adventure Recompiled/src/native_title_adapter.cpp:22986:1: warning: 'sonic_native_transfer_fifo_ready_raw' has C-linkage specified, but returns user-defined type 'katana::runtime::NativePortHookResult' which is incompatible with C [-Wreturn-type-c-linkage]
 22986 | sonic_native_transfer_fifo_ready_raw(
       | ^
C:/Users/ultim/Desktop/Sonic Adventure Recompiled/src/native_title_adapter.cpp:22992:1: warning: 'sonic_native_transfer_audio_fifo_ready' has C-linkage specified, but returns user-defined type 'katana::runtime::NativePortHookResult' which is incompatible with C [-Wreturn-type-c-linkage]
 22992 | sonic_native_transfer_audio_fifo_ready(
       | ^
C:/Users/ultim/Desktop/Sonic Adventure Recompiled/src/native_title_adapter.cpp:22998:1: warning: 'sonic_native_transfer_fifo_ready' has C-linkage specified, but returns user-defined type 'katana::runtime::NativePortHookResult' which is incompatible with C [-Wreturn-type-c-linkage]
 22998 | sonic_native_transfer_fifo_ready(
       | ^
C:/Users/ultim/Desktop/Sonic Adventure Recompiled/src/native_title_adapter.cpp:23420:1: warning: 'sonic_native_audio_foundation_initialize' has C-linkage specified, but returns user-defined type 'katana::runtime::NativePortHookResult' which is incompatible with C [-Wreturn-type-c-linkage]
 23420 | sonic_native_audio_foundation_initialize(
       | ^
C:/Users/ultim/Desktop/Sonic Adventure Recompiled/src/native_title_adapter.cpp:23465:1: warning: 'sonic_native_audio_foundation_shutdown' has C-linkage specified, but returns user-defined type 'katana::runtime::NativePortHookResult' which is incompatible with C [-Wreturn-type-c-linkage]
 23465 | sonic_native_audio_foundation_shutdown(
       | ^
C:/Users/ultim/Desktop/Sonic Adventure Recompiled/src/native_title_adapter.cpp:23495:1: warning: 'sonic_native_sound_driver_initialize' has C-linkage specified, but returns user-defined type 'katana::runtime::NativePortHookResult' which is incompatible with C [-Wreturn-type-c-linkage]
 23495 | sonic_native_sound_driver_initialize(
       | ^
C:/Users/ultim/Desktop/Sonic Adventure Recompiled/src/native_title_adapter.cpp:23522:1: warning: 'sonic_native_sound_output_mode_initialize' has C-linkage specified, but returns user-defined type 'katana::runtime::NativePortHookResult' which is incompatible with C [-Wreturn-type-c-linkage]
 23522 | sonic_native_sound_output_mode_initialize(
       | ^
C:/Users/ultim/Desktop/Sonic Adventure Recompiled/src/native_title_adapter.cpp:23554:1: warning: 'sonic_native_sound_port_table_initialize' has C-linkage specified, but returns user-defined type 'katana::runtime::NativePortHookResult' which is incompatible with C [-Wreturn-type-c-linkage]
 23554 | sonic_native_sound_port_table_initialize(
       | ^
C:/Users/ultim/Desktop/Sonic Adventure Recompiled/src/native_title_adapter.cpp:23580:1: warning: 'sonic_native_audio_defaults' has C-linkage specified, but returns user-defined type 'katana::runtime::NativePortHookResult' which is incompatible with C [-Wreturn-type-c-linkage]
 23580 | sonic_native_audio_defaults(
       | ^
C:/Users/ultim/Desktop/Sonic Adventure Recompiled/src/native_title_adapter.cpp:23620:1: warning: 'sonic_native_audio_service' has C-linkage specified, but returns user-defined type 'katana::runtime::NativePortHookResult' which is incompatible with C [-Wreturn-type-c-linkage]
 23620 | sonic_native_audio_service(
       | ^
C:/Users/ultim/Desktop/Sonic Adventure Recompiled/src/native_title_adapter.cpp:23659:1: warning: 'sonic_native_sound_frame_service' has C-linkage specified, but returns user-defined type 'katana::runtime::NativePortHookResult' which is incompatible with C [-Wreturn-type-c-linkage]
 23659 | sonic_native_sound_frame_service(
       | ^
C:/Users/ultim/Desktop/Sonic Adventure Recompiled/src/native_title_adapter.cpp:24168:1: warning: 'sonic_native_sound_collection_load' has C-linkage specified, but returns user-defined type 'katana::runtime::NativePortHookResult' which is incompatible with C [-Wreturn-type-c-linkage]
 24168 | sonic_native_sound_collection_load(
       | ^
C:/Users/ultim/Desktop/Sonic Adventure Recompiled/src/native_title_adapter.cpp:24193:1: warning: 'sonic_native_adxt_start_file' has C-linkage specified, but returns user-defined type 'katana::runtime::NativePortHookResult' which is incompatible with C [-Wreturn-type-c-linkage]
 24193 | sonic_native_adxt_start_file(
       | ^
C:/Users/ultim/Desktop/Sonic Adventure Recompiled/src/native_title_adapter.cpp:24363:1: warning: 'sonic_native_adxt_start_afs' has C-linkage specified, but returns user-defined type 'katana::runtime::NativePortHookResult' which is incompatible with C [-Wreturn-type-c-linkage]
 24363 | sonic_native_adxt_start_afs(
       | ^
C:/Users/ultim/Desktop/Sonic Adventure Recompiled/src/native_title_adapter.cpp:24506:50: warning: 'sonic_native_adxt_status' has C-linkage specified, but returns user-defined type 'katana::runtime::NativePortHookResult' which is incompatible with C [-Wreturn-type-c-linkage]
 24506 | extern "C" katana::runtime::NativePortHookResult sonic_native_adxt_status(
       |                                                  ^
C:/Users/ultim/Desktop/Sonic Adventure Recompiled/src/native_title_adapter.cpp:24537:50: warning: 'sonic_native_adxt_time' has C-linkage specified, but returns user-defined type 'katana::runtime::NativePortHookResult' which is incompatible with C [-Wreturn-type-c-linkage]
 24537 | extern "C" katana::runtime::NativePortHookResult sonic_native_adxt_time(
       |                                                  ^
C:/Users/ultim/Desktop/Sonic Adventure Recompiled/src/native_title_adapter.cpp:24609:50: warning: 'sonic_native_adxt_stop' has C-linkage specified, but returns user-defined type 'katana::runtime::NativePortHookResult' which is incompatible with C [-Wreturn-type-c-linkage]
 24609 | extern "C" katana::runtime::NativePortHookResult sonic_native_adxt_stop(
       |                                                  ^
C:/Users/ultim/Desktop/Sonic Adventure Recompiled/src/native_title_adapter.cpp:24662:50: warning: 'sonic_native_adxt_destroy' has C-linkage specified, but returns user-defined type 'katana::runtime::NativePortHookResult' which is incompatible with C [-Wreturn-type-c-linkage]
 24662 | extern "C" katana::runtime::NativePortHookResult sonic_native_adxt_destroy(
       |                                                  ^
C:/Users/ultim/Desktop/Sonic Adventure Recompiled/src/native_title_adapter.cpp:24738:1: warning: 'sonic_native_adxt_output_volume' has C-linkage specified, but returns user-defined type 'katana::runtime::NativePortHookResult' which is incompatible with C [-Wreturn-type-c-linkage]
 24738 | sonic_native_adxt_output_volume(
       | ^
C:/Users/ultim/Desktop/Sonic Adventure Recompiled/src/native_title_adapter.cpp:25086:1: warning: 'sonic_native_sound_bank_chunk_register' has C-linkage specified, but returns user-defined type 'katana::runtime::NativePortHookResult' which is incompatible with C [-Wreturn-type-c-linkage]
 25086 | sonic_native_sound_bank_chunk_register(
       | ^
C:/Users/ultim/Desktop/Sonic Adventure Recompiled/src/native_title_adapter.cpp:25261:1: warning: 'sonic_native_midi_initialize' has C-linkage specified, but returns user-defined type 'katana::runtime::NativePortHookResult' which is incompatible with C [-Wreturn-type-c-linkage]
 25261 | sonic_native_midi_initialize(
       | ^
C:/Users/ultim/Desktop/Sonic Adventure Recompiled/src/native_title_adapter.cpp:25285:50: warning: 'sonic_native_midi_volume' has C-linkage specified, but returns user-defined type 'katana::runtime::NativePortHookResult' which is incompatible with C [-Wreturn-type-c-linkage]
 25285 | extern "C" katana::runtime::NativePortHookResult sonic_native_midi_volume(
       |                                                  ^
C:/Users/ultim/Desktop/Sonic Adventure Recompiled/src/native_title_adapter.cpp:25306:50: warning: 'sonic_native_midi_pan' has C-linkage specified, but returns user-defined type 'katana::runtime::NativePortHookResult' which is incompatible with C [-Wreturn-type-c-linkage]
 25306 | extern "C" katana::runtime::NativePortHookResult sonic_native_midi_pan(
       |                                                  ^
C:/Users/ultim/Desktop/Sonic Adventure Recompiled/src/native_title_adapter.cpp:25334:50: warning: 'sonic_native_midi_pitch' has C-linkage specified, but returns user-defined type 'katana::runtime::NativePortHookResult' which is incompatible with C [-Wreturn-type-c-linkage]
 25334 | extern "C" katana::runtime::NativePortHookResult sonic_native_midi_pitch(
       |                                                  ^
C:/Users/ultim/Desktop/Sonic Adventure Recompiled/src/native_title_adapter.cpp:25359:50: warning: 'sonic_native_midi_note_on' has C-linkage specified, but returns user-defined type 'katana::runtime::NativePortHookResult' which is incompatible with C [-Wreturn-type-c-linkage]
 25359 | extern "C" katana::runtime::NativePortHookResult sonic_native_midi_note_on(
       |                                                  ^
C:/Users/ultim/Desktop/Sonic Adventure Recompiled/src/native_title_adapter.cpp:25381:50: warning: 'sonic_native_midi_note_off' has C-linkage specified, but returns user-defined type 'katana::runtime::NativePortHookResult' which is incompatible with C [-Wreturn-type-c-linkage]
 25381 | extern "C" katana::runtime::NativePortHookResult sonic_native_midi_note_off(
       |                                                  ^
C:/Users/ultim/Desktop/Sonic Adventure Recompiled/src/native_title_adapter.cpp:25492:50: warning: 'sonic_native_sound_play' has C-linkage specified, but returns user-defined type 'katana::runtime::NativePortHookResult' which is incompatible with C [-Wreturn-type-c-linkage]
 25492 | extern "C" katana::runtime::NativePortHookResult sonic_native_sound_play(
       |                                                  ^
C:/Users/ultim/Desktop/Sonic Adventure Recompiled/src/native_title_adapter.cpp:25702:50: warning: 'sonic_native_sound_stop' has C-linkage specified, but returns user-defined type 'katana::runtime::NativePortHookResult' which is incompatible with C [-Wreturn-type-c-linkage]
 25702 | extern "C" katana::runtime::NativePortHookResult sonic_native_sound_stop(
       |                                                  ^
C:/Users/ultim/Desktop/Sonic Adventure Recompiled/src/native_title_adapter.cpp:25736:50: warning: 'sonic_native_sound_volume' has C-linkage specified, but returns user-defined type 'katana::runtime::NativePortHookResult' which is incompatible with C [-Wreturn-type-c-linkage]
 25736 | extern "C" katana::runtime::NativePortHookResult sonic_native_sound_volume(
       |                                                  ^
C:/Users/ultim/Desktop/Sonic Adventure Recompiled/src/native_title_adapter.cpp:25775:50: warning: 'sonic_native_sound_pan' has C-linkage specified, but returns user-defined type 'katana::runtime::NativePortHookResult' which is incompatible with C [-Wreturn-type-c-linkage]
 25775 | extern "C" katana::runtime::NativePortHookResult sonic_native_sound_pan(
       |                                                  ^
C:/Users/ultim/Desktop/Sonic Adventure Recompiled/src/native_title_adapter.cpp:25809:50: warning: 'sonic_native_sound_pitch' has C-linkage specified, but returns user-defined type 'katana::runtime::NativePortHookResult' which is incompatible with C [-Wreturn-type-c-linkage]
 25809 | extern "C" katana::runtime::NativePortHookResult sonic_native_sound_pitch(
       |                                                  ^
C:/Users/ultim/Desktop/Sonic Adventure Recompiled/src/native_title_adapter.cpp:25840:1: warning: 'sonic_native_sound_close_sequence_ports' has C-linkage specified, but returns user-defined type 'katana::runtime::NativePortHookResult' which is incompatible with C [-Wreturn-type-c-linkage]
 25840 | sonic_native_sound_close_sequence_ports(
       | ^
C:/Users/ultim/Desktop/Sonic Adventure Recompiled/src/native_title_adapter.cpp:25874:1: warning: 'sonic_native_audio_control_transaction' has C-linkage specified, but returns user-defined type 'katana::runtime::NativePortHookResult' which is incompatible with C [-Wreturn-type-c-linkage]
 25874 | sonic_native_audio_control_transaction(
       | ^
C:/Users/ultim/Desktop/Sonic Adventure Recompiled/src/native_title_adapter.cpp:25967:1: warning: 'sonic_native_audio_output_control' has C-linkage specified, but returns user-defined type 'katana::runtime::NativePortHookResult' which is incompatible with C [-Wreturn-type-c-linkage]
 25967 | sonic_native_audio_output_control(
       | ^
C:/Users/ultim/Desktop/Sonic Adventure Recompiled/src/native_title_adapter.cpp:26058:1: warning: 'sonic_native_audio_processor_stop' has C-linkage specified, but returns user-defined type 'katana::runtime::NativePortHookResult' which is incompatible with C [-Wreturn-type-c-linkage]
 26058 | sonic_native_audio_processor_stop(
       | ^
C:/Users/ultim/Desktop/Sonic Adventure Recompiled/src/native_title_adapter.cpp:26064:1: warning: 'sonic_native_audio_processor_start' has C-linkage specified, but returns user-defined type 'katana::runtime::NativePortHookResult' which is incompatible with C [-Wreturn-type-c-linkage]
 26064 | sonic_native_audio_processor_start(
       | ^
C:/Users/ultim/Desktop/Sonic Adventure Recompiled/src/native_title_adapter.cpp:26070:1: warning: 'sonic_native_video_mode_apply' has C-linkage specified, but returns user-defined type 'katana::runtime::NativePortHookResult' which is incompatible with C [-Wreturn-type-c-linkage]
 26070 | sonic_native_video_mode_apply(
       | ^
C:/Users/ultim/Desktop/Sonic Adventure Recompiled/src/native_title_adapter.cpp:26207:1: warning: 'sonic_native_video_mode_60hz' has C-linkage specified, but returns user-defined type 'katana::runtime::NativePortHookResult' which is incompatible with C [-Wreturn-type-c-linkage]
 26207 | sonic_native_video_mode_60hz(
       | ^
C:/Users/ultim/Desktop/Sonic Adventure Recompiled/src/native_title_adapter.cpp:26257:1: warning: 'sonic_native_video_output_commit' has C-linkage specified, but returns user-defined type 'katana::runtime::NativePortHookResult' which is incompatible with C [-Wreturn-type-c-linkage]
 26257 | sonic_native_video_output_commit(
       | ^
C:/Users/ultim/Desktop/Sonic Adventure Recompiled/src/native_title_adapter.cpp:26328:5: warning: 'sonic_native_video_scanout_r_sof1_a' has C-linkage specified, but returns user-defined type 'katana::runtime::NativePortHookResult' which is incompatible with C [-Wreturn-type-c-linkage]
 26328 |     sonic_native_video_scanout_r_sof1_a, 0x50u, 0x8C641C2Eu)
       |     ^
C:/Users/ultim/Desktop/Sonic Adventure Recompiled/src/native_title_adapter.cpp:26330:5: warning: 'sonic_native_video_scanout_r_sof2_a' has C-linkage specified, but returns user-defined type 'katana::runtime::NativePortHookResult' which is incompatible with C [-Wreturn-type-c-linkage]
 26330 |     sonic_native_video_scanout_r_sof2_a, 0x54u, 0x8C641C36u)
       |     ^
C:/Users/ultim/Desktop/Sonic Adventure Recompiled/src/native_title_adapter.cpp:26332:5: warning: 'sonic_native_video_scanout_w_sof1' has C-linkage specified, but returns user-defined type 'katana::runtime::NativePortHookResult' which is incompatible with C [-Wreturn-type-c-linkage]
 26332 |     sonic_native_video_scanout_w_sof1, 0x60u, 0x8C641C3Eu)
       |     ^
C:/Users/ultim/Desktop/Sonic Adventure Recompiled/src/native_title_adapter.cpp:26334:5: warning: 'sonic_native_video_scanout_w_sof2' has C-linkage specified, but returns user-defined type 'katana::runtime::NativePortHookResult' which is incompatible with C [-Wreturn-type-c-linkage]
 26334 |     sonic_native_video_scanout_w_sof2, 0x64u, 0x8C641C46u)
       |     ^
C:/Users/ultim/Desktop/Sonic Adventure Recompiled/src/native_title_adapter.cpp:26336:5: warning: 'sonic_native_video_scanout_r_sof1_b' has C-linkage specified, but returns user-defined type 'katana::runtime::NativePortHookResult' which is incompatible with C [-Wreturn-type-c-linkage]
 26336 |     sonic_native_video_scanout_r_sof1_b, 0x50u, 0x8C641C6Cu)
       |     ^
C:/Users/ultim/Desktop/Sonic Adventure Recompiled/src/native_title_adapter.cpp:26338:5: warning: 'sonic_native_video_scanout_r_sof1_c' has C-linkage specified, but returns user-defined type 'katana::runtime::NativePortHookResult' which is incompatible with C [-Wreturn-type-c-linkage]
 26338 |     sonic_native_video_scanout_r_sof1_c, 0x50u, 0x8C641C7Au)
       |     ^
C:/Users/ultim/Desktop/Sonic Adventure Recompiled/src/native_title_adapter.cpp:26340:5: warning: 'sonic_native_video_scanout_r_sof2_b' has C-linkage specified, but returns user-defined type 'katana::runtime::NativePortHookResult' which is incompatible with C [-Wreturn-type-c-linkage]
 26340 |     sonic_native_video_scanout_r_sof2_b, 0x54u, 0x8C641C82u)
       |     ^
C:/Users/ultim/Desktop/Sonic Adventure Recompiled/src/native_title_adapter.cpp:26351:5: warning: 'sonic_native_video_timing_reset_a' has C-linkage specified, but returns user-defined type 'katana::runtime::NativePortHookResult' which is incompatible with C [-Wreturn-type-c-linkage]
 26351 |     sonic_native_video_timing_reset_a, 0x8C6630D0u)
       |     ^
C:/Users/ultim/Desktop/Sonic Adventure Recompiled/src/native_title_adapter.cpp:26353:5: warning: 'sonic_native_video_timing_reset_b' has C-linkage specified, but returns user-defined type 'katana::runtime::NativePortHookResult' which is incompatible with C [-Wreturn-type-c-linkage]
 26353 |     sonic_native_video_timing_reset_b, 0x8C6630ECu)
       |     ^
C:/Users/ultim/Desktop/Sonic Adventure Recompiled/src/native_title_adapter.cpp:26355:5: warning: 'sonic_native_video_timing_reset_c' has C-linkage specified, but returns user-defined type 'katana::runtime::NativePortHookResult' which is incompatible with C [-Wreturn-type-c-linkage]
 26355 |     sonic_native_video_timing_reset_c, 0x8C663188u)
       |     ^
C:/Users/ultim/Desktop/Sonic Adventure Recompiled/src/native_title_adapter.cpp:26357:5: warning: 'sonic_native_video_timing_reset_d' has C-linkage specified, but returns user-defined type 'katana::runtime::NativePortHookResult' which is incompatible with C [-Wreturn-type-c-linkage]
 26357 |     sonic_native_video_timing_reset_d, 0x8C6631A6u)
       |     ^
C:/Users/ultim/Desktop/Sonic Adventure Recompiled/src/native_title_adapter.cpp:29357:44: warning: 'u8path<std::string, 0>' is deprecated [-Wdeprecated-declarations]
 29357 |         const auto path = std::filesystem::u8path(request.path);
       |                                            ^
C:\Users\ultim\Desktop\Sonic Adventure Recompiled\.local\linux-deps\zig\zig-x86_64-windows-0.16.0\lib\libcxx\include/__filesystem/u8path.h:73:23: note: 'u8path<std::string, 0>' has been explicitly marked deprecated here
   73 | _LIBCPP_HIDE_FROM_ABI _LIBCPP_DEPRECATED_WITH_CHAR8_T path u8path(const _Source& __s) {
      |                       ^
C:\Users\ultim\Desktop\Sonic Adventure Recompiled\.local\linux-deps\zig\zig-x86_64-windows-0.16.0\lib\libcxx\include/__config:769:45: note: expanded from macro '_LIBCPP_DEPRECATED_WITH_CHAR8_T'
  769 | #    define _LIBCPP_DEPRECATED_WITH_CHAR8_T _LIBCPP_DEPRECATED
      |                                             ^
C:\Users\ultim\Desktop\Sonic Adventure Recompiled\.local\linux-deps\zig\zig-x86_64-windows-0.16.0\lib\libcxx\include/__config:716:49: note: expanded from macro '_LIBCPP_DEPRECATED'
  716 | #      define _LIBCPP_DEPRECATED __attribute__((__deprecated__))
      |                                                 ^
C:/Users/ultim/Desktop/Sonic Adventure Recompiled/src/native_title_adapter.cpp:29452:1: warning: 'sonic_native_collision_work_allocation_failure' has C-linkage specified, but returns user-defined type 'katana::runtime::NativePortHookResult' which is incompatible with C [-Wreturn-type-c-linkage]
 29452 | sonic_native_collision_work_allocation_failure(
       | ^
C:/Users/ultim/Desktop/Sonic Adventure Recompiled/src/native_title_adapter.cpp:29470:1: warning: 'sonic_native_render_command_arena_configure' has C-linkage specified, but returns user-defined type 'katana::runtime::NativePortHookResult' which is incompatible with C [-Wreturn-type-c-linkage]
 29470 | sonic_native_render_command_arena_configure(
       | ^
C:/Users/ultim/Desktop/Sonic Adventure Recompiled/src/native_title_adapter.cpp:29577:1: warning: 'sonic_native_bootstrap' has C-linkage specified, but returns user-defined type 'katana::runtime::NativePortBootstrapResult' which is incompatible with C [-Wreturn-type-c-linkage]
 29577 | sonic_native_bootstrap(
       | ^
C:/Users/ultim/Desktop/Sonic Adventure Recompiled/src/native_title_adapter.cpp:29777:1: warning: 'sonic_native_standalone_texture_list_load' has C-linkage specified, but returns user-defined type 'katana::runtime::NativePortHookResult' which is incompatible with C [-Wreturn-type-c-linkage]
 29777 | sonic_native_standalone_texture_list_load(
       | ^
C:/Users/ultim/Desktop/Sonic Adventure Recompiled/src/native_title_adapter.cpp:29822:1: warning: 'sonic_native_trial_character_list_guard' has C-linkage specified, but returns user-defined type 'katana::runtime::NativePortHookResult' which is incompatible with C [-Wreturn-type-c-linkage]
 29822 | sonic_native_trial_character_list_guard(
       | ^
C:/Users/ultim/Desktop/Sonic Adventure Recompiled/src/native_title_adapter.cpp:29851:1: warning: 'sonic_native_trial_minigame_list_guard' has C-linkage specified, but returns user-defined type 'katana::runtime::NativePortHookResult' which is incompatible with C [-Wreturn-type-c-linkage]
 29851 | sonic_native_trial_minigame_list_guard(
       | ^
C:/Users/ultim/Desktop/Sonic Adventure Recompiled/src/native_title_adapter.cpp:29857:1: warning: 'sonic_native_main_texture_set_load' has C-linkage specified, but returns user-defined type 'katana::runtime::NativePortHookResult' which is incompatible with C [-Wreturn-type-c-linkage]
 29857 | sonic_native_main_texture_set_load(
       | ^
C:/Users/ultim/Desktop/Sonic Adventure Recompiled/src/native_title_adapter.cpp:29880:1: warning: 'sonic_native_named_texture_archive_load' has C-linkage specified, but returns user-defined type 'katana::runtime::NativePortHookResult' which is incompatible with C [-Wreturn-type-c-linkage]
 29880 | sonic_native_named_texture_archive_load(
       | ^
C:/Users/ultim/Desktop/Sonic Adventure Recompiled/src/native_title_adapter.cpp:30315:1: warning: 'sonic_native_named_texture_archive_release' has C-linkage specified, but returns user-defined type 'katana::runtime::NativePortHookResult' which is incompatible with C [-Wreturn-type-c-linkage]
 30315 | sonic_native_named_texture_archive_release(
       | ^
C:/Users/ultim/Desktop/Sonic Adventure Recompiled/src/native_title_adapter.cpp:30359:1: warning: 'sonic_native_character_texture_set_load' has C-linkage specified, but returns user-defined type 'katana::runtime::NativePortHookResult' which is incompatible with C [-Wreturn-type-c-linkage]
 30359 | sonic_native_character_texture_set_load(
       | ^
C:/Users/ultim/Desktop/Sonic Adventure Recompiled/src/native_title_adapter.cpp:30385:1: warning: 'sonic_native_character_texture_set_release' has C-linkage specified, but returns user-defined type 'katana::runtime::NativePortHookResult' which is incompatible with C [-Wreturn-type-c-linkage]
 30385 | sonic_native_character_texture_set_release(
       | ^
C:/Users/ultim/Desktop/Sonic Adventure Recompiled/src/native_title_adapter.cpp:30406:1: warning: 'sonic_native_character_texture_sets_release_all' has C-linkage specified, but returns user-defined type 'katana::runtime::NativePortHookResult' which is incompatible with C [-Wreturn-type-c-linkage]
 30406 | sonic_native_character_texture_sets_release_all(
       | ^
C:/Users/ultim/Desktop/Sonic Adventure Recompiled/src/native_title_adapter.cpp:30754:1: warning: 'sonic_native_system_bus_revision_read_8c604852' has C-linkage specified, but returns user-defined type 'katana::runtime::NativePortHookResult' which is incompatible with C [-Wreturn-type-c-linkage]
 30754 | sonic_native_system_bus_revision_read_8c604852(
       | ^
C:/Users/ultim/Desktop/Sonic Adventure Recompiled/src/native_title_adapter.cpp:30761:1: warning: 'sonic_native_system_bus_revision_read_8c65f56c' has C-linkage specified, but returns user-defined type 'katana::runtime::NativePortHookResult' which is incompatible with C [-Wreturn-type-c-linkage]
 30761 | sonic_native_system_bus_revision_read_8c65f56c(
       | ^
C:/Users/ultim/Desktop/Sonic Adventure Recompiled/src/native_title_adapter.cpp:30768:1: warning: 'sonic_native_system_bus_revision_read_8c6656b8' has C-linkage specified, but returns user-defined type 'katana::runtime::NativePortHookResult' which is incompatible with C [-Wreturn-type-c-linkage]
 30768 | sonic_native_system_bus_revision_read_8c6656b8(
       | ^
C:/Users/ultim/Desktop/Sonic Adventure Recompiled/src/native_title_adapter.cpp:30842:1: warning: 'sonic_native_platform_interrupt_iml4_nrm_read_8c646750' has C-linkage specified, but returns user-defined type 'katana::runtime::NativePortHookResult' which is incompatible with C [-Wreturn-type-c-linkage]
 30842 | sonic_native_platform_interrupt_iml4_nrm_read_8c646750(
       | ^
C:/Users/ultim/Desktop/Sonic Adventure Recompiled/src/native_title_adapter.cpp:30849:1: warning: 'sonic_native_platform_interrupt_iml4_nrm_write_8c646754' has C-linkage specified, but returns user-defined type 'katana::runtime::NativePortHookResult' which is incompatible with C [-Wreturn-type-c-linkage]
 30849 | sonic_native_platform_interrupt_iml4_nrm_write_8c646754(
       | ^
C:/Users/ultim/Desktop/Sonic Adventure Recompiled/src/native_title_adapter.cpp:30955:1: warning: 'sonic_native_platform_interrupt_register' has C-linkage specified, but returns user-defined type 'katana::runtime::NativePortHookResult' which is incompatible with C [-Wreturn-type-c-linkage]
 30955 | sonic_native_platform_interrupt_register(
       | ^
C:/Users/ultim/Desktop/Sonic Adventure Recompiled/src/native_title_adapter.cpp:31090:1: warning: 'sonic_native_platform_interrupt_release' has C-linkage specified, but returns user-defined type 'katana::runtime::NativePortHookResult' which is incompatible with C [-Wreturn-type-c-linkage]
 31090 | sonic_native_platform_interrupt_release(
       | ^
C:/Users/ultim/Desktop/Sonic Adventure Recompiled/src/native_title_adapter.cpp:31191:1: warning: 'sonic_native_platform_interrupt_state_owner_8c653580' has C-linkage specified, but returns user-defined type 'katana::runtime::NativePortHookResult' which is incompatible with C [-Wreturn-type-c-linkage]
 31191 | sonic_native_platform_interrupt_state_owner_8c653580(
       | ^
C:/Users/ultim/Desktop/Sonic Adventure Recompiled/src/native_title_adapter.cpp:31343:1: warning: 'sonic_native_platform_interrupt_state_owner_8c6024b0' has C-linkage specified, but returns user-defined type 'katana::runtime::NativePortHookResult' which is incompatible with C [-Wreturn-type-c-linkage]
 31343 | sonic_native_platform_interrupt_state_owner_8c6024b0(
       | ^
C:/Users/ultim/Desktop/Sonic Adventure Recompiled/src/native_title_adapter.cpp:31454:1: warning: 'sonic_native_platform_interrupt_state_owner_8c645ace' has C-linkage specified, but returns user-defined type 'katana::runtime::NativePortHookResult' which is incompatible with C [-Wreturn-type-c-linkage]
 31454 | sonic_native_platform_interrupt_state_owner_8c645ace(
       | ^
C:/Users/ultim/Desktop/Sonic Adventure Recompiled/src/native_title_adapter.cpp:31682:1: warning: 'sonic_native_save_unit_ready' has C-linkage specified, but returns user-defined type 'katana::runtime::NativePortHookResult' which is incompatible with C [-Wreturn-type-c-linkage]
 31682 | sonic_native_save_unit_ready(
       | ^
C:/Users/ultim/Desktop/Sonic Adventure Recompiled/src/native_title_adapter.cpp:31690:1: warning: 'sonic_native_save_sdk_file_exists' has C-linkage specified, but returns user-defined type 'katana::runtime::NativePortHookResult' which is incompatible with C [-Wreturn-type-c-linkage]
 31690 | sonic_native_save_sdk_file_exists(
       | ^
C:/Users/ultim/Desktop/Sonic Adventure Recompiled/src/native_title_adapter.cpp:31698:1: warning: 'sonic_native_save_file_exists' has C-linkage specified, but returns user-defined type 'katana::runtime::NativePortHookResult' which is incompatible with C [-Wreturn-type-c-linkage]
 31698 | sonic_native_save_file_exists(
       | ^
C:/Users/ultim/Desktop/Sonic Adventure Recompiled/src/native_title_adapter.cpp:31743:1: warning: 'sonic_native_save_highest_slot' has C-linkage specified, but returns user-defined type 'katana::runtime::NativePortHookResult' which is incompatible with C [-Wreturn-type-c-linkage]
 31743 | sonic_native_save_highest_slot(
       | ^
C:/Users/ultim/Desktop/Sonic Adventure Recompiled/src/native_title_adapter.cpp:31896:1: warning: 'sonic_native_save_unit_query' has C-linkage specified, but returns user-defined type 'katana::runtime::NativePortHookResult' which is incompatible with C [-Wreturn-type-c-linkage]
 31896 | sonic_native_save_unit_query(
       | ^
C:/Users/ultim/Desktop/Sonic Adventure Recompiled/src/native_title_adapter.cpp:31939:1: warning: 'sonic_native_save_status' has C-linkage specified, but returns user-defined type 'katana::runtime::NativePortHookResult' which is incompatible with C [-Wreturn-type-c-linkage]
 31939 | sonic_native_save_status(
       | ^
C:/Users/ultim/Desktop/Sonic Adventure Recompiled/src/native_title_adapter.cpp:32029:1: warning: 'sonic_native_save_free_blocks' has C-linkage specified, but returns user-defined type 'katana::runtime::NativePortHookResult' which is incompatible with C [-Wreturn-type-c-linkage]
 32029 | sonic_native_save_free_blocks(katana::runtime::NativePortContext& context) noexcept {
       | ^
C:/Users/ultim/Desktop/Sonic Adventure Recompiled/src/native_title_adapter.cpp:32049:1: warning: 'sonic_native_save_file_blocks' has C-linkage specified, but returns user-defined type 'katana::runtime::NativePortHookResult' which is incompatible with C [-Wreturn-type-c-linkage]
 32049 | sonic_native_save_file_blocks(
       | ^
C:/Users/ultim/Desktop/Sonic Adventure Recompiled/src/native_title_adapter.cpp:32124:1: warning: 'sonic_native_save_read' has C-linkage specified, but returns user-defined type 'katana::runtime::NativePortHookResult' which is incompatible with C [-Wreturn-type-c-linkage]
 32124 | sonic_native_save_read(
       | ^
C:/Users/ultim/Desktop/Sonic Adventure Recompiled/src/native_title_adapter.cpp:32132:1: warning: 'sonic_native_save_read_blocks' has C-linkage specified, but returns user-defined type 'katana::runtime::NativePortHookResult' which is incompatible with C [-Wreturn-type-c-linkage]
 32132 | sonic_native_save_read_blocks(katana::runtime::NativePortContext& context) noexcept {
       | ^
C:/Users/ultim/Desktop/Sonic Adventure Recompiled/src/native_title_adapter.cpp:32187:1: warning: 'sonic_native_save_write' has C-linkage specified, but returns user-defined type 'katana::runtime::NativePortHookResult' which is incompatible with C [-Wreturn-type-c-linkage]
 32187 | sonic_native_save_write(
       | ^
C:/Users/ultim/Desktop/Sonic Adventure Recompiled/src/native_title_adapter.cpp:32195:1: warning: 'sonic_native_save_write_game' has C-linkage specified, but returns user-defined type 'katana::runtime::NativePortHookResult' which is incompatible with C [-Wreturn-type-c-linkage]
 32195 | sonic_native_save_write_game(katana::runtime::NativePortContext& context) noexcept {
       | ^
C:/Users/ultim/Desktop/Sonic Adventure Recompiled/src/native_title_adapter.cpp:32202:1: warning: 'sonic_native_timer_initialize' has C-linkage specified, but returns user-defined type 'katana::runtime::NativePortHookResult' which is incompatible with C [-Wreturn-type-c-linkage]
 32202 | sonic_native_timer_initialize(
       | ^
C:/Users/ultim/Desktop/Sonic Adventure Recompiled/src/native_title_adapter.cpp:32216:1: warning: 'sonic_native_video_cable_bits' has C-linkage specified, but returns user-defined type 'katana::runtime::NativePortHookResult' which is incompatible with C [-Wreturn-type-c-linkage]
 32216 | sonic_native_video_cable_bits(
       | ^
C:/Users/ultim/Desktop/Sonic Adventure Recompiled/src/native_title_adapter.cpp:32233:1: warning: 'sonic_native_frame_boundary_wait' has C-linkage specified, but returns user-defined type 'katana::runtime::NativePortHookResult' which is incompatible with C [-Wreturn-type-c-linkage]
 32233 | sonic_native_frame_boundary_wait(
       | ^
C:/Users/ultim/Desktop/Sonic Adventure Recompiled/src/native_title_adapter.cpp:32254:1: warning: 'sonic_native_play_movie' has C-linkage specified, but returns user-defined type 'katana::runtime::NativePortHookResult' which is incompatible with C [-Wreturn-type-c-linkage]
 32254 | sonic_native_play_movie(
       | ^
C:/Users/ultim/Desktop/Sonic Adventure Recompiled/src/native_title_adapter.cpp:32507:1: warning: 'sonic_native_lighting_content_load' has C-linkage specified, but returns user-defined type 'katana::runtime::NativePortHookResult' which is incompatible with C [-Wreturn-type-c-linkage]
 32507 | sonic_native_lighting_content_load(
       | ^
C:/Users/ultim/Desktop/Sonic Adventure Recompiled/src/native_title_adapter.cpp:32627:1: warning: 'sonic_native_content_range_read' has C-linkage specified, but returns user-defined type 'katana::runtime::NativePortHookResult' which is incompatible with C [-Wreturn-type-c-linkage]
 32627 | sonic_native_content_range_read(
       | ^
C:/Users/ultim/Desktop/Sonic Adventure Recompiled/src/native_title_adapter.cpp:32774:1: warning: 'sonic_native_load_movie_overlay' has C-linkage specified, but returns user-defined type 'katana::runtime::NativePortHookResult' which is incompatible with C [-Wreturn-type-c-linkage]
 32774 | sonic_native_load_movie_overlay(
       | ^
C:/Users/ultim/Desktop/Sonic Adventure Recompiled/src/native_title_adapter.cpp:32978:1: warning: 'sonic_native_event_arena_prepare' has C-linkage specified, but returns user-defined type 'katana::runtime::NativePortHookResult' which is incompatible with C [-Wreturn-type-c-linkage]
 32978 | sonic_native_event_arena_prepare(
       | ^
C:/Users/ultim/Desktop/Sonic Adventure Recompiled/src/native_title_adapter.cpp:33013:1: warning: 'sonic_native_prs_transform_guard' has C-linkage specified, but returns user-defined type 'katana::runtime::NativePortHookResult' which is incompatible with C [-Wreturn-type-c-linkage]
 33013 | sonic_native_prs_transform_guard(
       | ^
C:/Users/ultim/Desktop/Sonic Adventure Recompiled/src/native_title_adapter.cpp:33182:1: warning: 'sonic_native_timer_count' has C-linkage specified, but returns user-defined type 'katana::runtime::NativePortHookResult' which is incompatible with C [-Wreturn-type-c-linkage]
 33182 | sonic_native_timer_count(
       | ^
C:/Users/ultim/Desktop/Sonic Adventure Recompiled/src/native_title_adapter.cpp:33193:1: warning: 'sonic_native_host_timing_owner_8c06c000' has C-linkage specified, but returns user-defined type 'katana::runtime::NativePortHookResult' which is incompatible with C [-Wreturn-type-c-linkage]
 33193 | sonic_native_host_timing_owner_8c06c000(
       | ^
C:/Users/ultim/Desktop/Sonic Adventure Recompiled/src/native_title_adapter.cpp:33269:1: warning: 'sonic_native_periodic_delta' has C-linkage specified, but returns user-defined type 'katana::runtime::NativePortHookResult' which is incompatible with C [-Wreturn-type-c-linkage]
 33269 | sonic_native_periodic_delta(
       | ^
C:/Users/ultim/Desktop/Sonic Adventure Recompiled/src/native_title_adapter.cpp:33339:1: warning: 'sonic_native_periodic_sample' has C-linkage specified, but returns user-defined type 'katana::runtime::NativePortHookResult' which is incompatible with C [-Wreturn-type-c-linkage]
 33339 | sonic_native_periodic_sample(
       | ^
C:/Users/ultim/Desktop/Sonic Adventure Recompiled/src/native_title_adapter.cpp:33382:1: warning: 'sonic_native_periodic_elapsed' has C-linkage specified, but returns user-defined type 'katana::runtime::NativePortHookResult' which is incompatible with C [-Wreturn-type-c-linkage]
 33382 | sonic_native_periodic_elapsed(
       | ^
C:/Users/ultim/Desktop/Sonic Adventure Recompiled/src/native_title_adapter.cpp:33433:1: warning: 'sonic_native_registered_texture_key_select' has C-linkage specified, but returns user-defined type 'katana::runtime::NativePortHookResult' which is incompatible with C [-Wreturn-type-c-linkage]
 33433 | sonic_native_registered_texture_key_select(
       | ^
C:/Users/ultim/Desktop/Sonic Adventure Recompiled/src/native_title_adapter.cpp:33503:1: warning: 'sonic_native_texture_list_bind' has C-linkage specified, but returns user-defined type 'katana::runtime::NativePortHookResult' which is incompatible with C [-Wreturn-type-c-linkage]
 33503 | sonic_native_texture_list_bind(
       | ^
C:/Users/ultim/Desktop/Sonic Adventure Recompiled/src/native_title_adapter.cpp:33546:1: warning: 'sonic_native_texture_index_failure_observe' has C-linkage specified, but returns user-defined type 'katana::runtime::NativePortHookResult' which is incompatible with C [-Wreturn-type-c-linkage]
 33546 | sonic_native_texture_index_failure_observe(
       | ^
C:/Users/ultim/Desktop/Sonic Adventure Recompiled/src/native_title_adapter.cpp:33669:1: warning: 'sonic_native_sdk_texture_allocation_guard' has C-linkage specified, but returns user-defined type 'katana::runtime::NativePortHookResult' which is incompatible with C [-Wreturn-type-c-linkage]
 33669 | sonic_native_sdk_texture_allocation_guard(
       | ^
C:/Users/ultim/Desktop/Sonic Adventure Recompiled/src/native_title_adapter.cpp:33717:1: warning: 'sonic_native_texture_number_observe' has C-linkage specified, but returns user-defined type 'katana::runtime::NativePortHookResult' which is incompatible with C [-Wreturn-type-c-linkage]
 33717 | sonic_native_texture_number_observe(
       | ^
C:/Users/ultim/Desktop/Sonic Adventure Recompiled/src/native_title_adapter.cpp:33738:1: warning: 'sonic_native_texture_backing_word_copy' has C-linkage specified, but returns user-defined type 'katana::runtime::NativePortHookResult' which is incompatible with C [-Wreturn-type-c-linkage]
 33738 | sonic_native_texture_backing_word_copy(
       | ^
C:/Users/ultim/Desktop/Sonic Adventure Recompiled/src/native_title_adapter.cpp:33804:1: warning: 'sonic_native_texture_backing_upload' has C-linkage specified, but returns user-defined type 'katana::runtime::NativePortHookResult' which is incompatible with C [-Wreturn-type-c-linkage]
 33804 | sonic_native_texture_backing_upload(
       | ^
C:/Users/ultim/Desktop/Sonic Adventure Recompiled/src/native_title_adapter.cpp:33915:1: warning: 'sonic_native_texture_backing_completion' has C-linkage specified, but returns user-defined type 'katana::runtime::NativePortHookResult' which is incompatible with C [-Wreturn-type-c-linkage]
 33915 | sonic_native_texture_backing_completion(
       | ^
C:/Users/ultim/Desktop/Sonic Adventure Recompiled/src/native_title_adapter.cpp:34067:1: warning: 'sonic_native_font_surface_upload' has C-linkage specified, but returns user-defined type 'katana::runtime::NativePortHookResult' which is incompatible with C [-Wreturn-type-c-linkage]
 34067 | sonic_native_font_surface_upload(
       | ^
C:/Users/ultim/Desktop/Sonic Adventure Recompiled/src/native_title_adapter.cpp:34243:1: warning: 'katana_native_hook_8C037460' has C-linkage specified, but returns user-defined type 'katana::runtime::NativePortHookResult' which is incompatible with C [-Wreturn-type-c-linkage]
 34243 | katana_native_hook_8C037460(
       | ^
C:/Users/ultim/Desktop/Sonic Adventure Recompiled/src/native_title_adapter.cpp:34262:1: warning: 'katana_native_hook_8C0374D4' has C-linkage specified, but returns user-defined type 'katana::runtime::NativePortHookResult' which is incompatible with C [-Wreturn-type-c-linkage]
 34262 | katana_native_hook_8C0374D4(
       | ^
C:/Users/ultim/Desktop/Sonic Adventure Recompiled/src/native_title_adapter.cpp:34280:1: warning: 'katana_native_hook_8C0375B0' has C-linkage specified, but returns user-defined type 'katana::runtime::NativePortHookResult' which is incompatible with C [-Wreturn-type-c-linkage]
 34280 | katana_native_hook_8C0375B0(
       | ^
C:/Users/ultim/Desktop/Sonic Adventure Recompiled/src/native_title_adapter.cpp:34298:1: warning: 'katana_native_hook_8C037538' has C-linkage specified, but returns user-defined type 'katana::runtime::NativePortHookResult' which is incompatible with C [-Wreturn-type-c-linkage]
 34298 | katana_native_hook_8C037538(
       | ^
C:/Users/ultim/Desktop/Sonic Adventure Recompiled/src/native_title_adapter.cpp:34321:1: warning: 'katana_native_hook_8C605DA8' has C-linkage specified, but returns user-defined type 'katana::runtime::NativePortHookResult' which is incompatible with C [-Wreturn-type-c-linkage]
 34321 | katana_native_hook_8C605DA8(
       | ^
C:/Users/ultim/Desktop/Sonic Adventure Recompiled/src/native_title_adapter.cpp:34343:1: warning: 'katana_native_hook_8C605E7C' has C-linkage specified, but returns user-defined type 'katana::runtime::NativePortHookResult' which is incompatible with C [-Wreturn-type-c-linkage]
 34343 | katana_native_hook_8C605E7C(
       | ^
C:/Users/ultim/Desktop/Sonic Adventure Recompiled/src/native_title_adapter.cpp:34365:1: warning: 'katana_native_hook_8C605F0A' has C-linkage specified, but returns user-defined type 'katana::runtime::NativePortHookResult' which is incompatible with C [-Wreturn-type-c-linkage]
 34365 | katana_native_hook_8C605F0A(
       | ^
C:/Users/ultim/Desktop/Sonic Adventure Recompiled/src/native_title_adapter.cpp:34387:1: warning: 'katana_native_hook_8C6063F0' has C-linkage specified, but returns user-defined type 'katana::runtime::NativePortHookResult' which is incompatible with C [-Wreturn-type-c-linkage]
 34387 | katana_native_hook_8C6063F0(
       | ^
C:/Users/ultim/Desktop/Sonic Adventure Recompiled/src/native_title_adapter.cpp:34411:1: warning: 'katana_native_hook_8C605FBA' has C-linkage specified, but returns user-defined type 'katana::runtime::NativePortHookResult' which is incompatible with C [-Wreturn-type-c-linkage]
 34411 | katana_native_hook_8C605FBA(
       | ^
C:/Users/ultim/Desktop/Sonic Adventure Recompiled/src/native_title_adapter.cpp:34436:1: warning: 'katana_native_hook_8C6061EC' has C-linkage specified, but returns user-defined type 'katana::runtime::NativePortHookResult' which is incompatible with C [-Wreturn-type-c-linkage]
 34436 | katana_native_hook_8C6061EC(
       | ^
C:/Users/ultim/Desktop/Sonic Adventure Recompiled/src/native_title_adapter.cpp:34460:1: warning: 'katana_native_hook_8C6062DA' has C-linkage specified, but returns user-defined type 'katana::runtime::NativePortHookResult' which is incompatible with C [-Wreturn-type-c-linkage]
 34460 | katana_native_hook_8C6062DA(
       | ^
C:/Users/ultim/Desktop/Sonic Adventure Recompiled/src/native_title_adapter.cpp:34484:1: warning: 'katana_native_hook_8C6064F0' has C-linkage specified, but returns user-defined type 'katana::runtime::NativePortHookResult' which is incompatible with C [-Wreturn-type-c-linkage]
 34484 | katana_native_hook_8C6064F0(
       | ^
C:/Users/ultim/Desktop/Sonic Adventure Recompiled/src/native_title_adapter.cpp:34508:1: warning: 'sonic_native_palette_lighting' has C-linkage specified, but returns user-defined type 'katana::runtime::NativePortHookResult' which is incompatible with C [-Wreturn-type-c-linkage]
 34508 | sonic_native_palette_lighting(
       | ^
C:/Users/ultim/Desktop/Sonic Adventure Recompiled/src/native_title_adapter.cpp:34536:1: warning: 'sonic_native_vertex_normals' has C-linkage specified, but returns user-defined type 'katana::runtime::NativePortHookResult' which is incompatible with C [-Wreturn-type-c-linkage]
 34536 | sonic_native_vertex_normals(
       | ^
C:/Users/ultim/Desktop/Sonic Adventure Recompiled/src/native_title_adapter.cpp:34588:1: warning: 'sonic_native_amy_hammer_effect' has C-linkage specified, but returns user-defined type 'katana::runtime::NativePortHookResult' which is incompatible with C [-Wreturn-type-c-linkage]
 34588 | sonic_native_amy_hammer_effect(katana::runtime::NativePortContext& context) noexcept {
       | ^
C:/Users/ultim/Desktop/Sonic Adventure Recompiled/src/native_title_adapter.cpp:34657:1: warning: 'sonic_native_triangle_contacts' has C-linkage specified, but returns user-defined type 'katana::runtime::NativePortHookResult' which is incompatible with C [-Wreturn-type-c-linkage]
 34657 | sonic_native_triangle_contacts(katana::runtime::NativePortContext& context) noexcept {
       | ^
C:/Users/ultim/Desktop/Sonic Adventure Recompiled/src/native_title_adapter.cpp:34728:1: warning: 'sonic_native_collision_candidates' has C-linkage specified, but returns user-defined type 'katana::runtime::NativePortHookResult' which is incompatible with C [-Wreturn-type-c-linkage]
 34728 | sonic_native_collision_candidates(katana::runtime::NativePortContext& context) noexcept {
       | ^
C:/Users/ultim/Desktop/Sonic Adventure Recompiled/src/native_title_adapter.cpp:34780:1: warning: 'sonic_native_motion_position' has C-linkage specified, but returns user-defined type 'katana::runtime::NativePortHookResult' which is incompatible with C [-Wreturn-type-c-linkage]
 34780 | sonic_native_motion_position(katana::runtime::NativePortContext& c) noexcept {return sonic_native_motion_sampling_impl(c);}
       | ^
C:/Users/ultim/Desktop/Sonic Adventure Recompiled/src/native_title_adapter.cpp:34782:1: warning: 'sonic_native_motion_scale' has C-linkage specified, but returns user-defined type 'katana::runtime::NativePortHookResult' which is incompatible with C [-Wreturn-type-c-linkage]
 34782 | sonic_native_motion_scale(katana::runtime::NativePortContext& c) noexcept {return sonic_native_motion_sampling_impl(c);}
       | ^
C:/Users/ultim/Desktop/Sonic Adventure Recompiled/src/native_title_adapter.cpp:34784:1: warning: 'sonic_native_motion_rotate_zyx' has C-linkage specified, but returns user-defined type 'katana::runtime::NativePortHookResult' which is incompatible with C [-Wreturn-type-c-linkage]
 34784 | sonic_native_motion_rotate_zyx(katana::runtime::NativePortContext& c) noexcept {return sonic_native_motion_sampling_impl(c);}
       | ^
C:/Users/ultim/Desktop/Sonic Adventure Recompiled/src/native_title_adapter.cpp:34786:1: warning: 'sonic_native_motion_rotate_yxz' has C-linkage specified, but returns user-defined type 'katana::runtime::NativePortHookResult' which is incompatible with C [-Wreturn-type-c-linkage]
 34786 | sonic_native_motion_rotate_yxz(katana::runtime::NativePortContext& c) noexcept {return sonic_native_motion_sampling_impl(c);}
       | ^
C:/Users/ultim/Desktop/Sonic Adventure Recompiled/src/native_title_adapter.cpp:34816:1: warning: 'sonic_native_atan' has C-linkage specified, but returns user-defined type 'katana::runtime::NativePortHookResult' which is incompatible with C [-Wreturn-type-c-linkage]
 34816 | sonic_native_atan(katana::runtime::NativePortContext& context) noexcept {
       | ^
C:/Users/ultim/Desktop/Sonic Adventure Recompiled/src/native_title_adapter.cpp:34820:1: warning: 'sonic_native_atan_quotient' has C-linkage specified, but returns user-defined type 'katana::runtime::NativePortHookResult' which is incompatible with C [-Wreturn-type-c-linkage]
 34820 | sonic_native_atan_quotient(katana::runtime::NativePortContext& context) noexcept {
       | ^
C:/Users/ultim/Desktop/Sonic Adventure Recompiled/src/native_title_adapter.cpp:34824:1: warning: 'sonic_native_atan_polynomial' has C-linkage specified, but returns user-defined type 'katana::runtime::NativePortHookResult' which is incompatible with C [-Wreturn-type-c-linkage]
 34824 | sonic_native_atan_polynomial(katana::runtime::NativePortContext& context) noexcept {
       | ^
C:/Users/ultim/Desktop/Sonic Adventure Recompiled/src/native_title_adapter.cpp:34828:1: warning: 'sonic_native_atan_scale' has C-linkage specified, but returns user-defined type 'katana::runtime::NativePortHookResult' which is incompatible with C [-Wreturn-type-c-linkage]
 34828 | sonic_native_atan_scale(katana::runtime::NativePortContext& context) noexcept {
       | ^
C:/Users/ultim/Desktop/Sonic Adventure Recompiled/src/native_title_adapter.cpp:34858:1: warning: 'sonic_native_matrix_inverse' has C-linkage specified, but returns user-defined type 'katana::runtime::NativePortHookResult' which is incompatible with C [-Wreturn-type-c-linkage]
 34858 | sonic_native_matrix_inverse(katana::runtime::NativePortContext& context) noexcept {
       | ^
C:/Users/ultim/Desktop/Sonic Adventure Recompiled/src/native_title_adapter.cpp:34862:1: warning: 'sonic_native_matrix_determinant' has C-linkage specified, but returns user-defined type 'katana::runtime::NativePortHookResult' which is incompatible with C [-Wreturn-type-c-linkage]
 34862 | sonic_native_matrix_determinant(katana::runtime::NativePortContext& context) noexcept {
       | ^
C:/Users/ultim/Desktop/Sonic Adventure Recompiled/src/native_title_adapter.cpp:34886:1: warning: 'sonic_native_matrix_vector_point' has C-linkage specified, but returns user-defined type 'katana::runtime::NativePortHookResult' which is incompatible with C [-Wreturn-type-c-linkage]
 34886 | sonic_native_matrix_vector_point(katana::runtime::NativePortContext& context) noexcept {
       | ^
C:/Users/ultim/Desktop/Sonic Adventure Recompiled/src/native_title_adapter.cpp:34890:1: warning: 'sonic_native_matrix_vector_direction' has C-linkage specified, but returns user-defined type 'katana::runtime::NativePortHookResult' which is incompatible with C [-Wreturn-type-c-linkage]
 34890 | sonic_native_matrix_vector_direction(katana::runtime::NativePortContext& context) noexcept {
       | ^
C:/Users/ultim/Desktop/Sonic Adventure Recompiled/src/native_title_adapter.cpp:34894:1: warning: 'sonic_native_matrix_vector_store' has C-linkage specified, but returns user-defined type 'katana::runtime::NativePortHookResult' which is incompatible with C [-Wreturn-type-c-linkage]
 34894 | sonic_native_matrix_vector_store(katana::runtime::NativePortContext& context) noexcept {
       | ^
C:/Users/ultim/Desktop/Sonic Adventure Recompiled/src/native_title_adapter.cpp:34898:1: warning: 'sonic_native_matrix_vector_translation' has C-linkage specified, but returns user-defined type 'katana::runtime::NativePortHookResult' which is incompatible with C [-Wreturn-type-c-linkage]
 34898 | sonic_native_matrix_vector_translation(katana::runtime::NativePortContext& context) noexcept {
       | ^
C:/Users/ultim/Desktop/Sonic Adventure Recompiled/src/native_title_adapter.cpp:34928:1: warning: 'sonic_native_collision_cross' has C-linkage specified, but returns user-defined type 'katana::runtime::NativePortHookResult' which is incompatible with C [-Wreturn-type-c-linkage]
 34928 | sonic_native_collision_cross(katana::runtime::NativePortContext& context) noexcept {
       | ^
C:/Users/ultim/Desktop/Sonic Adventure Recompiled/src/native_title_adapter.cpp:34932:1: warning: 'sonic_native_collision_length' has C-linkage specified, but returns user-defined type 'katana::runtime::NativePortHookResult' which is incompatible with C [-Wreturn-type-c-linkage]
 34932 | sonic_native_collision_length(katana::runtime::NativePortContext& context) noexcept {
       | ^
C:/Users/ultim/Desktop/Sonic Adventure Recompiled/src/native_title_adapter.cpp:34936:1: warning: 'sonic_native_collision_normalize' has C-linkage specified, but returns user-defined type 'katana::runtime::NativePortHookResult' which is incompatible with C [-Wreturn-type-c-linkage]
 34936 | sonic_native_collision_normalize(katana::runtime::NativePortContext& context) noexcept {
       | ^
C:/Users/ultim/Desktop/Sonic Adventure Recompiled/src/native_title_adapter.cpp:34978:1: warning: 'sonic_native_matrix_stack_push' has C-linkage specified, but returns user-defined type 'katana::runtime::NativePortHookResult' which is incompatible with C [-Wreturn-type-c-linkage]
 34978 | sonic_native_matrix_stack_push(katana::runtime::NativePortContext& context) noexcept {
       | ^
C:/Users/ultim/Desktop/Sonic Adventure Recompiled/src/native_title_adapter.cpp:34982:1: warning: 'sonic_native_matrix_stack_pop' has C-linkage specified, but returns user-defined type 'katana::runtime::NativePortHookResult' which is incompatible with C [-Wreturn-type-c-linkage]
 34982 | sonic_native_matrix_stack_pop(katana::runtime::NativePortContext& context) noexcept {
       | ^
C:/Users/ultim/Desktop/Sonic Adventure Recompiled/src/native_title_adapter.cpp:34987:1: warning: 'sonic_native_ninja_model_transform' has C-linkage specified, but returns user-defined type 'katana::runtime::NativePortHookResult' which is incompatible with C [-Wreturn-type-c-linkage]
 34987 | sonic_native_ninja_model_transform(
       | ^
C:/Users/ultim/Desktop/Sonic Adventure Recompiled/src/native_title_adapter.cpp:38582:1: warning: 'sonic_native_ninja_model_draw' has C-linkage specified, but returns user-defined type 'katana::runtime::NativePortHookResult' which is incompatible with C [-Wreturn-type-c-linkage]
 38582 | sonic_native_ninja_model_draw(
       | ^
C:/Users/ultim/Desktop/Sonic Adventure Recompiled/src/native_title_adapter.cpp:38588:1: warning: 'sonic_native_widescreen_model_cull' has C-linkage specified, but returns user-defined type 'katana::runtime::NativePortHookResult' which is incompatible with C [-Wreturn-type-c-linkage]
 38588 | sonic_native_widescreen_model_cull(katana::runtime::NativePortContext&) noexcept;
       | ^
C:/Users/ultim/Desktop/Sonic Adventure Recompiled/src/native_title_adapter.cpp:38766:1: warning: 'sonic_native_model_pipeline' has C-linkage specified, but returns user-defined type 'katana::runtime::NativePortHookResult' which is incompatible with C [-Wreturn-type-c-linkage]
 38766 | sonic_native_model_pipeline(katana::runtime::NativePortContext& context) noexcept {
       | ^
C:/Users/ultim/Desktop/Sonic Adventure Recompiled/src/native_title_adapter.cpp:38781:1: warning: 'sonic_native_model_pipeline_8c037098' has C-linkage specified, but returns user-defined type 'katana::runtime::NativePortHookResult' which is incompatible with C [-Wreturn-type-c-linkage]
 38781 | sonic_native_model_pipeline_8c037098(katana::runtime::NativePortContext& context) noexcept {return sonic_native_model_pipeline(context);}
       | ^
C:/Users/ultim/Desktop/Sonic Adventure Recompiled/src/native_title_adapter.cpp:38783:1: warning: 'sonic_native_model_pipeline_8c037108' has C-linkage specified, but returns user-defined type 'katana::runtime::NativePortHookResult' which is incompatible with C [-Wreturn-type-c-linkage]
 38783 | sonic_native_model_pipeline_8c037108(katana::runtime::NativePortContext& context) noexcept {return sonic_native_model_pipeline(context);}
       | ^
C:/Users/ultim/Desktop/Sonic Adventure Recompiled/src/native_title_adapter.cpp:38788:1: warning: 'sonic_native_draw_polygon' has C-linkage specified, but returns user-defined type 'katana::runtime::NativePortHookResult' which is incompatible with C [-Wreturn-type-c-linkage]
 38788 | sonic_native_draw_polygon(
       | ^
C:/Users/ultim/Desktop/Sonic Adventure Recompiled/src/native_title_adapter.cpp:38794:1: warning: 'sonic_native_draw_texture' has C-linkage specified, but returns user-defined type 'katana::runtime::NativePortHookResult' which is incompatible with C [-Wreturn-type-c-linkage]
 38794 | sonic_native_draw_texture(
       | ^
C:/Users/ultim/Desktop/Sonic Adventure Recompiled/src/native_title_adapter.cpp:38800:1: warning: 'sonic_native_draw_textureh' has C-linkage specified, but returns user-defined type 'katana::runtime::NativePortHookResult' which is incompatible with C [-Wreturn-type-c-linkage]
 38800 | sonic_native_draw_textureh(
       | ^
C:/Users/ultim/Desktop/Sonic Adventure Recompiled/src/native_title_adapter.cpp:38806:1: warning: 'sonic_native_draw_pretransformed_dispatch' has C-linkage specified, but returns user-defined type 'katana::runtime::NativePortHookResult' which is incompatible with C [-Wreturn-type-c-linkage]
 38806 | sonic_native_draw_pretransformed_dispatch(
       | ^
C:/Users/ultim/Desktop/Sonic Adventure Recompiled/src/native_title_adapter.cpp:39164:1: warning: 'sonic_native_draw_pretransformed_line_dispatch' has C-linkage specified, but returns user-defined type 'katana::runtime::NativePortHookResult' which is incompatible with C [-Wreturn-type-c-linkage]
 39164 | sonic_native_draw_pretransformed_line_dispatch(
       | ^
C:/Users/ultim/Desktop/Sonic Adventure Recompiled/src/native_title_adapter.cpp:39720:1: warning: 'sonic_native_draw_pretransformed_colored' has C-linkage specified, but returns user-defined type 'katana::runtime::NativePortHookResult' which is incompatible with C [-Wreturn-type-c-linkage]
 39720 | sonic_native_draw_pretransformed_colored(
       | ^
C:/Users/ultim/Desktop/Sonic Adventure Recompiled/src/native_title_adapter.cpp:39726:1: warning: 'sonic_native_draw_pretransformed_textured' has C-linkage specified, but returns user-defined type 'katana::runtime::NativePortHookResult' which is incompatible with C [-Wreturn-type-c-linkage]
 39726 | sonic_native_draw_pretransformed_textured(
       | ^
C:/Users/ultim/Desktop/Sonic Adventure Recompiled/src/native_title_adapter.cpp:41070:1: warning: 'sonic_native_draw_sprite_2d' has C-linkage specified, but returns user-defined type 'katana::runtime::NativePortHookResult' which is incompatible with C [-Wreturn-type-c-linkage]
 41070 | sonic_native_draw_sprite_2d(
       | ^
C:/Users/ultim/Desktop/Sonic Adventure Recompiled/src/native_title_adapter.cpp:41076:1: warning: 'sonic_native_draw_sprite_3d' has C-linkage specified, but returns user-defined type 'katana::runtime::NativePortHookResult' which is incompatible with C [-Wreturn-type-c-linkage]
 41076 | sonic_native_draw_sprite_3d(
       | ^
C:/Users/ultim/Desktop/Sonic Adventure Recompiled/src/native_title_adapter.cpp:41082:1: warning: 'sonic_native_draw_route_sprite_3d' has C-linkage specified, but returns user-defined type 'katana::runtime::NativePortHookResult' which is incompatible with C [-Wreturn-type-c-linkage]
 41082 | sonic_native_draw_route_sprite_3d(
       | ^
C:/Users/ultim/Desktop/Sonic Adventure Recompiled/src/native_title_adapter.cpp:41533:1: warning: 'sonic_native_draw_glyph_text' has C-linkage specified, but returns user-defined type 'katana::runtime::NativePortHookResult' which is incompatible with C [-Wreturn-type-c-linkage]
 41533 | sonic_native_draw_glyph_text(
       | ^
C:/Users/ultim/Desktop/Sonic Adventure Recompiled/src/native_title_adapter.cpp:41539:1: warning: 'sonic_native_draw_glyph_decimal' has C-linkage specified, but returns user-defined type 'katana::runtime::NativePortHookResult' which is incompatible with C [-Wreturn-type-c-linkage]
 41539 | sonic_native_draw_glyph_decimal(
       | ^
C:/Users/ultim/Desktop/Sonic Adventure Recompiled/src/native_title_adapter.cpp:41545:1: warning: 'sonic_native_draw_glyph_nibbles' has C-linkage specified, but returns user-defined type 'katana::runtime::NativePortHookResult' which is incompatible with C [-Wreturn-type-c-linkage]
 41545 | sonic_native_draw_glyph_nibbles(
       | ^
C:/Users/ultim/Desktop/Sonic Adventure Recompiled/src/native_title_adapter.cpp:41551:1: warning: 'sonic_native_draw_resident_glyph_text' has C-linkage specified, but returns user-defined type 'katana::runtime::NativePortHookResult' which is incompatible with C [-Wreturn-type-c-linkage]
 41551 | sonic_native_draw_resident_glyph_text(
       | ^
C:/Users/ultim/Desktop/Sonic Adventure Recompiled/src/native_title_adapter.cpp:41558:1: warning: 'sonic_native_draw_resident_glyph_foreground' has C-linkage specified, but returns user-defined type 'katana::runtime::NativePortHookResult' which is incompatible with C [-Wreturn-type-c-linkage]
 41558 | sonic_native_draw_resident_glyph_foreground(
       | ^
C:/Users/ultim/Desktop/Sonic Adventure Recompiled/src/native_title_adapter.cpp:41565:1: warning: 'sonic_native_draw_resident_glyph_decimal' has C-linkage specified, but returns user-defined type 'katana::runtime::NativePortHookResult' which is incompatible with C [-Wreturn-type-c-linkage]
 41565 | sonic_native_draw_resident_glyph_decimal(
       | ^
C:/Users/ultim/Desktop/Sonic Adventure Recompiled/src/native_title_adapter.cpp:41572:1: warning: 'sonic_native_draw_resident_glyph_binary' has C-linkage specified, but returns user-defined type 'katana::runtime::NativePortHookResult' which is incompatible with C [-Wreturn-type-c-linkage]
 41572 | sonic_native_draw_resident_glyph_binary(
       | ^
C:/Users/ultim/Desktop/Sonic Adventure Recompiled/src/native_title_adapter.cpp:41579:1: warning: 'sonic_native_draw_resident_glyph_nibbles' has C-linkage specified, but returns user-defined type 'katana::runtime::NativePortHookResult' which is incompatible with C [-Wreturn-type-c-linkage]
 41579 | sonic_native_draw_resident_glyph_nibbles(
       | ^
C:/Users/ultim/Desktop/Sonic Adventure Recompiled/src/native_title_adapter.cpp:41586:1: warning: 'sonic_native_draw_resident_glyph_float' has C-linkage specified, but returns user-defined type 'katana::runtime::NativePortHookResult' which is incompatible with C [-Wreturn-type-c-linkage]
 41586 | sonic_native_draw_resident_glyph_float(
       | ^
C:/Users/ultim/Desktop/Sonic Adventure Recompiled/src/native_title_adapter.cpp:41902:1: warning: 'sonic_native_frame_begin' has C-linkage specified, but returns user-defined type 'katana::runtime::NativePortHookResult' which is incompatible with C [-Wreturn-type-c-linkage]
 41902 | sonic_native_frame_begin(
       | ^
C:/Users/ultim/Desktop/Sonic Adventure Recompiled/src/native_title_adapter.cpp:42235:1: warning: 'sonic_native_frame_producer_complete' has C-linkage specified, but returns user-defined type 'katana::runtime::NativePortHookResult' which is incompatible with C [-Wreturn-type-c-linkage]
 42235 | sonic_native_frame_producer_complete(
       | ^
C:/Users/ultim/Desktop/Sonic Adventure Recompiled/src/native_title_adapter.cpp:42267:1: warning: 'sonic_native_frame_producer_wait' has C-linkage specified, but returns user-defined type 'katana::runtime::NativePortHookResult' which is incompatible with C [-Wreturn-type-c-linkage]
 42267 | sonic_native_frame_producer_wait(
       | ^
C:/Users/ultim/Desktop/Sonic Adventure Recompiled/src/native_title_adapter.cpp:42303:1: warning: 'sonic_native_scene_begin' has C-linkage specified, but returns user-defined type 'katana::runtime::NativePortHookResult' which is incompatible with C [-Wreturn-type-c-linkage]
 42303 | sonic_native_scene_begin(
       | ^
C:/Users/ultim/Desktop/Sonic Adventure Recompiled/src/native_title_adapter.cpp:42364:1: warning: 'sonic_native_frame_turnover' has C-linkage specified, but returns user-defined type 'katana::runtime::NativePortHookResult' which is incompatible with C [-Wreturn-type-c-linkage]
 42364 | sonic_native_frame_turnover(
       | ^
C:/Users/ultim/Desktop/Sonic Adventure Recompiled/src/native_title_adapter.cpp:42488:1: warning: 'sonic_native_kamui_present_drain' has C-linkage specified, but returns user-defined type 'katana::runtime::NativePortHookResult' which is incompatible with C [-Wreturn-type-c-linkage]
 42488 | sonic_native_kamui_present_drain(
       | ^
C:/Users/ultim/Desktop/Sonic Adventure Recompiled/src/native_title_adapter.cpp:42536:1: warning: 'sonic_native_waypoint_probe' has C-linkage specified, but returns user-defined type 'katana::runtime::NativePortHookResult' which is incompatible with C [-Wreturn-type-c-linkage]
 42536 | sonic_native_waypoint_probe(
       | ^
C:/Users/ultim/Desktop/Sonic Adventure Recompiled/src/native_title_adapter.cpp:42563:1: warning: 'sonic_native_waypoint_title_dispatch' has C-linkage specified, but returns user-defined type 'katana::runtime::NativePortHookResult' which is incompatible with C [-Wreturn-type-c-linkage]
 42563 | sonic_native_waypoint_title_dispatch(
       | ^
C:/Users/ultim/Desktop/Sonic Adventure Recompiled/src/native_title_adapter.cpp:42569:1: warning: 'sonic_native_waypoint_frame_dispatch' has C-linkage specified, but returns user-defined type 'katana::runtime::NativePortHookResult' which is incompatible with C [-Wreturn-type-c-linkage]
 42569 | sonic_native_waypoint_frame_dispatch(
       | ^
C:/Users/ultim/Desktop/Sonic Adventure Recompiled/src/native_title_adapter.cpp:42732:1: warning: 'sonic_native_pvr_asic_interrupt_normal_acknowledge_8_8c6047ba' has C-linkage specified, but returns user-defined type 'katana::runtime::NativePortHookResult' which is incompatible with C [-Wreturn-type-c-linkage]
 42732 | sonic_native_pvr_asic_interrupt_normal_acknowledge_8_8c6047ba(
       | ^
C:/Users/ultim/Desktop/Sonic Adventure Recompiled/src/native_title_adapter.cpp:42739:1: warning: 'sonic_native_pvr_softreset_write_1_8c653388' has C-linkage specified, but returns user-defined type 'katana::runtime::NativePortHookResult' which is incompatible with C [-Wreturn-type-c-linkage]
 42739 | sonic_native_pvr_softreset_write_1_8c653388(
       | ^
C:/Users/ultim/Desktop/Sonic Adventure Recompiled/src/native_title_adapter.cpp:42808:1: warning: 'sonic_native_pvr_asic_interrupt_error_acknowledge_4' has C-linkage specified, but returns user-defined type 'katana::runtime::NativePortHookResult' which is incompatible with C [-Wreturn-type-c-linkage]
 42808 | sonic_native_pvr_asic_interrupt_error_acknowledge_4(
       | ^
C:/Users/ultim/Desktop/Sonic Adventure Recompiled/src/native_title_adapter.cpp:42815:1: warning: 'sonic_native_pvr_asic_interrupt_error_acknowledge_8' has C-linkage specified, but returns user-defined type 'katana::runtime::NativePortHookResult' which is incompatible with C [-Wreturn-type-c-linkage]
 42815 | sonic_native_pvr_asic_interrupt_error_acknowledge_8(
       | ^
C:/Users/ultim/Desktop/Sonic Adventure Recompiled/src/native_title_adapter.cpp:42822:1: warning: 'sonic_native_pvr_asic_error_acknowledge' has C-linkage specified, but returns user-defined type 'katana::runtime::NativePortHookResult' which is incompatible with C [-Wreturn-type-c-linkage]
 42822 | sonic_native_pvr_asic_error_acknowledge(
       | ^
C:/Users/ultim/Desktop/Sonic Adventure Recompiled/src/native_title_adapter.cpp:42903:1: warning: 'sonic_native_platform_interrupt_normal_mask_seed' has C-linkage specified, but returns user-defined type 'katana::runtime::NativePortHookResult' which is incompatible with C [-Wreturn-type-c-linkage]
 42903 | sonic_native_platform_interrupt_normal_mask_seed(
       | ^
C:/Users/ultim/Desktop/Sonic Adventure Recompiled/src/native_title_adapter.cpp:42964:1: warning: 'sonic_native_platform_interrupt_normal_mask_initialize' has C-linkage specified, but returns user-defined type 'katana::runtime::NativePortHookResult' which is incompatible with C [-Wreturn-type-c-linkage]
 42964 | sonic_native_platform_interrupt_normal_mask_initialize(
       | ^
C:/Users/ultim/Desktop/Sonic Adventure Recompiled/src/native_title_adapter.cpp:43105:1: warning: 'sonic_native_pvr_asic_channel_setup' has C-linkage specified, but returns user-defined type 'katana::runtime::NativePortHookResult' which is incompatible with C [-Wreturn-type-c-linkage]
 43105 | sonic_native_pvr_asic_channel_setup(
       | ^
C:/Users/ultim/Desktop/Sonic Adventure Recompiled/src/native_title_adapter.cpp:43222:1: warning: 'sonic_native_pvr_asic_service' has C-linkage specified, but returns user-defined type 'katana::runtime::NativePortHookResult' which is incompatible with C [-Wreturn-type-c-linkage]
 43222 | sonic_native_pvr_asic_service(
       | ^
C:/Users/ultim/Desktop/Sonic Adventure Recompiled/src/native_title_adapter.cpp:43277:1: warning: 'sonic_native_pvr_asic_scheduler' has C-linkage specified, but returns user-defined type 'katana::runtime::NativePortHookResult' which is incompatible with C [-Wreturn-type-c-linkage]
 43277 | sonic_native_pvr_asic_scheduler(
       | ^
C:/Users/ultim/Desktop/Sonic Adventure Recompiled/src/native_title_adapter.cpp:43309:1: warning: 'sonic_native_pvr_asic_dispatch' has C-linkage specified, but returns user-defined type 'katana::runtime::NativePortHookResult' which is incompatible with C [-Wreturn-type-c-linkage]
 43309 | sonic_native_pvr_asic_dispatch(
       | ^
C:/Users/ultim/Desktop/Sonic Adventure Recompiled/src/native_title_adapter.cpp:43343:1: warning: 'sonic_native_g2_bus_configure' has C-linkage specified, but returns user-defined type 'katana::runtime::NativePortHookResult' which is incompatible with C [-Wreturn-type-c-linkage]
 43343 | sonic_native_g2_bus_configure(
       | ^
C:/Users/ultim/Desktop/Sonic Adventure Recompiled/src/native_title_adapter.cpp:43823:1: warning: 'sonic_native_ninja_resident_model_draw_8c6107f0' has C-linkage specified, but returns user-defined type 'katana::runtime::NativePortHookResult' which is incompatible with C [-Wreturn-type-c-linkage]
 43823 | sonic_native_ninja_resident_model_draw_8c6107f0(
       | ^
C:/Users/ultim/Desktop/Sonic Adventure Recompiled/src/native_title_adapter.cpp:43830:1: warning: 'sonic_native_ninja_basic_model_draw_8c6214fa' has C-linkage specified, but returns user-defined type 'katana::runtime::NativePortHookResult' which is incompatible with C [-Wreturn-type-c-linkage]
 43830 | sonic_native_ninja_basic_model_draw_8c6214fa(
       | ^
C:/Users/ultim/Desktop/Sonic Adventure Recompiled/src/native_title_adapter.cpp:43837:1: warning: 'sonic_native_ninja_basic_model_draw_8c638d72' has C-linkage specified, but returns user-defined type 'katana::runtime::NativePortHookResult' which is incompatible with C [-Wreturn-type-c-linkage]
 43837 | sonic_native_ninja_basic_model_draw_8c638d72(
       | ^
232 warnings generated.
[51/78] Building CXX object CMakeFiles/sonic_linux_title.dir/src/sonic_palette_lighting.cpp.o
[52/78] Building CXX object CMakeFiles/sonic_linux_title.dir/src/sonic_matrix_stack.cpp.o
[53/78] Building CXX object CMakeFiles/sonic_linux_title.dir/src/sonic_collision_math.cpp.o
[54/78] Building CXX object CMakeFiles/sonic_linux_title.dir/src/sonic_matrix_inverse.cpp.o
[55/78] Building CXX object CMakeFiles/sonic_linux_title.dir/src/sonic_triangle_contacts.cpp.o
[56/78] Building CXX object CMakeFiles/sonic_linux_title.dir/src/sonic_matrix_vectors.cpp.o
[57/78] Building CXX object CMakeFiles/sonic_linux_title.dir/src/sonic_atan_math.cpp.o
[58/78] Building CXX object CMakeFiles/sonic_linux_title.dir/src/sonic_collision_candidates.cpp.o
[59/78] Building CXX object CMakeFiles/sonic_linux_title.dir/src/sonic_motion_sampling.cpp.o
[60/78] Building CXX object CMakeFiles/sonic_linux_title.dir/src/sonic_animation_hierarchy.cpp.o
[61/78] Building CXX object CMakeFiles/sonic_linux_title.dir/src/sonic_model_pipeline.cpp.o
[62/78] Building CXX object CMakeFiles/sonic_linux_title.dir/src/sonic_object_activation.cpp.o
[63/78] Building CXX object CMakeFiles/sonic_linux_title.dir/src/sonic_pose_blend.cpp.o
[64/78] Building CXX object CMakeFiles/sonic_linux_title.dir/src/sonic_palette_batch.cpp.o
[65/78] Building CXX object CMakeFiles/sonic_linux_title.dir/src/sonic_render_context.cpp.o
[66/78] Building CXX object CMakeFiles/sonic_linux_title.dir/src/sonic_movement_resolver.cpp.o
[67/78] Building CXX object CMakeFiles/sonic_linux_title.dir/src/sonic_collision_world.cpp.o
[68/78] Building CXX object CMakeFiles/sonic_linux_title.dir/src/sonic_render_hierarchy.cpp.o
[69/78] Building CXX object CMakeFiles/sonic_linux_title.dir/src/sonic_movement_contact.cpp.o
[70/78] Linking CXX static library libsonic_audio_status.a
[71/78] Linking CXX static library libsonic_linux_title.a
[72/78] Building CXX object CMakeFiles/sonic_linux_guest.dir/generated/render-hierarchy-bridge/private-original.cpp.o
[73/78] Linking CXX static library libsonic_linux_guest.a
[74/78] Building CXX object CMakeFiles/game.dir/launcher/main.cpp.o
In file included from C:/Users/ultim/Desktop/Sonic Adventure Recompiled/launcher/main.cpp:1:
C:/Users/ultim/Desktop/Sonic Adventure Recompiled/.local/working-product/generated/include/katana_port.hpp:15:1: warning: 'katana_native_invoke_original' has C-linkage specified, but returns user-defined type 'katana::runtime::NativePortHookResult' which is incompatible with C [-Wreturn-type-c-linkage]
   15 | katana_native_invoke_original(
      | ^
C:/Users/ultim/Desktop/Sonic Adventure Recompiled/.local/working-product/generated/include/katana_port.hpp:19:1: warning: 'katana_native_invoke_callback' has C-linkage specified, but returns user-defined type 'katana::runtime::NativePortHookResult' which is incompatible with C [-Wreturn-type-c-linkage]
   19 | katana_native_invoke_callback(
      | ^
In file included from C:/Users/ultim/Desktop/Sonic Adventure Recompiled/launcher/main.cpp:16:
C:/Users/ultim/Desktop/Sonic Adventure Recompiled/launcher/sonic_errors.hpp:69:86: warning: 'codecvt_utf8<wchar_t>' is deprecated [-Wdeprecated-declarations]
   69 |         const int language=menu::effective_text_language();std::wstring_convert<std::codecvt_utf8<wchar_t>> utf8;
      |                                                                                      ^
C:\Users\ultim\Desktop\Sonic Adventure Recompiled\.local\linux-deps\zig\zig-x86_64-windows-0.16.0\lib\libcxx\include/codecvt:199:7: note: 'codecvt_utf8<wchar_t>' has been explicitly marked deprecated here
  199 | class _LIBCPP_DEPRECATED_IN_CXX17 codecvt_utf8 : public __codecvt_utf8<_Elem> {
      |       ^
C:\Users\ultim\Desktop\Sonic Adventure Recompiled\.local\linux-deps\zig\zig-x86_64-windows-0.16.0\lib\libcxx\include/__config:743:41: note: expanded from macro '_LIBCPP_DEPRECATED_IN_CXX17'
  743 | #    define _LIBCPP_DEPRECATED_IN_CXX17 _LIBCPP_DEPRECATED
      |                                         ^
C:\Users\ultim\Desktop\Sonic Adventure Recompiled\.local\linux-deps\zig\zig-x86_64-windows-0.16.0\lib\libcxx\include/__config:716:49: note: expanded from macro '_LIBCPP_DEPRECATED'
  716 | #      define _LIBCPP_DEPRECATED __attribute__((__deprecated__))
      |                                                 ^
In file included from C:/Users/ultim/Desktop/Sonic Adventure Recompiled/launcher/main.cpp:16:
C:/Users/ultim/Desktop/Sonic Adventure Recompiled/launcher/sonic_errors.hpp:69:65: warning: 'wstring_convert<std::codecvt_utf8<wchar_t>>' is deprecated [-Wdeprecated-declarations]
   69 |         const int language=menu::effective_text_language();std::wstring_convert<std::codecvt_utf8<wchar_t>> utf8;
      |                                                                 ^
C:\Users\ultim\Desktop\Sonic Adventure Recompiled\.local\linux-deps\zig\zig-x86_64-windows-0.16.0\lib\libcxx\include/__locale_dir/wstring_convert.h:34:7: note: 'wstring_convert<std::codecvt_utf8<wchar_t>>' has been explicitly marked deprecated here
   34 | class _LIBCPP_DEPRECATED_IN_CXX17 wstring_convert {
      |       ^
C:\Users\ultim\Desktop\Sonic Adventure Recompiled\.local\linux-deps\zig\zig-x86_64-windows-0.16.0\lib\libcxx\include/__config:743:41: note: expanded from macro '_LIBCPP_DEPRECATED_IN_CXX17'
  743 | #    define _LIBCPP_DEPRECATED_IN_CXX17 _LIBCPP_DEPRECATED
      |                                         ^
C:\Users\ultim\Desktop\Sonic Adventure Recompiled\.local\linux-deps\zig\zig-x86_64-windows-0.16.0\lib\libcxx\include/__config:716:49: note: expanded from macro '_LIBCPP_DEPRECATED'
  716 | #      define _LIBCPP_DEPRECATED __attribute__((__deprecated__))
      |                                                 ^
C:/Users/ultim/Desktop/Sonic Adventure Recompiled/launcher/main.cpp:774:34: warning: 'u8path<const char *, 0>' is deprecated [-Wdeprecated-declarations]
  774 |                 std::filesystem::u8path(initial_state);
      |                                  ^
C:\Users\ultim\Desktop\Sonic Adventure Recompiled\.local\linux-deps\zig\zig-x86_64-windows-0.16.0\lib\libcxx\include/__filesystem/u8path.h:73:23: note: 'u8path<const char *, 0>' has been explicitly marked deprecated here
   73 | _LIBCPP_HIDE_FROM_ABI _LIBCPP_DEPRECATED_WITH_CHAR8_T path u8path(const _Source& __s) {
      |                       ^
C:\Users\ultim\Desktop\Sonic Adventure Recompiled\.local\linux-deps\zig\zig-x86_64-windows-0.16.0\lib\libcxx\include/__config:769:45: note: expanded from macro '_LIBCPP_DEPRECATED_WITH_CHAR8_T'
  769 | #    define _LIBCPP_DEPRECATED_WITH_CHAR8_T _LIBCPP_DEPRECATED
      |                                             ^
C:\Users\ultim\Desktop\Sonic Adventure Recompiled\.local\linux-deps\zig\zig-x86_64-windows-0.16.0\lib\libcxx\include/__config:716:49: note: expanded from macro '_LIBCPP_DEPRECATED'
  716 | #      define _LIBCPP_DEPRECATED __attribute__((__deprecated__))
      |                                                 ^
In file included from C:/Users/ultim/Desktop/Sonic Adventure Recompiled/launcher/main.cpp:1:
In file included from C:/Users/ultim/Desktop/Sonic Adventure Recompiled/.local/working-product/generated/include/katana_port.hpp:3:
In file included from C:/Users/ultim/Desktop/Sonic Adventure Recompiled/.local/linux-sdk/include/katana/runtime/code_address_inline.hpp:3:
In file included from C:/Users/ultim/Desktop/Sonic Adventure Recompiled/.local/linux-sdk/include/katana/runtime/block_abi.hpp:4:
In file included from C:/Users/ultim/Desktop/Sonic Adventure Recompiled/.local/linux-sdk/include/katana/runtime/runtime.hpp:4:
In file included from C:/Users/ultim/Desktop/Sonic Adventure Recompiled/.local/linux-sdk/include/katana/runtime/memory.hpp:8:
In file included from C:\Users\ultim\Desktop\Sonic Adventure Recompiled\.local\linux-deps\zig\zig-x86_64-windows-0.16.0\lib\libcxx\include/functional:601:
In file included from C:\Users\ultim\Desktop\Sonic Adventure Recompiled\.local\linux-deps\zig\zig-x86_64-windows-0.16.0\lib\libcxx\include/vector:363:
In file included from C:\Users\ultim\Desktop\Sonic Adventure Recompiled\.local\linux-deps\zig\zig-x86_64-windows-0.16.0\lib\libcxx\include/locale:203:
C:\Users\ultim\Desktop\Sonic Adventure Recompiled\.local\linux-deps\zig\zig-x86_64-windows-0.16.0\lib\libcxx\include/__locale_dir/wstring_convert.h:179:1: warning: 'wstring_convert<std::codecvt_utf8<wchar_t>>' is deprecated [-Wdeprecated-declarations]
  179 | wstring_convert<_Codecvt, _Elem, _WideAlloc, _ByteAlloc>::to_bytes(const _Elem* __frm, const _Elem* __frm_end) {
      | ^
C:\Users\ultim\Desktop\Sonic Adventure Recompiled\.local\linux-deps\zig\zig-x86_64-windows-0.16.0\lib\libcxx\include/__locale_dir/wstring_convert.h:83:12: note: in instantiation of member function 'std::wstring_convert<std::codecvt_utf8<wchar_t>>::to_bytes' requested here
   83 |     return to_bytes(__wstr.data(), __wstr.data() + __wstr.size());
      |            ^
C:/Users/ultim/Desktop/Sonic Adventure Recompiled/launcher/sonic_errors.hpp:70:30: note: in instantiation of member function 'std::wstring_convert<std::codecvt_utf8<wchar_t>>::to_bytes' requested here
   70 |         const auto body=utf8.to_bytes(label(diagnostics::failure.load()==diagnostics::Failure::Graphics?"graphics_stopped":"game_stopped",language)+L"\n\n"+label("diagnostics_help",language));
      |                              ^
C:\Users\ultim\Desktop\Sonic Adventure Recompiled\.local\linux-deps\zig\zig-x86_64-windows-0.16.0\lib\libcxx\include/__locale_dir/wstring_convert.h:34:7: note: 'wstring_convert<std::codecvt_utf8<wchar_t>>' has been explicitly marked deprecated here
   34 | class _LIBCPP_DEPRECATED_IN_CXX17 wstring_convert {
      |       ^
C:\Users\ultim\Desktop\Sonic Adventure Recompiled\.local\linux-deps\zig\zig-x86_64-windows-0.16.0\lib\libcxx\include/__config:743:41: note: expanded from macro '_LIBCPP_DEPRECATED_IN_CXX17'
  743 | #    define _LIBCPP_DEPRECATED_IN_CXX17 _LIBCPP_DEPRECATED
      |                                         ^
C:\Users\ultim\Desktop\Sonic Adventure Recompiled\.local\linux-deps\zig\zig-x86_64-windows-0.16.0\lib\libcxx\include/__config:716:49: note: expanded from macro '_LIBCPP_DEPRECATED'
  716 | #      define _LIBCPP_DEPRECATED __attribute__((__deprecated__))
      |                                                 ^
6 warnings generated.
[75/78] Linking CXX executable game
