ninja: Entering directory `C:\Users\ultim\Desktop\Sonic Adventure Recompiled\build-performance'
[0/1] Re-running CMake...
-- Configuring done (1.5s)
-- Generating done (3.3s)
-- Build files have been written to: C:/Users/ultim/Desktop/Sonic Adventure Recompiled/build-performance
[1/51] Building CXX object CMakeFiles\katana_native_title_adapter.dir\src\sonic_palette_lighting.cpp.obj
In file included from C:\Users\ultim\Desktop\Sonic Adventure Recompiled\src\sonic_palette_lighting.cpp:3:
In file included from C:\Users\ultim\Desktop\Sonic Adventure Recompiled\src\sonic_native_model_memory.hpp:2:
In file included from C:\Users\ultim\Desktop\Sonic Adventure Recompiled\src\sonic_scalar_write_view.hpp:3:
C:\Users\ultim\Desktop\Sonic Adventure Recompiled\src\sonic_internal_diagnostics.hpp(28,67): warning: 'getenv' is deprecated: This function or variable may be unsafe. Consider using _dupenv_s instead. To disable deprecation, use _CRT_SECURE_NO_WARNINGS. See online help for details. [-Wdeprecated-declarations]
   28 |     internal_runtime_enabled = read_internal_policy(program, std::getenv("SARECOMP_INTERNAL_DIAGNOSTICS"));
      |                                                                   ^
C:\Program Files (x86)\Windows Kits\10\Include\10.0.26100.0\ucrt\stdlib.h(1183,20): note: 'getenv' has been explicitly marked deprecated here
 1183 |     _Check_return_ _CRT_INSECURE_DEPRECATE(_dupenv_s)
      |                    ^
C:\Program Files (x86)\Microsoft Visual Studio\2022\BuildTools\VC\Tools\MSVC\14.44.35207\include\vcruntime.h(368,55): note: expanded from macro '_CRT_INSECURE_DEPRECATE'
  368 |         #define _CRT_INSECURE_DEPRECATE(_Replacement) _CRT_DEPRECATE_TEXT(    \
      |                                                       ^
C:\Program Files (x86)\Microsoft Visual Studio\2022\BuildTools\VC\Tools\MSVC\14.44.35207\include\vcruntime.h(358,47): note: expanded from macro '_CRT_DEPRECATE_TEXT'
  358 | #define _CRT_DEPRECATE_TEXT(_Text) __declspec(deprecated(_Text))
      |                                               ^
In file included from C:\Users\ultim\Desktop\Sonic Adventure Recompiled\src\sonic_palette_lighting.cpp:3:
In file included from C:\Users\ultim\Desktop\Sonic Adventure Recompiled\src\sonic_native_model_memory.hpp:2:
In file included from C:\Users\ultim\Desktop\Sonic Adventure Recompiled\src\sonic_scalar_write_view.hpp:4:
C:\Users\ultim\Desktop\Sonic Adventure Recompiled\src\sonic_native_cpu_policy.hpp(11,30): warning: 'getenv' is deprecated: This function or variable may be unsafe. Consider using _dupenv_s instead. To disable deprecation, use _CRT_SECURE_NO_WARNINGS. See online help for details. [-Wdeprecated-declarations]
   11 |     const char* group = std::getenv("SARECOMP_NATIVE_CPU_PATHS");
      |                              ^
C:\Program Files (x86)\Windows Kits\10\Include\10.0.26100.0\ucrt\stdlib.h(1183,20): note: 'getenv' has been explicitly marked deprecated here
 1183 |     _Check_return_ _CRT_INSECURE_DEPRECATE(_dupenv_s)
      |                    ^
C:\Program Files (x86)\Microsoft Visual Studio\2022\BuildTools\VC\Tools\MSVC\14.44.35207\include\vcruntime.h(368,55): note: expanded from macro '_CRT_INSECURE_DEPRECATE'
  368 |         #define _CRT_INSECURE_DEPRECATE(_Replacement) _CRT_DEPRECATE_TEXT(    \
      |                                                       ^
C:\Program Files (x86)\Microsoft Visual Studio\2022\BuildTools\VC\Tools\MSVC\14.44.35207\include\vcruntime.h(358,47): note: expanded from macro '_CRT_DEPRECATE_TEXT'
  358 | #define _CRT_DEPRECATE_TEXT(_Text) __declspec(deprecated(_Text))
      |                                               ^
In file included from C:\Users\ultim\Desktop\Sonic Adventure Recompiled\src\sonic_palette_lighting.cpp:3:
In file included from C:\Users\ultim\Desktop\Sonic Adventure Recompiled\src\sonic_native_model_memory.hpp:2:
In file included from C:\Users\ultim\Desktop\Sonic Adventure Recompiled\src\sonic_scalar_write_view.hpp:4:
C:\Users\ultim\Desktop\Sonic Adventure Recompiled\src\sonic_native_cpu_policy.hpp(13,30): warning: 'getenv' is deprecated: This function or variable may be unsafe. Consider using _dupenv_s instead. To disable deprecation, use _CRT_SECURE_NO_WARNINGS. See online help for details. [-Wdeprecated-declarations]
   13 |     const char* value = std::getenv(option);
      |                              ^
C:\Program Files (x86)\Windows Kits\10\Include\10.0.26100.0\ucrt\stdlib.h(1183,20): note: 'getenv' has been explicitly marked deprecated here
 1183 |     _Check_return_ _CRT_INSECURE_DEPRECATE(_dupenv_s)
      |                    ^
C:\Program Files (x86)\Microsoft Visual Studio\2022\BuildTools\VC\Tools\MSVC\14.44.35207\include\vcruntime.h(368,55): note: expanded from macro '_CRT_INSECURE_DEPRECATE'
  368 |         #define _CRT_INSECURE_DEPRECATE(_Replacement) _CRT_DEPRECATE_TEXT(    \
      |                                                       ^
C:\Program Files (x86)\Microsoft Visual Studio\2022\BuildTools\VC\Tools\MSVC\14.44.35207\include\vcruntime.h(358,47): note: expanded from macro '_CRT_DEPRECATE_TEXT'
  358 | #define _CRT_DEPRECATE_TEXT(_Text) __declspec(deprecated(_Text))
      |                                               ^
In file included from C:\Users\ultim\Desktop\Sonic Adventure Recompiled\src\sonic_palette_lighting.cpp:3:
In file included from C:\Users\ultim\Desktop\Sonic Adventure Recompiled\src\sonic_native_model_memory.hpp:2:
C:\Users\ultim\Desktop\Sonic Adventure Recompiled\src\sonic_scalar_write_view.hpp(30,30): warning: 'getenv' is deprecated: This function or variable may be unsafe. Consider using _dupenv_s instead. To disable deprecation, use _CRT_SECURE_NO_WARNINGS. See online help for details. [-Wdeprecated-declarations]
   30 |         const char* p = std::getenv("SARECOMP_SCALAR_WRITES");
      |                              ^
C:\Program Files (x86)\Windows Kits\10\Include\10.0.26100.0\ucrt\stdlib.h(1183,20): note: 'getenv' has been explicitly marked deprecated here
 1183 |     _Check_return_ _CRT_INSECURE_DEPRECATE(_dupenv_s)
      |                    ^
C:\Program Files (x86)\Microsoft Visual Studio\2022\BuildTools\VC\Tools\MSVC\14.44.35207\include\vcruntime.h(368,55): note: expanded from macro '_CRT_INSECURE_DEPRECATE'
  368 |         #define _CRT_INSECURE_DEPRECATE(_Replacement) _CRT_DEPRECATE_TEXT(    \
      |                                                       ^
C:\Program Files (x86)\Microsoft Visual Studio\2022\BuildTools\VC\Tools\MSVC\14.44.35207\include\vcruntime.h(358,47): note: expanded from macro '_CRT_DEPRECATE_TEXT'
  358 | #define _CRT_DEPRECATE_TEXT(_Text) __declspec(deprecated(_Text))
      |                                               ^
In file included from C:\Users\ultim\Desktop\Sonic Adventure Recompiled\src\sonic_palette_lighting.cpp:3:
In file included from C:\Users\ultim\Desktop\Sonic Adventure Recompiled\src\sonic_native_model_memory.hpp:2:
C:\Users\ultim\Desktop\Sonic Adventure Recompiled\src\sonic_scalar_write_view.hpp(38,30): warning: 'getenv' is deprecated: This function or variable may be unsafe. Consider using _dupenv_s instead. To disable deprecation, use _CRT_SECURE_NO_WARNINGS. See online help for details. [-Wdeprecated-declarations]
   38 |         const char* p = std::getenv("SARECOMP_STACK_FRAMES");
      |                              ^
C:\Program Files (x86)\Windows Kits\10\Include\10.0.26100.0\ucrt\stdlib.h(1183,20): note: 'getenv' has been explicitly marked deprecated here
 1183 |     _Check_return_ _CRT_INSECURE_DEPRECATE(_dupenv_s)
      |                    ^
C:\Program Files (x86)\Microsoft Visual Studio\2022\BuildTools\VC\Tools\MSVC\14.44.35207\include\vcruntime.h(368,55): note: expanded from macro '_CRT_INSECURE_DEPRECATE'
  368 |         #define _CRT_INSECURE_DEPRECATE(_Replacement) _CRT_DEPRECATE_TEXT(    \
      |                                                       ^
C:\Program Files (x86)\Microsoft Visual Studio\2022\BuildTools\VC\Tools\MSVC\14.44.35207\include\vcruntime.h(358,47): note: expanded from macro '_CRT_DEPRECATE_TEXT'
  358 | #define _CRT_DEPRECATE_TEXT(_Text) __declspec(deprecated(_Text))
      |                                               ^
In file included from C:\Users\ultim\Desktop\Sonic Adventure Recompiled\src\sonic_palette_lighting.cpp:3:
In file included from C:\Users\ultim\Desktop\Sonic Adventure Recompiled\src\sonic_native_model_memory.hpp:2:
C:\Users\ultim\Desktop\Sonic Adventure Recompiled\src\sonic_scalar_write_view.hpp(46,30): warning: 'getenv' is deprecated: This function or variable may be unsafe. Consider using _dupenv_s instead. To disable deprecation, use _CRT_SECURE_NO_WARNINGS. See online help for details. [-Wdeprecated-declarations]
   46 |         const char* p = std::getenv("SARECOMP_RAM_REGIONS");
      |                              ^
C:\Program Files (x86)\Windows Kits\10\Include\10.0.26100.0\ucrt\stdlib.h(1183,20): note: 'getenv' has been explicitly marked deprecated here
 1183 |     _Check_return_ _CRT_INSECURE_DEPRECATE(_dupenv_s)
      |                    ^
C:\Program Files (x86)\Microsoft Visual Studio\2022\BuildTools\VC\Tools\MSVC\14.44.35207\include\vcruntime.h(368,55): note: expanded from macro '_CRT_INSECURE_DEPRECATE'
  368 |         #define _CRT_INSECURE_DEPRECATE(_Replacement) _CRT_DEPRECATE_TEXT(    \
      |                                                       ^
C:\Program Files (x86)\Microsoft Visual Studio\2022\BuildTools\VC\Tools\MSVC\14.44.35207\include\vcruntime.h(358,47): note: expanded from macro '_CRT_DEPRECATE_TEXT'
  358 | #define _CRT_DEPRECATE_TEXT(_Text) __declspec(deprecated(_Text))
      |                                               ^
6 warnings generated.
[2/51] Building CXX object CMakeFiles\katana_native_title_adapter.dir\src\sonic_matrix_stack.cpp.obj
In file included from C:\Users\ultim\Desktop\Sonic Adventure Recompiled\src\sonic_matrix_stack.cpp:2:
In file included from C:\Users\ultim\Desktop\Sonic Adventure Recompiled\src\sonic_native_model_memory.hpp:2:
In file included from C:\Users\ultim\Desktop\Sonic Adventure Recompiled\src\sonic_scalar_write_view.hpp:3:
C:\Users\ultim\Desktop\Sonic Adventure Recompiled\src\sonic_internal_diagnostics.hpp(28,67): warning: 'getenv' is deprecated: This function or variable may be unsafe. Consider using _dupenv_s instead. To disable deprecation, use _CRT_SECURE_NO_WARNINGS. See online help for details. [-Wdeprecated-declarations]
   28 |     internal_runtime_enabled = read_internal_policy(program, std::getenv("SARECOMP_INTERNAL_DIAGNOSTICS"));
      |                                                                   ^
C:\Program Files (x86)\Windows Kits\10\Include\10.0.26100.0\ucrt\stdlib.h(1183,20): note: 'getenv' has been explicitly marked deprecated here
 1183 |     _Check_return_ _CRT_INSECURE_DEPRECATE(_dupenv_s)
      |                    ^
C:\Program Files (x86)\Microsoft Visual Studio\2022\BuildTools\VC\Tools\MSVC\14.44.35207\include\vcruntime.h(368,55): note: expanded from macro '_CRT_INSECURE_DEPRECATE'
  368 |         #define _CRT_INSECURE_DEPRECATE(_Replacement) _CRT_DEPRECATE_TEXT(    \
      |                                                       ^
C:\Program Files (x86)\Microsoft Visual Studio\2022\BuildTools\VC\Tools\MSVC\14.44.35207\include\vcruntime.h(358,47): note: expanded from macro '_CRT_DEPRECATE_TEXT'
  358 | #define _CRT_DEPRECATE_TEXT(_Text) __declspec(deprecated(_Text))
      |                                               ^
In file included from C:\Users\ultim\Desktop\Sonic Adventure Recompiled\src\sonic_matrix_stack.cpp:2:
In file included from C:\Users\ultim\Desktop\Sonic Adventure Recompiled\src\sonic_native_model_memory.hpp:2:
In file included from C:\Users\ultim\Desktop\Sonic Adventure Recompiled\src\sonic_scalar_write_view.hpp:4:
C:\Users\ultim\Desktop\Sonic Adventure Recompiled\src\sonic_native_cpu_policy.hpp(11,30): warning: 'getenv' is deprecated: This function or variable may be unsafe. Consider using _dupenv_s instead. To disable deprecation, use _CRT_SECURE_NO_WARNINGS. See online help for details. [-Wdeprecated-declarations]
   11 |     const char* group = std::getenv("SARECOMP_NATIVE_CPU_PATHS");
      |                              ^
C:\Program Files (x86)\Windows Kits\10\Include\10.0.26100.0\ucrt\stdlib.h(1183,20): note: 'getenv' has been explicitly marked deprecated here
 1183 |     _Check_return_ _CRT_INSECURE_DEPRECATE(_dupenv_s)
      |                    ^
C:\Program Files (x86)\Microsoft Visual Studio\2022\BuildTools\VC\Tools\MSVC\14.44.35207\include\vcruntime.h(368,55): note: expanded from macro '_CRT_INSECURE_DEPRECATE'
  368 |         #define _CRT_INSECURE_DEPRECATE(_Replacement) _CRT_DEPRECATE_TEXT(    \
      |                                                       ^
C:\Program Files (x86)\Microsoft Visual Studio\2022\BuildTools\VC\Tools\MSVC\14.44.35207\include\vcruntime.h(358,47): note: expanded from macro '_CRT_DEPRECATE_TEXT'
  358 | #define _CRT_DEPRECATE_TEXT(_Text) __declspec(deprecated(_Text))
      |                                               ^
In file included from C:\Users\ultim\Desktop\Sonic Adventure Recompiled\src\sonic_matrix_stack.cpp:2:
In file included from C:\Users\ultim\Desktop\Sonic Adventure Recompiled\src\sonic_native_model_memory.hpp:2:
In file included from C:\Users\ultim\Desktop\Sonic Adventure Recompiled\src\sonic_scalar_write_view.hpp:4:
C:\Users\ultim\Desktop\Sonic Adventure Recompiled\src\sonic_native_cpu_policy.hpp(13,30): warning: 'getenv' is deprecated: This function or variable may be unsafe. Consider using _dupenv_s instead. To disable deprecation, use _CRT_SECURE_NO_WARNINGS. See online help for details. [-Wdeprecated-declarations]
   13 |     const char* value = std::getenv(option);
      |                              ^
C:\Program Files (x86)\Windows Kits\10\Include\10.0.26100.0\ucrt\stdlib.h(1183,20): note: 'getenv' has been explicitly marked deprecated here
 1183 |     _Check_return_ _CRT_INSECURE_DEPRECATE(_dupenv_s)
      |                    ^
C:\Program Files (x86)\Microsoft Visual Studio\2022\BuildTools\VC\Tools\MSVC\14.44.35207\include\vcruntime.h(368,55): note: expanded from macro '_CRT_INSECURE_DEPRECATE'
  368 |         #define _CRT_INSECURE_DEPRECATE(_Replacement) _CRT_DEPRECATE_TEXT(    \
      |                                                       ^
C:\Program Files (x86)\Microsoft Visual Studio\2022\BuildTools\VC\Tools\MSVC\14.44.35207\include\vcruntime.h(358,47): note: expanded from macro '_CRT_DEPRECATE_TEXT'
  358 | #define _CRT_DEPRECATE_TEXT(_Text) __declspec(deprecated(_Text))
      |                                               ^
In file included from C:\Users\ultim\Desktop\Sonic Adventure Recompiled\src\sonic_matrix_stack.cpp:2:
In file included from C:\Users\ultim\Desktop\Sonic Adventure Recompiled\src\sonic_native_model_memory.hpp:2:
C:\Users\ultim\Desktop\Sonic Adventure Recompiled\src\sonic_scalar_write_view.hpp(30,30): warning: 'getenv' is deprecated: This function or variable may be unsafe. Consider using _dupenv_s instead. To disable deprecation, use _CRT_SECURE_NO_WARNINGS. See online help for details. [-Wdeprecated-declarations]
   30 |         const char* p = std::getenv("SARECOMP_SCALAR_WRITES");
      |                              ^
C:\Program Files (x86)\Windows Kits\10\Include\10.0.26100.0\ucrt\stdlib.h(1183,20): note: 'getenv' has been explicitly marked deprecated here
 1183 |     _Check_return_ _CRT_INSECURE_DEPRECATE(_dupenv_s)
      |                    ^
C:\Program Files (x86)\Microsoft Visual Studio\2022\BuildTools\VC\Tools\MSVC\14.44.35207\include\vcruntime.h(368,55): note: expanded from macro '_CRT_INSECURE_DEPRECATE'
  368 |         #define _CRT_INSECURE_DEPRECATE(_Replacement) _CRT_DEPRECATE_TEXT(    \
      |                                                       ^
C:\Program Files (x86)\Microsoft Visual Studio\2022\BuildTools\VC\Tools\MSVC\14.44.35207\include\vcruntime.h(358,47): note: expanded from macro '_CRT_DEPRECATE_TEXT'
  358 | #define _CRT_DEPRECATE_TEXT(_Text) __declspec(deprecated(_Text))
      |                                               ^
In file included from C:\Users\ultim\Desktop\Sonic Adventure Recompiled\src\sonic_matrix_stack.cpp:2:
In file included from C:\Users\ultim\Desktop\Sonic Adventure Recompiled\src\sonic_native_model_memory.hpp:2:
C:\Users\ultim\Desktop\Sonic Adventure Recompiled\src\sonic_scalar_write_view.hpp(38,30): warning: 'getenv' is deprecated: This function or variable may be unsafe. Consider using _dupenv_s instead. To disable deprecation, use _CRT_SECURE_NO_WARNINGS. See online help for details. [-Wdeprecated-declarations]
   38 |         const char* p = std::getenv("SARECOMP_STACK_FRAMES");
      |                              ^
C:\Program Files (x86)\Windows Kits\10\Include\10.0.26100.0\ucrt\stdlib.h(1183,20): note: 'getenv' has been explicitly marked deprecated here
 1183 |     _Check_return_ _CRT_INSECURE_DEPRECATE(_dupenv_s)
      |                    ^
C:\Program Files (x86)\Microsoft Visual Studio\2022\BuildTools\VC\Tools\MSVC\14.44.35207\include\vcruntime.h(368,55): note: expanded from macro '_CRT_INSECURE_DEPRECATE'
  368 |         #define _CRT_INSECURE_DEPRECATE(_Replacement) _CRT_DEPRECATE_TEXT(    \
      |                                                       ^
C:\Program Files (x86)\Microsoft Visual Studio\2022\BuildTools\VC\Tools\MSVC\14.44.35207\include\vcruntime.h(358,47): note: expanded from macro '_CRT_DEPRECATE_TEXT'
  358 | #define _CRT_DEPRECATE_TEXT(_Text) __declspec(deprecated(_Text))
      |                                               ^
In file included from C:\Users\ultim\Desktop\Sonic Adventure Recompiled\src\sonic_matrix_stack.cpp:2:
In file included from C:\Users\ultim\Desktop\Sonic Adventure Recompiled\src\sonic_native_model_memory.hpp:2:
C:\Users\ultim\Desktop\Sonic Adventure Recompiled\src\sonic_scalar_write_view.hpp(46,30): warning: 'getenv' is deprecated: This function or variable may be unsafe. Consider using _dupenv_s instead. To disable deprecation, use _CRT_SECURE_NO_WARNINGS. See online help for details. [-Wdeprecated-declarations]
   46 |         const char* p = std::getenv("SARECOMP_RAM_REGIONS");
      |                              ^
C:\Program Files (x86)\Windows Kits\10\Include\10.0.26100.0\ucrt\stdlib.h(1183,20): note: 'getenv' has been explicitly marked deprecated here
 1183 |     _Check_return_ _CRT_INSECURE_DEPRECATE(_dupenv_s)
      |                    ^
C:\Program Files (x86)\Microsoft Visual Studio\2022\BuildTools\VC\Tools\MSVC\14.44.35207\include\vcruntime.h(368,55): note: expanded from macro '_CRT_INSECURE_DEPRECATE'
  368 |         #define _CRT_INSECURE_DEPRECATE(_Replacement) _CRT_DEPRECATE_TEXT(    \
      |                                                       ^
C:\Program Files (x86)\Microsoft Visual Studio\2022\BuildTools\VC\Tools\MSVC\14.44.35207\include\vcruntime.h(358,47): note: expanded from macro '_CRT_DEPRECATE_TEXT'
  358 | #define _CRT_DEPRECATE_TEXT(_Text) __declspec(deprecated(_Text))
      |                                               ^
C:\Users\ultim\Desktop\Sonic Adventure Recompiled\src\sonic_matrix_stack.cpp(53,33): warning: 'getenv' is deprecated: This function or variable may be unsafe. Consider using _dupenv_s instead. To disable deprecation, use _CRT_SECURE_NO_WARNINGS. See online help for details. [-Wdeprecated-declarations]
   53 |         const char* option=std::getenv("SARECOMP_NATIVE_MATRIX_BULK");
      |                                 ^
C:\Program Files (x86)\Windows Kits\10\Include\10.0.26100.0\ucrt\stdlib.h(1183,20): note: 'getenv' has been explicitly marked deprecated here
 1183 |     _Check_return_ _CRT_INSECURE_DEPRECATE(_dupenv_s)
      |                    ^
C:\Program Files (x86)\Microsoft Visual Studio\2022\BuildTools\VC\Tools\MSVC\14.44.35207\include\vcruntime.h(368,55): note: expanded from macro '_CRT_INSECURE_DEPRECATE'
  368 |         #define _CRT_INSECURE_DEPRECATE(_Replacement) _CRT_DEPRECATE_TEXT(    \
      |                                                       ^
C:\Program Files (x86)\Microsoft Visual Studio\2022\BuildTools\VC\Tools\MSVC\14.44.35207\include\vcruntime.h(358,47): note: expanded from macro '_CRT_DEPRECATE_TEXT'
  358 | #define _CRT_DEPRECATE_TEXT(_Text) __declspec(deprecated(_Text))
      |                                               ^
7 warnings generated.
[3/51] Building CXX object CMakeFiles\katana_native_title_adapter.dir\src\sonic_collision_math.cpp.obj
In file included from C:\Users\ultim\Desktop\Sonic Adventure Recompiled\src\sonic_collision_math.cpp:2:
In file included from C:\Users\ultim\Desktop\Sonic Adventure Recompiled\src\sonic_native_collision_memory.hpp:2:
In file included from C:\Users\ultim\Desktop\Sonic Adventure Recompiled\src\sonic_scalar_write_view.hpp:3:
C:\Users\ultim\Desktop\Sonic Adventure Recompiled\src\sonic_internal_diagnostics.hpp(28,67): warning: 'getenv' is deprecated: This function or variable may be unsafe. Consider using _dupenv_s instead. To disable deprecation, use _CRT_SECURE_NO_WARNINGS. See online help for details. [-Wdeprecated-declarations]
   28 |     internal_runtime_enabled = read_internal_policy(program, std::getenv("SARECOMP_INTERNAL_DIAGNOSTICS"));
      |                                                                   ^
C:\Program Files (x86)\Windows Kits\10\Include\10.0.26100.0\ucrt\stdlib.h(1183,20): note: 'getenv' has been explicitly marked deprecated here
 1183 |     _Check_return_ _CRT_INSECURE_DEPRECATE(_dupenv_s)
      |                    ^
C:\Program Files (x86)\Microsoft Visual Studio\2022\BuildTools\VC\Tools\MSVC\14.44.35207\include\vcruntime.h(368,55): note: expanded from macro '_CRT_INSECURE_DEPRECATE'
  368 |         #define _CRT_INSECURE_DEPRECATE(_Replacement) _CRT_DEPRECATE_TEXT(    \
      |                                                       ^
C:\Program Files (x86)\Microsoft Visual Studio\2022\BuildTools\VC\Tools\MSVC\14.44.35207\include\vcruntime.h(358,47): note: expanded from macro '_CRT_DEPRECATE_TEXT'
  358 | #define _CRT_DEPRECATE_TEXT(_Text) __declspec(deprecated(_Text))
      |                                               ^
In file included from C:\Users\ultim\Desktop\Sonic Adventure Recompiled\src\sonic_collision_math.cpp:2:
In file included from C:\Users\ultim\Desktop\Sonic Adventure Recompiled\src\sonic_native_collision_memory.hpp:2:
In file included from C:\Users\ultim\Desktop\Sonic Adventure Recompiled\src\sonic_scalar_write_view.hpp:4:
C:\Users\ultim\Desktop\Sonic Adventure Recompiled\src\sonic_native_cpu_policy.hpp(11,30): warning: 'getenv' is deprecated: This function or variable may be unsafe. Consider using _dupenv_s instead. To disable deprecation, use _CRT_SECURE_NO_WARNINGS. See online help for details. [-Wdeprecated-declarations]
   11 |     const char* group = std::getenv("SARECOMP_NATIVE_CPU_PATHS");
      |                              ^
C:\Program Files (x86)\Windows Kits\10\Include\10.0.26100.0\ucrt\stdlib.h(1183,20): note: 'getenv' has been explicitly marked deprecated here
 1183 |     _Check_return_ _CRT_INSECURE_DEPRECATE(_dupenv_s)
      |                    ^
C:\Program Files (x86)\Microsoft Visual Studio\2022\BuildTools\VC\Tools\MSVC\14.44.35207\include\vcruntime.h(368,55): note: expanded from macro '_CRT_INSECURE_DEPRECATE'
  368 |         #define _CRT_INSECURE_DEPRECATE(_Replacement) _CRT_DEPRECATE_TEXT(    \
      |                                                       ^
C:\Program Files (x86)\Microsoft Visual Studio\2022\BuildTools\VC\Tools\MSVC\14.44.35207\include\vcruntime.h(358,47): note: expanded from macro '_CRT_DEPRECATE_TEXT'
  358 | #define _CRT_DEPRECATE_TEXT(_Text) __declspec(deprecated(_Text))
      |                                               ^
In file included from C:\Users\ultim\Desktop\Sonic Adventure Recompiled\src\sonic_collision_math.cpp:2:
In file included from C:\Users\ultim\Desktop\Sonic Adventure Recompiled\src\sonic_native_collision_memory.hpp:2:
In file included from C:\Users\ultim\Desktop\Sonic Adventure Recompiled\src\sonic_scalar_write_view.hpp:4:
C:\Users\ultim\Desktop\Sonic Adventure Recompiled\src\sonic_native_cpu_policy.hpp(13,30): warning: 'getenv' is deprecated: This function or variable may be unsafe. Consider using _dupenv_s instead. To disable deprecation, use _CRT_SECURE_NO_WARNINGS. See online help for details. [-Wdeprecated-declarations]
   13 |     const char* value = std::getenv(option);
      |                              ^
C:\Program Files (x86)\Windows Kits\10\Include\10.0.26100.0\ucrt\stdlib.h(1183,20): note: 'getenv' has been explicitly marked deprecated here
 1183 |     _Check_return_ _CRT_INSECURE_DEPRECATE(_dupenv_s)
      |                    ^
C:\Program Files (x86)\Microsoft Visual Studio\2022\BuildTools\VC\Tools\MSVC\14.44.35207\include\vcruntime.h(368,55): note: expanded from macro '_CRT_INSECURE_DEPRECATE'
  368 |         #define _CRT_INSECURE_DEPRECATE(_Replacement) _CRT_DEPRECATE_TEXT(    \
      |                                                       ^
C:\Program Files (x86)\Microsoft Visual Studio\2022\BuildTools\VC\Tools\MSVC\14.44.35207\include\vcruntime.h(358,47): note: expanded from macro '_CRT_DEPRECATE_TEXT'
  358 | #define _CRT_DEPRECATE_TEXT(_Text) __declspec(deprecated(_Text))
      |                                               ^
In file included from C:\Users\ultim\Desktop\Sonic Adventure Recompiled\src\sonic_collision_math.cpp:2:
In file included from C:\Users\ultim\Desktop\Sonic Adventure Recompiled\src\sonic_native_collision_memory.hpp:2:
C:\Users\ultim\Desktop\Sonic Adventure Recompiled\src\sonic_scalar_write_view.hpp(30,30): warning: 'getenv' is deprecated: This function or variable may be unsafe. Consider using _dupenv_s instead. To disable deprecation, use _CRT_SECURE_NO_WARNINGS. See online help for details. [-Wdeprecated-declarations]
   30 |         const char* p = std::getenv("SARECOMP_SCALAR_WRITES");
      |                              ^
C:\Program Files (x86)\Windows Kits\10\Include\10.0.26100.0\ucrt\stdlib.h(1183,20): note: 'getenv' has been explicitly marked deprecated here
 1183 |     _Check_return_ _CRT_INSECURE_DEPRECATE(_dupenv_s)
      |                    ^
C:\Program Files (x86)\Microsoft Visual Studio\2022\BuildTools\VC\Tools\MSVC\14.44.35207\include\vcruntime.h(368,55): note: expanded from macro '_CRT_INSECURE_DEPRECATE'
  368 |         #define _CRT_INSECURE_DEPRECATE(_Replacement) _CRT_DEPRECATE_TEXT(    \
      |                                                       ^
C:\Program Files (x86)\Microsoft Visual Studio\2022\BuildTools\VC\Tools\MSVC\14.44.35207\include\vcruntime.h(358,47): note: expanded from macro '_CRT_DEPRECATE_TEXT'
  358 | #define _CRT_DEPRECATE_TEXT(_Text) __declspec(deprecated(_Text))
      |                                               ^
In file included from C:\Users\ultim\Desktop\Sonic Adventure Recompiled\src\sonic_collision_math.cpp:2:
In file included from C:\Users\ultim\Desktop\Sonic Adventure Recompiled\src\sonic_native_collision_memory.hpp:2:
C:\Users\ultim\Desktop\Sonic Adventure Recompiled\src\sonic_scalar_write_view.hpp(38,30): warning: 'getenv' is deprecated: This function or variable may be unsafe. Consider using _dupenv_s instead. To disable deprecation, use _CRT_SECURE_NO_WARNINGS. See online help for details. [-Wdeprecated-declarations]
   38 |         const char* p = std::getenv("SARECOMP_STACK_FRAMES");
      |                              ^
C:\Program Files (x86)\Windows Kits\10\Include\10.0.26100.0\ucrt\stdlib.h(1183,20): note: 'getenv' has been explicitly marked deprecated here
 1183 |     _Check_return_ _CRT_INSECURE_DEPRECATE(_dupenv_s)
      |                    ^
C:\Program Files (x86)\Microsoft Visual Studio\2022\BuildTools\VC\Tools\MSVC\14.44.35207\include\vcruntime.h(368,55): note: expanded from macro '_CRT_INSECURE_DEPRECATE'
  368 |         #define _CRT_INSECURE_DEPRECATE(_Replacement) _CRT_DEPRECATE_TEXT(    \
      |                                                       ^
C:\Program Files (x86)\Microsoft Visual Studio\2022\BuildTools\VC\Tools\MSVC\14.44.35207\include\vcruntime.h(358,47): note: expanded from macro '_CRT_DEPRECATE_TEXT'
  358 | #define _CRT_DEPRECATE_TEXT(_Text) __declspec(deprecated(_Text))
      |                                               ^
In file included from C:\Users\ultim\Desktop\Sonic Adventure Recompiled\src\sonic_collision_math.cpp:2:
In file included from C:\Users\ultim\Desktop\Sonic Adventure Recompiled\src\sonic_native_collision_memory.hpp:2:
C:\Users\ultim\Desktop\Sonic Adventure Recompiled\src\sonic_scalar_write_view.hpp(46,30): warning: 'getenv' is deprecated: This function or variable may be unsafe. Consider using _dupenv_s instead. To disable deprecation, use _CRT_SECURE_NO_WARNINGS. See online help for details. [-Wdeprecated-declarations]
   46 |         const char* p = std::getenv("SARECOMP_RAM_REGIONS");
      |                              ^
C:\Program Files (x86)\Windows Kits\10\Include\10.0.26100.0\ucrt\stdlib.h(1183,20): note: 'getenv' has been explicitly marked deprecated here
 1183 |     _Check_return_ _CRT_INSECURE_DEPRECATE(_dupenv_s)
      |                    ^
C:\Program Files (x86)\Microsoft Visual Studio\2022\BuildTools\VC\Tools\MSVC\14.44.35207\include\vcruntime.h(368,55): note: expanded from macro '_CRT_INSECURE_DEPRECATE'
  368 |         #define _CRT_INSECURE_DEPRECATE(_Replacement) _CRT_DEPRECATE_TEXT(    \
      |                                                       ^
C:\Program Files (x86)\Microsoft Visual Studio\2022\BuildTools\VC\Tools\MSVC\14.44.35207\include\vcruntime.h(358,47): note: expanded from macro '_CRT_DEPRECATE_TEXT'
  358 | #define _CRT_DEPRECATE_TEXT(_Text) __declspec(deprecated(_Text))
      |                                               ^
In file included from C:\Users\ultim\Desktop\Sonic Adventure Recompiled\src\sonic_collision_math.cpp:2:
C:\Users\ultim\Desktop\Sonic Adventure Recompiled\src\sonic_native_collision_memory.hpp(7,28): warning: 'getenv' is deprecated: This function or variable may be unsafe. Consider using _dupenv_s instead. To disable deprecation, use _CRT_SECURE_NO_WARNINGS. See online help for details. [-Wdeprecated-declarations]
    7 |         const char* p=std::getenv("SARECOMP_NATIVE_COLLISION_MEMORY");
      |                            ^
C:\Program Files (x86)\Windows Kits\10\Include\10.0.26100.0\ucrt\stdlib.h(1183,20): note: 'getenv' has been explicitly marked deprecated here
 1183 |     _Check_return_ _CRT_INSECURE_DEPRECATE(_dupenv_s)
      |                    ^
C:\Program Files (x86)\Microsoft Visual Studio\2022\BuildTools\VC\Tools\MSVC\14.44.35207\include\vcruntime.h(368,55): note: expanded from macro '_CRT_INSECURE_DEPRECATE'
  368 |         #define _CRT_INSECURE_DEPRECATE(_Replacement) _CRT_DEPRECATE_TEXT(    \
      |                                                       ^
C:\Program Files (x86)\Microsoft Visual Studio\2022\BuildTools\VC\Tools\MSVC\14.44.35207\include\vcruntime.h(358,47): note: expanded from macro '_CRT_DEPRECATE_TEXT'
  358 | #define _CRT_DEPRECATE_TEXT(_Text) __declspec(deprecated(_Text))
      |                                               ^
In file included from C:\Users\ultim\Desktop\Sonic Adventure Recompiled\src\sonic_collision_math.cpp:2:
C:\Users\ultim\Desktop\Sonic Adventure Recompiled\src\sonic_native_collision_memory.hpp(14,28): warning: 'getenv' is deprecated: This function or variable may be unsafe. Consider using _dupenv_s instead. To disable deprecation, use _CRT_SECURE_NO_WARNINGS. See online help for details. [-Wdeprecated-declarations]
   14 |         const char* p=std::getenv("SARECOMP_NATIVE_COLLISION_CLOSURE");
      |                            ^
C:\Program Files (x86)\Windows Kits\10\Include\10.0.26100.0\ucrt\stdlib.h(1183,20): note: 'getenv' has been explicitly marked deprecated here
 1183 |     _Check_return_ _CRT_INSECURE_DEPRECATE(_dupenv_s)
      |                    ^
C:\Program Files (x86)\Microsoft Visual Studio\2022\BuildTools\VC\Tools\MSVC\14.44.35207\include\vcruntime.h(368,55): note: expanded from macro '_CRT_INSECURE_DEPRECATE'
  368 |         #define _CRT_INSECURE_DEPRECATE(_Replacement) _CRT_DEPRECATE_TEXT(    \
      |                                                       ^
C:\Program Files (x86)\Microsoft Visual Studio\2022\BuildTools\VC\Tools\MSVC\14.44.35207\include\vcruntime.h(358,47): note: expanded from macro '_CRT_DEPRECATE_TEXT'
  358 | #define _CRT_DEPRECATE_TEXT(_Text) __declspec(deprecated(_Text))
      |                                               ^
8 warnings generated.
[4/51] Building CXX object CMakeFiles\katana_native_title_adapter.dir\src\sonic_matrix_inverse.cpp.obj
In file included from C:\Users\ultim\Desktop\Sonic Adventure Recompiled\src\sonic_matrix_inverse.cpp:2:
In file included from C:\Users\ultim\Desktop\Sonic Adventure Recompiled\src\sonic_native_model_memory.hpp:2:
In file included from C:\Users\ultim\Desktop\Sonic Adventure Recompiled\src\sonic_scalar_write_view.hpp:3:
C:\Users\ultim\Desktop\Sonic Adventure Recompiled\src\sonic_internal_diagnostics.hpp(28,67): warning: 'getenv' is deprecated: This function or variable may be unsafe. Consider using _dupenv_s instead. To disable deprecation, use _CRT_SECURE_NO_WARNINGS. See online help for details. [-Wdeprecated-declarations]
   28 |     internal_runtime_enabled = read_internal_policy(program, std::getenv("SARECOMP_INTERNAL_DIAGNOSTICS"));
      |                                                                   ^
C:\Program Files (x86)\Windows Kits\10\Include\10.0.26100.0\ucrt\stdlib.h(1183,20): note: 'getenv' has been explicitly marked deprecated here
 1183 |     _Check_return_ _CRT_INSECURE_DEPRECATE(_dupenv_s)
      |                    ^
C:\Program Files (x86)\Microsoft Visual Studio\2022\BuildTools\VC\Tools\MSVC\14.44.35207\include\vcruntime.h(368,55): note: expanded from macro '_CRT_INSECURE_DEPRECATE'
  368 |         #define _CRT_INSECURE_DEPRECATE(_Replacement) _CRT_DEPRECATE_TEXT(    \
      |                                                       ^
C:\Program Files (x86)\Microsoft Visual Studio\2022\BuildTools\VC\Tools\MSVC\14.44.35207\include\vcruntime.h(358,47): note: expanded from macro '_CRT_DEPRECATE_TEXT'
  358 | #define _CRT_DEPRECATE_TEXT(_Text) __declspec(deprecated(_Text))
      |                                               ^
In file included from C:\Users\ultim\Desktop\Sonic Adventure Recompiled\src\sonic_matrix_inverse.cpp:2:
In file included from C:\Users\ultim\Desktop\Sonic Adventure Recompiled\src\sonic_native_model_memory.hpp:2:
In file included from C:\Users\ultim\Desktop\Sonic Adventure Recompiled\src\sonic_scalar_write_view.hpp:4:
C:\Users\ultim\Desktop\Sonic Adventure Recompiled\src\sonic_native_cpu_policy.hpp(11,30): warning: 'getenv' is deprecated: This function or variable may be unsafe. Consider using _dupenv_s instead. To disable deprecation, use _CRT_SECURE_NO_WARNINGS. See online help for details. [-Wdeprecated-declarations]
   11 |     const char* group = std::getenv("SARECOMP_NATIVE_CPU_PATHS");
      |                              ^
C:\Program Files (x86)\Windows Kits\10\Include\10.0.26100.0\ucrt\stdlib.h(1183,20): note: 'getenv' has been explicitly marked deprecated here
 1183 |     _Check_return_ _CRT_INSECURE_DEPRECATE(_dupenv_s)
      |                    ^
C:\Program Files (x86)\Microsoft Visual Studio\2022\BuildTools\VC\Tools\MSVC\14.44.35207\include\vcruntime.h(368,55): note: expanded from macro '_CRT_INSECURE_DEPRECATE'
  368 |         #define _CRT_INSECURE_DEPRECATE(_Replacement) _CRT_DEPRECATE_TEXT(    \
      |                                                       ^
C:\Program Files (x86)\Microsoft Visual Studio\2022\BuildTools\VC\Tools\MSVC\14.44.35207\include\vcruntime.h(358,47): note: expanded from macro '_CRT_DEPRECATE_TEXT'
  358 | #define _CRT_DEPRECATE_TEXT(_Text) __declspec(deprecated(_Text))
      |                                               ^
In file included from C:\Users\ultim\Desktop\Sonic Adventure Recompiled\src\sonic_matrix_inverse.cpp:2:
In file included from C:\Users\ultim\Desktop\Sonic Adventure Recompiled\src\sonic_native_model_memory.hpp:2:
In file included from C:\Users\ultim\Desktop\Sonic Adventure Recompiled\src\sonic_scalar_write_view.hpp:4:
C:\Users\ultim\Desktop\Sonic Adventure Recompiled\src\sonic_native_cpu_policy.hpp(13,30): warning: 'getenv' is deprecated: This function or variable may be unsafe. Consider using _dupenv_s instead. To disable deprecation, use _CRT_SECURE_NO_WARNINGS. See online help for details. [-Wdeprecated-declarations]
   13 |     const char* value = std::getenv(option);
      |                              ^
C:\Program Files (x86)\Windows Kits\10\Include\10.0.26100.0\ucrt\stdlib.h(1183,20): note: 'getenv' has been explicitly marked deprecated here
 1183 |     _Check_return_ _CRT_INSECURE_DEPRECATE(_dupenv_s)
      |                    ^
C:\Program Files (x86)\Microsoft Visual Studio\2022\BuildTools\VC\Tools\MSVC\14.44.35207\include\vcruntime.h(368,55): note: expanded from macro '_CRT_INSECURE_DEPRECATE'
  368 |         #define _CRT_INSECURE_DEPRECATE(_Replacement) _CRT_DEPRECATE_TEXT(    \
      |                                                       ^
C:\Program Files (x86)\Microsoft Visual Studio\2022\BuildTools\VC\Tools\MSVC\14.44.35207\include\vcruntime.h(358,47): note: expanded from macro '_CRT_DEPRECATE_TEXT'
  358 | #define _CRT_DEPRECATE_TEXT(_Text) __declspec(deprecated(_Text))
      |                                               ^
In file included from C:\Users\ultim\Desktop\Sonic Adventure Recompiled\src\sonic_matrix_inverse.cpp:2:
In file included from C:\Users\ultim\Desktop\Sonic Adventure Recompiled\src\sonic_native_model_memory.hpp:2:
C:\Users\ultim\Desktop\Sonic Adventure Recompiled\src\sonic_scalar_write_view.hpp(30,30): warning: 'getenv' is deprecated: This function or variable may be unsafe. Consider using _dupenv_s instead. To disable deprecation, use _CRT_SECURE_NO_WARNINGS. See online help for details. [-Wdeprecated-declarations]
   30 |         const char* p = std::getenv("SARECOMP_SCALAR_WRITES");
      |                              ^
C:\Program Files (x86)\Windows Kits\10\Include\10.0.26100.0\ucrt\stdlib.h(1183,20): note: 'getenv' has been explicitly marked deprecated here
 1183 |     _Check_return_ _CRT_INSECURE_DEPRECATE(_dupenv_s)
      |                    ^
C:\Program Files (x86)\Microsoft Visual Studio\2022\BuildTools\VC\Tools\MSVC\14.44.35207\include\vcruntime.h(368,55): note: expanded from macro '_CRT_INSECURE_DEPRECATE'
  368 |         #define _CRT_INSECURE_DEPRECATE(_Replacement) _CRT_DEPRECATE_TEXT(    \
      |                                                       ^
C:\Program Files (x86)\Microsoft Visual Studio\2022\BuildTools\VC\Tools\MSVC\14.44.35207\include\vcruntime.h(358,47): note: expanded from macro '_CRT_DEPRECATE_TEXT'
  358 | #define _CRT_DEPRECATE_TEXT(_Text) __declspec(deprecated(_Text))
      |                                               ^
In file included from C:\Users\ultim\Desktop\Sonic Adventure Recompiled\src\sonic_matrix_inverse.cpp:2:
In file included from C:\Users\ultim\Desktop\Sonic Adventure Recompiled\src\sonic_native_model_memory.hpp:2:
C:\Users\ultim\Desktop\Sonic Adventure Recompiled\src\sonic_scalar_write_view.hpp(38,30): warning: 'getenv' is deprecated: This function or variable may be unsafe. Consider using _dupenv_s instead. To disable deprecation, use _CRT_SECURE_NO_WARNINGS. See online help for details. [-Wdeprecated-declarations]
   38 |         const char* p = std::getenv("SARECOMP_STACK_FRAMES");
      |                              ^
C:\Program Files (x86)\Windows Kits\10\Include\10.0.26100.0\ucrt\stdlib.h(1183,20): note: 'getenv' has been explicitly marked deprecated here
 1183 |     _Check_return_ _CRT_INSECURE_DEPRECATE(_dupenv_s)
      |                    ^
C:\Program Files (x86)\Microsoft Visual Studio\2022\BuildTools\VC\Tools\MSVC\14.44.35207\include\vcruntime.h(368,55): note: expanded from macro '_CRT_INSECURE_DEPRECATE'
  368 |         #define _CRT_INSECURE_DEPRECATE(_Replacement) _CRT_DEPRECATE_TEXT(    \
      |                                                       ^
C:\Program Files (x86)\Microsoft Visual Studio\2022\BuildTools\VC\Tools\MSVC\14.44.35207\include\vcruntime.h(358,47): note: expanded from macro '_CRT_DEPRECATE_TEXT'
  358 | #define _CRT_DEPRECATE_TEXT(_Text) __declspec(deprecated(_Text))
      |                                               ^
In file included from C:\Users\ultim\Desktop\Sonic Adventure Recompiled\src\sonic_matrix_inverse.cpp:2:
In file included from C:\Users\ultim\Desktop\Sonic Adventure Recompiled\src\sonic_native_model_memory.hpp:2:
C:\Users\ultim\Desktop\Sonic Adventure Recompiled\src\sonic_scalar_write_view.hpp(46,30): warning: 'getenv' is deprecated: This function or variable may be unsafe. Consider using _dupenv_s instead. To disable deprecation, use _CRT_SECURE_NO_WARNINGS. See online help for details. [-Wdeprecated-declarations]
   46 |         const char* p = std::getenv("SARECOMP_RAM_REGIONS");
      |                              ^
C:\Program Files (x86)\Windows Kits\10\Include\10.0.26100.0\ucrt\stdlib.h(1183,20): note: 'getenv' has been explicitly marked deprecated here
 1183 |     _Check_return_ _CRT_INSECURE_DEPRECATE(_dupenv_s)
      |                    ^
C:\Program Files (x86)\Microsoft Visual Studio\2022\BuildTools\VC\Tools\MSVC\14.44.35207\include\vcruntime.h(368,55): note: expanded from macro '_CRT_INSECURE_DEPRECATE'
  368 |         #define _CRT_INSECURE_DEPRECATE(_Replacement) _CRT_DEPRECATE_TEXT(    \
      |                                                       ^
C:\Program Files (x86)\Microsoft Visual Studio\2022\BuildTools\VC\Tools\MSVC\14.44.35207\include\vcruntime.h(358,47): note: expanded from macro '_CRT_DEPRECATE_TEXT'
  358 | #define _CRT_DEPRECATE_TEXT(_Text) __declspec(deprecated(_Text))
      |                                               ^
6 warnings generated.
[5/51] Building CXX object CMakeFiles\katana_native_title_adapter.dir\src\sonic_triangle_contacts.cpp.obj
In file included from C:\Users\ultim\Desktop\Sonic Adventure Recompiled\src\sonic_triangle_contacts.cpp:2:
In file included from C:\Users\ultim\Desktop\Sonic Adventure Recompiled\src\sonic_native_collision_memory.hpp:2:
In file included from C:\Users\ultim\Desktop\Sonic Adventure Recompiled\src\sonic_scalar_write_view.hpp:3:
C:\Users\ultim\Desktop\Sonic Adventure Recompiled\src\sonic_internal_diagnostics.hpp(28,67): warning: 'getenv' is deprecated: This function or variable may be unsafe. Consider using _dupenv_s instead. To disable deprecation, use _CRT_SECURE_NO_WARNINGS. See online help for details. [-Wdeprecated-declarations]
   28 |     internal_runtime_enabled = read_internal_policy(program, std::getenv("SARECOMP_INTERNAL_DIAGNOSTICS"));
      |                                                                   ^
C:\Program Files (x86)\Windows Kits\10\Include\10.0.26100.0\ucrt\stdlib.h(1183,20): note: 'getenv' has been explicitly marked deprecated here
 1183 |     _Check_return_ _CRT_INSECURE_DEPRECATE(_dupenv_s)
      |                    ^
C:\Program Files (x86)\Microsoft Visual Studio\2022\BuildTools\VC\Tools\MSVC\14.44.35207\include\vcruntime.h(368,55): note: expanded from macro '_CRT_INSECURE_DEPRECATE'
  368 |         #define _CRT_INSECURE_DEPRECATE(_Replacement) _CRT_DEPRECATE_TEXT(    \
      |                                                       ^
C:\Program Files (x86)\Microsoft Visual Studio\2022\BuildTools\VC\Tools\MSVC\14.44.35207\include\vcruntime.h(358,47): note: expanded from macro '_CRT_DEPRECATE_TEXT'
  358 | #define _CRT_DEPRECATE_TEXT(_Text) __declspec(deprecated(_Text))
      |                                               ^
In file included from C:\Users\ultim\Desktop\Sonic Adventure Recompiled\src\sonic_triangle_contacts.cpp:2:
In file included from C:\Users\ultim\Desktop\Sonic Adventure Recompiled\src\sonic_native_collision_memory.hpp:2:
In file included from C:\Users\ultim\Desktop\Sonic Adventure Recompiled\src\sonic_scalar_write_view.hpp:4:
C:\Users\ultim\Desktop\Sonic Adventure Recompiled\src\sonic_native_cpu_policy.hpp(11,30): warning: 'getenv' is deprecated: This function or variable may be unsafe. Consider using _dupenv_s instead. To disable deprecation, use _CRT_SECURE_NO_WARNINGS. See online help for details. [-Wdeprecated-declarations]
   11 |     const char* group = std::getenv("SARECOMP_NATIVE_CPU_PATHS");
      |                              ^
C:\Program Files (x86)\Windows Kits\10\Include\10.0.26100.0\ucrt\stdlib.h(1183,20): note: 'getenv' has been explicitly marked deprecated here
 1183 |     _Check_return_ _CRT_INSECURE_DEPRECATE(_dupenv_s)
      |                    ^
C:\Program Files (x86)\Microsoft Visual Studio\2022\BuildTools\VC\Tools\MSVC\14.44.35207\include\vcruntime.h(368,55): note: expanded from macro '_CRT_INSECURE_DEPRECATE'
  368 |         #define _CRT_INSECURE_DEPRECATE(_Replacement) _CRT_DEPRECATE_TEXT(    \
      |                                                       ^
C:\Program Files (x86)\Microsoft Visual Studio\2022\BuildTools\VC\Tools\MSVC\14.44.35207\include\vcruntime.h(358,47): note: expanded from macro '_CRT_DEPRECATE_TEXT'
  358 | #define _CRT_DEPRECATE_TEXT(_Text) __declspec(deprecated(_Text))
      |                                               ^
In file included from C:\Users\ultim\Desktop\Sonic Adventure Recompiled\src\sonic_triangle_contacts.cpp:2:
In file included from C:\Users\ultim\Desktop\Sonic Adventure Recompiled\src\sonic_native_collision_memory.hpp:2:
In file included from C:\Users\ultim\Desktop\Sonic Adventure Recompiled\src\sonic_scalar_write_view.hpp:4:
C:\Users\ultim\Desktop\Sonic Adventure Recompiled\src\sonic_native_cpu_policy.hpp(13,30): warning: 'getenv' is deprecated: This function or variable may be unsafe. Consider using _dupenv_s instead. To disable deprecation, use _CRT_SECURE_NO_WARNINGS. See online help for details. [-Wdeprecated-declarations]
   13 |     const char* value = std::getenv(option);
      |                              ^
C:\Program Files (x86)\Windows Kits\10\Include\10.0.26100.0\ucrt\stdlib.h(1183,20): note: 'getenv' has been explicitly marked deprecated here
 1183 |     _Check_return_ _CRT_INSECURE_DEPRECATE(_dupenv_s)
      |                    ^
C:\Program Files (x86)\Microsoft Visual Studio\2022\BuildTools\VC\Tools\MSVC\14.44.35207\include\vcruntime.h(368,55): note: expanded from macro '_CRT_INSECURE_DEPRECATE'
  368 |         #define _CRT_INSECURE_DEPRECATE(_Replacement) _CRT_DEPRECATE_TEXT(    \
      |                                                       ^
C:\Program Files (x86)\Microsoft Visual Studio\2022\BuildTools\VC\Tools\MSVC\14.44.35207\include\vcruntime.h(358,47): note: expanded from macro '_CRT_DEPRECATE_TEXT'
  358 | #define _CRT_DEPRECATE_TEXT(_Text) __declspec(deprecated(_Text))
      |                                               ^
In file included from C:\Users\ultim\Desktop\Sonic Adventure Recompiled\src\sonic_triangle_contacts.cpp:2:
In file included from C:\Users\ultim\Desktop\Sonic Adventure Recompiled\src\sonic_native_collision_memory.hpp:2:
C:\Users\ultim\Desktop\Sonic Adventure Recompiled\src\sonic_scalar_write_view.hpp(30,30): warning: 'getenv' is deprecated: This function or variable may be unsafe. Consider using _dupenv_s instead. To disable deprecation, use _CRT_SECURE_NO_WARNINGS. See online help for details. [-Wdeprecated-declarations]
   30 |         const char* p = std::getenv("SARECOMP_SCALAR_WRITES");
      |                              ^
C:\Program Files (x86)\Windows Kits\10\Include\10.0.26100.0\ucrt\stdlib.h(1183,20): note: 'getenv' has been explicitly marked deprecated here
 1183 |     _Check_return_ _CRT_INSECURE_DEPRECATE(_dupenv_s)
      |                    ^
C:\Program Files (x86)\Microsoft Visual Studio\2022\BuildTools\VC\Tools\MSVC\14.44.35207\include\vcruntime.h(368,55): note: expanded from macro '_CRT_INSECURE_DEPRECATE'
  368 |         #define _CRT_INSECURE_DEPRECATE(_Replacement) _CRT_DEPRECATE_TEXT(    \
      |                                                       ^
C:\Program Files (x86)\Microsoft Visual Studio\2022\BuildTools\VC\Tools\MSVC\14.44.35207\include\vcruntime.h(358,47): note: expanded from macro '_CRT_DEPRECATE_TEXT'
  358 | #define _CRT_DEPRECATE_TEXT(_Text) __declspec(deprecated(_Text))
      |                                               ^
In file included from C:\Users\ultim\Desktop\Sonic Adventure Recompiled\src\sonic_triangle_contacts.cpp:2:
In file included from C:\Users\ultim\Desktop\Sonic Adventure Recompiled\src\sonic_native_collision_memory.hpp:2:
C:\Users\ultim\Desktop\Sonic Adventure Recompiled\src\sonic_scalar_write_view.hpp(38,30): warning: 'getenv' is deprecated: This function or variable may be unsafe. Consider using _dupenv_s instead. To disable deprecation, use _CRT_SECURE_NO_WARNINGS. See online help for details. [-Wdeprecated-declarations]
   38 |         const char* p = std::getenv("SARECOMP_STACK_FRAMES");
      |                              ^
C:\Program Files (x86)\Windows Kits\10\Include\10.0.26100.0\ucrt\stdlib.h(1183,20): note: 'getenv' has been explicitly marked deprecated here
 1183 |     _Check_return_ _CRT_INSECURE_DEPRECATE(_dupenv_s)
      |                    ^
C:\Program Files (x86)\Microsoft Visual Studio\2022\BuildTools\VC\Tools\MSVC\14.44.35207\include\vcruntime.h(368,55): note: expanded from macro '_CRT_INSECURE_DEPRECATE'
  368 |         #define _CRT_INSECURE_DEPRECATE(_Replacement) _CRT_DEPRECATE_TEXT(    \
      |                                                       ^
C:\Program Files (x86)\Microsoft Visual Studio\2022\BuildTools\VC\Tools\MSVC\14.44.35207\include\vcruntime.h(358,47): note: expanded from macro '_CRT_DEPRECATE_TEXT'
  358 | #define _CRT_DEPRECATE_TEXT(_Text) __declspec(deprecated(_Text))
      |                                               ^
In file included from C:\Users\ultim\Desktop\Sonic Adventure Recompiled\src\sonic_triangle_contacts.cpp:2:
In file included from C:\Users\ultim\Desktop\Sonic Adventure Recompiled\src\sonic_native_collision_memory.hpp:2:
C:\Users\ultim\Desktop\Sonic Adventure Recompiled\src\sonic_scalar_write_view.hpp(46,30): warning: 'getenv' is deprecated: This function or variable may be unsafe. Consider using _dupenv_s instead. To disable deprecation, use _CRT_SECURE_NO_WARNINGS. See online help for details. [-Wdeprecated-declarations]
   46 |         const char* p = std::getenv("SARECOMP_RAM_REGIONS");
      |                              ^
C:\Program Files (x86)\Windows Kits\10\Include\10.0.26100.0\ucrt\stdlib.h(1183,20): note: 'getenv' has been explicitly marked deprecated here
 1183 |     _Check_return_ _CRT_INSECURE_DEPRECATE(_dupenv_s)
      |                    ^
C:\Program Files (x86)\Microsoft Visual Studio\2022\BuildTools\VC\Tools\MSVC\14.44.35207\include\vcruntime.h(368,55): note: expanded from macro '_CRT_INSECURE_DEPRECATE'
  368 |         #define _CRT_INSECURE_DEPRECATE(_Replacement) _CRT_DEPRECATE_TEXT(    \
      |                                                       ^
C:\Program Files (x86)\Microsoft Visual Studio\2022\BuildTools\VC\Tools\MSVC\14.44.35207\include\vcruntime.h(358,47): note: expanded from macro '_CRT_DEPRECATE_TEXT'
  358 | #define _CRT_DEPRECATE_TEXT(_Text) __declspec(deprecated(_Text))
      |                                               ^
In file included from C:\Users\ultim\Desktop\Sonic Adventure Recompiled\src\sonic_triangle_contacts.cpp:2:
C:\Users\ultim\Desktop\Sonic Adventure Recompiled\src\sonic_native_collision_memory.hpp(7,28): warning: 'getenv' is deprecated: This function or variable may be unsafe. Consider using _dupenv_s instead. To disable deprecation, use _CRT_SECURE_NO_WARNINGS. See online help for details. [-Wdeprecated-declarations]
    7 |         const char* p=std::getenv("SARECOMP_NATIVE_COLLISION_MEMORY");
      |                            ^
C:\Program Files (x86)\Windows Kits\10\Include\10.0.26100.0\ucrt\stdlib.h(1183,20): note: 'getenv' has been explicitly marked deprecated here
 1183 |     _Check_return_ _CRT_INSECURE_DEPRECATE(_dupenv_s)
      |                    ^
C:\Program Files (x86)\Microsoft Visual Studio\2022\BuildTools\VC\Tools\MSVC\14.44.35207\include\vcruntime.h(368,55): note: expanded from macro '_CRT_INSECURE_DEPRECATE'
  368 |         #define _CRT_INSECURE_DEPRECATE(_Replacement) _CRT_DEPRECATE_TEXT(    \
      |                                                       ^
C:\Program Files (x86)\Microsoft Visual Studio\2022\BuildTools\VC\Tools\MSVC\14.44.35207\include\vcruntime.h(358,47): note: expanded from macro '_CRT_DEPRECATE_TEXT'
  358 | #define _CRT_DEPRECATE_TEXT(_Text) __declspec(deprecated(_Text))
      |                                               ^
In file included from C:\Users\ultim\Desktop\Sonic Adventure Recompiled\src\sonic_triangle_contacts.cpp:2:
C:\Users\ultim\Desktop\Sonic Adventure Recompiled\src\sonic_native_collision_memory.hpp(14,28): warning: 'getenv' is deprecated: This function or variable may be unsafe. Consider using _dupenv_s instead. To disable deprecation, use _CRT_SECURE_NO_WARNINGS. See online help for details. [-Wdeprecated-declarations]
   14 |         const char* p=std::getenv("SARECOMP_NATIVE_COLLISION_CLOSURE");
      |                            ^
C:\Program Files (x86)\Windows Kits\10\Include\10.0.26100.0\ucrt\stdlib.h(1183,20): note: 'getenv' has been explicitly marked deprecated here
 1183 |     _Check_return_ _CRT_INSECURE_DEPRECATE(_dupenv_s)
      |                    ^
C:\Program Files (x86)\Microsoft Visual Studio\2022\BuildTools\VC\Tools\MSVC\14.44.35207\include\vcruntime.h(368,55): note: expanded from macro '_CRT_INSECURE_DEPRECATE'
  368 |         #define _CRT_INSECURE_DEPRECATE(_Replacement) _CRT_DEPRECATE_TEXT(    \
      |                                                       ^
C:\Program Files (x86)\Microsoft Visual Studio\2022\BuildTools\VC\Tools\MSVC\14.44.35207\include\vcruntime.h(358,47): note: expanded from macro '_CRT_DEPRECATE_TEXT'
  358 | #define _CRT_DEPRECATE_TEXT(_Text) __declspec(deprecated(_Text))
      |                                               ^
C:\Users\ultim\Desktop\Sonic Adventure Recompiled\src\sonic_triangle_contacts.cpp(341,1): warning: unused label 'L8C029400' [-Wunused-label]
  341 | L8C029400: // 2FE6
      | ^~~~~~~~~~
9 warnings generated.
[6/51] Building CXX object CMakeFiles\katana_native_title_adapter.dir\src\sonic_matrix_vectors.cpp.obj
In file included from C:\Users\ultim\Desktop\Sonic Adventure Recompiled\src\sonic_matrix_vectors.cpp:2:
In file included from C:\Users\ultim\Desktop\Sonic Adventure Recompiled\src\sonic_native_model_memory.hpp:2:
In file included from C:\Users\ultim\Desktop\Sonic Adventure Recompiled\src\sonic_scalar_write_view.hpp:3:
C:\Users\ultim\Desktop\Sonic Adventure Recompiled\src\sonic_internal_diagnostics.hpp(28,67): warning: 'getenv' is deprecated: This function or variable may be unsafe. Consider using _dupenv_s instead. To disable deprecation, use _CRT_SECURE_NO_WARNINGS. See online help for details. [-Wdeprecated-declarations]
   28 |     internal_runtime_enabled = read_internal_policy(program, std::getenv("SARECOMP_INTERNAL_DIAGNOSTICS"));
      |                                                                   ^
C:\Program Files (x86)\Windows Kits\10\Include\10.0.26100.0\ucrt\stdlib.h(1183,20): note: 'getenv' has been explicitly marked deprecated here
 1183 |     _Check_return_ _CRT_INSECURE_DEPRECATE(_dupenv_s)
      |                    ^
C:\Program Files (x86)\Microsoft Visual Studio\2022\BuildTools\VC\Tools\MSVC\14.44.35207\include\vcruntime.h(368,55): note: expanded from macro '_CRT_INSECURE_DEPRECATE'
  368 |         #define _CRT_INSECURE_DEPRECATE(_Replacement) _CRT_DEPRECATE_TEXT(    \
      |                                                       ^
C:\Program Files (x86)\Microsoft Visual Studio\2022\BuildTools\VC\Tools\MSVC\14.44.35207\include\vcruntime.h(358,47): note: expanded from macro '_CRT_DEPRECATE_TEXT'
  358 | #define _CRT_DEPRECATE_TEXT(_Text) __declspec(deprecated(_Text))
      |                                               ^
In file included from C:\Users\ultim\Desktop\Sonic Adventure Recompiled\src\sonic_matrix_vectors.cpp:2:
In file included from C:\Users\ultim\Desktop\Sonic Adventure Recompiled\src\sonic_native_model_memory.hpp:2:
In file included from C:\Users\ultim\Desktop\Sonic Adventure Recompiled\src\sonic_scalar_write_view.hpp:4:
C:\Users\ultim\Desktop\Sonic Adventure Recompiled\src\sonic_native_cpu_policy.hpp(11,30): warning: 'getenv' is deprecated: This function or variable may be unsafe. Consider using _dupenv_s instead. To disable deprecation, use _CRT_SECURE_NO_WARNINGS. See online help for details. [-Wdeprecated-declarations]
   11 |     const char* group = std::getenv("SARECOMP_NATIVE_CPU_PATHS");
      |                              ^
C:\Program Files (x86)\Windows Kits\10\Include\10.0.26100.0\ucrt\stdlib.h(1183,20): note: 'getenv' has been explicitly marked deprecated here
 1183 |     _Check_return_ _CRT_INSECURE_DEPRECATE(_dupenv_s)
      |                    ^
C:\Program Files (x86)\Microsoft Visual Studio\2022\BuildTools\VC\Tools\MSVC\14.44.35207\include\vcruntime.h(368,55): note: expanded from macro '_CRT_INSECURE_DEPRECATE'
  368 |         #define _CRT_INSECURE_DEPRECATE(_Replacement) _CRT_DEPRECATE_TEXT(    \
      |                                                       ^
C:\Program Files (x86)\Microsoft Visual Studio\2022\BuildTools\VC\Tools\MSVC\14.44.35207\include\vcruntime.h(358,47): note: expanded from macro '_CRT_DEPRECATE_TEXT'
  358 | #define _CRT_DEPRECATE_TEXT(_Text) __declspec(deprecated(_Text))
      |                                               ^
In file included from C:\Users\ultim\Desktop\Sonic Adventure Recompiled\src\sonic_matrix_vectors.cpp:2:
In file included from C:\Users\ultim\Desktop\Sonic Adventure Recompiled\src\sonic_native_model_memory.hpp:2:
In file included from C:\Users\ultim\Desktop\Sonic Adventure Recompiled\src\sonic_scalar_write_view.hpp:4:
C:\Users\ultim\Desktop\Sonic Adventure Recompiled\src\sonic_native_cpu_policy.hpp(13,30): warning: 'getenv' is deprecated: This function or variable may be unsafe. Consider using _dupenv_s instead. To disable deprecation, use _CRT_SECURE_NO_WARNINGS. See online help for details. [-Wdeprecated-declarations]
   13 |     const char* value = std::getenv(option);
      |                              ^
C:\Program Files (x86)\Windows Kits\10\Include\10.0.26100.0\ucrt\stdlib.h(1183,20): note: 'getenv' has been explicitly marked deprecated here
 1183 |     _Check_return_ _CRT_INSECURE_DEPRECATE(_dupenv_s)
      |                    ^
C:\Program Files (x86)\Microsoft Visual Studio\2022\BuildTools\VC\Tools\MSVC\14.44.35207\include\vcruntime.h(368,55): note: expanded from macro '_CRT_INSECURE_DEPRECATE'
  368 |         #define _CRT_INSECURE_DEPRECATE(_Replacement) _CRT_DEPRECATE_TEXT(    \
      |                                                       ^
C:\Program Files (x86)\Microsoft Visual Studio\2022\BuildTools\VC\Tools\MSVC\14.44.35207\include\vcruntime.h(358,47): note: expanded from macro '_CRT_DEPRECATE_TEXT'
  358 | #define _CRT_DEPRECATE_TEXT(_Text) __declspec(deprecated(_Text))
      |                                               ^
In file included from C:\Users\ultim\Desktop\Sonic Adventure Recompiled\src\sonic_matrix_vectors.cpp:2:
In file included from C:\Users\ultim\Desktop\Sonic Adventure Recompiled\src\sonic_native_model_memory.hpp:2:
C:\Users\ultim\Desktop\Sonic Adventure Recompiled\src\sonic_scalar_write_view.hpp(30,30): warning: 'getenv' is deprecated: This function or variable may be unsafe. Consider using _dupenv_s instead. To disable deprecation, use _CRT_SECURE_NO_WARNINGS. See online help for details. [-Wdeprecated-declarations]
   30 |         const char* p = std::getenv("SARECOMP_SCALAR_WRITES");
      |                              ^
C:\Program Files (x86)\Windows Kits\10\Include\10.0.26100.0\ucrt\stdlib.h(1183,20): note: 'getenv' has been explicitly marked deprecated here
 1183 |     _Check_return_ _CRT_INSECURE_DEPRECATE(_dupenv_s)
      |                    ^
C:\Program Files (x86)\Microsoft Visual Studio\2022\BuildTools\VC\Tools\MSVC\14.44.35207\include\vcruntime.h(368,55): note: expanded from macro '_CRT_INSECURE_DEPRECATE'
  368 |         #define _CRT_INSECURE_DEPRECATE(_Replacement) _CRT_DEPRECATE_TEXT(    \
      |                                                       ^
C:\Program Files (x86)\Microsoft Visual Studio\2022\BuildTools\VC\Tools\MSVC\14.44.35207\include\vcruntime.h(358,47): note: expanded from macro '_CRT_DEPRECATE_TEXT'
  358 | #define _CRT_DEPRECATE_TEXT(_Text) __declspec(deprecated(_Text))
      |                                               ^
In file included from C:\Users\ultim\Desktop\Sonic Adventure Recompiled\src\sonic_matrix_vectors.cpp:2:
In file included from C:\Users\ultim\Desktop\Sonic Adventure Recompiled\src\sonic_native_model_memory.hpp:2:
C:\Users\ultim\Desktop\Sonic Adventure Recompiled\src\sonic_scalar_write_view.hpp(38,30): warning: 'getenv' is deprecated: This function or variable may be unsafe. Consider using _dupenv_s instead. To disable deprecation, use _CRT_SECURE_NO_WARNINGS. See online help for details. [-Wdeprecated-declarations]
   38 |         const char* p = std::getenv("SARECOMP_STACK_FRAMES");
      |                              ^
C:\Program Files (x86)\Windows Kits\10\Include\10.0.26100.0\ucrt\stdlib.h(1183,20): note: 'getenv' has been explicitly marked deprecated here
 1183 |     _Check_return_ _CRT_INSECURE_DEPRECATE(_dupenv_s)
      |                    ^
C:\Program Files (x86)\Microsoft Visual Studio\2022\BuildTools\VC\Tools\MSVC\14.44.35207\include\vcruntime.h(368,55): note: expanded from macro '_CRT_INSECURE_DEPRECATE'
  368 |         #define _CRT_INSECURE_DEPRECATE(_Replacement) _CRT_DEPRECATE_TEXT(    \
      |                                                       ^
C:\Program Files (x86)\Microsoft Visual Studio\2022\BuildTools\VC\Tools\MSVC\14.44.35207\include\vcruntime.h(358,47): note: expanded from macro '_CRT_DEPRECATE_TEXT'
  358 | #define _CRT_DEPRECATE_TEXT(_Text) __declspec(deprecated(_Text))
      |                                               ^
In file included from C:\Users\ultim\Desktop\Sonic Adventure Recompiled\src\sonic_matrix_vectors.cpp:2:
In file included from C:\Users\ultim\Desktop\Sonic Adventure Recompiled\src\sonic_native_model_memory.hpp:2:
C:\Users\ultim\Desktop\Sonic Adventure Recompiled\src\sonic_scalar_write_view.hpp(46,30): warning: 'getenv' is deprecated: This function or variable may be unsafe. Consider using _dupenv_s instead. To disable deprecation, use _CRT_SECURE_NO_WARNINGS. See online help for details. [-Wdeprecated-declarations]
   46 |         const char* p = std::getenv("SARECOMP_RAM_REGIONS");
      |                              ^
C:\Program Files (x86)\Windows Kits\10\Include\10.0.26100.0\ucrt\stdlib.h(1183,20): note: 'getenv' has been explicitly marked deprecated here
 1183 |     _Check_return_ _CRT_INSECURE_DEPRECATE(_dupenv_s)
      |                    ^
C:\Program Files (x86)\Microsoft Visual Studio\2022\BuildTools\VC\Tools\MSVC\14.44.35207\include\vcruntime.h(368,55): note: expanded from macro '_CRT_INSECURE_DEPRECATE'
  368 |         #define _CRT_INSECURE_DEPRECATE(_Replacement) _CRT_DEPRECATE_TEXT(    \
      |                                                       ^
C:\Program Files (x86)\Microsoft Visual Studio\2022\BuildTools\VC\Tools\MSVC\14.44.35207\include\vcruntime.h(358,47): note: expanded from macro '_CRT_DEPRECATE_TEXT'
  358 | #define _CRT_DEPRECATE_TEXT(_Text) __declspec(deprecated(_Text))
      |                                               ^
6 warnings generated.
[7/51] Building CXX object CMakeFiles\katana_native_title_adapter.dir\src\sonic_atan_math.cpp.obj
In file included from C:\Users\ultim\Desktop\Sonic Adventure Recompiled\src\sonic_atan_math.cpp:1:
In file included from C:\Users\ultim\Desktop\Sonic Adventure Recompiled\src\sonic_atan_math.hpp:4:
C:\Users\ultim\Desktop\Sonic Adventure Recompiled\src\sonic_internal_diagnostics.hpp(28,67): warning: 'getenv' is deprecated: This function or variable may be unsafe. Consider using _dupenv_s instead. To disable deprecation, use _CRT_SECURE_NO_WARNINGS. See online help for details. [-Wdeprecated-declarations]
   28 |     internal_runtime_enabled = read_internal_policy(program, std::getenv("SARECOMP_INTERNAL_DIAGNOSTICS"));
      |                                                                   ^
C:\Program Files (x86)\Windows Kits\10\Include\10.0.26100.0\ucrt\stdlib.h(1183,20): note: 'getenv' has been explicitly marked deprecated here
 1183 |     _Check_return_ _CRT_INSECURE_DEPRECATE(_dupenv_s)
      |                    ^
C:\Program Files (x86)\Microsoft Visual Studio\2022\BuildTools\VC\Tools\MSVC\14.44.35207\include\vcruntime.h(368,55): note: expanded from macro '_CRT_INSECURE_DEPRECATE'
  368 |         #define _CRT_INSECURE_DEPRECATE(_Replacement) _CRT_DEPRECATE_TEXT(    \
      |                                                       ^
C:\Program Files (x86)\Microsoft Visual Studio\2022\BuildTools\VC\Tools\MSVC\14.44.35207\include\vcruntime.h(358,47): note: expanded from macro '_CRT_DEPRECATE_TEXT'
  358 | #define _CRT_DEPRECATE_TEXT(_Text) __declspec(deprecated(_Text))
      |                                               ^
In file included from C:\Users\ultim\Desktop\Sonic Adventure Recompiled\src\sonic_atan_math.cpp:1:
In file included from C:\Users\ultim\Desktop\Sonic Adventure Recompiled\src\sonic_atan_math.hpp:5:
C:\Users\ultim\Desktop\Sonic Adventure Recompiled\src\sonic_native_cpu_policy.hpp(11,30): warning: 'getenv' is deprecated: This function or variable may be unsafe. Consider using _dupenv_s instead. To disable deprecation, use _CRT_SECURE_NO_WARNINGS. See online help for details. [-Wdeprecated-declarations]
   11 |     const char* group = std::getenv("SARECOMP_NATIVE_CPU_PATHS");
      |                              ^
C:\Program Files (x86)\Windows Kits\10\Include\10.0.26100.0\ucrt\stdlib.h(1183,20): note: 'getenv' has been explicitly marked deprecated here
 1183 |     _Check_return_ _CRT_INSECURE_DEPRECATE(_dupenv_s)
      |                    ^
C:\Program Files (x86)\Microsoft Visual Studio\2022\BuildTools\VC\Tools\MSVC\14.44.35207\include\vcruntime.h(368,55): note: expanded from macro '_CRT_INSECURE_DEPRECATE'
  368 |         #define _CRT_INSECURE_DEPRECATE(_Replacement) _CRT_DEPRECATE_TEXT(    \
      |                                                       ^
C:\Program Files (x86)\Microsoft Visual Studio\2022\BuildTools\VC\Tools\MSVC\14.44.35207\include\vcruntime.h(358,47): note: expanded from macro '_CRT_DEPRECATE_TEXT'
  358 | #define _CRT_DEPRECATE_TEXT(_Text) __declspec(deprecated(_Text))
      |                                               ^
In file included from C:\Users\ultim\Desktop\Sonic Adventure Recompiled\src\sonic_atan_math.cpp:1:
In file included from C:\Users\ultim\Desktop\Sonic Adventure Recompiled\src\sonic_atan_math.hpp:5:
C:\Users\ultim\Desktop\Sonic Adventure Recompiled\src\sonic_native_cpu_policy.hpp(13,30): warning: 'getenv' is deprecated: This function or variable may be unsafe. Consider using _dupenv_s instead. To disable deprecation, use _CRT_SECURE_NO_WARNINGS. See online help for details. [-Wdeprecated-declarations]
   13 |     const char* value = std::getenv(option);
      |                              ^
C:\Program Files (x86)\Windows Kits\10\Include\10.0.26100.0\ucrt\stdlib.h(1183,20): note: 'getenv' has been explicitly marked deprecated here
 1183 |     _Check_return_ _CRT_INSECURE_DEPRECATE(_dupenv_s)
      |                    ^
C:\Program Files (x86)\Microsoft Visual Studio\2022\BuildTools\VC\Tools\MSVC\14.44.35207\include\vcruntime.h(368,55): note: expanded from macro '_CRT_INSECURE_DEPRECATE'
  368 |         #define _CRT_INSECURE_DEPRECATE(_Replacement) _CRT_DEPRECATE_TEXT(    \
      |                                                       ^
C:\Program Files (x86)\Microsoft Visual Studio\2022\BuildTools\VC\Tools\MSVC\14.44.35207\include\vcruntime.h(358,47): note: expanded from macro '_CRT_DEPRECATE_TEXT'
  358 | #define _CRT_DEPRECATE_TEXT(_Text) __declspec(deprecated(_Text))
      |                                               ^
In file included from C:\Users\ultim\Desktop\Sonic Adventure Recompiled\src\sonic_atan_math.cpp:1:
C:\Users\ultim\Desktop\Sonic Adventure Recompiled\src\sonic_atan_math.hpp(42,49): warning: 'getenv' is deprecated: This function or variable may be unsafe. Consider using _dupenv_s instead. To disable deprecation, use _CRT_SECURE_NO_WARNINGS. See online help for details. [-Wdeprecated-declarations]
   42 |     static const bool on=[] {const auto* v=std::getenv("SARECOMP_NATIVE_INVERSE_MEMORY");
      |                                                 ^
C:\Program Files (x86)\Windows Kits\10\Include\10.0.26100.0\ucrt\stdlib.h(1183,20): note: 'getenv' has been explicitly marked deprecated here
 1183 |     _Check_return_ _CRT_INSECURE_DEPRECATE(_dupenv_s)
      |                    ^
C:\Program Files (x86)\Microsoft Visual Studio\2022\BuildTools\VC\Tools\MSVC\14.44.35207\include\vcruntime.h(368,55): note: expanded from macro '_CRT_INSECURE_DEPRECATE'
  368 |         #define _CRT_INSECURE_DEPRECATE(_Replacement) _CRT_DEPRECATE_TEXT(    \
      |                                                       ^
C:\Program Files (x86)\Microsoft Visual Studio\2022\BuildTools\VC\Tools\MSVC\14.44.35207\include\vcruntime.h(358,47): note: expanded from macro '_CRT_DEPRECATE_TEXT'
  358 | #define _CRT_DEPRECATE_TEXT(_Text) __declspec(deprecated(_Text))
      |                                               ^
In file included from C:\Users\ultim\Desktop\Sonic Adventure Recompiled\src\sonic_atan_math.cpp:3:
C:\Users\ultim\Desktop\Sonic Adventure Recompiled\src\sonic_scalar_write_view.hpp(30,30): warning: 'getenv' is deprecated: This function or variable may be unsafe. Consider using _dupenv_s instead. To disable deprecation, use _CRT_SECURE_NO_WARNINGS. See online help for details. [-Wdeprecated-declarations]
   30 |         const char* p = std::getenv("SARECOMP_SCALAR_WRITES");
      |                              ^
C:\Program Files (x86)\Windows Kits\10\Include\10.0.26100.0\ucrt\stdlib.h(1183,20): note: 'getenv' has been explicitly marked deprecated here
 1183 |     _Check_return_ _CRT_INSECURE_DEPRECATE(_dupenv_s)
      |                    ^
C:\Program Files (x86)\Microsoft Visual Studio\2022\BuildTools\VC\Tools\MSVC\14.44.35207\include\vcruntime.h(368,55): note: expanded from macro '_CRT_INSECURE_DEPRECATE'
  368 |         #define _CRT_INSECURE_DEPRECATE(_Replacement) _CRT_DEPRECATE_TEXT(    \
      |                                                       ^
C:\Program Files (x86)\Microsoft Visual Studio\2022\BuildTools\VC\Tools\MSVC\14.44.35207\include\vcruntime.h(358,47): note: expanded from macro '_CRT_DEPRECATE_TEXT'
  358 | #define _CRT_DEPRECATE_TEXT(_Text) __declspec(deprecated(_Text))
      |                                               ^
In file included from C:\Users\ultim\Desktop\Sonic Adventure Recompiled\src\sonic_atan_math.cpp:3:
C:\Users\ultim\Desktop\Sonic Adventure Recompiled\src\sonic_scalar_write_view.hpp(38,30): warning: 'getenv' is deprecated: This function or variable may be unsafe. Consider using _dupenv_s instead. To disable deprecation, use _CRT_SECURE_NO_WARNINGS. See online help for details. [-Wdeprecated-declarations]
   38 |         const char* p = std::getenv("SARECOMP_STACK_FRAMES");
      |                              ^
C:\Program Files (x86)\Windows Kits\10\Include\10.0.26100.0\ucrt\stdlib.h(1183,20): note: 'getenv' has been explicitly marked deprecated here
 1183 |     _Check_return_ _CRT_INSECURE_DEPRECATE(_dupenv_s)
      |                    ^
C:\Program Files (x86)\Microsoft Visual Studio\2022\BuildTools\VC\Tools\MSVC\14.44.35207\include\vcruntime.h(368,55): note: expanded from macro '_CRT_INSECURE_DEPRECATE'
  368 |         #define _CRT_INSECURE_DEPRECATE(_Replacement) _CRT_DEPRECATE_TEXT(    \
      |                                                       ^
C:\Program Files (x86)\Microsoft Visual Studio\2022\BuildTools\VC\Tools\MSVC\14.44.35207\include\vcruntime.h(358,47): note: expanded from macro '_CRT_DEPRECATE_TEXT'
  358 | #define _CRT_DEPRECATE_TEXT(_Text) __declspec(deprecated(_Text))
      |                                               ^
In file included from C:\Users\ultim\Desktop\Sonic Adventure Recompiled\src\sonic_atan_math.cpp:3:
C:\Users\ultim\Desktop\Sonic Adventure Recompiled\src\sonic_scalar_write_view.hpp(46,30): warning: 'getenv' is deprecated: This function or variable may be unsafe. Consider using _dupenv_s instead. To disable deprecation, use _CRT_SECURE_NO_WARNINGS. See online help for details. [-Wdeprecated-declarations]
   46 |         const char* p = std::getenv("SARECOMP_RAM_REGIONS");
      |                              ^
C:\Program Files (x86)\Windows Kits\10\Include\10.0.26100.0\ucrt\stdlib.h(1183,20): note: 'getenv' has been explicitly marked deprecated here
 1183 |     _Check_return_ _CRT_INSECURE_DEPRECATE(_dupenv_s)
      |                    ^
C:\Program Files (x86)\Microsoft Visual Studio\2022\BuildTools\VC\Tools\MSVC\14.44.35207\include\vcruntime.h(368,55): note: expanded from macro '_CRT_INSECURE_DEPRECATE'
  368 |         #define _CRT_INSECURE_DEPRECATE(_Replacement) _CRT_DEPRECATE_TEXT(    \
      |                                                       ^
C:\Program Files (x86)\Microsoft Visual Studio\2022\BuildTools\VC\Tools\MSVC\14.44.35207\include\vcruntime.h(358,47): note: expanded from macro '_CRT_DEPRECATE_TEXT'
  358 | #define _CRT_DEPRECATE_TEXT(_Text) __declspec(deprecated(_Text))
      |                                               ^
In file included from C:\Users\ultim\Desktop\Sonic Adventure Recompiled\src\sonic_atan_math.cpp:848:
C:\Users\ultim\Desktop\Sonic Adventure Recompiled\build-performance\generated\inverse-trig\inverse-bodies.inc(5,1): warning: unused label 'L8C10CF48' [-Wunused-label]
    5 | L8C10CF48: { // 4F22
      | ^~~~~~~~~~
C:\Users\ultim\Desktop\Sonic Adventure Recompiled\build-performance\generated\inverse-trig\inverse-bodies.inc(116,1): warning: unused label 'L8C10CF98' [-Wunused-label]
  116 | L8C10CF98: { // 4F22
      | ^~~~~~~~~~
C:\Users\ultim\Desktop\Sonic Adventure Recompiled\build-performance\generated\inverse-trig\inverse-bodies.inc(227,1): warning: unused label 'L8C10CFE8' [-Wunused-label]
  227 | L8C10CFE8: { // 4F22
      | ^~~~~~~~~~
C:\Users\ultim\Desktop\Sonic Adventure Recompiled\build-performance\generated\inverse-trig\inverse-bodies.inc(338,1): warning: unused label 'L8C10D038' [-Wunused-label]
  338 | L8C10D038: { // 4F22
      | ^~~~~~~~~~
C:\Users\ultim\Desktop\Sonic Adventure Recompiled\build-performance\generated\inverse-trig\inverse-bodies.inc(449,1): warning: unused label 'L8C10E4D0' [-Wunused-label]
  449 | L8C10E4D0: { // 4F22
      | ^~~~~~~~~~
C:\Users\ultim\Desktop\Sonic Adventure Recompiled\build-performance\generated\inverse-trig\inverse-bodies.inc(489,1): warning: unused label 'L8C10E4EC' [-Wunused-label]
  489 | L8C10E4EC: { // FFFB
      | ^~~~~~~~~~
C:\Users\ultim\Desktop\Sonic Adventure Recompiled\build-performance\generated\inverse-trig\inverse-bodies.inc(868,1): warning: unused label 'L8C10E5E0' [-Wunused-label]
  868 | L8C10E5E0: { // 4F22
      | ^~~~~~~~~~
14 warnings generated.
[8/51] Building CXX object CMakeFiles\katana_native_title_adapter.dir\src\sonic_audio_status.cpp.obj
In file included from C:\Users\ultim\Desktop\Sonic Adventure Recompiled\src\sonic_audio_status.cpp:2:
C:\Users\ultim\Desktop\Sonic Adventure Recompiled\src\sonic_native_cpu_policy.hpp(11,30): warning: 'getenv' is deprecated: This function or variable may be unsafe. Consider using _dupenv_s instead. To disable deprecation, use _CRT_SECURE_NO_WARNINGS. See online help for details. [-Wdeprecated-declarations]
   11 |     const char* group = std::getenv("SARECOMP_NATIVE_CPU_PATHS");
      |                              ^
C:\Program Files (x86)\Windows Kits\10\Include\10.0.26100.0\ucrt\stdlib.h(1183,20): note: 'getenv' has been explicitly marked deprecated here
 1183 |     _Check_return_ _CRT_INSECURE_DEPRECATE(_dupenv_s)
      |                    ^
C:\Program Files (x86)\Microsoft Visual Studio\2022\BuildTools\VC\Tools\MSVC\14.44.35207\include\vcruntime.h(368,55): note: expanded from macro '_CRT_INSECURE_DEPRECATE'
  368 |         #define _CRT_INSECURE_DEPRECATE(_Replacement) _CRT_DEPRECATE_TEXT(    \
      |                                                       ^
C:\Program Files (x86)\Microsoft Visual Studio\2022\BuildTools\VC\Tools\MSVC\14.44.35207\include\vcruntime.h(358,47): note: expanded from macro '_CRT_DEPRECATE_TEXT'
  358 | #define _CRT_DEPRECATE_TEXT(_Text) __declspec(deprecated(_Text))
      |                                               ^
In file included from C:\Users\ultim\Desktop\Sonic Adventure Recompiled\src\sonic_audio_status.cpp:2:
C:\Users\ultim\Desktop\Sonic Adventure Recompiled\src\sonic_native_cpu_policy.hpp(13,30): warning: 'getenv' is deprecated: This function or variable may be unsafe. Consider using _dupenv_s instead. To disable deprecation, use _CRT_SECURE_NO_WARNINGS. See online help for details. [-Wdeprecated-declarations]
   13 |     const char* value = std::getenv(option);
      |                              ^
C:\Program Files (x86)\Windows Kits\10\Include\10.0.26100.0\ucrt\stdlib.h(1183,20): note: 'getenv' has been explicitly marked deprecated here
 1183 |     _Check_return_ _CRT_INSECURE_DEPRECATE(_dupenv_s)
      |                    ^
C:\Program Files (x86)\Microsoft Visual Studio\2022\BuildTools\VC\Tools\MSVC\14.44.35207\include\vcruntime.h(368,55): note: expanded from macro '_CRT_INSECURE_DEPRECATE'
  368 |         #define _CRT_INSECURE_DEPRECATE(_Replacement) _CRT_DEPRECATE_TEXT(    \
      |                                                       ^
C:\Program Files (x86)\Microsoft Visual Studio\2022\BuildTools\VC\Tools\MSVC\14.44.35207\include\vcruntime.h(358,47): note: expanded from macro '_CRT_DEPRECATE_TEXT'
  358 | #define _CRT_DEPRECATE_TEXT(_Text) __declspec(deprecated(_Text))
      |                                               ^
2 warnings generated.
[9/51] Building CXX object CMakeFiles\katana_native_title_adapter.dir\src\sonic_collision_candidates.cpp.obj
In file included from C:\Users\ultim\Desktop\Sonic Adventure Recompiled\src\sonic_collision_candidates.cpp:2:
In file included from C:\Users\ultim\Desktop\Sonic Adventure Recompiled\src\sonic_native_collision_memory.hpp:2:
In file included from C:\Users\ultim\Desktop\Sonic Adventure Recompiled\src\sonic_scalar_write_view.hpp:3:
C:\Users\ultim\Desktop\Sonic Adventure Recompiled\src\sonic_internal_diagnostics.hpp(28,67): warning: 'getenv' is deprecated: This function or variable may be unsafe. Consider using _dupenv_s instead. To disable deprecation, use _CRT_SECURE_NO_WARNINGS. See online help for details. [-Wdeprecated-declarations]
   28 |     internal_runtime_enabled = read_internal_policy(program, std::getenv("SARECOMP_INTERNAL_DIAGNOSTICS"));
      |                                                                   ^
C:\Program Files (x86)\Windows Kits\10\Include\10.0.26100.0\ucrt\stdlib.h(1183,20): note: 'getenv' has been explicitly marked deprecated here
 1183 |     _Check_return_ _CRT_INSECURE_DEPRECATE(_dupenv_s)
      |                    ^
C:\Program Files (x86)\Microsoft Visual Studio\2022\BuildTools\VC\Tools\MSVC\14.44.35207\include\vcruntime.h(368,55): note: expanded from macro '_CRT_INSECURE_DEPRECATE'
  368 |         #define _CRT_INSECURE_DEPRECATE(_Replacement) _CRT_DEPRECATE_TEXT(    \
      |                                                       ^
C:\Program Files (x86)\Microsoft Visual Studio\2022\BuildTools\VC\Tools\MSVC\14.44.35207\include\vcruntime.h(358,47): note: expanded from macro '_CRT_DEPRECATE_TEXT'
  358 | #define _CRT_DEPRECATE_TEXT(_Text) __declspec(deprecated(_Text))
      |                                               ^
In file included from C:\Users\ultim\Desktop\Sonic Adventure Recompiled\src\sonic_collision_candidates.cpp:2:
In file included from C:\Users\ultim\Desktop\Sonic Adventure Recompiled\src\sonic_native_collision_memory.hpp:2:
In file included from C:\Users\ultim\Desktop\Sonic Adventure Recompiled\src\sonic_scalar_write_view.hpp:4:
C:\Users\ultim\Desktop\Sonic Adventure Recompiled\src\sonic_native_cpu_policy.hpp(11,30): warning: 'getenv' is deprecated: This function or variable may be unsafe. Consider using _dupenv_s instead. To disable deprecation, use _CRT_SECURE_NO_WARNINGS. See online help for details. [-Wdeprecated-declarations]
   11 |     const char* group = std::getenv("SARECOMP_NATIVE_CPU_PATHS");
      |                              ^
C:\Program Files (x86)\Windows Kits\10\Include\10.0.26100.0\ucrt\stdlib.h(1183,20): note: 'getenv' has been explicitly marked deprecated here
 1183 |     _Check_return_ _CRT_INSECURE_DEPRECATE(_dupenv_s)
      |                    ^
C:\Program Files (x86)\Microsoft Visual Studio\2022\BuildTools\VC\Tools\MSVC\14.44.35207\include\vcruntime.h(368,55): note: expanded from macro '_CRT_INSECURE_DEPRECATE'
  368 |         #define _CRT_INSECURE_DEPRECATE(_Replacement) _CRT_DEPRECATE_TEXT(    \
      |                                                       ^
C:\Program Files (x86)\Microsoft Visual Studio\2022\BuildTools\VC\Tools\MSVC\14.44.35207\include\vcruntime.h(358,47): note: expanded from macro '_CRT_DEPRECATE_TEXT'
  358 | #define _CRT_DEPRECATE_TEXT(_Text) __declspec(deprecated(_Text))
      |                                               ^
In file included from C:\Users\ultim\Desktop\Sonic Adventure Recompiled\src\sonic_collision_candidates.cpp:2:
In file included from C:\Users\ultim\Desktop\Sonic Adventure Recompiled\src\sonic_native_collision_memory.hpp:2:
In file included from C:\Users\ultim\Desktop\Sonic Adventure Recompiled\src\sonic_scalar_write_view.hpp:4:
C:\Users\ultim\Desktop\Sonic Adventure Recompiled\src\sonic_native_cpu_policy.hpp(13,30): warning: 'getenv' is deprecated: This function or variable may be unsafe. Consider using _dupenv_s instead. To disable deprecation, use _CRT_SECURE_NO_WARNINGS. See online help for details. [-Wdeprecated-declarations]
   13 |     const char* value = std::getenv(option);
      |                              ^
C:\Program Files (x86)\Windows Kits\10\Include\10.0.26100.0\ucrt\stdlib.h(1183,20): note: 'getenv' has been explicitly marked deprecated here
 1183 |     _Check_return_ _CRT_INSECURE_DEPRECATE(_dupenv_s)
      |                    ^
C:\Program Files (x86)\Microsoft Visual Studio\2022\BuildTools\VC\Tools\MSVC\14.44.35207\include\vcruntime.h(368,55): note: expanded from macro '_CRT_INSECURE_DEPRECATE'
  368 |         #define _CRT_INSECURE_DEPRECATE(_Replacement) _CRT_DEPRECATE_TEXT(    \
      |                                                       ^
C:\Program Files (x86)\Microsoft Visual Studio\2022\BuildTools\VC\Tools\MSVC\14.44.35207\include\vcruntime.h(358,47): note: expanded from macro '_CRT_DEPRECATE_TEXT'
  358 | #define _CRT_DEPRECATE_TEXT(_Text) __declspec(deprecated(_Text))
      |                                               ^
In file included from C:\Users\ultim\Desktop\Sonic Adventure Recompiled\src\sonic_collision_candidates.cpp:2:
In file included from C:\Users\ultim\Desktop\Sonic Adventure Recompiled\src\sonic_native_collision_memory.hpp:2:
C:\Users\ultim\Desktop\Sonic Adventure Recompiled\src\sonic_scalar_write_view.hpp(30,30): warning: 'getenv' is deprecated: This function or variable may be unsafe. Consider using _dupenv_s instead. To disable deprecation, use _CRT_SECURE_NO_WARNINGS. See online help for details. [-Wdeprecated-declarations]
   30 |         const char* p = std::getenv("SARECOMP_SCALAR_WRITES");
      |                              ^
C:\Program Files (x86)\Windows Kits\10\Include\10.0.26100.0\ucrt\stdlib.h(1183,20): note: 'getenv' has been explicitly marked deprecated here
 1183 |     _Check_return_ _CRT_INSECURE_DEPRECATE(_dupenv_s)
      |                    ^
C:\Program Files (x86)\Microsoft Visual Studio\2022\BuildTools\VC\Tools\MSVC\14.44.35207\include\vcruntime.h(368,55): note: expanded from macro '_CRT_INSECURE_DEPRECATE'
  368 |         #define _CRT_INSECURE_DEPRECATE(_Replacement) _CRT_DEPRECATE_TEXT(    \
      |                                                       ^
C:\Program Files (x86)\Microsoft Visual Studio\2022\BuildTools\VC\Tools\MSVC\14.44.35207\include\vcruntime.h(358,47): note: expanded from macro '_CRT_DEPRECATE_TEXT'
  358 | #define _CRT_DEPRECATE_TEXT(_Text) __declspec(deprecated(_Text))
      |                                               ^
In file included from C:\Users\ultim\Desktop\Sonic Adventure Recompiled\src\sonic_collision_candidates.cpp:2:
In file included from C:\Users\ultim\Desktop\Sonic Adventure Recompiled\src\sonic_native_collision_memory.hpp:2:
C:\Users\ultim\Desktop\Sonic Adventure Recompiled\src\sonic_scalar_write_view.hpp(38,30): warning: 'getenv' is deprecated: This function or variable may be unsafe. Consider using _dupenv_s instead. To disable deprecation, use _CRT_SECURE_NO_WARNINGS. See online help for details. [-Wdeprecated-declarations]
   38 |         const char* p = std::getenv("SARECOMP_STACK_FRAMES");
      |                              ^
C:\Program Files (x86)\Windows Kits\10\Include\10.0.26100.0\ucrt\stdlib.h(1183,20): note: 'getenv' has been explicitly marked deprecated here
 1183 |     _Check_return_ _CRT_INSECURE_DEPRECATE(_dupenv_s)
      |                    ^
C:\Program Files (x86)\Microsoft Visual Studio\2022\BuildTools\VC\Tools\MSVC\14.44.35207\include\vcruntime.h(368,55): note: expanded from macro '_CRT_INSECURE_DEPRECATE'
  368 |         #define _CRT_INSECURE_DEPRECATE(_Replacement) _CRT_DEPRECATE_TEXT(    \
      |                                                       ^
C:\Program Files (x86)\Microsoft Visual Studio\2022\BuildTools\VC\Tools\MSVC\14.44.35207\include\vcruntime.h(358,47): note: expanded from macro '_CRT_DEPRECATE_TEXT'
  358 | #define _CRT_DEPRECATE_TEXT(_Text) __declspec(deprecated(_Text))
      |                                               ^
In file included from C:\Users\ultim\Desktop\Sonic Adventure Recompiled\src\sonic_collision_candidates.cpp:2:
In file included from C:\Users\ultim\Desktop\Sonic Adventure Recompiled\src\sonic_native_collision_memory.hpp:2:
C:\Users\ultim\Desktop\Sonic Adventure Recompiled\src\sonic_scalar_write_view.hpp(46,30): warning: 'getenv' is deprecated: This function or variable may be unsafe. Consider using _dupenv_s instead. To disable deprecation, use _CRT_SECURE_NO_WARNINGS. See online help for details. [-Wdeprecated-declarations]
   46 |         const char* p = std::getenv("SARECOMP_RAM_REGIONS");
      |                              ^
C:\Program Files (x86)\Windows Kits\10\Include\10.0.26100.0\ucrt\stdlib.h(1183,20): note: 'getenv' has been explicitly marked deprecated here
 1183 |     _Check_return_ _CRT_INSECURE_DEPRECATE(_dupenv_s)
      |                    ^
C:\Program Files (x86)\Microsoft Visual Studio\2022\BuildTools\VC\Tools\MSVC\14.44.35207\include\vcruntime.h(368,55): note: expanded from macro '_CRT_INSECURE_DEPRECATE'
  368 |         #define _CRT_INSECURE_DEPRECATE(_Replacement) _CRT_DEPRECATE_TEXT(    \
      |                                                       ^
C:\Program Files (x86)\Microsoft Visual Studio\2022\BuildTools\VC\Tools\MSVC\14.44.35207\include\vcruntime.h(358,47): note: expanded from macro '_CRT_DEPRECATE_TEXT'
  358 | #define _CRT_DEPRECATE_TEXT(_Text) __declspec(deprecated(_Text))
      |                                               ^
In file included from C:\Users\ultim\Desktop\Sonic Adventure Recompiled\src\sonic_collision_candidates.cpp:2:
C:\Users\ultim\Desktop\Sonic Adventure Recompiled\src\sonic_native_collision_memory.hpp(7,28): warning: 'getenv' is deprecated: This function or variable may be unsafe. Consider using _dupenv_s instead. To disable deprecation, use _CRT_SECURE_NO_WARNINGS. See online help for details. [-Wdeprecated-declarations]
    7 |         const char* p=std::getenv("SARECOMP_NATIVE_COLLISION_MEMORY");
      |                            ^
C:\Program Files (x86)\Windows Kits\10\Include\10.0.26100.0\ucrt\stdlib.h(1183,20): note: 'getenv' has been explicitly marked deprecated here
 1183 |     _Check_return_ _CRT_INSECURE_DEPRECATE(_dupenv_s)
      |                    ^
C:\Program Files (x86)\Microsoft Visual Studio\2022\BuildTools\VC\Tools\MSVC\14.44.35207\include\vcruntime.h(368,55): note: expanded from macro '_CRT_INSECURE_DEPRECATE'
  368 |         #define _CRT_INSECURE_DEPRECATE(_Replacement) _CRT_DEPRECATE_TEXT(    \
      |                                                       ^
C:\Program Files (x86)\Microsoft Visual Studio\2022\BuildTools\VC\Tools\MSVC\14.44.35207\include\vcruntime.h(358,47): note: expanded from macro '_CRT_DEPRECATE_TEXT'
  358 | #define _CRT_DEPRECATE_TEXT(_Text) __declspec(deprecated(_Text))
      |                                               ^
In file included from C:\Users\ultim\Desktop\Sonic Adventure Recompiled\src\sonic_collision_candidates.cpp:2:
C:\Users\ultim\Desktop\Sonic Adventure Recompiled\src\sonic_native_collision_memory.hpp(14,28): warning: 'getenv' is deprecated: This function or variable may be unsafe. Consider using _dupenv_s instead. To disable deprecation, use _CRT_SECURE_NO_WARNINGS. See online help for details. [-Wdeprecated-declarations]
   14 |         const char* p=std::getenv("SARECOMP_NATIVE_COLLISION_CLOSURE");
      |                            ^
C:\Program Files (x86)\Windows Kits\10\Include\10.0.26100.0\ucrt\stdlib.h(1183,20): note: 'getenv' has been explicitly marked deprecated here
 1183 |     _Check_return_ _CRT_INSECURE_DEPRECATE(_dupenv_s)
      |                    ^
C:\Program Files (x86)\Microsoft Visual Studio\2022\BuildTools\VC\Tools\MSVC\14.44.35207\include\vcruntime.h(368,55): note: expanded from macro '_CRT_INSECURE_DEPRECATE'
  368 |         #define _CRT_INSECURE_DEPRECATE(_Replacement) _CRT_DEPRECATE_TEXT(    \
      |                                                       ^
C:\Program Files (x86)\Microsoft Visual Studio\2022\BuildTools\VC\Tools\MSVC\14.44.35207\include\vcruntime.h(358,47): note: expanded from macro '_CRT_DEPRECATE_TEXT'
  358 | #define _CRT_DEPRECATE_TEXT(_Text) __declspec(deprecated(_Text))
      |                                               ^
In file included from C:\Users\ultim\Desktop\Sonic Adventure Recompiled\src\sonic_collision_candidates.cpp:170:
C:\Users\ultim\Desktop\Sonic Adventure Recompiled\build-performance\generated\collision-candidates\touch-poly-body.inc(4,1): warning: unused label 'L8C029B00' [-Wunused-label]
    4 | L8C029B00: { // 2FE6
      | ^~~~~~~~~~
9 warnings generated.
[10/51] Building CXX object CMakeFiles\katana_native_title_adapter.dir\src\sonic_motion_sampling.cpp.obj
In file included from C:\Users\ultim\Desktop\Sonic Adventure Recompiled\src\sonic_motion_sampling.cpp:2:
In file included from C:\Users\ultim\Desktop\Sonic Adventure Recompiled\src\sonic_native_model_memory.hpp:2:
In file included from C:\Users\ultim\Desktop\Sonic Adventure Recompiled\src\sonic_scalar_write_view.hpp:3:
C:\Users\ultim\Desktop\Sonic Adventure Recompiled\src\sonic_internal_diagnostics.hpp(28,67): warning: 'getenv' is deprecated: This function or variable may be unsafe. Consider using _dupenv_s instead. To disable deprecation, use _CRT_SECURE_NO_WARNINGS. See online help for details. [-Wdeprecated-declarations]
   28 |     internal_runtime_enabled = read_internal_policy(program, std::getenv("SARECOMP_INTERNAL_DIAGNOSTICS"));
      |                                                                   ^
C:\Program Files (x86)\Windows Kits\10\Include\10.0.26100.0\ucrt\stdlib.h(1183,20): note: 'getenv' has been explicitly marked deprecated here
 1183 |     _Check_return_ _CRT_INSECURE_DEPRECATE(_dupenv_s)
      |                    ^
C:\Program Files (x86)\Microsoft Visual Studio\2022\BuildTools\VC\Tools\MSVC\14.44.35207\include\vcruntime.h(368,55): note: expanded from macro '_CRT_INSECURE_DEPRECATE'
  368 |         #define _CRT_INSECURE_DEPRECATE(_Replacement) _CRT_DEPRECATE_TEXT(    \
      |                                                       ^
C:\Program Files (x86)\Microsoft Visual Studio\2022\BuildTools\VC\Tools\MSVC\14.44.35207\include\vcruntime.h(358,47): note: expanded from macro '_CRT_DEPRECATE_TEXT'
  358 | #define _CRT_DEPRECATE_TEXT(_Text) __declspec(deprecated(_Text))
      |                                               ^
In file included from C:\Users\ultim\Desktop\Sonic Adventure Recompiled\src\sonic_motion_sampling.cpp:2:
In file included from C:\Users\ultim\Desktop\Sonic Adventure Recompiled\src\sonic_native_model_memory.hpp:2:
In file included from C:\Users\ultim\Desktop\Sonic Adventure Recompiled\src\sonic_scalar_write_view.hpp:4:
C:\Users\ultim\Desktop\Sonic Adventure Recompiled\src\sonic_native_cpu_policy.hpp(11,30): warning: 'getenv' is deprecated: This function or variable may be unsafe. Consider using _dupenv_s instead. To disable deprecation, use _CRT_SECURE_NO_WARNINGS. See online help for details. [-Wdeprecated-declarations]
   11 |     const char* group = std::getenv("SARECOMP_NATIVE_CPU_PATHS");
      |                              ^
C:\Program Files (x86)\Windows Kits\10\Include\10.0.26100.0\ucrt\stdlib.h(1183,20): note: 'getenv' has been explicitly marked deprecated here
 1183 |     _Check_return_ _CRT_INSECURE_DEPRECATE(_dupenv_s)
      |                    ^
C:\Program Files (x86)\Microsoft Visual Studio\2022\BuildTools\VC\Tools\MSVC\14.44.35207\include\vcruntime.h(368,55): note: expanded from macro '_CRT_INSECURE_DEPRECATE'
  368 |         #define _CRT_INSECURE_DEPRECATE(_Replacement) _CRT_DEPRECATE_TEXT(    \
      |                                                       ^
C:\Program Files (x86)\Microsoft Visual Studio\2022\BuildTools\VC\Tools\MSVC\14.44.35207\include\vcruntime.h(358,47): note: expanded from macro '_CRT_DEPRECATE_TEXT'
  358 | #define _CRT_DEPRECATE_TEXT(_Text) __declspec(deprecated(_Text))
      |                                               ^
In file included from C:\Users\ultim\Desktop\Sonic Adventure Recompiled\src\sonic_motion_sampling.cpp:2:
In file included from C:\Users\ultim\Desktop\Sonic Adventure Recompiled\src\sonic_native_model_memory.hpp:2:
In file included from C:\Users\ultim\Desktop\Sonic Adventure Recompiled\src\sonic_scalar_write_view.hpp:4:
C:\Users\ultim\Desktop\Sonic Adventure Recompiled\src\sonic_native_cpu_policy.hpp(13,30): warning: 'getenv' is deprecated: This function or variable may be unsafe. Consider using _dupenv_s instead. To disable deprecation, use _CRT_SECURE_NO_WARNINGS. See online help for details. [-Wdeprecated-declarations]
   13 |     const char* value = std::getenv(option);
      |                              ^
C:\Program Files (x86)\Windows Kits\10\Include\10.0.26100.0\ucrt\stdlib.h(1183,20): note: 'getenv' has been explicitly marked deprecated here
 1183 |     _Check_return_ _CRT_INSECURE_DEPRECATE(_dupenv_s)
      |                    ^
C:\Program Files (x86)\Microsoft Visual Studio\2022\BuildTools\VC\Tools\MSVC\14.44.35207\include\vcruntime.h(368,55): note: expanded from macro '_CRT_INSECURE_DEPRECATE'
  368 |         #define _CRT_INSECURE_DEPRECATE(_Replacement) _CRT_DEPRECATE_TEXT(    \
      |                                                       ^
C:\Program Files (x86)\Microsoft Visual Studio\2022\BuildTools\VC\Tools\MSVC\14.44.35207\include\vcruntime.h(358,47): note: expanded from macro '_CRT_DEPRECATE_TEXT'
  358 | #define _CRT_DEPRECATE_TEXT(_Text) __declspec(deprecated(_Text))
      |                                               ^
In file included from C:\Users\ultim\Desktop\Sonic Adventure Recompiled\src\sonic_motion_sampling.cpp:2:
In file included from C:\Users\ultim\Desktop\Sonic Adventure Recompiled\src\sonic_native_model_memory.hpp:2:
C:\Users\ultim\Desktop\Sonic Adventure Recompiled\src\sonic_scalar_write_view.hpp(30,30): warning: 'getenv' is deprecated: This function or variable may be unsafe. Consider using _dupenv_s instead. To disable deprecation, use _CRT_SECURE_NO_WARNINGS. See online help for details. [-Wdeprecated-declarations]
   30 |         const char* p = std::getenv("SARECOMP_SCALAR_WRITES");
      |                              ^
C:\Program Files (x86)\Windows Kits\10\Include\10.0.26100.0\ucrt\stdlib.h(1183,20): note: 'getenv' has been explicitly marked deprecated here
 1183 |     _Check_return_ _CRT_INSECURE_DEPRECATE(_dupenv_s)
      |                    ^
C:\Program Files (x86)\Microsoft Visual Studio\2022\BuildTools\VC\Tools\MSVC\14.44.35207\include\vcruntime.h(368,55): note: expanded from macro '_CRT_INSECURE_DEPRECATE'
  368 |         #define _CRT_INSECURE_DEPRECATE(_Replacement) _CRT_DEPRECATE_TEXT(    \
      |                                                       ^
C:\Program Files (x86)\Microsoft Visual Studio\2022\BuildTools\VC\Tools\MSVC\14.44.35207\include\vcruntime.h(358,47): note: expanded from macro '_CRT_DEPRECATE_TEXT'
  358 | #define _CRT_DEPRECATE_TEXT(_Text) __declspec(deprecated(_Text))
      |                                               ^
In file included from C:\Users\ultim\Desktop\Sonic Adventure Recompiled\src\sonic_motion_sampling.cpp:2:
In file included from C:\Users\ultim\Desktop\Sonic Adventure Recompiled\src\sonic_native_model_memory.hpp:2:
C:\Users\ultim\Desktop\Sonic Adventure Recompiled\src\sonic_scalar_write_view.hpp(38,30): warning: 'getenv' is deprecated: This function or variable may be unsafe. Consider using _dupenv_s instead. To disable deprecation, use _CRT_SECURE_NO_WARNINGS. See online help for details. [-Wdeprecated-declarations]
   38 |         const char* p = std::getenv("SARECOMP_STACK_FRAMES");
      |                              ^
C:\Program Files (x86)\Windows Kits\10\Include\10.0.26100.0\ucrt\stdlib.h(1183,20): note: 'getenv' has been explicitly marked deprecated here
 1183 |     _Check_return_ _CRT_INSECURE_DEPRECATE(_dupenv_s)
      |                    ^
C:\Program Files (x86)\Microsoft Visual Studio\2022\BuildTools\VC\Tools\MSVC\14.44.35207\include\vcruntime.h(368,55): note: expanded from macro '_CRT_INSECURE_DEPRECATE'
  368 |         #define _CRT_INSECURE_DEPRECATE(_Replacement) _CRT_DEPRECATE_TEXT(    \
      |                                                       ^
C:\Program Files (x86)\Microsoft Visual Studio\2022\BuildTools\VC\Tools\MSVC\14.44.35207\include\vcruntime.h(358,47): note: expanded from macro '_CRT_DEPRECATE_TEXT'
  358 | #define _CRT_DEPRECATE_TEXT(_Text) __declspec(deprecated(_Text))
      |                                               ^
In file included from C:\Users\ultim\Desktop\Sonic Adventure Recompiled\src\sonic_motion_sampling.cpp:2:
In file included from C:\Users\ultim\Desktop\Sonic Adventure Recompiled\src\sonic_native_model_memory.hpp:2:
C:\Users\ultim\Desktop\Sonic Adventure Recompiled\src\sonic_scalar_write_view.hpp(46,30): warning: 'getenv' is deprecated: This function or variable may be unsafe. Consider using _dupenv_s instead. To disable deprecation, use _CRT_SECURE_NO_WARNINGS. See online help for details. [-Wdeprecated-declarations]
   46 |         const char* p = std::getenv("SARECOMP_RAM_REGIONS");
      |                              ^
C:\Program Files (x86)\Windows Kits\10\Include\10.0.26100.0\ucrt\stdlib.h(1183,20): note: 'getenv' has been explicitly marked deprecated here
 1183 |     _Check_return_ _CRT_INSECURE_DEPRECATE(_dupenv_s)
      |                    ^
C:\Program Files (x86)\Microsoft Visual Studio\2022\BuildTools\VC\Tools\MSVC\14.44.35207\include\vcruntime.h(368,55): note: expanded from macro '_CRT_INSECURE_DEPRECATE'
  368 |         #define _CRT_INSECURE_DEPRECATE(_Replacement) _CRT_DEPRECATE_TEXT(    \
      |                                                       ^
C:\Program Files (x86)\Microsoft Visual Studio\2022\BuildTools\VC\Tools\MSVC\14.44.35207\include\vcruntime.h(358,47): note: expanded from macro '_CRT_DEPRECATE_TEXT'
  358 | #define _CRT_DEPRECATE_TEXT(_Text) __declspec(deprecated(_Text))
      |                                               ^
In file included from C:\Users\ultim\Desktop\Sonic Adventure Recompiled\src\sonic_motion_sampling.cpp:151:
C:\Users\ultim\Desktop\Sonic Adventure Recompiled\build-performance\generated\motion-sampling\key-index-body.inc(4,1): warning: unused label 'L8C03FEB8' [-Wunused-label]
    4 | L8C03FEB8: { // 2FE6
      | ^~~~~~~~~~
In file included from C:\Users\ultim\Desktop\Sonic Adventure Recompiled\src\sonic_motion_sampling.cpp:154:
C:\Users\ultim\Desktop\Sonic Adventure Recompiled\build-performance\generated\motion-sampling\float-key-body.inc(4,1): warning: unused label 'L8C03FF2C' [-Wunused-label]
    4 | L8C03FF2C: { // 6053
      | ^~~~~~~~~~
In file included from C:\Users\ultim\Desktop\Sonic Adventure Recompiled\src\sonic_motion_sampling.cpp:157:
C:\Users\ultim\Desktop\Sonic Adventure Recompiled\build-performance\generated\motion-sampling\angle-key-body.inc(4,1): warning: unused label 'L8C03FF90' [-Wunused-label]
    4 | L8C03FF90: { // 6053
      | ^~~~~~~~~~
In file included from C:\Users\ultim\Desktop\Sonic Adventure Recompiled\src\sonic_motion_sampling.cpp:160:
C:\Users\ultim\Desktop\Sonic Adventure Recompiled\build-performance\generated\motion-sampling\position-body.inc(4,1): warning: unused label 'L8C0400A0' [-Wunused-label]
    4 | L8C0400A0: { // 2FE6
      | ^~~~~~~~~~
In file included from C:\Users\ultim\Desktop\Sonic Adventure Recompiled\src\sonic_motion_sampling.cpp:163:
C:\Users\ultim\Desktop\Sonic Adventure Recompiled\build-performance\generated\motion-sampling\scale-body.inc(4,1): warning: unused label 'L8C0400F8' [-Wunused-label]
    4 | L8C0400F8: { // 2FE6
      | ^~~~~~~~~~
In file included from C:\Users\ultim\Desktop\Sonic Adventure Recompiled\src\sonic_motion_sampling.cpp:166:
C:\Users\ultim\Desktop\Sonic Adventure Recompiled\build-performance\generated\motion-sampling\rotate-zyx-body.inc(4,1): warning: unused label 'L8C040150' [-Wunused-label]
    4 | L8C040150: { // 2FE6
      | ^~~~~~~~~~
In file included from C:\Users\ultim\Desktop\Sonic Adventure Recompiled\src\sonic_motion_sampling.cpp:169:
C:\Users\ultim\Desktop\Sonic Adventure Recompiled\build-performance\generated\motion-sampling\rotate-yxz-body.inc(4,1): warning: unused label 'L8C0401A8' [-Wunused-label]
    4 | L8C0401A8: { // 2FE6
      | ^~~~~~~~~~
C:\Users\ultim\Desktop\Sonic Adventure Recompiled\src\sonic_motion_sampling.cpp(183,40): warning: missing field 'native_writes' initializer [-Wmissing-field-initializers]
  183 |         unsigned(found-entries.begin())};
      |                                        ^
14 warnings generated.
[11/51] Building CXX object CMakeFiles\katana_native_title_adapter.dir\src\sonic_animation_hierarchy.cpp.obj
In file included from C:\Users\ultim\Desktop\Sonic Adventure Recompiled\src\sonic_animation_hierarchy.cpp:3:
In file included from C:\Users\ultim\Desktop\Sonic Adventure Recompiled\src\sonic_native_model_memory.hpp:2:
In file included from C:\Users\ultim\Desktop\Sonic Adventure Recompiled\src\sonic_scalar_write_view.hpp:3:
C:\Users\ultim\Desktop\Sonic Adventure Recompiled\src\sonic_internal_diagnostics.hpp(28,67): warning: 'getenv' is deprecated: This function or variable may be unsafe. Consider using _dupenv_s instead. To disable deprecation, use _CRT_SECURE_NO_WARNINGS. See online help for details. [-Wdeprecated-declarations]
   28 |     internal_runtime_enabled = read_internal_policy(program, std::getenv("SARECOMP_INTERNAL_DIAGNOSTICS"));
      |                                                                   ^
C:\Program Files (x86)\Windows Kits\10\Include\10.0.26100.0\ucrt\stdlib.h(1183,20): note: 'getenv' has been explicitly marked deprecated here
 1183 |     _Check_return_ _CRT_INSECURE_DEPRECATE(_dupenv_s)
      |                    ^
C:\Program Files (x86)\Microsoft Visual Studio\2022\BuildTools\VC\Tools\MSVC\14.44.35207\include\vcruntime.h(368,55): note: expanded from macro '_CRT_INSECURE_DEPRECATE'
  368 |         #define _CRT_INSECURE_DEPRECATE(_Replacement) _CRT_DEPRECATE_TEXT(    \
      |                                                       ^
C:\Program Files (x86)\Microsoft Visual Studio\2022\BuildTools\VC\Tools\MSVC\14.44.35207\include\vcruntime.h(358,47): note: expanded from macro '_CRT_DEPRECATE_TEXT'
  358 | #define _CRT_DEPRECATE_TEXT(_Text) __declspec(deprecated(_Text))
      |                                               ^
In file included from C:\Users\ultim\Desktop\Sonic Adventure Recompiled\src\sonic_animation_hierarchy.cpp:3:
In file included from C:\Users\ultim\Desktop\Sonic Adventure Recompiled\src\sonic_native_model_memory.hpp:2:
In file included from C:\Users\ultim\Desktop\Sonic Adventure Recompiled\src\sonic_scalar_write_view.hpp:4:
C:\Users\ultim\Desktop\Sonic Adventure Recompiled\src\sonic_native_cpu_policy.hpp(11,30): warning: 'getenv' is deprecated: This function or variable may be unsafe. Consider using _dupenv_s instead. To disable deprecation, use _CRT_SECURE_NO_WARNINGS. See online help for details. [-Wdeprecated-declarations]
   11 |     const char* group = std::getenv("SARECOMP_NATIVE_CPU_PATHS");
      |                              ^
C:\Program Files (x86)\Windows Kits\10\Include\10.0.26100.0\ucrt\stdlib.h(1183,20): note: 'getenv' has been explicitly marked deprecated here
 1183 |     _Check_return_ _CRT_INSECURE_DEPRECATE(_dupenv_s)
      |                    ^
C:\Program Files (x86)\Microsoft Visual Studio\2022\BuildTools\VC\Tools\MSVC\14.44.35207\include\vcruntime.h(368,55): note: expanded from macro '_CRT_INSECURE_DEPRECATE'
  368 |         #define _CRT_INSECURE_DEPRECATE(_Replacement) _CRT_DEPRECATE_TEXT(    \
      |                                                       ^
C:\Program Files (x86)\Microsoft Visual Studio\2022\BuildTools\VC\Tools\MSVC\14.44.35207\include\vcruntime.h(358,47): note: expanded from macro '_CRT_DEPRECATE_TEXT'
  358 | #define _CRT_DEPRECATE_TEXT(_Text) __declspec(deprecated(_Text))
      |                                               ^
In file included from C:\Users\ultim\Desktop\Sonic Adventure Recompiled\src\sonic_animation_hierarchy.cpp:3:
In file included from C:\Users\ultim\Desktop\Sonic Adventure Recompiled\src\sonic_native_model_memory.hpp:2:
In file included from C:\Users\ultim\Desktop\Sonic Adventure Recompiled\src\sonic_scalar_write_view.hpp:4:
C:\Users\ultim\Desktop\Sonic Adventure Recompiled\src\sonic_native_cpu_policy.hpp(13,30): warning: 'getenv' is deprecated: This function or variable may be unsafe. Consider using _dupenv_s instead. To disable deprecation, use _CRT_SECURE_NO_WARNINGS. See online help for details. [-Wdeprecated-declarations]
   13 |     const char* value = std::getenv(option);
      |                              ^
C:\Program Files (x86)\Windows Kits\10\Include\10.0.26100.0\ucrt\stdlib.h(1183,20): note: 'getenv' has been explicitly marked deprecated here
 1183 |     _Check_return_ _CRT_INSECURE_DEPRECATE(_dupenv_s)
      |                    ^
C:\Program Files (x86)\Microsoft Visual Studio\2022\BuildTools\VC\Tools\MSVC\14.44.35207\include\vcruntime.h(368,55): note: expanded from macro '_CRT_INSECURE_DEPRECATE'
  368 |         #define _CRT_INSECURE_DEPRECATE(_Replacement) _CRT_DEPRECATE_TEXT(    \
      |                                                       ^
C:\Program Files (x86)\Microsoft Visual Studio\2022\BuildTools\VC\Tools\MSVC\14.44.35207\include\vcruntime.h(358,47): note: expanded from macro '_CRT_DEPRECATE_TEXT'
  358 | #define _CRT_DEPRECATE_TEXT(_Text) __declspec(deprecated(_Text))
      |                                               ^
In file included from C:\Users\ultim\Desktop\Sonic Adventure Recompiled\src\sonic_animation_hierarchy.cpp:3:
In file included from C:\Users\ultim\Desktop\Sonic Adventure Recompiled\src\sonic_native_model_memory.hpp:2:
C:\Users\ultim\Desktop\Sonic Adventure Recompiled\src\sonic_scalar_write_view.hpp(30,30): warning: 'getenv' is deprecated: This function or variable may be unsafe. Consider using _dupenv_s instead. To disable deprecation, use _CRT_SECURE_NO_WARNINGS. See online help for details. [-Wdeprecated-declarations]
   30 |         const char* p = std::getenv("SARECOMP_SCALAR_WRITES");
      |                              ^
C:\Program Files (x86)\Windows Kits\10\Include\10.0.26100.0\ucrt\stdlib.h(1183,20): note: 'getenv' has been explicitly marked deprecated here
 1183 |     _Check_return_ _CRT_INSECURE_DEPRECATE(_dupenv_s)
      |                    ^
C:\Program Files (x86)\Microsoft Visual Studio\2022\BuildTools\VC\Tools\MSVC\14.44.35207\include\vcruntime.h(368,55): note: expanded from macro '_CRT_INSECURE_DEPRECATE'
  368 |         #define _CRT_INSECURE_DEPRECATE(_Replacement) _CRT_DEPRECATE_TEXT(    \
      |                                                       ^
C:\Program Files (x86)\Microsoft Visual Studio\2022\BuildTools\VC\Tools\MSVC\14.44.35207\include\vcruntime.h(358,47): note: expanded from macro '_CRT_DEPRECATE_TEXT'
  358 | #define _CRT_DEPRECATE_TEXT(_Text) __declspec(deprecated(_Text))
      |                                               ^
In file included from C:\Users\ultim\Desktop\Sonic Adventure Recompiled\src\sonic_animation_hierarchy.cpp:3:
In file included from C:\Users\ultim\Desktop\Sonic Adventure Recompiled\src\sonic_native_model_memory.hpp:2:
C:\Users\ultim\Desktop\Sonic Adventure Recompiled\src\sonic_scalar_write_view.hpp(38,30): warning: 'getenv' is deprecated: This function or variable may be unsafe. Consider using _dupenv_s instead. To disable deprecation, use _CRT_SECURE_NO_WARNINGS. See online help for details. [-Wdeprecated-declarations]
   38 |         const char* p = std::getenv("SARECOMP_STACK_FRAMES");
      |                              ^
C:\Program Files (x86)\Windows Kits\10\Include\10.0.26100.0\ucrt\stdlib.h(1183,20): note: 'getenv' has been explicitly marked deprecated here
 1183 |     _Check_return_ _CRT_INSECURE_DEPRECATE(_dupenv_s)
      |                    ^
C:\Program Files (x86)\Microsoft Visual Studio\2022\BuildTools\VC\Tools\MSVC\14.44.35207\include\vcruntime.h(368,55): note: expanded from macro '_CRT_INSECURE_DEPRECATE'
  368 |         #define _CRT_INSECURE_DEPRECATE(_Replacement) _CRT_DEPRECATE_TEXT(    \
      |                                                       ^
C:\Program Files (x86)\Microsoft Visual Studio\2022\BuildTools\VC\Tools\MSVC\14.44.35207\include\vcruntime.h(358,47): note: expanded from macro '_CRT_DEPRECATE_TEXT'
  358 | #define _CRT_DEPRECATE_TEXT(_Text) __declspec(deprecated(_Text))
      |                                               ^
In file included from C:\Users\ultim\Desktop\Sonic Adventure Recompiled\src\sonic_animation_hierarchy.cpp:3:
In file included from C:\Users\ultim\Desktop\Sonic Adventure Recompiled\src\sonic_native_model_memory.hpp:2:
C:\Users\ultim\Desktop\Sonic Adventure Recompiled\src\sonic_scalar_write_view.hpp(46,30): warning: 'getenv' is deprecated: This function or variable may be unsafe. Consider using _dupenv_s instead. To disable deprecation, use _CRT_SECURE_NO_WARNINGS. See online help for details. [-Wdeprecated-declarations]
   46 |         const char* p = std::getenv("SARECOMP_RAM_REGIONS");
      |                              ^
C:\Program Files (x86)\Windows Kits\10\Include\10.0.26100.0\ucrt\stdlib.h(1183,20): note: 'getenv' has been explicitly marked deprecated here
 1183 |     _Check_return_ _CRT_INSECURE_DEPRECATE(_dupenv_s)
      |                    ^
C:\Program Files (x86)\Microsoft Visual Studio\2022\BuildTools\VC\Tools\MSVC\14.44.35207\include\vcruntime.h(368,55): note: expanded from macro '_CRT_INSECURE_DEPRECATE'
  368 |         #define _CRT_INSECURE_DEPRECATE(_Replacement) _CRT_DEPRECATE_TEXT(    \
      |                                                       ^
C:\Program Files (x86)\Microsoft Visual Studio\2022\BuildTools\VC\Tools\MSVC\14.44.35207\include\vcruntime.h(358,47): note: expanded from macro '_CRT_DEPRECATE_TEXT'
  358 | #define _CRT_DEPRECATE_TEXT(_Text) __declspec(deprecated(_Text))
      |                                               ^
C:\Users\ultim\Desktop\Sonic Adventure Recompiled\src\sonic_animation_hierarchy.cpp(253,41): warning: missing field 'writes' initializer [-Wmissing-field-initializers]
  253 |         workspace.nodes,workspace.inputs};
      |                                         ^
7 warnings generated.
[12/51] Building CXX object CMakeFiles\katana_native_title_adapter.dir\src\native_title_adapter.cpp.obj
In file included from C:\Users\ultim\Desktop\Sonic Adventure Recompiled\src\native_title_adapter.cpp:22:
C:\Users\ultim\Desktop\Sonic Adventure Recompiled\src\sonic_qsound_reverb_medium.hpp(329,21): warning: result of comparison of constant 1152921504606846975 with expression of type 'const std::uint32_t' (aka 'const unsigned int') is always false [-Wtautological-constant-out-of-range-compare]
  329 |         frame_count >
      |         ~~~~~~~~~~~ ^
  330 |             std::numeric_limits<std::size_t>::max() / effect_bus_count)
      |             ~~~~~~~~~~~~~~~~~~~~~~~~~~~~~~~~~~~~~~~~~~~~~~~~~~~~~~~~~~
In file included from C:\Users\ultim\Desktop\Sonic Adventure Recompiled\src\native_title_adapter.cpp:35:
C:\Users\ultim\Desktop\Sonic Adventure Recompiled\src\sonic_camera.hpp(15,50): warning: 'sonic_recompiled_camera_publish' has C-linkage specified, but returns user-defined type 'katana::runtime::NativePortHookResult' which is incompatible with C [-Wreturn-type-c-linkage]
   15 | extern "C" katana::runtime::NativePortHookResult sonic_recompiled_camera_publish(
      |                                                  ^
C:\Users\ultim\Desktop\Sonic Adventure Recompiled\src\sonic_camera.hpp(17,50): warning: 'sonic_recompiled_camera_original_step' has C-linkage specified, but returns user-defined type 'katana::runtime::NativePortHookResult' which is incompatible with C [-Wreturn-type-c-linkage]
   17 | extern "C" katana::runtime::NativePortHookResult sonic_recompiled_camera_original_step(
      |                                                  ^
In file included from C:\Users\ultim\Desktop\Sonic Adventure Recompiled\src\native_title_adapter.cpp:45:
C:\Users\ultim\Desktop\Sonic Adventure Recompiled\src\sonic_sound_commands.hpp(12,53): warning: 'getenv' is deprecated: This function or variable may be unsafe. Consider using _dupenv_s instead. To disable deprecation, use _CRT_SECURE_NO_WARNINGS. See online help for details. [-Wdeprecated-declarations]
   12 |     static const bool value=[] { const auto* p=std::getenv("SARECOMP_DEFERRED_MIDI_NOTES");
      |                                                     ^
C:\Program Files (x86)\Windows Kits\10\Include\10.0.26100.0\ucrt\stdlib.h(1183,20): note: 'getenv' has been explicitly marked deprecated here
 1183 |     _Check_return_ _CRT_INSECURE_DEPRECATE(_dupenv_s)
      |                    ^
C:\Program Files (x86)\Microsoft Visual Studio\2022\BuildTools\VC\Tools\MSVC\14.44.35207\include\vcruntime.h(368,55): note: expanded from macro '_CRT_INSECURE_DEPRECATE'
  368 |         #define _CRT_INSECURE_DEPRECATE(_Replacement) _CRT_DEPRECATE_TEXT(    \
      |                                                       ^
C:\Program Files (x86)\Microsoft Visual Studio\2022\BuildTools\VC\Tools\MSVC\14.44.35207\include\vcruntime.h(358,47): note: expanded from macro '_CRT_DEPRECATE_TEXT'
  358 | #define _CRT_DEPRECATE_TEXT(_Text) __declspec(deprecated(_Text))
      |                                               ^
In file included from C:\Users\ultim\Desktop\Sonic Adventure Recompiled\src\native_title_adapter.cpp:45:
C:\Users\ultim\Desktop\Sonic Adventure Recompiled\src\sonic_sound_commands.hpp(17,53): warning: 'getenv' is deprecated: This function or variable may be unsafe. Consider using _dupenv_s instead. To disable deprecation, use _CRT_SECURE_NO_WARNINGS. See online help for details. [-Wdeprecated-declarations]
   17 |     static const bool value=[] { const auto* p=std::getenv("SARECOMP_SOUND_METADATA_CACHE");
      |                                                     ^
C:\Program Files (x86)\Windows Kits\10\Include\10.0.26100.0\ucrt\stdlib.h(1183,20): note: 'getenv' has been explicitly marked deprecated here
 1183 |     _Check_return_ _CRT_INSECURE_DEPRECATE(_dupenv_s)
      |                    ^
C:\Program Files (x86)\Microsoft Visual Studio\2022\BuildTools\VC\Tools\MSVC\14.44.35207\include\vcruntime.h(368,55): note: expanded from macro '_CRT_INSECURE_DEPRECATE'
  368 |         #define _CRT_INSECURE_DEPRECATE(_Replacement) _CRT_DEPRECATE_TEXT(    \
      |                                                       ^
C:\Program Files (x86)\Microsoft Visual Studio\2022\BuildTools\VC\Tools\MSVC\14.44.35207\include\vcruntime.h(358,47): note: expanded from macro '_CRT_DEPRECATE_TEXT'
  358 | #define _CRT_DEPRECATE_TEXT(_Text) __declspec(deprecated(_Text))
      |                                               ^
In file included from C:\Users\ultim\Desktop\Sonic Adventure Recompiled\src\native_title_adapter.cpp:45:
C:\Users\ultim\Desktop\Sonic Adventure Recompiled\src\sonic_sound_commands.hpp(22,53): warning: 'getenv' is deprecated: This function or variable may be unsafe. Consider using _dupenv_s instead. To disable deprecation, use _CRT_SECURE_NO_WARNINGS. See online help for details. [-Wdeprecated-declarations]
   22 |     static const bool value=[] { const auto* p=std::getenv("SARECOMP_SOUND_METADATA_VERIFY");
      |                                                     ^
C:\Program Files (x86)\Windows Kits\10\Include\10.0.26100.0\ucrt\stdlib.h(1183,20): note: 'getenv' has been explicitly marked deprecated here
 1183 |     _Check_return_ _CRT_INSECURE_DEPRECATE(_dupenv_s)
      |                    ^
C:\Program Files (x86)\Microsoft Visual Studio\2022\BuildTools\VC\Tools\MSVC\14.44.35207\include\vcruntime.h(368,55): note: expanded from macro '_CRT_INSECURE_DEPRECATE'
  368 |         #define _CRT_INSECURE_DEPRECATE(_Replacement) _CRT_DEPRECATE_TEXT(    \
      |                                                       ^
C:\Program Files (x86)\Microsoft Visual Studio\2022\BuildTools\VC\Tools\MSVC\14.44.35207\include\vcruntime.h(358,47): note: expanded from macro '_CRT_DEPRECATE_TEXT'
  358 | #define _CRT_DEPRECATE_TEXT(_Text) __declspec(deprecated(_Text))
      |                                               ^
In file included from C:\Users\ultim\Desktop\Sonic Adventure Recompiled\src\native_title_adapter.cpp:46:
C:\Users\ultim\Desktop\Sonic Adventure Recompiled\src\sonic_audio_device.hpp(43,16): warning: cast from 'FARPROC' (aka 'long long (*)()') to 'Precise' (aka 'void (*)(unsigned long long *)') converts to incompatible function type [-Wcast-function-type-mismatch]
   43 |         return reinterpret_cast<Precise>(address);
      |                ^~~~~~~~~~~~~~~~~~~~~~~~~~~~~~~~~~
C:\Users\ultim\Desktop\Sonic Adventure Recompiled\src\sonic_audio_device.hpp(76,29): warning: 'getenv' is deprecated: This function or variable may be unsafe. Consider using _dupenv_s instead. To disable deprecation, use _CRT_SECURE_NO_WARNINGS. See online help for details. [-Wdeprecated-declarations]
   76 |     const auto* hidden=std::getenv("KATANA_PORT_BACKGROUND_TEST");
      |                             ^
C:\Program Files (x86)\Windows Kits\10\Include\10.0.26100.0\ucrt\stdlib.h(1183,20): note: 'getenv' has been explicitly marked deprecated here
 1183 |     _Check_return_ _CRT_INSECURE_DEPRECATE(_dupenv_s)
      |                    ^
C:\Program Files (x86)\Microsoft Visual Studio\2022\BuildTools\VC\Tools\MSVC\14.44.35207\include\vcruntime.h(368,55): note: expanded from macro '_CRT_INSECURE_DEPRECATE'
  368 |         #define _CRT_INSECURE_DEPRECATE(_Replacement) _CRT_DEPRECATE_TEXT(    \
      |                                                       ^
C:\Program Files (x86)\Microsoft Visual Studio\2022\BuildTools\VC\Tools\MSVC\14.44.35207\include\vcruntime.h(358,47): note: expanded from macro '_CRT_DEPRECATE_TEXT'
  358 | #define _CRT_DEPRECATE_TEXT(_Text) __declspec(deprecated(_Text))
      |                                               ^
In file included from C:\Users\ultim\Desktop\Sonic Adventure Recompiled\src\native_title_adapter.cpp:48:
C:\Users\ultim\Desktop\Sonic Adventure Recompiled\src\sonic_movie_audio.hpp(38,31): warning: 'getenv' is deprecated: This function or variable may be unsafe. Consider using _dupenv_s instead. To disable deprecation, use _CRT_SECURE_NO_WARNINGS. See online help for details. [-Wdeprecated-declarations]
   38 |         const auto trace=std::getenv("SARECOMP_MOVIE_AUDIO_TRACE");
      |                               ^
C:\Program Files (x86)\Windows Kits\10\Include\10.0.26100.0\ucrt\stdlib.h(1183,20): note: 'getenv' has been explicitly marked deprecated here
 1183 |     _Check_return_ _CRT_INSECURE_DEPRECATE(_dupenv_s)
      |                    ^
C:\Program Files (x86)\Microsoft Visual Studio\2022\BuildTools\VC\Tools\MSVC\14.44.35207\include\vcruntime.h(368,55): note: expanded from macro '_CRT_INSECURE_DEPRECATE'
  368 |         #define _CRT_INSECURE_DEPRECATE(_Replacement) _CRT_DEPRECATE_TEXT(    \
      |                                                       ^
C:\Program Files (x86)\Microsoft Visual Studio\2022\BuildTools\VC\Tools\MSVC\14.44.35207\include\vcruntime.h(358,47): note: expanded from macro '_CRT_DEPRECATE_TEXT'
  358 | #define _CRT_DEPRECATE_TEXT(_Text) __declspec(deprecated(_Text))
      |                                               ^
In file included from C:\Users\ultim\Desktop\Sonic Adventure Recompiled\src\native_title_adapter.cpp:53:
C:\Users\ultim\Desktop\Sonic Adventure Recompiled\src\sonic_model_packet.hpp(18,28): warning: 'getenv' is deprecated: This function or variable may be unsafe. Consider using _dupenv_s instead. To disable deprecation, use _CRT_SECURE_NO_WARNINGS. See online help for details. [-Wdeprecated-declarations]
   18 |         const auto* p=std::getenv("SARECOMP_NATIVE_MODEL_VERTEX_STREAM");
      |                            ^
C:\Program Files (x86)\Windows Kits\10\Include\10.0.26100.0\ucrt\stdlib.h(1183,20): note: 'getenv' has been explicitly marked deprecated here
 1183 |     _Check_return_ _CRT_INSECURE_DEPRECATE(_dupenv_s)
      |                    ^
C:\Program Files (x86)\Microsoft Visual Studio\2022\BuildTools\VC\Tools\MSVC\14.44.35207\include\vcruntime.h(368,55): note: expanded from macro '_CRT_INSECURE_DEPRECATE'
  368 |         #define _CRT_INSECURE_DEPRECATE(_Replacement) _CRT_DEPRECATE_TEXT(    \
      |                                                       ^
C:\Program Files (x86)\Microsoft Visual Studio\2022\BuildTools\VC\Tools\MSVC\14.44.35207\include\vcruntime.h(358,47): note: expanded from macro '_CRT_DEPRECATE_TEXT'
  358 | #define _CRT_DEPRECATE_TEXT(_Text) __declspec(deprecated(_Text))
      |                                               ^
In file included from C:\Users\ultim\Desktop\Sonic Adventure Recompiled\src\native_title_adapter.cpp:53:
C:\Users\ultim\Desktop\Sonic Adventure Recompiled\src\sonic_model_packet.hpp(27,28): warning: 'getenv' is deprecated: This function or variable may be unsafe. Consider using _dupenv_s instead. To disable deprecation, use _CRT_SECURE_NO_WARNINGS. See online help for details. [-Wdeprecated-declarations]
   27 |         const auto* p=std::getenv("SARECOMP_NATIVE_MODEL_PACKETS");
      |                            ^
C:\Program Files (x86)\Windows Kits\10\Include\10.0.26100.0\ucrt\stdlib.h(1183,20): note: 'getenv' has been explicitly marked deprecated here
 1183 |     _Check_return_ _CRT_INSECURE_DEPRECATE(_dupenv_s)
      |                    ^
C:\Program Files (x86)\Microsoft Visual Studio\2022\BuildTools\VC\Tools\MSVC\14.44.35207\include\vcruntime.h(368,55): note: expanded from macro '_CRT_INSECURE_DEPRECATE'
  368 |         #define _CRT_INSECURE_DEPRECATE(_Replacement) _CRT_DEPRECATE_TEXT(    \
      |                                                       ^
C:\Program Files (x86)\Microsoft Visual Studio\2022\BuildTools\VC\Tools\MSVC\14.44.35207\include\vcruntime.h(358,47): note: expanded from macro '_CRT_DEPRECATE_TEXT'
  358 | #define _CRT_DEPRECATE_TEXT(_Text) __declspec(deprecated(_Text))
      |                                               ^
In file included from C:\Users\ultim\Desktop\Sonic Adventure Recompiled\src\native_title_adapter.cpp:55:
C:\Users\ultim\Desktop\Sonic Adventure Recompiled\src\sonic_fpu_scratch.hpp(24,94): warning: missing field 'last_memory_fault_provenance' initializer [-Wmissing-designated-field-initializers]
   24 |                 nested_.emplace(CpuState{.memory=Memory{0u,MemoryAlignmentPolicy::Permissive}});
      |                                                                                              ^
C:\Users\ultim\Desktop\Sonic Adventure Recompiled\src\sonic_fpu_scratch.hpp(28,100): warning: missing field 'last_memory_fault_provenance' initializer [-Wmissing-designated-field-initializers]
   28 |                     slot.cpu_.emplace(CpuState{.memory=Memory{0u,MemoryAlignmentPolicy::Permissive}});
      |                                                                                                    ^
C:\Users\ultim\Desktop\Sonic Adventure Recompiled\src\sonic_fpu_scratch.hpp(31,66): warning: missing field 'last_memory_fault_provenance' initializer [-Wmissing-designated-field-initializers]
   31 |                     *slot.cpu_=CpuState{.memory=std::move(memory)};
      |                                                                  ^
In file included from C:\Users\ultim\Desktop\Sonic Adventure Recompiled\src\native_title_adapter.cpp:61:
C:\Users\ultim\Desktop\Sonic Adventure Recompiled\src\sonic_internal_diagnostics.hpp(28,67): warning: 'getenv' is deprecated: This function or variable may be unsafe. Consider using _dupenv_s instead. To disable deprecation, use _CRT_SECURE_NO_WARNINGS. See online help for details. [-Wdeprecated-declarations]
   28 |     internal_runtime_enabled = read_internal_policy(program, std::getenv("SARECOMP_INTERNAL_DIAGNOSTICS"));
      |                                                                   ^
C:\Program Files (x86)\Windows Kits\10\Include\10.0.26100.0\ucrt\stdlib.h(1183,20): note: 'getenv' has been explicitly marked deprecated here
 1183 |     _Check_return_ _CRT_INSECURE_DEPRECATE(_dupenv_s)
      |                    ^
C:\Program Files (x86)\Microsoft Visual Studio\2022\BuildTools\VC\Tools\MSVC\14.44.35207\include\vcruntime.h(368,55): note: expanded from macro '_CRT_INSECURE_DEPRECATE'
  368 |         #define _CRT_INSECURE_DEPRECATE(_Replacement) _CRT_DEPRECATE_TEXT(    \
      |                                                       ^
C:\Program Files (x86)\Microsoft Visual Studio\2022\BuildTools\VC\Tools\MSVC\14.44.35207\include\vcruntime.h(358,47): note: expanded from macro '_CRT_DEPRECATE_TEXT'
  358 | #define _CRT_DEPRECATE_TEXT(_Text) __declspec(deprecated(_Text))
      |                                               ^
In file included from C:\Users\ultim\Desktop\Sonic Adventure Recompiled\src\native_title_adapter.cpp:62:
C:\Users\ultim\Desktop\Sonic Adventure Recompiled\src\sonic_native_cpu_policy.hpp(11,30): warning: 'getenv' is deprecated: This function or variable may be unsafe. Consider using _dupenv_s instead. To disable deprecation, use _CRT_SECURE_NO_WARNINGS. See online help for details. [-Wdeprecated-declarations]
   11 |     const char* group = std::getenv("SARECOMP_NATIVE_CPU_PATHS");
      |                              ^
C:\Program Files (x86)\Windows Kits\10\Include\10.0.26100.0\ucrt\stdlib.h(1183,20): note: 'getenv' has been explicitly marked deprecated here
 1183 |     _Check_return_ _CRT_INSECURE_DEPRECATE(_dupenv_s)
      |                    ^
C:\Program Files (x86)\Microsoft Visual Studio\2022\BuildTools\VC\Tools\MSVC\14.44.35207\include\vcruntime.h(368,55): note: expanded from macro '_CRT_INSECURE_DEPRECATE'
  368 |         #define _CRT_INSECURE_DEPRECATE(_Replacement) _CRT_DEPRECATE_TEXT(    \
      |                                                       ^
C:\Program Files (x86)\Microsoft Visual Studio\2022\BuildTools\VC\Tools\MSVC\14.44.35207\include\vcruntime.h(358,47): note: expanded from macro '_CRT_DEPRECATE_TEXT'
  358 | #define _CRT_DEPRECATE_TEXT(_Text) __declspec(deprecated(_Text))
      |                                               ^
In file included from C:\Users\ultim\Desktop\Sonic Adventure Recompiled\src\native_title_adapter.cpp:62:
C:\Users\ultim\Desktop\Sonic Adventure Recompiled\src\sonic_native_cpu_policy.hpp(13,30): warning: 'getenv' is deprecated: This function or variable may be unsafe. Consider using _dupenv_s instead. To disable deprecation, use _CRT_SECURE_NO_WARNINGS. See online help for details. [-Wdeprecated-declarations]
   13 |     const char* value = std::getenv(option);
      |                              ^
C:\Program Files (x86)\Windows Kits\10\Include\10.0.26100.0\ucrt\stdlib.h(1183,20): note: 'getenv' has been explicitly marked deprecated here
 1183 |     _Check_return_ _CRT_INSECURE_DEPRECATE(_dupenv_s)
      |                    ^
C:\Program Files (x86)\Microsoft Visual Studio\2022\BuildTools\VC\Tools\MSVC\14.44.35207\include\vcruntime.h(368,55): note: expanded from macro '_CRT_INSECURE_DEPRECATE'
  368 |         #define _CRT_INSECURE_DEPRECATE(_Replacement) _CRT_DEPRECATE_TEXT(    \
      |                                                       ^
C:\Program Files (x86)\Microsoft Visual Studio\2022\BuildTools\VC\Tools\MSVC\14.44.35207\include\vcruntime.h(358,47): note: expanded from macro '_CRT_DEPRECATE_TEXT'
  358 | #define _CRT_DEPRECATE_TEXT(_Text) __declspec(deprecated(_Text))
      |                                               ^
In file included from C:\Users\ultim\Desktop\Sonic Adventure Recompiled\src\native_title_adapter.cpp:67:
C:\Users\ultim\Desktop\Sonic Adventure Recompiled\src\sonic_movement_resolver.hpp(11,49): warning: 'getenv' is deprecated: This function or variable may be unsafe. Consider using _dupenv_s instead. To disable deprecation, use _CRT_SECURE_NO_WARNINGS. See online help for details. [-Wdeprecated-declarations]
   11 |     static const bool on=[] {const auto* v=std::getenv("SARECOMP_NATIVE_MOVEMENT");
      |                                                 ^
C:\Program Files (x86)\Windows Kits\10\Include\10.0.26100.0\ucrt\stdlib.h(1183,20): note: 'getenv' has been explicitly marked deprecated here
 1183 |     _Check_return_ _CRT_INSECURE_DEPRECATE(_dupenv_s)
      |                    ^
C:\Program Files (x86)\Microsoft Visual Studio\2022\BuildTools\VC\Tools\MSVC\14.44.35207\include\vcruntime.h(368,55): note: expanded from macro '_CRT_INSECURE_DEPRECATE'
  368 |         #define _CRT_INSECURE_DEPRECATE(_Replacement) _CRT_DEPRECATE_TEXT(    \
      |                                                       ^
C:\Program Files (x86)\Microsoft Visual Studio\2022\BuildTools\VC\Tools\MSVC\14.44.35207\include\vcruntime.h(358,47): note: expanded from macro '_CRT_DEPRECATE_TEXT'
  358 | #define _CRT_DEPRECATE_TEXT(_Text) __declspec(deprecated(_Text))
      |                                               ^
In file included from C:\Users\ultim\Desktop\Sonic Adventure Recompiled\src\native_title_adapter.cpp:69:
C:\Users\ultim\Desktop\Sonic Adventure Recompiled\src\sonic_collision_world.hpp(13,53): warning: 'getenv' is deprecated: This function or variable may be unsafe. Consider using _dupenv_s instead. To disable deprecation, use _CRT_SECURE_NO_WARNINGS. See online help for details. [-Wdeprecated-declarations]
   13 |     static const bool on=[] {const auto* value=std::getenv("SARECOMP_NATIVE_WORLD_SDK");
      |                                                     ^
C:\Program Files (x86)\Windows Kits\10\Include\10.0.26100.0\ucrt\stdlib.h(1183,20): note: 'getenv' has been explicitly marked deprecated here
 1183 |     _Check_return_ _CRT_INSECURE_DEPRECATE(_dupenv_s)
      |                    ^
C:\Program Files (x86)\Microsoft Visual Studio\2022\BuildTools\VC\Tools\MSVC\14.44.35207\include\vcruntime.h(368,55): note: expanded from macro '_CRT_INSECURE_DEPRECATE'
  368 |         #define _CRT_INSECURE_DEPRECATE(_Replacement) _CRT_DEPRECATE_TEXT(    \
      |                                                       ^
C:\Program Files (x86)\Microsoft Visual Studio\2022\BuildTools\VC\Tools\MSVC\14.44.35207\include\vcruntime.h(358,47): note: expanded from macro '_CRT_DEPRECATE_TEXT'
  358 | #define _CRT_DEPRECATE_TEXT(_Text) __declspec(deprecated(_Text))
      |                                               ^
In file included from C:\Users\ultim\Desktop\Sonic Adventure Recompiled\src\native_title_adapter.cpp:70:
C:\Users\ultim\Desktop\Sonic Adventure Recompiled\src\sonic_render_hierarchy.hpp(19,49): warning: 'getenv' is deprecated: This function or variable may be unsafe. Consider using _dupenv_s instead. To disable deprecation, use _CRT_SECURE_NO_WARNINGS. See online help for details. [-Wdeprecated-declarations]
   19 |     static const bool on=[] {const auto* v=std::getenv("SARECOMP_NATIVE_RENDER_LOCAL_PROOFS");
      |                                                 ^
C:\Program Files (x86)\Windows Kits\10\Include\10.0.26100.0\ucrt\stdlib.h(1183,20): note: 'getenv' has been explicitly marked deprecated here
 1183 |     _Check_return_ _CRT_INSECURE_DEPRECATE(_dupenv_s)
      |                    ^
C:\Program Files (x86)\Microsoft Visual Studio\2022\BuildTools\VC\Tools\MSVC\14.44.35207\include\vcruntime.h(368,55): note: expanded from macro '_CRT_INSECURE_DEPRECATE'
  368 |         #define _CRT_INSECURE_DEPRECATE(_Replacement) _CRT_DEPRECATE_TEXT(    \
      |                                                       ^
C:\Program Files (x86)\Microsoft Visual Studio\2022\BuildTools\VC\Tools\MSVC\14.44.35207\include\vcruntime.h(358,47): note: expanded from macro '_CRT_DEPRECATE_TEXT'
  358 | #define _CRT_DEPRECATE_TEXT(_Text) __declspec(deprecated(_Text))
      |                                               ^
In file included from C:\Users\ultim\Desktop\Sonic Adventure Recompiled\src\native_title_adapter.cpp:70:
C:\Users\ultim\Desktop\Sonic Adventure Recompiled\src\sonic_render_hierarchy.hpp(37,49): warning: 'getenv' is deprecated: This function or variable may be unsafe. Consider using _dupenv_s instead. To disable deprecation, use _CRT_SECURE_NO_WARNINGS. See online help for details. [-Wdeprecated-declarations]
   37 |     static const bool on=[] {const auto* v=std::getenv("SARECOMP_NATIVE_MORPH_HIERARCHY");
      |                                                 ^
C:\Program Files (x86)\Windows Kits\10\Include\10.0.26100.0\ucrt\stdlib.h(1183,20): note: 'getenv' has been explicitly marked deprecated here
 1183 |     _Check_return_ _CRT_INSECURE_DEPRECATE(_dupenv_s)
      |                    ^
C:\Program Files (x86)\Microsoft Visual Studio\2022\BuildTools\VC\Tools\MSVC\14.44.35207\include\vcruntime.h(368,55): note: expanded from macro '_CRT_INSECURE_DEPRECATE'
  368 |         #define _CRT_INSECURE_DEPRECATE(_Replacement) _CRT_DEPRECATE_TEXT(    \
      |                                                       ^
C:\Program Files (x86)\Microsoft Visual Studio\2022\BuildTools\VC\Tools\MSVC\14.44.35207\include\vcruntime.h(358,47): note: expanded from macro '_CRT_DEPRECATE_TEXT'
  358 | #define _CRT_DEPRECATE_TEXT(_Text) __declspec(deprecated(_Text))
      |                                               ^
In file included from C:\Users\ultim\Desktop\Sonic Adventure Recompiled\src\native_title_adapter.cpp:71:
In file included from C:\Users\ultim\Desktop\Sonic Adventure Recompiled\src\sonic_native_model_memory.hpp:2:
C:\Users\ultim\Desktop\Sonic Adventure Recompiled\src\sonic_scalar_write_view.hpp(30,30): warning: 'getenv' is deprecated: This function or variable may be unsafe. Consider using _dupenv_s instead. To disable deprecation, use _CRT_SECURE_NO_WARNINGS. See online help for details. [-Wdeprecated-declarations]
   30 |         const char* p = std::getenv("SARECOMP_SCALAR_WRITES");
      |                              ^
C:\Program Files (x86)\Windows Kits\10\Include\10.0.26100.0\ucrt\stdlib.h(1183,20): note: 'getenv' has been explicitly marked deprecated here
 1183 |     _Check_return_ _CRT_INSECURE_DEPRECATE(_dupenv_s)
      |                    ^
C:\Program Files (x86)\Microsoft Visual Studio\2022\BuildTools\VC\Tools\MSVC\14.44.35207\include\vcruntime.h(368,55): note: expanded from macro '_CRT_INSECURE_DEPRECATE'
  368 |         #define _CRT_INSECURE_DEPRECATE(_Replacement) _CRT_DEPRECATE_TEXT(    \
      |                                                       ^
C:\Program Files (x86)\Microsoft Visual Studio\2022\BuildTools\VC\Tools\MSVC\14.44.35207\include\vcruntime.h(358,47): note: expanded from macro '_CRT_DEPRECATE_TEXT'
  358 | #define _CRT_DEPRECATE_TEXT(_Text) __declspec(deprecated(_Text))
      |                                               ^
In file included from C:\Users\ultim\Desktop\Sonic Adventure Recompiled\src\native_title_adapter.cpp:71:
In file included from C:\Users\ultim\Desktop\Sonic Adventure Recompiled\src\sonic_native_model_memory.hpp:2:
C:\Users\ultim\Desktop\Sonic Adventure Recompiled\src\sonic_scalar_write_view.hpp(38,30): warning: 'getenv' is deprecated: This function or variable may be unsafe. Consider using _dupenv_s instead. To disable deprecation, use _CRT_SECURE_NO_WARNINGS. See online help for details. [-Wdeprecated-declarations]
   38 |         const char* p = std::getenv("SARECOMP_STACK_FRAMES");
      |                              ^
C:\Program Files (x86)\Windows Kits\10\Include\10.0.26100.0\ucrt\stdlib.h(1183,20): note: 'getenv' has been explicitly marked deprecated here
 1183 |     _Check_return_ _CRT_INSECURE_DEPRECATE(_dupenv_s)
      |                    ^
C:\Program Files (x86)\Microsoft Visual Studio\2022\BuildTools\VC\Tools\MSVC\14.44.35207\include\vcruntime.h(368,55): note: expanded from macro '_CRT_INSECURE_DEPRECATE'
  368 |         #define _CRT_INSECURE_DEPRECATE(_Replacement) _CRT_DEPRECATE_TEXT(    \
      |                                                       ^
C:\Program Files (x86)\Microsoft Visual Studio\2022\BuildTools\VC\Tools\MSVC\14.44.35207\include\vcruntime.h(358,47): note: expanded from macro '_CRT_DEPRECATE_TEXT'
  358 | #define _CRT_DEPRECATE_TEXT(_Text) __declspec(deprecated(_Text))
      |                                               ^
In file included from C:\Users\ultim\Desktop\Sonic Adventure Recompiled\src\native_title_adapter.cpp:71:
In file included from C:\Users\ultim\Desktop\Sonic Adventure Recompiled\src\sonic_native_model_memory.hpp:2:
C:\Users\ultim\Desktop\Sonic Adventure Recompiled\src\sonic_scalar_write_view.hpp(46,30): warning: 'getenv' is deprecated: This function or variable may be unsafe. Consider using _dupenv_s instead. To disable deprecation, use _CRT_SECURE_NO_WARNINGS. See online help for details. [-Wdeprecated-declarations]
   46 |         const char* p = std::getenv("SARECOMP_RAM_REGIONS");
      |                              ^
C:\Program Files (x86)\Windows Kits\10\Include\10.0.26100.0\ucrt\stdlib.h(1183,20): note: 'getenv' has been explicitly marked deprecated here
 1183 |     _Check_return_ _CRT_INSECURE_DEPRECATE(_dupenv_s)
      |                    ^
C:\Program Files (x86)\Microsoft Visual Studio\2022\BuildTools\VC\Tools\MSVC\14.44.35207\include\vcruntime.h(368,55): note: expanded from macro '_CRT_INSECURE_DEPRECATE'
  368 |         #define _CRT_INSECURE_DEPRECATE(_Replacement) _CRT_DEPRECATE_TEXT(    \
      |                                                       ^
C:\Program Files (x86)\Microsoft Visual Studio\2022\BuildTools\VC\Tools\MSVC\14.44.35207\include\vcruntime.h(358,47): note: expanded from macro '_CRT_DEPRECATE_TEXT'
  358 | #define _CRT_DEPRECATE_TEXT(_Text) __declspec(deprecated(_Text))
      |                                               ^
In file included from C:\Users\ultim\Desktop\Sonic Adventure Recompiled\src\native_title_adapter.cpp:72:
C:\Users\ultim\Desktop\Sonic Adventure Recompiled\src\sonic_native_collision_memory.hpp(7,28): warning: 'getenv' is deprecated: This function or variable may be unsafe. Consider using _dupenv_s instead. To disable deprecation, use _CRT_SECURE_NO_WARNINGS. See online help for details. [-Wdeprecated-declarations]
    7 |         const char* p=std::getenv("SARECOMP_NATIVE_COLLISION_MEMORY");
      |                            ^
C:\Program Files (x86)\Windows Kits\10\Include\10.0.26100.0\ucrt\stdlib.h(1183,20): note: 'getenv' has been explicitly marked deprecated here
 1183 |     _Check_return_ _CRT_INSECURE_DEPRECATE(_dupenv_s)
      |                    ^
C:\Program Files (x86)\Microsoft Visual Studio\2022\BuildTools\VC\Tools\MSVC\14.44.35207\include\vcruntime.h(368,55): note: expanded from macro '_CRT_INSECURE_DEPRECATE'
  368 |         #define _CRT_INSECURE_DEPRECATE(_Replacement) _CRT_DEPRECATE_TEXT(    \
      |                                                       ^
C:\Program Files (x86)\Microsoft Visual Studio\2022\BuildTools\VC\Tools\MSVC\14.44.35207\include\vcruntime.h(358,47): note: expanded from macro '_CRT_DEPRECATE_TEXT'
  358 | #define _CRT_DEPRECATE_TEXT(_Text) __declspec(deprecated(_Text))
      |                                               ^
In file included from C:\Users\ultim\Desktop\Sonic Adventure Recompiled\src\native_title_adapter.cpp:72:
C:\Users\ultim\Desktop\Sonic Adventure Recompiled\src\sonic_native_collision_memory.hpp(14,28): warning: 'getenv' is deprecated: This function or variable may be unsafe. Consider using _dupenv_s instead. To disable deprecation, use _CRT_SECURE_NO_WARNINGS. See online help for details. [-Wdeprecated-declarations]
   14 |         const char* p=std::getenv("SARECOMP_NATIVE_COLLISION_CLOSURE");
      |                            ^
C:\Program Files (x86)\Windows Kits\10\Include\10.0.26100.0\ucrt\stdlib.h(1183,20): note: 'getenv' has been explicitly marked deprecated here
 1183 |     _Check_return_ _CRT_INSECURE_DEPRECATE(_dupenv_s)
      |                    ^
C:\Program Files (x86)\Microsoft Visual Studio\2022\BuildTools\VC\Tools\MSVC\14.44.35207\include\vcruntime.h(368,55): note: expanded from macro '_CRT_INSECURE_DEPRECATE'
  368 |         #define _CRT_INSECURE_DEPRECATE(_Replacement) _CRT_DEPRECATE_TEXT(    \
      |                                                       ^
C:\Program Files (x86)\Microsoft Visual Studio\2022\BuildTools\VC\Tools\MSVC\14.44.35207\include\vcruntime.h(358,47): note: expanded from macro '_CRT_DEPRECATE_TEXT'
  358 | #define _CRT_DEPRECATE_TEXT(_Text) __declspec(deprecated(_Text))
      |                                               ^
In file included from C:\Users\ultim\Desktop\Sonic Adventure Recompiled\src\native_title_adapter.cpp:88:
C:\Users\ultim\Desktop\Sonic Adventure Recompiled\src\sonic_atan_math.hpp(42,49): warning: 'getenv' is deprecated: This function or variable may be unsafe. Consider using _dupenv_s instead. To disable deprecation, use _CRT_SECURE_NO_WARNINGS. See online help for details. [-Wdeprecated-declarations]
   42 |     static const bool on=[] {const auto* v=std::getenv("SARECOMP_NATIVE_INVERSE_MEMORY");
      |                                                 ^
C:\Program Files (x86)\Windows Kits\10\Include\10.0.26100.0\ucrt\stdlib.h(1183,20): note: 'getenv' has been explicitly marked deprecated here
 1183 |     _Check_return_ _CRT_INSECURE_DEPRECATE(_dupenv_s)
      |                    ^
C:\Program Files (x86)\Microsoft Visual Studio\2022\BuildTools\VC\Tools\MSVC\14.44.35207\include\vcruntime.h(368,55): note: expanded from macro '_CRT_INSECURE_DEPRECATE'
  368 |         #define _CRT_INSECURE_DEPRECATE(_Replacement) _CRT_DEPRECATE_TEXT(    \
      |                                                       ^
C:\Program Files (x86)\Microsoft Visual Studio\2022\BuildTools\VC\Tools\MSVC\14.44.35207\include\vcruntime.h(358,47): note: expanded from macro '_CRT_DEPRECATE_TEXT'
  358 | #define _CRT_DEPRECATE_TEXT(_Text) __declspec(deprecated(_Text))
      |                                               ^
In file included from C:\Users\ultim\Desktop\Sonic Adventure Recompiled\src\native_title_adapter.cpp:90:
C:\Users\ultim\Desktop\Sonic Adventure Recompiled\src\renderer/sonic_motion.hpp(41,58): warning: 'getenv' is deprecated: This function or variable may be unsafe. Consider using _dupenv_s instead. To disable deprecation, use _CRT_SECURE_NO_WARNINGS. See online help for details. [-Wdeprecated-declarations]
   41 |     static const bool enabled=[] {const auto* value=std::getenv("SARECOMP_MOTION_TRACE");return value&&std::string_view(value)=="1";}();
      |                                                          ^
C:\Program Files (x86)\Windows Kits\10\Include\10.0.26100.0\ucrt\stdlib.h(1183,20): note: 'getenv' has been explicitly marked deprecated here
 1183 |     _Check_return_ _CRT_INSECURE_DEPRECATE(_dupenv_s)
      |                    ^
C:\Program Files (x86)\Microsoft Visual Studio\2022\BuildTools\VC\Tools\MSVC\14.44.35207\include\vcruntime.h(368,55): note: expanded from macro '_CRT_INSECURE_DEPRECATE'
  368 |         #define _CRT_INSECURE_DEPRECATE(_Replacement) _CRT_DEPRECATE_TEXT(    \
      |                                                       ^
C:\Program Files (x86)\Microsoft Visual Studio\2022\BuildTools\VC\Tools\MSVC\14.44.35207\include\vcruntime.h(358,47): note: expanded from macro '_CRT_DEPRECATE_TEXT'
  358 | #define _CRT_DEPRECATE_TEXT(_Text) __declspec(deprecated(_Text))
      |                                               ^
C:\Users\ultim\Desktop\Sonic Adventure Recompiled\src\native_title_adapter.cpp(1869,35): warning: 'getenv' is deprecated: This function or variable may be unsafe. Consider using _dupenv_s instead. To disable deprecation, use _CRT_SECURE_NO_WARNINGS. See online help for details. [-Wdeprecated-declarations]
 1869 |         const auto* hidden = std::getenv("KATANA_PORT_BACKGROUND_TEST");
      |                                   ^
C:\Program Files (x86)\Windows Kits\10\Include\10.0.26100.0\ucrt\stdlib.h(1183,20): note: 'getenv' has been explicitly marked deprecated here
 1183 |     _Check_return_ _CRT_INSECURE_DEPRECATE(_dupenv_s)
      |                    ^
C:\Program Files (x86)\Microsoft Visual Studio\2022\BuildTools\VC\Tools\MSVC\14.44.35207\include\vcruntime.h(368,55): note: expanded from macro '_CRT_INSECURE_DEPRECATE'
  368 |         #define _CRT_INSECURE_DEPRECATE(_Replacement) _CRT_DEPRECATE_TEXT(    \
      |                                                       ^
C:\Program Files (x86)\Microsoft Visual Studio\2022\BuildTools\VC\Tools\MSVC\14.44.35207\include\vcruntime.h(358,47): note: expanded from macro '_CRT_DEPRECATE_TEXT'
  358 | #define _CRT_DEPRECATE_TEXT(_Text) __declspec(deprecated(_Text))
      |                                               ^
C:\Users\ultim\Desktop\Sonic Adventure Recompiled\src\native_title_adapter.cpp(1870,37): warning: 'getenv' is deprecated: This function or variable may be unsafe. Consider using _dupenv_s instead. To disable deprecation, use _CRT_SECURE_NO_WARNINGS. See online help for details. [-Wdeprecated-declarations]
 1870 |         const auto* isolated = std::getenv("SARECOMP_BENCHMARK_ISOLATED_INPUT");
      |                                     ^
C:\Program Files (x86)\Windows Kits\10\Include\10.0.26100.0\ucrt\stdlib.h(1183,20): note: 'getenv' has been explicitly marked deprecated here
 1183 |     _Check_return_ _CRT_INSECURE_DEPRECATE(_dupenv_s)
      |                    ^
C:\Program Files (x86)\Microsoft Visual Studio\2022\BuildTools\VC\Tools\MSVC\14.44.35207\include\vcruntime.h(368,55): note: expanded from macro '_CRT_INSECURE_DEPRECATE'
  368 |         #define _CRT_INSECURE_DEPRECATE(_Replacement) _CRT_DEPRECATE_TEXT(    \
      |                                                       ^
C:\Program Files (x86)\Microsoft Visual Studio\2022\BuildTools\VC\Tools\MSVC\14.44.35207\include\vcruntime.h(358,47): note: expanded from macro '_CRT_DEPRECATE_TEXT'
  358 | #define _CRT_DEPRECATE_TEXT(_Text) __declspec(deprecated(_Text))
      |                                               ^
C:\Users\ultim\Desktop\Sonic Adventure Recompiled\src\native_title_adapter.cpp(1871,34): warning: 'getenv' is deprecated: This function or variable may be unsafe. Consider using _dupenv_s instead. To disable deprecation, use _CRT_SECURE_NO_WARNINGS. See online help for details. [-Wdeprecated-declarations]
 1871 |         const auto* saves = std::getenv("KATANA_USER_DATA_ROOT");
      |                                  ^
C:\Program Files (x86)\Windows Kits\10\Include\10.0.26100.0\ucrt\stdlib.h(1183,20): note: 'getenv' has been explicitly marked deprecated here
 1183 |     _Check_return_ _CRT_INSECURE_DEPRECATE(_dupenv_s)
      |                    ^
C:\Program Files (x86)\Microsoft Visual Studio\2022\BuildTools\VC\Tools\MSVC\14.44.35207\include\vcruntime.h(368,55): note: expanded from macro '_CRT_INSECURE_DEPRECATE'
  368 |         #define _CRT_INSECURE_DEPRECATE(_Replacement) _CRT_DEPRECATE_TEXT(    \
      |                                                       ^
C:\Program Files (x86)\Microsoft Visual Studio\2022\BuildTools\VC\Tools\MSVC\14.44.35207\include\vcruntime.h(358,47): note: expanded from macro '_CRT_DEPRECATE_TEXT'
  358 | #define _CRT_DEPRECATE_TEXT(_Text) __declspec(deprecated(_Text))
      |                                               ^
C:\Users\ultim\Desktop\Sonic Adventure Recompiled\src\native_title_adapter.cpp(1875,37): warning: 'getenv' is deprecated: This function or variable may be unsafe. Consider using _dupenv_s instead. To disable deprecation, use _CRT_SECURE_NO_WARNINGS. See online help for details. [-Wdeprecated-declarations]
 1875 |             const auto* text = std::getenv(name);
      |                                     ^
C:\Program Files (x86)\Windows Kits\10\Include\10.0.26100.0\ucrt\stdlib.h(1183,20): note: 'getenv' has been explicitly marked deprecated here
 1183 |     _Check_return_ _CRT_INSECURE_DEPRECATE(_dupenv_s)
      |                    ^
C:\Program Files (x86)\Microsoft Visual Studio\2022\BuildTools\VC\Tools\MSVC\14.44.35207\include\vcruntime.h(368,55): note: expanded from macro '_CRT_INSECURE_DEPRECATE'
  368 |         #define _CRT_INSECURE_DEPRECATE(_Replacement) _CRT_DEPRECATE_TEXT(    \
      |                                                       ^
C:\Program Files (x86)\Microsoft Visual Studio\2022\BuildTools\VC\Tools\MSVC\14.44.35207\include\vcruntime.h(358,47): note: expanded from macro '_CRT_DEPRECATE_TEXT'
  358 | #define _CRT_DEPRECATE_TEXT(_Text) __declspec(deprecated(_Text))
      |                                               ^
C:\Users\ultim\Desktop\Sonic Adventure Recompiled\src\native_title_adapter.cpp(2314,33): warning: 'getenv' is deprecated: This function or variable may be unsafe. Consider using _dupenv_s instead. To disable deprecation, use _CRT_SECURE_NO_WARNINGS. See online help for details. [-Wdeprecated-declarations]
 2314 |         const auto* flag = std::getenv("SARECOMP_RENDER_COMPLETION_EXPERIMENT");
      |                                 ^
C:\Program Files (x86)\Windows Kits\10\Include\10.0.26100.0\ucrt\stdlib.h(1183,20): note: 'getenv' has been explicitly marked deprecated here
 1183 |     _Check_return_ _CRT_INSECURE_DEPRECATE(_dupenv_s)
      |                    ^
C:\Program Files (x86)\Microsoft Visual Studio\2022\BuildTools\VC\Tools\MSVC\14.44.35207\include\vcruntime.h(368,55): note: expanded from macro '_CRT_INSECURE_DEPRECATE'
  368 |         #define _CRT_INSECURE_DEPRECATE(_Replacement) _CRT_DEPRECATE_TEXT(    \
      |                                                       ^
C:\Program Files (x86)\Microsoft Visual Studio\2022\BuildTools\VC\Tools\MSVC\14.44.35207\include\vcruntime.h(358,47): note: expanded from macro '_CRT_DEPRECATE_TEXT'
  358 | #define _CRT_DEPRECATE_TEXT(_Text) __declspec(deprecated(_Text))
      |                                               ^
C:\Users\ultim\Desktop\Sonic Adventure Recompiled\src\native_title_adapter.cpp(2315,39): warning: 'getenv' is deprecated: This function or variable may be unsafe. Consider using _dupenv_s instead. To disable deprecation, use _CRT_SECURE_NO_WARNINGS. See online help for details. [-Wdeprecated-declarations]
 2315 |         const auto* background = std::getenv("KATANA_PORT_BACKGROUND_TEST");
      |                                       ^
C:\Program Files (x86)\Windows Kits\10\Include\10.0.26100.0\ucrt\stdlib.h(1183,20): note: 'getenv' has been explicitly marked deprecated here
 1183 |     _Check_return_ _CRT_INSECURE_DEPRECATE(_dupenv_s)
      |                    ^
C:\Program Files (x86)\Microsoft Visual Studio\2022\BuildTools\VC\Tools\MSVC\14.44.35207\include\vcruntime.h(368,55): note: expanded from macro '_CRT_INSECURE_DEPRECATE'
  368 |         #define _CRT_INSECURE_DEPRECATE(_Replacement) _CRT_DEPRECATE_TEXT(    \
      |                                                       ^
C:\Program Files (x86)\Microsoft Visual Studio\2022\BuildTools\VC\Tools\MSVC\14.44.35207\include\vcruntime.h(358,47): note: expanded from macro '_CRT_DEPRECATE_TEXT'
  358 | #define _CRT_DEPRECATE_TEXT(_Text) __declspec(deprecated(_Text))
      |                                               ^
C:\Users\ultim\Desktop\Sonic Adventure Recompiled\src\native_title_adapter.cpp(2324,31): warning: 'getenv' is deprecated: This function or variable may be unsafe. Consider using _dupenv_s instead. To disable deprecation, use _CRT_SECURE_NO_WARNINGS. See online help for details. [-Wdeprecated-declarations]
 2324 |         const auto* flag=std::getenv("SARECOMP_SIXTY_FRAME_INTERACTIVE");
      |                               ^
C:\Program Files (x86)\Windows Kits\10\Include\10.0.26100.0\ucrt\stdlib.h(1183,20): note: 'getenv' has been explicitly marked deprecated here
 1183 |     _Check_return_ _CRT_INSECURE_DEPRECATE(_dupenv_s)
      |                    ^
C:\Program Files (x86)\Microsoft Visual Studio\2022\BuildTools\VC\Tools\MSVC\14.44.35207\include\vcruntime.h(368,55): note: expanded from macro '_CRT_INSECURE_DEPRECATE'
  368 |         #define _CRT_INSECURE_DEPRECATE(_Replacement) _CRT_DEPRECATE_TEXT(    \
      |                                                       ^
C:\Program Files (x86)\Microsoft Visual Studio\2022\BuildTools\VC\Tools\MSVC\14.44.35207\include\vcruntime.h(358,47): note: expanded from macro '_CRT_DEPRECATE_TEXT'
  358 | #define _CRT_DEPRECATE_TEXT(_Text) __declspec(deprecated(_Text))
      |                                               ^
C:\Users\ultim\Desktop\Sonic Adventure Recompiled\src\native_title_adapter.cpp(2325,32): warning: 'getenv' is deprecated: This function or variable may be unsafe. Consider using _dupenv_s instead. To disable deprecation, use _CRT_SECURE_NO_WARNINGS. See online help for details. [-Wdeprecated-declarations]
 2325 |         const auto* saves=std::getenv("KATANA_USER_DATA_ROOT");
      |                                ^
C:\Program Files (x86)\Windows Kits\10\Include\10.0.26100.0\ucrt\stdlib.h(1183,20): note: 'getenv' has been explicitly marked deprecated here
 1183 |     _Check_return_ _CRT_INSECURE_DEPRECATE(_dupenv_s)
      |                    ^
C:\Program Files (x86)\Microsoft Visual Studio\2022\BuildTools\VC\Tools\MSVC\14.44.35207\include\vcruntime.h(368,55): note: expanded from macro '_CRT_INSECURE_DEPRECATE'
  368 |         #define _CRT_INSECURE_DEPRECATE(_Replacement) _CRT_DEPRECATE_TEXT(    \
      |                                                       ^
C:\Program Files (x86)\Microsoft Visual Studio\2022\BuildTools\VC\Tools\MSVC\14.44.35207\include\vcruntime.h(358,47): note: expanded from macro '_CRT_DEPRECATE_TEXT'
  358 | #define _CRT_DEPRECATE_TEXT(_Text) __declspec(deprecated(_Text))
      |                                               ^
C:\Users\ultim\Desktop\Sonic Adventure Recompiled\src\native_title_adapter.cpp(2333,31): warning: 'getenv' is deprecated: This function or variable may be unsafe. Consider using _dupenv_s instead. To disable deprecation, use _CRT_SECURE_NO_WARNINGS. See online help for details. [-Wdeprecated-declarations]
 2333 |         const auto* flag=std::getenv("SARECOMP_SIXTY_FRAME_MATRIX");
      |                               ^
C:\Program Files (x86)\Windows Kits\10\Include\10.0.26100.0\ucrt\stdlib.h(1183,20): note: 'getenv' has been explicitly marked deprecated here
 1183 |     _Check_return_ _CRT_INSECURE_DEPRECATE(_dupenv_s)
      |                    ^
C:\Program Files (x86)\Microsoft Visual Studio\2022\BuildTools\VC\Tools\MSVC\14.44.35207\include\vcruntime.h(368,55): note: expanded from macro '_CRT_INSECURE_DEPRECATE'
  368 |         #define _CRT_INSECURE_DEPRECATE(_Replacement) _CRT_DEPRECATE_TEXT(    \
      |                                                       ^
C:\Program Files (x86)\Microsoft Visual Studio\2022\BuildTools\VC\Tools\MSVC\14.44.35207\include\vcruntime.h(358,47): note: expanded from macro '_CRT_DEPRECATE_TEXT'
  358 | #define _CRT_DEPRECATE_TEXT(_Text) __declspec(deprecated(_Text))
      |                                               ^
C:\Users\ultim\Desktop\Sonic Adventure Recompiled\src\native_title_adapter.cpp(2334,33): warning: 'getenv' is deprecated: This function or variable may be unsafe. Consider using _dupenv_s instead. To disable deprecation, use _CRT_SECURE_NO_WARNINGS. See online help for details. [-Wdeprecated-declarations]
 2334 |         const auto* hidden=std::getenv("KATANA_PORT_BACKGROUND_TEST");
      |                                 ^
C:\Program Files (x86)\Windows Kits\10\Include\10.0.26100.0\ucrt\stdlib.h(1183,20): note: 'getenv' has been explicitly marked deprecated here
 1183 |     _Check_return_ _CRT_INSECURE_DEPRECATE(_dupenv_s)
      |                    ^
C:\Program Files (x86)\Microsoft Visual Studio\2022\BuildTools\VC\Tools\MSVC\14.44.35207\include\vcruntime.h(368,55): note: expanded from macro '_CRT_INSECURE_DEPRECATE'
  368 |         #define _CRT_INSECURE_DEPRECATE(_Replacement) _CRT_DEPRECATE_TEXT(    \
      |                                                       ^
C:\Program Files (x86)\Microsoft Visual Studio\2022\BuildTools\VC\Tools\MSVC\14.44.35207\include\vcruntime.h(358,47): note: expanded from macro '_CRT_DEPRECATE_TEXT'
  358 | #define _CRT_DEPRECATE_TEXT(_Text) __declspec(deprecated(_Text))
      |                                               ^
C:\Users\ultim\Desktop\Sonic Adventure Recompiled\src\native_title_adapter.cpp(2342,33): warning: 'getenv' is deprecated: This function or variable may be unsafe. Consider using _dupenv_s instead. To disable deprecation, use _CRT_SECURE_NO_WARNINGS. See online help for details. [-Wdeprecated-declarations]
 2342 |         const auto* flag = std::getenv("SARECOMP_SIXTY_FRAME_FIXTURE");
      |                                 ^
C:\Program Files (x86)\Windows Kits\10\Include\10.0.26100.0\ucrt\stdlib.h(1183,20): note: 'getenv' has been explicitly marked deprecated here
 1183 |     _Check_return_ _CRT_INSECURE_DEPRECATE(_dupenv_s)
      |                    ^
C:\Program Files (x86)\Microsoft Visual Studio\2022\BuildTools\VC\Tools\MSVC\14.44.35207\include\vcruntime.h(368,55): note: expanded from macro '_CRT_INSECURE_DEPRECATE'
  368 |         #define _CRT_INSECURE_DEPRECATE(_Replacement) _CRT_DEPRECATE_TEXT(    \
      |                                                       ^
C:\Program Files (x86)\Microsoft Visual Studio\2022\BuildTools\VC\Tools\MSVC\14.44.35207\include\vcruntime.h(358,47): note: expanded from macro '_CRT_DEPRECATE_TEXT'
  358 | #define _CRT_DEPRECATE_TEXT(_Text) __declspec(deprecated(_Text))
      |                                               ^
C:\Users\ultim\Desktop\Sonic Adventure Recompiled\src\native_title_adapter.cpp(2343,39): warning: 'getenv' is deprecated: This function or variable may be unsafe. Consider using _dupenv_s instead. To disable deprecation, use _CRT_SECURE_NO_WARNINGS. See online help for details. [-Wdeprecated-declarations]
 2343 |         const auto* background = std::getenv("KATANA_PORT_BACKGROUND_TEST");
      |                                       ^
C:\Program Files (x86)\Windows Kits\10\Include\10.0.26100.0\ucrt\stdlib.h(1183,20): note: 'getenv' has been explicitly marked deprecated here
 1183 |     _Check_return_ _CRT_INSECURE_DEPRECATE(_dupenv_s)
      |                    ^
C:\Program Files (x86)\Microsoft Visual Studio\2022\BuildTools\VC\Tools\MSVC\14.44.35207\include\vcruntime.h(368,55): note: expanded from macro '_CRT_INSECURE_DEPRECATE'
  368 |         #define _CRT_INSECURE_DEPRECATE(_Replacement) _CRT_DEPRECATE_TEXT(    \
      |                                                       ^
C:\Program Files (x86)\Microsoft Visual Studio\2022\BuildTools\VC\Tools\MSVC\14.44.35207\include\vcruntime.h(358,47): note: expanded from macro '_CRT_DEPRECATE_TEXT'
  358 | #define _CRT_DEPRECATE_TEXT(_Text) __declspec(deprecated(_Text))
      |                                               ^
C:\Users\ultim\Desktop\Sonic Adventure Recompiled\src\native_title_adapter.cpp(2344,34): warning: 'getenv' is deprecated: This function or variable may be unsafe. Consider using _dupenv_s instead. To disable deprecation, use _CRT_SECURE_NO_WARNINGS. See online help for details. [-Wdeprecated-declarations]
 2344 |         const auto* probe = std::getenv("KATANA_SONIC_GAMEPLAY_PROBE");
      |                                  ^
C:\Program Files (x86)\Windows Kits\10\Include\10.0.26100.0\ucrt\stdlib.h(1183,20): note: 'getenv' has been explicitly marked deprecated here
 1183 |     _Check_return_ _CRT_INSECURE_DEPRECATE(_dupenv_s)
      |                    ^
C:\Program Files (x86)\Microsoft Visual Studio\2022\BuildTools\VC\Tools\MSVC\14.44.35207\include\vcruntime.h(368,55): note: expanded from macro '_CRT_INSECURE_DEPRECATE'
  368 |         #define _CRT_INSECURE_DEPRECATE(_Replacement) _CRT_DEPRECATE_TEXT(    \
      |                                                       ^
C:\Program Files (x86)\Microsoft Visual Studio\2022\BuildTools\VC\Tools\MSVC\14.44.35207\include\vcruntime.h(358,47): note: expanded from macro '_CRT_DEPRECATE_TEXT'
  358 | #define _CRT_DEPRECATE_TEXT(_Text) __declspec(deprecated(_Text))
      |                                               ^
C:\Users\ultim\Desktop\Sonic Adventure Recompiled\src\native_title_adapter.cpp(2345,37): warning: 'getenv' is deprecated: This function or variable may be unsafe. Consider using _dupenv_s instead. To disable deprecation, use _CRT_SECURE_NO_WARNINGS. See online help for details. [-Wdeprecated-declarations]
 2345 |         const auto* scenario = std::getenv("KATANA_SONIC_PRIVATE_SCENARIO");
      |                                     ^
C:\Program Files (x86)\Windows Kits\10\Include\10.0.26100.0\ucrt\stdlib.h(1183,20): note: 'getenv' has been explicitly marked deprecated here
 1183 |     _Check_return_ _CRT_INSECURE_DEPRECATE(_dupenv_s)
      |                    ^
C:\Program Files (x86)\Microsoft Visual Studio\2022\BuildTools\VC\Tools\MSVC\14.44.35207\include\vcruntime.h(368,55): note: expanded from macro '_CRT_INSECURE_DEPRECATE'
  368 |         #define _CRT_INSECURE_DEPRECATE(_Replacement) _CRT_DEPRECATE_TEXT(    \
      |                                                       ^
C:\Program Files (x86)\Microsoft Visual Studio\2022\BuildTools\VC\Tools\MSVC\14.44.35207\include\vcruntime.h(358,47): note: expanded from macro '_CRT_DEPRECATE_TEXT'
  358 | #define _CRT_DEPRECATE_TEXT(_Text) __declspec(deprecated(_Text))
      |                                               ^
C:\Users\ultim\Desktop\Sonic Adventure Recompiled\src\native_title_adapter.cpp(2361,35): warning: 'getenv' is deprecated: This function or variable may be unsafe. Consider using _dupenv_s instead. To disable deprecation, use _CRT_SECURE_NO_WARNINGS. See online help for details. [-Wdeprecated-declarations]
 2361 |         const auto* original=std::getenv("SARECOMP_ORIGINAL_CADENCE");
      |                                   ^
C:\Program Files (x86)\Windows Kits\10\Include\10.0.26100.0\ucrt\stdlib.h(1183,20): note: 'getenv' has been explicitly marked deprecated here
 1183 |     _Check_return_ _CRT_INSECURE_DEPRECATE(_dupenv_s)
      |                    ^
C:\Program Files (x86)\Microsoft Visual Studio\2022\BuildTools\VC\Tools\MSVC\14.44.35207\include\vcruntime.h(368,55): note: expanded from macro '_CRT_INSECURE_DEPRECATE'
  368 |         #define _CRT_INSECURE_DEPRECATE(_Replacement) _CRT_DEPRECATE_TEXT(    \
      |                                                       ^
C:\Program Files (x86)\Microsoft Visual Studio\2022\BuildTools\VC\Tools\MSVC\14.44.35207\include\vcruntime.h(358,47): note: expanded from macro '_CRT_DEPRECATE_TEXT'
  358 | #define _CRT_DEPRECATE_TEXT(_Text) __declspec(deprecated(_Text))
      |                                               ^
C:\Users\ultim\Desktop\Sonic Adventure Recompiled\src\native_title_adapter.cpp(2409,32): warning: 'getenv' is deprecated: This function or variable may be unsafe. Consider using _dupenv_s instead. To disable deprecation, use _CRT_SECURE_NO_WARNINGS. See online help for details. [-Wdeprecated-declarations]
 2409 |         const auto* value=std::getenv("SARECOMP_HIDDEN_TRANSITION_TEST");
      |                                ^
C:\Program Files (x86)\Windows Kits\10\Include\10.0.26100.0\ucrt\stdlib.h(1183,20): note: 'getenv' has been explicitly marked deprecated here
 1183 |     _Check_return_ _CRT_INSECURE_DEPRECATE(_dupenv_s)
      |                    ^
C:\Program Files (x86)\Microsoft Visual Studio\2022\BuildTools\VC\Tools\MSVC\14.44.35207\include\vcruntime.h(368,55): note: expanded from macro '_CRT_INSECURE_DEPRECATE'
  368 |         #define _CRT_INSECURE_DEPRECATE(_Replacement) _CRT_DEPRECATE_TEXT(    \
      |                                                       ^
C:\Program Files (x86)\Microsoft Visual Studio\2022\BuildTools\VC\Tools\MSVC\14.44.35207\include\vcruntime.h(358,47): note: expanded from macro '_CRT_DEPRECATE_TEXT'
  358 | #define _CRT_DEPRECATE_TEXT(_Text) __declspec(deprecated(_Text))
      |                                               ^
C:\Users\ultim\Desktop\Sonic Adventure Recompiled\src\native_title_adapter.cpp(2410,33): warning: 'getenv' is deprecated: This function or variable may be unsafe. Consider using _dupenv_s instead. To disable deprecation, use _CRT_SECURE_NO_WARNINGS. See online help for details. [-Wdeprecated-declarations]
 2410 |         const auto* hidden=std::getenv("KATANA_PORT_BACKGROUND_TEST");
      |                                 ^
C:\Program Files (x86)\Windows Kits\10\Include\10.0.26100.0\ucrt\stdlib.h(1183,20): note: 'getenv' has been explicitly marked deprecated here
 1183 |     _Check_return_ _CRT_INSECURE_DEPRECATE(_dupenv_s)
      |                    ^
C:\Program Files (x86)\Microsoft Visual Studio\2022\BuildTools\VC\Tools\MSVC\14.44.35207\include\vcruntime.h(368,55): note: expanded from macro '_CRT_INSECURE_DEPRECATE'
  368 |         #define _CRT_INSECURE_DEPRECATE(_Replacement) _CRT_DEPRECATE_TEXT(    \
      |                                                       ^
C:\Program Files (x86)\Microsoft Visual Studio\2022\BuildTools\VC\Tools\MSVC\14.44.35207\include\vcruntime.h(358,47): note: expanded from macro '_CRT_DEPRECATE_TEXT'
  358 | #define _CRT_DEPRECATE_TEXT(_Text) __declspec(deprecated(_Text))
      |                                               ^
C:\Users\ultim\Desktop\Sonic Adventure Recompiled\src\native_title_adapter.cpp(2411,35): warning: 'getenv' is deprecated: This function or variable may be unsafe. Consider using _dupenv_s instead. To disable deprecation, use _CRT_SECURE_NO_WARNINGS. See online help for details. [-Wdeprecated-declarations]
 2411 |         const auto* isolated=std::getenv("SARECOMP_BENCHMARK_ISOLATED_INPUT");
      |                                   ^
C:\Program Files (x86)\Windows Kits\10\Include\10.0.26100.0\ucrt\stdlib.h(1183,20): note: 'getenv' has been explicitly marked deprecated here
 1183 |     _Check_return_ _CRT_INSECURE_DEPRECATE(_dupenv_s)
      |                    ^
C:\Program Files (x86)\Microsoft Visual Studio\2022\BuildTools\VC\Tools\MSVC\14.44.35207\include\vcruntime.h(368,55): note: expanded from macro '_CRT_INSECURE_DEPRECATE'
  368 |         #define _CRT_INSECURE_DEPRECATE(_Replacement) _CRT_DEPRECATE_TEXT(    \
      |                                                       ^
C:\Program Files (x86)\Microsoft Visual Studio\2022\BuildTools\VC\Tools\MSVC\14.44.35207\include\vcruntime.h(358,47): note: expanded from macro '_CRT_DEPRECATE_TEXT'
  358 | #define _CRT_DEPRECATE_TEXT(_Text) __declspec(deprecated(_Text))
      |                                               ^
C:\Users\ultim\Desktop\Sonic Adventure Recompiled\src\native_title_adapter.cpp(2412,32): warning: 'getenv' is deprecated: This function or variable may be unsafe. Consider using _dupenv_s instead. To disable deprecation, use _CRT_SECURE_NO_WARNINGS. See online help for details. [-Wdeprecated-declarations]
 2412 |         const auto* saves=std::getenv("KATANA_USER_DATA_ROOT");
      |                                ^
C:\Program Files (x86)\Windows Kits\10\Include\10.0.26100.0\ucrt\stdlib.h(1183,20): note: 'getenv' has been explicitly marked deprecated here
 1183 |     _Check_return_ _CRT_INSECURE_DEPRECATE(_dupenv_s)
      |                    ^
C:\Program Files (x86)\Microsoft Visual Studio\2022\BuildTools\VC\Tools\MSVC\14.44.35207\include\vcruntime.h(368,55): note: expanded from macro '_CRT_INSECURE_DEPRECATE'
  368 |         #define _CRT_INSECURE_DEPRECATE(_Replacement) _CRT_DEPRECATE_TEXT(    \
      |                                                       ^
C:\Program Files (x86)\Microsoft Visual Studio\2022\BuildTools\VC\Tools\MSVC\14.44.35207\include\vcruntime.h(358,47): note: expanded from macro '_CRT_DEPRECATE_TEXT'
  358 | #define _CRT_DEPRECATE_TEXT(_Text) __declspec(deprecated(_Text))
      |                                               ^
C:\Users\ultim\Desktop\Sonic Adventure Recompiled\src\native_title_adapter.cpp(3884,66): warning: missing field 'instruction' initializer [-Wmissing-field-initializers]
 3884 |                 katana::runtime::GuestMemoryAccessContext{address});
      |                                                                  ^
C:\Users\ultim\Desktop\Sonic Adventure Recompiled\src\native_title_adapter.cpp(15606,40): warning: missing field 'per_texture_catalog_indices' initializer [-Wmissing-field-initializers]
 15606 |                  catalog->catalog_index});
       |                                        ^
C:\Users\ultim\Desktop\Sonic Adventure Recompiled\src\native_title_adapter.cpp(21213,42): warning: '&&' within '||' [-Wlogical-op-parentheses]
 21213 |         if (value == ':' || value == '.' && component_is_empty)
       |                          ~~ ~~~~~~~~~~~~~^~~~~~~~~~~~~~~~~~~~~
C:\Users\ultim\Desktop\Sonic Adventure Recompiled\src\native_title_adapter.cpp(21213,42): note: place parentheses around the '&&' expression to silence this warning
 21213 |         if (value == ':' || value == '.' && component_is_empty)
       |                                          ^
       |                             (                                 )
C:\Users\ultim\Desktop\Sonic Adventure Recompiled\src\native_title_adapter.cpp(21905,1): warning: 'sonic_native_sixty_frame_cadence' has C-linkage specified, but returns user-defined type 'katana::runtime::NativePortHookResult' which is incompatible with C [-Wreturn-type-c-linkage]
 21905 | sonic_native_sixty_frame_cadence(katana::runtime::NativePortContext& context) noexcept {
       | ^
C:\Users\ultim\Desktop\Sonic Adventure Recompiled\src\native_title_adapter.cpp(21947,1): warning: 'sonic_native_rumble_capability' has C-linkage specified, but returns user-defined type 'katana::runtime::NativePortHookResult' which is incompatible with C [-Wreturn-type-c-linkage]
 21947 | sonic_native_rumble_capability(katana::runtime::NativePortContext& context) noexcept {
       | ^
C:\Users\ultim\Desktop\Sonic Adventure Recompiled\src\native_title_adapter.cpp(21953,1): warning: 'sonic_native_rumble_configure' has C-linkage specified, but returns user-defined type 'katana::runtime::NativePortHookResult' which is incompatible with C [-Wreturn-type-c-linkage]
 21953 | sonic_native_rumble_configure(katana::runtime::NativePortContext& context) noexcept {
       | ^
C:\Users\ultim\Desktop\Sonic Adventure Recompiled\src\native_title_adapter.cpp(21959,1): warning: 'sonic_native_rumble_request' has C-linkage specified, but returns user-defined type 'katana::runtime::NativePortHookResult' which is incompatible with C [-Wreturn-type-c-linkage]
 21959 | sonic_native_rumble_request(katana::runtime::NativePortContext& context) noexcept {
       | ^
C:\Users\ultim\Desktop\Sonic Adventure Recompiled\src\native_title_adapter.cpp(21971,1): warning: 'sonic_native_rumble_stop' has C-linkage specified, but returns user-defined type 'katana::runtime::NativePortHookResult' which is incompatible with C [-Wreturn-type-c-linkage]
 21971 | sonic_native_rumble_stop(katana::runtime::NativePortContext& context) noexcept {
       | ^
C:\Users\ultim\Desktop\Sonic Adventure Recompiled\src\native_title_adapter.cpp(21978,1): warning: 'sonic_native_private_stage_tuple_override' has C-linkage specified, but returns user-defined type 'katana::runtime::NativePortHookResult' which is incompatible with C [-Wreturn-type-c-linkage]
 21978 | sonic_native_private_stage_tuple_override(
       | ^
C:\Users\ultim\Desktop\Sonic Adventure Recompiled\src\native_title_adapter.cpp(21984,1): warning: 'sonic_native_character_task_update_entry_observe' has C-linkage specified, but returns user-defined type 'katana::runtime::NativePortHookResult' which is incompatible with C [-Wreturn-type-c-linkage]
 21984 | sonic_native_character_task_update_entry_observe(
       | ^
C:\Users\ultim\Desktop\Sonic Adventure Recompiled\src\native_title_adapter.cpp(21992,1): warning: 'sonic_native_character_task_update_exit_observe' has C-linkage specified, but returns user-defined type 'katana::runtime::NativePortHookResult' which is incompatible with C [-Wreturn-type-c-linkage]
 21992 | sonic_native_character_task_update_exit_observe(
       | ^
C:\Users\ultim\Desktop\Sonic Adventure Recompiled\src\native_title_adapter.cpp(22000,1): warning: 'sonic_native_character_task_display_entry_observe' has C-linkage specified, but returns user-defined type 'katana::runtime::NativePortHookResult' which is incompatible with C [-Wreturn-type-c-linkage]
 22000 | sonic_native_character_task_display_entry_observe(
       | ^
C:\Users\ultim\Desktop\Sonic Adventure Recompiled\src\native_title_adapter.cpp(22008,1): warning: 'sonic_native_character_task_display_exit_observe' has C-linkage specified, but returns user-defined type 'katana::runtime::NativePortHookResult' which is incompatible with C [-Wreturn-type-c-linkage]
 22008 | sonic_native_character_task_display_exit_observe(
       | ^
C:\Users\ultim\Desktop\Sonic Adventure Recompiled\src\native_title_adapter.cpp(22016,1): warning: 'sonic_native_input_consumer_8c04d5f0' has C-linkage specified, but returns user-defined type 'katana::runtime::NativePortHookResult' which is incompatible with C [-Wreturn-type-c-linkage]
 22016 | sonic_native_input_consumer_8c04d5f0(
       | ^
C:\Users\ultim\Desktop\Sonic Adventure Recompiled\src\native_title_adapter.cpp(22026,1): warning: 'sonic_native_input_consumer_8c04e19e' has C-linkage specified, but returns user-defined type 'katana::runtime::NativePortHookResult' which is incompatible with C [-Wreturn-type-c-linkage]
 22026 | sonic_native_input_consumer_8c04e19e(
       | ^
C:\Users\ultim\Desktop\Sonic Adventure Recompiled\src\native_title_adapter.cpp(22036,1): warning: 'sonic_native_input_consumer_8c04ebf2' has C-linkage specified, but returns user-defined type 'katana::runtime::NativePortHookResult' which is incompatible with C [-Wreturn-type-c-linkage]
 22036 | sonic_native_input_consumer_8c04ebf2(
       | ^
C:\Users\ultim\Desktop\Sonic Adventure Recompiled\src\native_title_adapter.cpp(22046,1): warning: 'sonic_native_input_consumer_8c04ec20' has C-linkage specified, but returns user-defined type 'katana::runtime::NativePortHookResult' which is incompatible with C [-Wreturn-type-c-linkage]
 22046 | sonic_native_input_consumer_8c04ec20(
       | ^
C:\Users\ultim\Desktop\Sonic Adventure Recompiled\src\native_title_adapter.cpp(22056,1): warning: 'sonic_native_input_consumer_8c0a1258' has C-linkage specified, but returns user-defined type 'katana::runtime::NativePortHookResult' which is incompatible with C [-Wreturn-type-c-linkage]
 22056 | sonic_native_input_consumer_8c0a1258(
       | ^
C:\Users\ultim\Desktop\Sonic Adventure Recompiled\src\native_title_adapter.cpp(22066,1): warning: 'sonic_native_input_consumer_8c0a6264' has C-linkage specified, but returns user-defined type 'katana::runtime::NativePortHookResult' which is incompatible with C [-Wreturn-type-c-linkage]
 22066 | sonic_native_input_consumer_8c0a6264(
       | ^
C:\Users\ultim\Desktop\Sonic Adventure Recompiled\src\native_title_adapter.cpp(22076,1): warning: 'sonic_native_input_consumer_8c0a6388' has C-linkage specified, but returns user-defined type 'katana::runtime::NativePortHookResult' which is incompatible with C [-Wreturn-type-c-linkage]
 22076 | sonic_native_input_consumer_8c0a6388(
       | ^
C:\Users\ultim\Desktop\Sonic Adventure Recompiled\src\native_title_adapter.cpp(22086,1): warning: 'sonic_native_operand_cache_invalidate_range' has C-linkage specified, but returns user-defined type 'katana::runtime::NativePortHookResult' which is incompatible with C [-Wreturn-type-c-linkage]
 22086 | sonic_native_operand_cache_invalidate_range(
       | ^
C:\Users\ultim\Desktop\Sonic Adventure Recompiled\src\native_title_adapter.cpp(22095,1): warning: 'sonic_native_operand_cache_purge_range' has C-linkage specified, but returns user-defined type 'katana::runtime::NativePortHookResult' which is incompatible with C [-Wreturn-type-c-linkage]
 22095 | sonic_native_operand_cache_purge_range(
       | ^
C:\Users\ultim\Desktop\Sonic Adventure Recompiled\src\native_title_adapter.cpp(22104,1): warning: 'sonic_native_operand_cache_writeback_range' has C-linkage specified, but returns user-defined type 'katana::runtime::NativePortHookResult' which is incompatible with C [-Wreturn-type-c-linkage]
 22104 | sonic_native_operand_cache_writeback_range(
       | ^
C:\Users\ultim\Desktop\Sonic Adventure Recompiled\src\native_title_adapter.cpp(22113,1): warning: 'sonic_native_operand_cache_invalidate_all' has C-linkage specified, but returns user-defined type 'katana::runtime::NativePortHookResult' which is incompatible with C [-Wreturn-type-c-linkage]
 22113 | sonic_native_operand_cache_invalidate_all(
       | ^
C:\Users\ultim\Desktop\Sonic Adventure Recompiled\src\native_title_adapter.cpp(22122,1): warning: 'sonic_native_ninja_border_color' has C-linkage specified, but returns user-defined type 'katana::runtime::NativePortHookResult' which is incompatible with C [-Wreturn-type-c-linkage]
 22122 | sonic_native_ninja_border_color(
       | ^
C:\Users\ultim\Desktop\Sonic Adventure Recompiled\src\native_title_adapter.cpp(22144,1): warning: 'sonic_native_ninja_fog_table_color' has C-linkage specified, but returns user-defined type 'katana::runtime::NativePortHookResult' which is incompatible with C [-Wreturn-type-c-linkage]
 22144 | sonic_native_ninja_fog_table_color(
       | ^
C:\Users\ultim\Desktop\Sonic Adventure Recompiled\src\native_title_adapter.cpp(22160,1): warning: 'sonic_native_ninja_fog_density' has C-linkage specified, but returns user-defined type 'katana::runtime::NativePortHookResult' which is incompatible with C [-Wreturn-type-c-linkage]
 22160 | sonic_native_ninja_fog_density(
       | ^
C:\Users\ultim\Desktop\Sonic Adventure Recompiled\src\native_title_adapter.cpp(22218,1): warning: 'sonic_native_ninja_fog_table' has C-linkage specified, but returns user-defined type 'katana::runtime::NativePortHookResult' which is incompatible with C [-Wreturn-type-c-linkage]
 22218 | sonic_native_ninja_fog_table(
       | ^
C:\Users\ultim\Desktop\Sonic Adventure Recompiled\src\native_title_adapter.cpp(22262,1): warning: 'sonic_native_ninja_fog_table_color_direct' has C-linkage specified, but returns user-defined type 'katana::runtime::NativePortHookResult' which is incompatible with C [-Wreturn-type-c-linkage]
 22262 | sonic_native_ninja_fog_table_color_direct(
       | ^
C:\Users\ultim\Desktop\Sonic Adventure Recompiled\src\native_title_adapter.cpp(22277,1): warning: 'sonic_native_ninja_fog_vertex_color_direct' has C-linkage specified, but returns user-defined type 'katana::runtime::NativePortHookResult' which is incompatible with C [-Wreturn-type-c-linkage]
 22277 | sonic_native_ninja_fog_vertex_color_direct(
       | ^
C:\Users\ultim\Desktop\Sonic Adventure Recompiled\src\native_title_adapter.cpp(22292,1): warning: 'sonic_native_ninja_fog_table_direct' has C-linkage specified, but returns user-defined type 'katana::runtime::NativePortHookResult' which is incompatible with C [-Wreturn-type-c-linkage]
 22292 | sonic_native_ninja_fog_table_direct(
       | ^
C:\Users\ultim\Desktop\Sonic Adventure Recompiled\src\native_title_adapter.cpp(22298,1): warning: 'sonic_native_ninja_fog_density_direct' has C-linkage specified, but returns user-defined type 'katana::runtime::NativePortHookResult' which is incompatible with C [-Wreturn-type-c-linkage]
 22298 | sonic_native_ninja_fog_density_direct(
       | ^
C:\Users\ultim\Desktop\Sonic Adventure Recompiled\src\native_title_adapter.cpp(22304,1): warning: 'sonic_native_ninja_cull_value' has C-linkage specified, but returns user-defined type 'katana::runtime::NativePortHookResult' which is incompatible with C [-Wreturn-type-c-linkage]
 22304 | sonic_native_ninja_cull_value(
       | ^
C:\Users\ultim\Desktop\Sonic Adventure Recompiled\src\native_title_adapter.cpp(22502,1): warning: 'sonic_native_transfer_ring_initialize' has C-linkage specified, but returns user-defined type 'katana::runtime::NativePortHookResult' which is incompatible with C [-Wreturn-type-c-linkage]
 22502 | sonic_native_transfer_ring_initialize(
       | ^
C:\Users\ultim\Desktop\Sonic Adventure Recompiled\src\native_title_adapter.cpp(22582,1): warning: 'sonic_native_transfer_ring_reset' has C-linkage specified, but returns user-defined type 'katana::runtime::NativePortHookResult' which is incompatible with C [-Wreturn-type-c-linkage]
 22582 | sonic_native_transfer_ring_reset(
       | ^
C:\Users\ultim\Desktop\Sonic Adventure Recompiled\src\native_title_adapter.cpp(22637,1): warning: 'sonic_native_transfer_ring_submit' has C-linkage specified, but returns user-defined type 'katana::runtime::NativePortHookResult' which is incompatible with C [-Wreturn-type-c-linkage]
 22637 | sonic_native_transfer_ring_submit(
       | ^
C:\Users\ultim\Desktop\Sonic Adventure Recompiled\src\native_title_adapter.cpp(22765,1): warning: 'sonic_native_transfer_ring_drain' has C-linkage specified, but returns user-defined type 'katana::runtime::NativePortHookResult' which is incompatible with C [-Wreturn-type-c-linkage]
 22765 | sonic_native_transfer_ring_drain(
       | ^
C:\Users\ultim\Desktop\Sonic Adventure Recompiled\src\native_title_adapter.cpp(22931,1): warning: 'sonic_native_transfer_resume_all' has C-linkage specified, but returns user-defined type 'katana::runtime::NativePortHookResult' which is incompatible with C [-Wreturn-type-c-linkage]
 22931 | sonic_native_transfer_resume_all(
       | ^
C:\Users\ultim\Desktop\Sonic Adventure Recompiled\src\native_title_adapter.cpp(22937,1): warning: 'sonic_native_transfer_suspend_all' has C-linkage specified, but returns user-defined type 'katana::runtime::NativePortHookResult' which is incompatible with C [-Wreturn-type-c-linkage]
 22937 | sonic_native_transfer_suspend_all(
       | ^
C:\Users\ultim\Desktop\Sonic Adventure Recompiled\src\native_title_adapter.cpp(22986,1): warning: 'sonic_native_transfer_fifo_ready_raw' has C-linkage specified, but returns user-defined type 'katana::runtime::NativePortHookResult' which is incompatible with C [-Wreturn-type-c-linkage]
 22986 | sonic_native_transfer_fifo_ready_raw(
       | ^
C:\Users\ultim\Desktop\Sonic Adventure Recompiled\src\native_title_adapter.cpp(22992,1): warning: 'sonic_native_transfer_audio_fifo_ready' has C-linkage specified, but returns user-defined type 'katana::runtime::NativePortHookResult' which is incompatible with C [-Wreturn-type-c-linkage]
 22992 | sonic_native_transfer_audio_fifo_ready(
       | ^
C:\Users\ultim\Desktop\Sonic Adventure Recompiled\src\native_title_adapter.cpp(22998,1): warning: 'sonic_native_transfer_fifo_ready' has C-linkage specified, but returns user-defined type 'katana::runtime::NativePortHookResult' which is incompatible with C [-Wreturn-type-c-linkage]
 22998 | sonic_native_transfer_fifo_ready(
       | ^
C:\Users\ultim\Desktop\Sonic Adventure Recompiled\src\native_title_adapter.cpp(23420,1): warning: 'sonic_native_audio_foundation_initialize' has C-linkage specified, but returns user-defined type 'katana::runtime::NativePortHookResult' which is incompatible with C [-Wreturn-type-c-linkage]
 23420 | sonic_native_audio_foundation_initialize(
       | ^
C:\Users\ultim\Desktop\Sonic Adventure Recompiled\src\native_title_adapter.cpp(23465,1): warning: 'sonic_native_audio_foundation_shutdown' has C-linkage specified, but returns user-defined type 'katana::runtime::NativePortHookResult' which is incompatible with C [-Wreturn-type-c-linkage]
 23465 | sonic_native_audio_foundation_shutdown(
       | ^
C:\Users\ultim\Desktop\Sonic Adventure Recompiled\src\native_title_adapter.cpp(23495,1): warning: 'sonic_native_sound_driver_initialize' has C-linkage specified, but returns user-defined type 'katana::runtime::NativePortHookResult' which is incompatible with C [-Wreturn-type-c-linkage]
 23495 | sonic_native_sound_driver_initialize(
       | ^
C:\Users\ultim\Desktop\Sonic Adventure Recompiled\src\native_title_adapter.cpp(23522,1): warning: 'sonic_native_sound_output_mode_initialize' has C-linkage specified, but returns user-defined type 'katana::runtime::NativePortHookResult' which is incompatible with C [-Wreturn-type-c-linkage]
 23522 | sonic_native_sound_output_mode_initialize(
       | ^
C:\Users\ultim\Desktop\Sonic Adventure Recompiled\src\native_title_adapter.cpp(23554,1): warning: 'sonic_native_sound_port_table_initialize' has C-linkage specified, but returns user-defined type 'katana::runtime::NativePortHookResult' which is incompatible with C [-Wreturn-type-c-linkage]
 23554 | sonic_native_sound_port_table_initialize(
       | ^
C:\Users\ultim\Desktop\Sonic Adventure Recompiled\src\native_title_adapter.cpp(23580,1): warning: 'sonic_native_audio_defaults' has C-linkage specified, but returns user-defined type 'katana::runtime::NativePortHookResult' which is incompatible with C [-Wreturn-type-c-linkage]
 23580 | sonic_native_audio_defaults(
       | ^
C:\Users\ultim\Desktop\Sonic Adventure Recompiled\src\native_title_adapter.cpp(23620,1): warning: 'sonic_native_audio_service' has C-linkage specified, but returns user-defined type 'katana::runtime::NativePortHookResult' which is incompatible with C [-Wreturn-type-c-linkage]
 23620 | sonic_native_audio_service(
       | ^
C:\Users\ultim\Desktop\Sonic Adventure Recompiled\src\native_title_adapter.cpp(23659,1): warning: 'sonic_native_sound_frame_service' has C-linkage specified, but returns user-defined type 'katana::runtime::NativePortHookResult' which is incompatible with C [-Wreturn-type-c-linkage]
 23659 | sonic_native_sound_frame_service(
       | ^
C:\Users\ultim\Desktop\Sonic Adventure Recompiled\src\native_title_adapter.cpp(24168,1): warning: 'sonic_native_sound_collection_load' has C-linkage specified, but returns user-defined type 'katana::runtime::NativePortHookResult' which is incompatible with C [-Wreturn-type-c-linkage]
 24168 | sonic_native_sound_collection_load(
       | ^
C:\Users\ultim\Desktop\Sonic Adventure Recompiled\src\native_title_adapter.cpp(24193,1): warning: 'sonic_native_adxt_start_file' has C-linkage specified, but returns user-defined type 'katana::runtime::NativePortHookResult' which is incompatible with C [-Wreturn-type-c-linkage]
 24193 | sonic_native_adxt_start_file(
       | ^
C:\Users\ultim\Desktop\Sonic Adventure Recompiled\src\native_title_adapter.cpp(24363,1): warning: 'sonic_native_adxt_start_afs' has C-linkage specified, but returns user-defined type 'katana::runtime::NativePortHookResult' which is incompatible with C [-Wreturn-type-c-linkage]
 24363 | sonic_native_adxt_start_afs(
       | ^
C:\Users\ultim\Desktop\Sonic Adventure Recompiled\src\native_title_adapter.cpp(24506,50): warning: 'sonic_native_adxt_status' has C-linkage specified, but returns user-defined type 'katana::runtime::NativePortHookResult' which is incompatible with C [-Wreturn-type-c-linkage]
 24506 | extern "C" katana::runtime::NativePortHookResult sonic_native_adxt_status(
       |                                                  ^
C:\Users\ultim\Desktop\Sonic Adventure Recompiled\src\native_title_adapter.cpp(24537,50): warning: 'sonic_native_adxt_time' has C-linkage specified, but returns user-defined type 'katana::runtime::NativePortHookResult' which is incompatible with C [-Wreturn-type-c-linkage]
 24537 | extern "C" katana::runtime::NativePortHookResult sonic_native_adxt_time(
       |                                                  ^
C:\Users\ultim\Desktop\Sonic Adventure Recompiled\src\native_title_adapter.cpp(24609,50): warning: 'sonic_native_adxt_stop' has C-linkage specified, but returns user-defined type 'katana::runtime::NativePortHookResult' which is incompatible with C [-Wreturn-type-c-linkage]
 24609 | extern "C" katana::runtime::NativePortHookResult sonic_native_adxt_stop(
       |                                                  ^
C:\Users\ultim\Desktop\Sonic Adventure Recompiled\src\native_title_adapter.cpp(24662,50): warning: 'sonic_native_adxt_destroy' has C-linkage specified, but returns user-defined type 'katana::runtime::NativePortHookResult' which is incompatible with C [-Wreturn-type-c-linkage]
 24662 | extern "C" katana::runtime::NativePortHookResult sonic_native_adxt_destroy(
       |                                                  ^
C:\Users\ultim\Desktop\Sonic Adventure Recompiled\src\native_title_adapter.cpp(24738,1): warning: 'sonic_native_adxt_output_volume' has C-linkage specified, but returns user-defined type 'katana::runtime::NativePortHookResult' which is incompatible with C [-Wreturn-type-c-linkage]
 24738 | sonic_native_adxt_output_volume(
       | ^
C:\Users\ultim\Desktop\Sonic Adventure Recompiled\src\native_title_adapter.cpp(25086,1): warning: 'sonic_native_sound_bank_chunk_register' has C-linkage specified, but returns user-defined type 'katana::runtime::NativePortHookResult' which is incompatible with C [-Wreturn-type-c-linkage]
 25086 | sonic_native_sound_bank_chunk_register(
       | ^
C:\Users\ultim\Desktop\Sonic Adventure Recompiled\src\native_title_adapter.cpp(25261,1): warning: 'sonic_native_midi_initialize' has C-linkage specified, but returns user-defined type 'katana::runtime::NativePortHookResult' which is incompatible with C [-Wreturn-type-c-linkage]
 25261 | sonic_native_midi_initialize(
       | ^
C:\Users\ultim\Desktop\Sonic Adventure Recompiled\src\native_title_adapter.cpp(25285,50): warning: 'sonic_native_midi_volume' has C-linkage specified, but returns user-defined type 'katana::runtime::NativePortHookResult' which is incompatible with C [-Wreturn-type-c-linkage]
 25285 | extern "C" katana::runtime::NativePortHookResult sonic_native_midi_volume(
       |                                                  ^
C:\Users\ultim\Desktop\Sonic Adventure Recompiled\src\native_title_adapter.cpp(25306,50): warning: 'sonic_native_midi_pan' has C-linkage specified, but returns user-defined type 'katana::runtime::NativePortHookResult' which is incompatible with C [-Wreturn-type-c-linkage]
 25306 | extern "C" katana::runtime::NativePortHookResult sonic_native_midi_pan(
       |                                                  ^
C:\Users\ultim\Desktop\Sonic Adventure Recompiled\src\native_title_adapter.cpp(25334,50): warning: 'sonic_native_midi_pitch' has C-linkage specified, but returns user-defined type 'katana::runtime::NativePortHookResult' which is incompatible with C [-Wreturn-type-c-linkage]
 25334 | extern "C" katana::runtime::NativePortHookResult sonic_native_midi_pitch(
       |                                                  ^
C:\Users\ultim\Desktop\Sonic Adventure Recompiled\src\native_title_adapter.cpp(25359,50): warning: 'sonic_native_midi_note_on' has C-linkage specified, but returns user-defined type 'katana::runtime::NativePortHookResult' which is incompatible with C [-Wreturn-type-c-linkage]
 25359 | extern "C" katana::runtime::NativePortHookResult sonic_native_midi_note_on(
       |                                                  ^
C:\Users\ultim\Desktop\Sonic Adventure Recompiled\src\native_title_adapter.cpp(25381,50): warning: 'sonic_native_midi_note_off' has C-linkage specified, but returns user-defined type 'katana::runtime::NativePortHookResult' which is incompatible with C [-Wreturn-type-c-linkage]
 25381 | extern "C" katana::runtime::NativePortHookResult sonic_native_midi_note_off(
       |                                                  ^
C:\Users\ultim\Desktop\Sonic Adventure Recompiled\src\native_title_adapter.cpp(25492,50): warning: 'sonic_native_sound_play' has C-linkage specified, but returns user-defined type 'katana::runtime::NativePortHookResult' which is incompatible with C [-Wreturn-type-c-linkage]
 25492 | extern "C" katana::runtime::NativePortHookResult sonic_native_sound_play(
       |                                                  ^
C:\Users\ultim\Desktop\Sonic Adventure Recompiled\src\native_title_adapter.cpp(25702,50): warning: 'sonic_native_sound_stop' has C-linkage specified, but returns user-defined type 'katana::runtime::NativePortHookResult' which is incompatible with C [-Wreturn-type-c-linkage]
 25702 | extern "C" katana::runtime::NativePortHookResult sonic_native_sound_stop(
       |                                                  ^
C:\Users\ultim\Desktop\Sonic Adventure Recompiled\src\native_title_adapter.cpp(25736,50): warning: 'sonic_native_sound_volume' has C-linkage specified, but returns user-defined type 'katana::runtime::NativePortHookResult' which is incompatible with C [-Wreturn-type-c-linkage]
 25736 | extern "C" katana::runtime::NativePortHookResult sonic_native_sound_volume(
       |                                                  ^
C:\Users\ultim\Desktop\Sonic Adventure Recompiled\src\native_title_adapter.cpp(25775,50): warning: 'sonic_native_sound_pan' has C-linkage specified, but returns user-defined type 'katana::runtime::NativePortHookResult' which is incompatible with C [-Wreturn-type-c-linkage]
 25775 | extern "C" katana::runtime::NativePortHookResult sonic_native_sound_pan(
       |                                                  ^
C:\Users\ultim\Desktop\Sonic Adventure Recompiled\src\native_title_adapter.cpp(25809,50): warning: 'sonic_native_sound_pitch' has C-linkage specified, but returns user-defined type 'katana::runtime::NativePortHookResult' which is incompatible with C [-Wreturn-type-c-linkage]
 25809 | extern "C" katana::runtime::NativePortHookResult sonic_native_sound_pitch(
       |                                                  ^
C:\Users\ultim\Desktop\Sonic Adventure Recompiled\src\native_title_adapter.cpp(25840,1): warning: 'sonic_native_sound_close_sequence_ports' has C-linkage specified, but returns user-defined type 'katana::runtime::NativePortHookResult' which is incompatible with C [-Wreturn-type-c-linkage]
 25840 | sonic_native_sound_close_sequence_ports(
       | ^
C:\Users\ultim\Desktop\Sonic Adventure Recompiled\src\native_title_adapter.cpp(25874,1): warning: 'sonic_native_audio_control_transaction' has C-linkage specified, but returns user-defined type 'katana::runtime::NativePortHookResult' which is incompatible with C [-Wreturn-type-c-linkage]
 25874 | sonic_native_audio_control_transaction(
       | ^
C:\Users\ultim\Desktop\Sonic Adventure Recompiled\src\native_title_adapter.cpp(25967,1): warning: 'sonic_native_audio_output_control' has C-linkage specified, but returns user-defined type 'katana::runtime::NativePortHookResult' which is incompatible with C [-Wreturn-type-c-linkage]
 25967 | sonic_native_audio_output_control(
       | ^
C:\Users\ultim\Desktop\Sonic Adventure Recompiled\src\native_title_adapter.cpp(26058,1): warning: 'sonic_native_audio_processor_stop' has C-linkage specified, but returns user-defined type 'katana::runtime::NativePortHookResult' which is incompatible with C [-Wreturn-type-c-linkage]
 26058 | sonic_native_audio_processor_stop(
       | ^
C:\Users\ultim\Desktop\Sonic Adventure Recompiled\src\native_title_adapter.cpp(26064,1): warning: 'sonic_native_audio_processor_start' has C-linkage specified, but returns user-defined type 'katana::runtime::NativePortHookResult' which is incompatible with C [-Wreturn-type-c-linkage]
 26064 | sonic_native_audio_processor_start(
       | ^
C:\Users\ultim\Desktop\Sonic Adventure Recompiled\src\native_title_adapter.cpp(26070,1): warning: 'sonic_native_video_mode_apply' has C-linkage specified, but returns user-defined type 'katana::runtime::NativePortHookResult' which is incompatible with C [-Wreturn-type-c-linkage]
 26070 | sonic_native_video_mode_apply(
       | ^
C:\Users\ultim\Desktop\Sonic Adventure Recompiled\src\native_title_adapter.cpp(26207,1): warning: 'sonic_native_video_mode_60hz' has C-linkage specified, but returns user-defined type 'katana::runtime::NativePortHookResult' which is incompatible with C [-Wreturn-type-c-linkage]
 26207 | sonic_native_video_mode_60hz(
       | ^
C:\Users\ultim\Desktop\Sonic Adventure Recompiled\src\native_title_adapter.cpp(26257,1): warning: 'sonic_native_video_output_commit' has C-linkage specified, but returns user-defined type 'katana::runtime::NativePortHookResult' which is incompatible with C [-Wreturn-type-c-linkage]
 26257 | sonic_native_video_output_commit(
       | ^
C:\Users\ultim\Desktop\Sonic Adventure Recompiled\src\native_title_adapter.cpp(26328,5): warning: 'sonic_native_video_scanout_r_sof1_a' has C-linkage specified, but returns user-defined type 'katana::runtime::NativePortHookResult' which is incompatible with C [-Wreturn-type-c-linkage]
 26328 |     sonic_native_video_scanout_r_sof1_a, 0x50u, 0x8C641C2Eu)
       |     ^
C:\Users\ultim\Desktop\Sonic Adventure Recompiled\src\native_title_adapter.cpp(26330,5): warning: 'sonic_native_video_scanout_r_sof2_a' has C-linkage specified, but returns user-defined type 'katana::runtime::NativePortHookResult' which is incompatible with C [-Wreturn-type-c-linkage]
 26330 |     sonic_native_video_scanout_r_sof2_a, 0x54u, 0x8C641C36u)
       |     ^
C:\Users\ultim\Desktop\Sonic Adventure Recompiled\src\native_title_adapter.cpp(26332,5): warning: 'sonic_native_video_scanout_w_sof1' has C-linkage specified, but returns user-defined type 'katana::runtime::NativePortHookResult' which is incompatible with C [-Wreturn-type-c-linkage]
 26332 |     sonic_native_video_scanout_w_sof1, 0x60u, 0x8C641C3Eu)
       |     ^
C:\Users\ultim\Desktop\Sonic Adventure Recompiled\src\native_title_adapter.cpp(26334,5): warning: 'sonic_native_video_scanout_w_sof2' has C-linkage specified, but returns user-defined type 'katana::runtime::NativePortHookResult' which is incompatible with C [-Wreturn-type-c-linkage]
 26334 |     sonic_native_video_scanout_w_sof2, 0x64u, 0x8C641C46u)
       |     ^
C:\Users\ultim\Desktop\Sonic Adventure Recompiled\src\native_title_adapter.cpp(26336,5): warning: 'sonic_native_video_scanout_r_sof1_b' has C-linkage specified, but returns user-defined type 'katana::runtime::NativePortHookResult' which is incompatible with C [-Wreturn-type-c-linkage]
 26336 |     sonic_native_video_scanout_r_sof1_b, 0x50u, 0x8C641C6Cu)
       |     ^
C:\Users\ultim\Desktop\Sonic Adventure Recompiled\src\native_title_adapter.cpp(26338,5): warning: 'sonic_native_video_scanout_r_sof1_c' has C-linkage specified, but returns user-defined type 'katana::runtime::NativePortHookResult' which is incompatible with C [-Wreturn-type-c-linkage]
 26338 |     sonic_native_video_scanout_r_sof1_c, 0x50u, 0x8C641C7Au)
       |     ^
C:\Users\ultim\Desktop\Sonic Adventure Recompiled\src\native_title_adapter.cpp(26340,5): warning: 'sonic_native_video_scanout_r_sof2_b' has C-linkage specified, but returns user-defined type 'katana::runtime::NativePortHookResult' which is incompatible with C [-Wreturn-type-c-linkage]
 26340 |     sonic_native_video_scanout_r_sof2_b, 0x54u, 0x8C641C82u)
       |     ^
C:\Users\ultim\Desktop\Sonic Adventure Recompiled\src\native_title_adapter.cpp(26351,5): warning: 'sonic_native_video_timing_reset_a' has C-linkage specified, but returns user-defined type 'katana::runtime::NativePortHookResult' which is incompatible with C [-Wreturn-type-c-linkage]
 26351 |     sonic_native_video_timing_reset_a, 0x8C6630D0u)
       |     ^
C:\Users\ultim\Desktop\Sonic Adventure Recompiled\src\native_title_adapter.cpp(26353,5): warning: 'sonic_native_video_timing_reset_b' has C-linkage specified, but returns user-defined type 'katana::runtime::NativePortHookResult' which is incompatible with C [-Wreturn-type-c-linkage]
 26353 |     sonic_native_video_timing_reset_b, 0x8C6630ECu)
       |     ^
C:\Users\ultim\Desktop\Sonic Adventure Recompiled\src\native_title_adapter.cpp(26355,5): warning: 'sonic_native_video_timing_reset_c' has C-linkage specified, but returns user-defined type 'katana::runtime::NativePortHookResult' which is incompatible with C [-Wreturn-type-c-linkage]
 26355 |     sonic_native_video_timing_reset_c, 0x8C663188u)
       |     ^
C:\Users\ultim\Desktop\Sonic Adventure Recompiled\src\native_title_adapter.cpp(26357,5): warning: 'sonic_native_video_timing_reset_d' has C-linkage specified, but returns user-defined type 'katana::runtime::NativePortHookResult' which is incompatible with C [-Wreturn-type-c-linkage]
 26357 |     sonic_native_video_timing_reset_d, 0x8C6631A6u)
       |     ^
C:\Users\ultim\Desktop\Sonic Adventure Recompiled\src\native_title_adapter.cpp(29357,44): warning: 'u8path<std::basic_string<char>, 0>' is deprecated: warning STL4021: The std::filesystem::u8path() overloads are deprecated in C++20. The constructors of std::filesystem::path provide equivalent functionality via construction from u8string, u8string_view, or iterators with value_type char8_t. You can define _SILENCE_CXX20_U8PATH_DEPRECATION_WARNING or _SILENCE_ALL_CXX20_DEPRECATION_WARNINGS to suppress this warning. [-Wdeprecated-declarations]
 29357 |         const auto path = std::filesystem::u8path(request.path);
       |                                            ^
C:\Program Files (x86)\Microsoft Visual Studio\2022\BuildTools\VC\Tools\MSVC\14.44.35207\include\filesystem(1412,5): note: 'u8path<std::basic_string<char>, 0>' has been explicitly marked deprecated here
 1412 |     _CXX20_DEPRECATE_U8PATH _NODISCARD path u8path(const _Src& _Source) { // construct a path from UTF-8 _Source
      |     ^
C:\Program Files (x86)\Microsoft Visual Studio\2022\BuildTools\VC\Tools\MSVC\14.44.35207\include\yvals_core.h(1261,7): note: expanded from macro '_CXX20_DEPRECATE_U8PATH'
 1261 |     [[deprecated("warning STL4021: "                                                                                 \
      |       ^
C:\Users\ultim\Desktop\Sonic Adventure Recompiled\src\native_title_adapter.cpp(29452,1): warning: 'sonic_native_collision_work_allocation_failure' has C-linkage specified, but returns user-defined type 'katana::runtime::NativePortHookResult' which is incompatible with C [-Wreturn-type-c-linkage]
 29452 | sonic_native_collision_work_allocation_failure(
       | ^
C:\Users\ultim\Desktop\Sonic Adventure Recompiled\src\native_title_adapter.cpp(29470,1): warning: 'sonic_native_render_command_arena_configure' has C-linkage specified, but returns user-defined type 'katana::runtime::NativePortHookResult' which is incompatible with C [-Wreturn-type-c-linkage]
 29470 | sonic_native_render_command_arena_configure(
       | ^
C:\Users\ultim\Desktop\Sonic Adventure Recompiled\src\native_title_adapter.cpp(29577,1): warning: 'sonic_native_bootstrap' has C-linkage specified, but returns user-defined type 'katana::runtime::NativePortBootstrapResult' which is incompatible with C [-Wreturn-type-c-linkage]
 29577 | sonic_native_bootstrap(
       | ^
C:\Users\ultim\Desktop\Sonic Adventure Recompiled\src\native_title_adapter.cpp(29777,1): warning: 'sonic_native_standalone_texture_list_load' has C-linkage specified, but returns user-defined type 'katana::runtime::NativePortHookResult' which is incompatible with C [-Wreturn-type-c-linkage]
 29777 | sonic_native_standalone_texture_list_load(
       | ^
C:\Users\ultim\Desktop\Sonic Adventure Recompiled\src\native_title_adapter.cpp(29822,1): warning: 'sonic_native_trial_character_list_guard' has C-linkage specified, but returns user-defined type 'katana::runtime::NativePortHookResult' which is incompatible with C [-Wreturn-type-c-linkage]
 29822 | sonic_native_trial_character_list_guard(
       | ^
C:\Users\ultim\Desktop\Sonic Adventure Recompiled\src\native_title_adapter.cpp(29851,1): warning: 'sonic_native_trial_minigame_list_guard' has C-linkage specified, but returns user-defined type 'katana::runtime::NativePortHookResult' which is incompatible with C [-Wreturn-type-c-linkage]
 29851 | sonic_native_trial_minigame_list_guard(
       | ^
C:\Users\ultim\Desktop\Sonic Adventure Recompiled\src\native_title_adapter.cpp(29857,1): warning: 'sonic_native_main_texture_set_load' has C-linkage specified, but returns user-defined type 'katana::runtime::NativePortHookResult' which is incompatible with C [-Wreturn-type-c-linkage]
 29857 | sonic_native_main_texture_set_load(
       | ^
C:\Users\ultim\Desktop\Sonic Adventure Recompiled\src\native_title_adapter.cpp(29880,1): warning: 'sonic_native_named_texture_archive_load' has C-linkage specified, but returns user-defined type 'katana::runtime::NativePortHookResult' which is incompatible with C [-Wreturn-type-c-linkage]
 29880 | sonic_native_named_texture_archive_load(
       | ^
C:\Users\ultim\Desktop\Sonic Adventure Recompiled\src\native_title_adapter.cpp(30315,1): warning: 'sonic_native_named_texture_archive_release' has C-linkage specified, but returns user-defined type 'katana::runtime::NativePortHookResult' which is incompatible with C [-Wreturn-type-c-linkage]
 30315 | sonic_native_named_texture_archive_release(
       | ^
C:\Users\ultim\Desktop\Sonic Adventure Recompiled\src\native_title_adapter.cpp(30359,1): warning: 'sonic_native_character_texture_set_load' has C-linkage specified, but returns user-defined type 'katana::runtime::NativePortHookResult' which is incompatible with C [-Wreturn-type-c-linkage]
 30359 | sonic_native_character_texture_set_load(
       | ^
C:\Users\ultim\Desktop\Sonic Adventure Recompiled\src\native_title_adapter.cpp(30385,1): warning: 'sonic_native_character_texture_set_release' has C-linkage specified, but returns user-defined type 'katana::runtime::NativePortHookResult' which is incompatible with C [-Wreturn-type-c-linkage]
 30385 | sonic_native_character_texture_set_release(
       | ^
C:\Users\ultim\Desktop\Sonic Adventure Recompiled\src\native_title_adapter.cpp(30406,1): warning: 'sonic_native_character_texture_sets_release_all' has C-linkage specified, but returns user-defined type 'katana::runtime::NativePortHookResult' which is incompatible with C [-Wreturn-type-c-linkage]
 30406 | sonic_native_character_texture_sets_release_all(
       | ^
C:\Users\ultim\Desktop\Sonic Adventure Recompiled\src\native_title_adapter.cpp(30754,1): warning: 'sonic_native_system_bus_revision_read_8c604852' has C-linkage specified, but returns user-defined type 'katana::runtime::NativePortHookResult' which is incompatible with C [-Wreturn-type-c-linkage]
 30754 | sonic_native_system_bus_revision_read_8c604852(
       | ^
C:\Users\ultim\Desktop\Sonic Adventure Recompiled\src\native_title_adapter.cpp(30761,1): warning: 'sonic_native_system_bus_revision_read_8c65f56c' has C-linkage specified, but returns user-defined type 'katana::runtime::NativePortHookResult' which is incompatible with C [-Wreturn-type-c-linkage]
 30761 | sonic_native_system_bus_revision_read_8c65f56c(
       | ^
C:\Users\ultim\Desktop\Sonic Adventure Recompiled\src\native_title_adapter.cpp(30768,1): warning: 'sonic_native_system_bus_revision_read_8c6656b8' has C-linkage specified, but returns user-defined type 'katana::runtime::NativePortHookResult' which is incompatible with C [-Wreturn-type-c-linkage]
 30768 | sonic_native_system_bus_revision_read_8c6656b8(
       | ^
C:\Users\ultim\Desktop\Sonic Adventure Recompiled\src\native_title_adapter.cpp(30842,1): warning: 'sonic_native_platform_interrupt_iml4_nrm_read_8c646750' has C-linkage specified, but returns user-defined type 'katana::runtime::NativePortHookResult' which is incompatible with C [-Wreturn-type-c-linkage]
 30842 | sonic_native_platform_interrupt_iml4_nrm_read_8c646750(
       | ^
C:\Users\ultim\Desktop\Sonic Adventure Recompiled\src\native_title_adapter.cpp(30849,1): warning: 'sonic_native_platform_interrupt_iml4_nrm_write_8c646754' has C-linkage specified, but returns user-defined type 'katana::runtime::NativePortHookResult' which is incompatible with C [-Wreturn-type-c-linkage]
 30849 | sonic_native_platform_interrupt_iml4_nrm_write_8c646754(
       | ^
C:\Users\ultim\Desktop\Sonic Adventure Recompiled\src\native_title_adapter.cpp(30955,1): warning: 'sonic_native_platform_interrupt_register' has C-linkage specified, but returns user-defined type 'katana::runtime::NativePortHookResult' which is incompatible with C [-Wreturn-type-c-linkage]
 30955 | sonic_native_platform_interrupt_register(
       | ^
C:\Users\ultim\Desktop\Sonic Adventure Recompiled\src\native_title_adapter.cpp(31090,1): warning: 'sonic_native_platform_interrupt_release' has C-linkage specified, but returns user-defined type 'katana::runtime::NativePortHookResult' which is incompatible with C [-Wreturn-type-c-linkage]
 31090 | sonic_native_platform_interrupt_release(
       | ^
C:\Users\ultim\Desktop\Sonic Adventure Recompiled\src\native_title_adapter.cpp(31191,1): warning: 'sonic_native_platform_interrupt_state_owner_8c653580' has C-linkage specified, but returns user-defined type 'katana::runtime::NativePortHookResult' which is incompatible with C [-Wreturn-type-c-linkage]
 31191 | sonic_native_platform_interrupt_state_owner_8c653580(
       | ^
C:\Users\ultim\Desktop\Sonic Adventure Recompiled\src\native_title_adapter.cpp(31343,1): warning: 'sonic_native_platform_interrupt_state_owner_8c6024b0' has C-linkage specified, but returns user-defined type 'katana::runtime::NativePortHookResult' which is incompatible with C [-Wreturn-type-c-linkage]
 31343 | sonic_native_platform_interrupt_state_owner_8c6024b0(
       | ^
C:\Users\ultim\Desktop\Sonic Adventure Recompiled\src\native_title_adapter.cpp(31454,1): warning: 'sonic_native_platform_interrupt_state_owner_8c645ace' has C-linkage specified, but returns user-defined type 'katana::runtime::NativePortHookResult' which is incompatible with C [-Wreturn-type-c-linkage]
 31454 | sonic_native_platform_interrupt_state_owner_8c645ace(
       | ^
C:\Users\ultim\Desktop\Sonic Adventure Recompiled\src\native_title_adapter.cpp(31682,1): warning: 'sonic_native_save_unit_ready' has C-linkage specified, but returns user-defined type 'katana::runtime::NativePortHookResult' which is incompatible with C [-Wreturn-type-c-linkage]
 31682 | sonic_native_save_unit_ready(
       | ^
C:\Users\ultim\Desktop\Sonic Adventure Recompiled\src\native_title_adapter.cpp(31690,1): warning: 'sonic_native_save_sdk_file_exists' has C-linkage specified, but returns user-defined type 'katana::runtime::NativePortHookResult' which is incompatible with C [-Wreturn-type-c-linkage]
 31690 | sonic_native_save_sdk_file_exists(
       | ^
C:\Users\ultim\Desktop\Sonic Adventure Recompiled\src\native_title_adapter.cpp(31698,1): warning: 'sonic_native_save_file_exists' has C-linkage specified, but returns user-defined type 'katana::runtime::NativePortHookResult' which is incompatible with C [-Wreturn-type-c-linkage]
 31698 | sonic_native_save_file_exists(
       | ^
C:\Users\ultim\Desktop\Sonic Adventure Recompiled\src\native_title_adapter.cpp(31743,1): warning: 'sonic_native_save_highest_slot' has C-linkage specified, but returns user-defined type 'katana::runtime::NativePortHookResult' which is incompatible with C [-Wreturn-type-c-linkage]
 31743 | sonic_native_save_highest_slot(
       | ^
C:\Users\ultim\Desktop\Sonic Adventure Recompiled\src\native_title_adapter.cpp(31896,1): warning: 'sonic_native_save_unit_query' has C-linkage specified, but returns user-defined type 'katana::runtime::NativePortHookResult' which is incompatible with C [-Wreturn-type-c-linkage]
 31896 | sonic_native_save_unit_query(
       | ^
C:\Users\ultim\Desktop\Sonic Adventure Recompiled\src\native_title_adapter.cpp(31939,1): warning: 'sonic_native_save_status' has C-linkage specified, but returns user-defined type 'katana::runtime::NativePortHookResult' which is incompatible with C [-Wreturn-type-c-linkage]
 31939 | sonic_native_save_status(
       | ^
C:\Users\ultim\Desktop\Sonic Adventure Recompiled\src\native_title_adapter.cpp(32029,1): warning: 'sonic_native_save_free_blocks' has C-linkage specified, but returns user-defined type 'katana::runtime::NativePortHookResult' which is incompatible with C [-Wreturn-type-c-linkage]
 32029 | sonic_native_save_free_blocks(katana::runtime::NativePortContext& context) noexcept {
       | ^
C:\Users\ultim\Desktop\Sonic Adventure Recompiled\src\native_title_adapter.cpp(32049,1): warning: 'sonic_native_save_file_blocks' has C-linkage specified, but returns user-defined type 'katana::runtime::NativePortHookResult' which is incompatible with C [-Wreturn-type-c-linkage]
 32049 | sonic_native_save_file_blocks(
       | ^
C:\Users\ultim\Desktop\Sonic Adventure Recompiled\src\native_title_adapter.cpp(32124,1): warning: 'sonic_native_save_read' has C-linkage specified, but returns user-defined type 'katana::runtime::NativePortHookResult' which is incompatible with C [-Wreturn-type-c-linkage]
 32124 | sonic_native_save_read(
       | ^
C:\Users\ultim\Desktop\Sonic Adventure Recompiled\src\native_title_adapter.cpp(32132,1): warning: 'sonic_native_save_read_blocks' has C-linkage specified, but returns user-defined type 'katana::runtime::NativePortHookResult' which is incompatible with C [-Wreturn-type-c-linkage]
 32132 | sonic_native_save_read_blocks(katana::runtime::NativePortContext& context) noexcept {
       | ^
C:\Users\ultim\Desktop\Sonic Adventure Recompiled\src\native_title_adapter.cpp(32187,1): warning: 'sonic_native_save_write' has C-linkage specified, but returns user-defined type 'katana::runtime::NativePortHookResult' which is incompatible with C [-Wreturn-type-c-linkage]
 32187 | sonic_native_save_write(
       | ^
C:\Users\ultim\Desktop\Sonic Adventure Recompiled\src\native_title_adapter.cpp(32195,1): warning: 'sonic_native_save_write_game' has C-linkage specified, but returns user-defined type 'katana::runtime::NativePortHookResult' which is incompatible with C [-Wreturn-type-c-linkage]
 32195 | sonic_native_save_write_game(katana::runtime::NativePortContext& context) noexcept {
       | ^
C:\Users\ultim\Desktop\Sonic Adventure Recompiled\src\native_title_adapter.cpp(32202,1): warning: 'sonic_native_timer_initialize' has C-linkage specified, but returns user-defined type 'katana::runtime::NativePortHookResult' which is incompatible with C [-Wreturn-type-c-linkage]
 32202 | sonic_native_timer_initialize(
       | ^
C:\Users\ultim\Desktop\Sonic Adventure Recompiled\src\native_title_adapter.cpp(32216,1): warning: 'sonic_native_video_cable_bits' has C-linkage specified, but returns user-defined type 'katana::runtime::NativePortHookResult' which is incompatible with C [-Wreturn-type-c-linkage]
 32216 | sonic_native_video_cable_bits(
       | ^
C:\Users\ultim\Desktop\Sonic Adventure Recompiled\src\native_title_adapter.cpp(32233,1): warning: 'sonic_native_frame_boundary_wait' has C-linkage specified, but returns user-defined type 'katana::runtime::NativePortHookResult' which is incompatible with C [-Wreturn-type-c-linkage]
 32233 | sonic_native_frame_boundary_wait(
       | ^
C:\Users\ultim\Desktop\Sonic Adventure Recompiled\src\native_title_adapter.cpp(32254,1): warning: 'sonic_native_play_movie' has C-linkage specified, but returns user-defined type 'katana::runtime::NativePortHookResult' which is incompatible with C [-Wreturn-type-c-linkage]
 32254 | sonic_native_play_movie(
       | ^
C:\Users\ultim\Desktop\Sonic Adventure Recompiled\src\native_title_adapter.cpp(32316,63): warning: missing field 'callback_failure' initializer [-Wmissing-field-initializers]
 32316 |             SonicNativeMoviePlayback playback{context.graphics};
       |                                                               ^
C:\Users\ultim\Desktop\Sonic Adventure Recompiled\src\native_title_adapter.cpp(32507,1): warning: 'sonic_native_lighting_content_load' has C-linkage specified, but returns user-defined type 'katana::runtime::NativePortHookResult' which is incompatible with C [-Wreturn-type-c-linkage]
 32507 | sonic_native_lighting_content_load(
       | ^
C:\Users\ultim\Desktop\Sonic Adventure Recompiled\src\native_title_adapter.cpp(32627,1): warning: 'sonic_native_content_range_read' has C-linkage specified, but returns user-defined type 'katana::runtime::NativePortHookResult' which is incompatible with C [-Wreturn-type-c-linkage]
 32627 | sonic_native_content_range_read(
       | ^
C:\Users\ultim\Desktop\Sonic Adventure Recompiled\src\native_title_adapter.cpp(32774,1): warning: 'sonic_native_load_movie_overlay' has C-linkage specified, but returns user-defined type 'katana::runtime::NativePortHookResult' which is incompatible with C [-Wreturn-type-c-linkage]
 32774 | sonic_native_load_movie_overlay(
       | ^
C:\Users\ultim\Desktop\Sonic Adventure Recompiled\src\native_title_adapter.cpp(32978,1): warning: 'sonic_native_event_arena_prepare' has C-linkage specified, but returns user-defined type 'katana::runtime::NativePortHookResult' which is incompatible with C [-Wreturn-type-c-linkage]
 32978 | sonic_native_event_arena_prepare(
       | ^
C:\Users\ultim\Desktop\Sonic Adventure Recompiled\src\native_title_adapter.cpp(33013,1): warning: 'sonic_native_prs_transform_guard' has C-linkage specified, but returns user-defined type 'katana::runtime::NativePortHookResult' which is incompatible with C [-Wreturn-type-c-linkage]
 33013 | sonic_native_prs_transform_guard(
       | ^
C:\Users\ultim\Desktop\Sonic Adventure Recompiled\src\native_title_adapter.cpp(33182,1): warning: 'sonic_native_timer_count' has C-linkage specified, but returns user-defined type 'katana::runtime::NativePortHookResult' which is incompatible with C [-Wreturn-type-c-linkage]
 33182 | sonic_native_timer_count(
       | ^
C:\Users\ultim\Desktop\Sonic Adventure Recompiled\src\native_title_adapter.cpp(33193,1): warning: 'sonic_native_host_timing_owner_8c06c000' has C-linkage specified, but returns user-defined type 'katana::runtime::NativePortHookResult' which is incompatible with C [-Wreturn-type-c-linkage]
 33193 | sonic_native_host_timing_owner_8c06c000(
       | ^
C:\Users\ultim\Desktop\Sonic Adventure Recompiled\src\native_title_adapter.cpp(33269,1): warning: 'sonic_native_periodic_delta' has C-linkage specified, but returns user-defined type 'katana::runtime::NativePortHookResult' which is incompatible with C [-Wreturn-type-c-linkage]
 33269 | sonic_native_periodic_delta(
       | ^
C:\Users\ultim\Desktop\Sonic Adventure Recompiled\src\native_title_adapter.cpp(33339,1): warning: 'sonic_native_periodic_sample' has C-linkage specified, but returns user-defined type 'katana::runtime::NativePortHookResult' which is incompatible with C [-Wreturn-type-c-linkage]
 33339 | sonic_native_periodic_sample(
       | ^
C:\Users\ultim\Desktop\Sonic Adventure Recompiled\src\native_title_adapter.cpp(33382,1): warning: 'sonic_native_periodic_elapsed' has C-linkage specified, but returns user-defined type 'katana::runtime::NativePortHookResult' which is incompatible with C [-Wreturn-type-c-linkage]
 33382 | sonic_native_periodic_elapsed(
       | ^
C:\Users\ultim\Desktop\Sonic Adventure Recompiled\src\native_title_adapter.cpp(33433,1): warning: 'sonic_native_registered_texture_key_select' has C-linkage specified, but returns user-defined type 'katana::runtime::NativePortHookResult' which is incompatible with C [-Wreturn-type-c-linkage]
 33433 | sonic_native_registered_texture_key_select(
       | ^
C:\Users\ultim\Desktop\Sonic Adventure Recompiled\src\native_title_adapter.cpp(33503,1): warning: 'sonic_native_texture_list_bind' has C-linkage specified, but returns user-defined type 'katana::runtime::NativePortHookResult' which is incompatible with C [-Wreturn-type-c-linkage]
 33503 | sonic_native_texture_list_bind(
       | ^
C:\Users\ultim\Desktop\Sonic Adventure Recompiled\src\native_title_adapter.cpp(33546,1): warning: 'sonic_native_texture_index_failure_observe' has C-linkage specified, but returns user-defined type 'katana::runtime::NativePortHookResult' which is incompatible with C [-Wreturn-type-c-linkage]
 33546 | sonic_native_texture_index_failure_observe(
       | ^
C:\Users\ultim\Desktop\Sonic Adventure Recompiled\src\native_title_adapter.cpp(33669,1): warning: 'sonic_native_sdk_texture_allocation_guard' has C-linkage specified, but returns user-defined type 'katana::runtime::NativePortHookResult' which is incompatible with C [-Wreturn-type-c-linkage]
 33669 | sonic_native_sdk_texture_allocation_guard(
       | ^
C:\Users\ultim\Desktop\Sonic Adventure Recompiled\src\native_title_adapter.cpp(33717,1): warning: 'sonic_native_texture_number_observe' has C-linkage specified, but returns user-defined type 'katana::runtime::NativePortHookResult' which is incompatible with C [-Wreturn-type-c-linkage]
 33717 | sonic_native_texture_number_observe(
       | ^
C:\Users\ultim\Desktop\Sonic Adventure Recompiled\src\native_title_adapter.cpp(33738,1): warning: 'sonic_native_texture_backing_word_copy' has C-linkage specified, but returns user-defined type 'katana::runtime::NativePortHookResult' which is incompatible with C [-Wreturn-type-c-linkage]
 33738 | sonic_native_texture_backing_word_copy(
       | ^
C:\Users\ultim\Desktop\Sonic Adventure Recompiled\src\native_title_adapter.cpp(33804,1): warning: 'sonic_native_texture_backing_upload' has C-linkage specified, but returns user-defined type 'katana::runtime::NativePortHookResult' which is incompatible with C [-Wreturn-type-c-linkage]
 33804 | sonic_native_texture_backing_upload(
       | ^
C:\Users\ultim\Desktop\Sonic Adventure Recompiled\src\native_title_adapter.cpp(33915,1): warning: 'sonic_native_texture_backing_completion' has C-linkage specified, but returns user-defined type 'katana::runtime::NativePortHookResult' which is incompatible with C [-Wreturn-type-c-linkage]
 33915 | sonic_native_texture_backing_completion(
       | ^
C:\Users\ultim\Desktop\Sonic Adventure Recompiled\src\native_title_adapter.cpp(34067,1): warning: 'sonic_native_font_surface_upload' has C-linkage specified, but returns user-defined type 'katana::runtime::NativePortHookResult' which is incompatible with C [-Wreturn-type-c-linkage]
 34067 | sonic_native_font_surface_upload(
       | ^
C:\Users\ultim\Desktop\Sonic Adventure Recompiled\src\native_title_adapter.cpp(34243,1): warning: 'katana_native_hook_8C037460' has C-linkage specified, but returns user-defined type 'katana::runtime::NativePortHookResult' which is incompatible with C [-Wreturn-type-c-linkage]
 34243 | katana_native_hook_8C037460(
       | ^
C:\Users\ultim\Desktop\Sonic Adventure Recompiled\src\native_title_adapter.cpp(34262,1): warning: 'katana_native_hook_8C0374D4' has C-linkage specified, but returns user-defined type 'katana::runtime::NativePortHookResult' which is incompatible with C [-Wreturn-type-c-linkage]
 34262 | katana_native_hook_8C0374D4(
       | ^
C:\Users\ultim\Desktop\Sonic Adventure Recompiled\src\native_title_adapter.cpp(34280,1): warning: 'katana_native_hook_8C0375B0' has C-linkage specified, but returns user-defined type 'katana::runtime::NativePortHookResult' which is incompatible with C [-Wreturn-type-c-linkage]
 34280 | katana_native_hook_8C0375B0(
       | ^
C:\Users\ultim\Desktop\Sonic Adventure Recompiled\src\native_title_adapter.cpp(34298,1): warning: 'katana_native_hook_8C037538' has C-linkage specified, but returns user-defined type 'katana::runtime::NativePortHookResult' which is incompatible with C [-Wreturn-type-c-linkage]
 34298 | katana_native_hook_8C037538(
       | ^
C:\Users\ultim\Desktop\Sonic Adventure Recompiled\src\native_title_adapter.cpp(34321,1): warning: 'katana_native_hook_8C605DA8' has C-linkage specified, but returns user-defined type 'katana::runtime::NativePortHookResult' which is incompatible with C [-Wreturn-type-c-linkage]
 34321 | katana_native_hook_8C605DA8(
       | ^
C:\Users\ultim\Desktop\Sonic Adventure Recompiled\src\native_title_adapter.cpp(34343,1): warning: 'katana_native_hook_8C605E7C' has C-linkage specified, but returns user-defined type 'katana::runtime::NativePortHookResult' which is incompatible with C [-Wreturn-type-c-linkage]
 34343 | katana_native_hook_8C605E7C(
       | ^
C:\Users\ultim\Desktop\Sonic Adventure Recompiled\src\native_title_adapter.cpp(34365,1): warning: 'katana_native_hook_8C605F0A' has C-linkage specified, but returns user-defined type 'katana::runtime::NativePortHookResult' which is incompatible with C [-Wreturn-type-c-linkage]
 34365 | katana_native_hook_8C605F0A(
       | ^
C:\Users\ultim\Desktop\Sonic Adventure Recompiled\src\native_title_adapter.cpp(34387,1): warning: 'katana_native_hook_8C6063F0' has C-linkage specified, but returns user-defined type 'katana::runtime::NativePortHookResult' which is incompatible with C [-Wreturn-type-c-linkage]
 34387 | katana_native_hook_8C6063F0(
       | ^
C:\Users\ultim\Desktop\Sonic Adventure Recompiled\src\native_title_adapter.cpp(34411,1): warning: 'katana_native_hook_8C605FBA' has C-linkage specified, but returns user-defined type 'katana::runtime::NativePortHookResult' which is incompatible with C [-Wreturn-type-c-linkage]
 34411 | katana_native_hook_8C605FBA(
       | ^
C:\Users\ultim\Desktop\Sonic Adventure Recompiled\src\native_title_adapter.cpp(34436,1): warning: 'katana_native_hook_8C6061EC' has C-linkage specified, but returns user-defined type 'katana::runtime::NativePortHookResult' which is incompatible with C [-Wreturn-type-c-linkage]
 34436 | katana_native_hook_8C6061EC(
       | ^
C:\Users\ultim\Desktop\Sonic Adventure Recompiled\src\native_title_adapter.cpp(34460,1): warning: 'katana_native_hook_8C6062DA' has C-linkage specified, but returns user-defined type 'katana::runtime::NativePortHookResult' which is incompatible with C [-Wreturn-type-c-linkage]
 34460 | katana_native_hook_8C6062DA(
       | ^
C:\Users\ultim\Desktop\Sonic Adventure Recompiled\src\native_title_adapter.cpp(34484,1): warning: 'katana_native_hook_8C6064F0' has C-linkage specified, but returns user-defined type 'katana::runtime::NativePortHookResult' which is incompatible with C [-Wreturn-type-c-linkage]
 34484 | katana_native_hook_8C6064F0(
       | ^
C:\Users\ultim\Desktop\Sonic Adventure Recompiled\src\native_title_adapter.cpp(34508,1): warning: 'sonic_native_palette_lighting' has C-linkage specified, but returns user-defined type 'katana::runtime::NativePortHookResult' which is incompatible with C [-Wreturn-type-c-linkage]
 34508 | sonic_native_palette_lighting(
       | ^
C:\Users\ultim\Desktop\Sonic Adventure Recompiled\src\native_title_adapter.cpp(34514,33): warning: 'getenv' is deprecated: This function or variable may be unsafe. Consider using _dupenv_s instead. To disable deprecation, use _CRT_SECURE_NO_WARNINGS. See online help for details. [-Wdeprecated-declarations]
 34514 |         const auto* flag = std::getenv("SARECOMP_NATIVE_PALETTE_LIGHTING");
       |                                 ^
C:\Program Files (x86)\Windows Kits\10\Include\10.0.26100.0\ucrt\stdlib.h(1183,20): note: 'getenv' has been explicitly marked deprecated here
 1183 |     _Check_return_ _CRT_INSECURE_DEPRECATE(_dupenv_s)
      |                    ^
C:\Program Files (x86)\Microsoft Visual Studio\2022\BuildTools\VC\Tools\MSVC\14.44.35207\include\vcruntime.h(368,55): note: expanded from macro '_CRT_INSECURE_DEPRECATE'
  368 |         #define _CRT_INSECURE_DEPRECATE(_Replacement) _CRT_DEPRECATE_TEXT(    \
      |                                                       ^
C:\Program Files (x86)\Microsoft Visual Studio\2022\BuildTools\VC\Tools\MSVC\14.44.35207\include\vcruntime.h(358,47): note: expanded from macro '_CRT_DEPRECATE_TEXT'
  358 | #define _CRT_DEPRECATE_TEXT(_Text) __declspec(deprecated(_Text))
      |                                               ^
C:\Users\ultim\Desktop\Sonic Adventure Recompiled\src\native_title_adapter.cpp(34536,1): warning: 'sonic_native_vertex_normals' has C-linkage specified, but returns user-defined type 'katana::runtime::NativePortHookResult' which is incompatible with C [-Wreturn-type-c-linkage]
 34536 | sonic_native_vertex_normals(
       | ^
C:\Users\ultim\Desktop\Sonic Adventure Recompiled\src\native_title_adapter.cpp(34542,33): warning: 'getenv' is deprecated: This function or variable may be unsafe. Consider using _dupenv_s instead. To disable deprecation, use _CRT_SECURE_NO_WARNINGS. See online help for details. [-Wdeprecated-declarations]
 34542 |         const auto* flag = std::getenv("SARECOMP_NATIVE_VERTEX_NORMALS");
       |                                 ^
C:\Program Files (x86)\Windows Kits\10\Include\10.0.26100.0\ucrt\stdlib.h(1183,20): note: 'getenv' has been explicitly marked deprecated here
 1183 |     _Check_return_ _CRT_INSECURE_DEPRECATE(_dupenv_s)
      |                    ^
C:\Program Files (x86)\Microsoft Visual Studio\2022\BuildTools\VC\Tools\MSVC\14.44.35207\include\vcruntime.h(368,55): note: expanded from macro '_CRT_INSECURE_DEPRECATE'
  368 |         #define _CRT_INSECURE_DEPRECATE(_Replacement) _CRT_DEPRECATE_TEXT(    \
      |                                                       ^
C:\Program Files (x86)\Microsoft Visual Studio\2022\BuildTools\VC\Tools\MSVC\14.44.35207\include\vcruntime.h(358,47): note: expanded from macro '_CRT_DEPRECATE_TEXT'
  358 | #define _CRT_DEPRECATE_TEXT(_Text) __declspec(deprecated(_Text))
      |                                               ^
C:\Users\ultim\Desktop\Sonic Adventure Recompiled\src\native_title_adapter.cpp(34588,1): warning: 'sonic_native_amy_hammer_effect' has C-linkage specified, but returns user-defined type 'katana::runtime::NativePortHookResult' which is incompatible with C [-Wreturn-type-c-linkage]
 34588 | sonic_native_amy_hammer_effect(katana::runtime::NativePortContext& context) noexcept {
       | ^
C:\Users\ultim\Desktop\Sonic Adventure Recompiled\src\native_title_adapter.cpp(34657,1): warning: 'sonic_native_triangle_contacts' has C-linkage specified, but returns user-defined type 'katana::runtime::NativePortHookResult' which is incompatible with C [-Wreturn-type-c-linkage]
 34657 | sonic_native_triangle_contacts(katana::runtime::NativePortContext& context) noexcept {
       | ^
C:\Users\ultim\Desktop\Sonic Adventure Recompiled\src\native_title_adapter.cpp(34667,31): warning: 'getenv' is deprecated: This function or variable may be unsafe. Consider using _dupenv_s instead. To disable deprecation, use _CRT_SECURE_NO_WARNINGS. See online help for details. [-Wdeprecated-declarations]
 34667 |         const auto* flag=std::getenv("SARECOMP_NATIVE_TRIANGLE_CONTACTS");
       |                               ^
C:\Program Files (x86)\Windows Kits\10\Include\10.0.26100.0\ucrt\stdlib.h(1183,20): note: 'getenv' has been explicitly marked deprecated here
 1183 |     _Check_return_ _CRT_INSECURE_DEPRECATE(_dupenv_s)
      |                    ^
C:\Program Files (x86)\Microsoft Visual Studio\2022\BuildTools\VC\Tools\MSVC\14.44.35207\include\vcruntime.h(368,55): note: expanded from macro '_CRT_INSECURE_DEPRECATE'
  368 |         #define _CRT_INSECURE_DEPRECATE(_Replacement) _CRT_DEPRECATE_TEXT(    \
      |                                                       ^
C:\Program Files (x86)\Microsoft Visual Studio\2022\BuildTools\VC\Tools\MSVC\14.44.35207\include\vcruntime.h(358,47): note: expanded from macro '_CRT_DEPRECATE_TEXT'
  358 | #define _CRT_DEPRECATE_TEXT(_Text) __declspec(deprecated(_Text))
      |                                               ^
C:\Users\ultim\Desktop\Sonic Adventure Recompiled\src\native_title_adapter.cpp(34728,1): warning: 'sonic_native_collision_candidates' has C-linkage specified, but returns user-defined type 'katana::runtime::NativePortHookResult' which is incompatible with C [-Wreturn-type-c-linkage]
 34728 | sonic_native_collision_candidates(katana::runtime::NativePortContext& context) noexcept {
       | ^
C:\Users\ultim\Desktop\Sonic Adventure Recompiled\src\native_title_adapter.cpp(34737,31): warning: 'getenv' is deprecated: This function or variable may be unsafe. Consider using _dupenv_s instead. To disable deprecation, use _CRT_SECURE_NO_WARNINGS. See online help for details. [-Wdeprecated-declarations]
 34737 |         const auto* flag=std::getenv("SARECOMP_NATIVE_COLLISION_CANDIDATES");
       |                               ^
C:\Program Files (x86)\Windows Kits\10\Include\10.0.26100.0\ucrt\stdlib.h(1183,20): note: 'getenv' has been explicitly marked deprecated here
 1183 |     _Check_return_ _CRT_INSECURE_DEPRECATE(_dupenv_s)
      |                    ^
C:\Program Files (x86)\Microsoft Visual Studio\2022\BuildTools\VC\Tools\MSVC\14.44.35207\include\vcruntime.h(368,55): note: expanded from macro '_CRT_INSECURE_DEPRECATE'
  368 |         #define _CRT_INSECURE_DEPRECATE(_Replacement) _CRT_DEPRECATE_TEXT(    \
      |                                                       ^
C:\Program Files (x86)\Microsoft Visual Studio\2022\BuildTools\VC\Tools\MSVC\14.44.35207\include\vcruntime.h(358,47): note: expanded from macro '_CRT_DEPRECATE_TEXT'
  358 | #define _CRT_DEPRECATE_TEXT(_Text) __declspec(deprecated(_Text))
      |                                               ^
C:\Users\ultim\Desktop\Sonic Adventure Recompiled\src\native_title_adapter.cpp(34763,31): warning: 'getenv' is deprecated: This function or variable may be unsafe. Consider using _dupenv_s instead. To disable deprecation, use _CRT_SECURE_NO_WARNINGS. See online help for details. [-Wdeprecated-declarations]
 34763 |         const auto* flag=std::getenv("SARECOMP_NATIVE_MOTION_SAMPLING");
       |                               ^
C:\Program Files (x86)\Windows Kits\10\Include\10.0.26100.0\ucrt\stdlib.h(1183,20): note: 'getenv' has been explicitly marked deprecated here
 1183 |     _Check_return_ _CRT_INSECURE_DEPRECATE(_dupenv_s)
      |                    ^
C:\Program Files (x86)\Microsoft Visual Studio\2022\BuildTools\VC\Tools\MSVC\14.44.35207\include\vcruntime.h(368,55): note: expanded from macro '_CRT_INSECURE_DEPRECATE'
  368 |         #define _CRT_INSECURE_DEPRECATE(_Replacement) _CRT_DEPRECATE_TEXT(    \
      |                                                       ^
C:\Program Files (x86)\Microsoft Visual Studio\2022\BuildTools\VC\Tools\MSVC\14.44.35207\include\vcruntime.h(358,47): note: expanded from macro '_CRT_DEPRECATE_TEXT'
  358 | #define _CRT_DEPRECATE_TEXT(_Text) __declspec(deprecated(_Text))
      |                                               ^
C:\Users\ultim\Desktop\Sonic Adventure Recompiled\src\native_title_adapter.cpp(34780,1): warning: 'sonic_native_motion_position' has C-linkage specified, but returns user-defined type 'katana::runtime::NativePortHookResult' which is incompatible with C [-Wreturn-type-c-linkage]
 34780 | sonic_native_motion_position(katana::runtime::NativePortContext& c) noexcept {return sonic_native_motion_sampling_impl(c);}
       | ^
C:\Users\ultim\Desktop\Sonic Adventure Recompiled\src\native_title_adapter.cpp(34782,1): warning: 'sonic_native_motion_scale' has C-linkage specified, but returns user-defined type 'katana::runtime::NativePortHookResult' which is incompatible with C [-Wreturn-type-c-linkage]
 34782 | sonic_native_motion_scale(katana::runtime::NativePortContext& c) noexcept {return sonic_native_motion_sampling_impl(c);}
       | ^
C:\Users\ultim\Desktop\Sonic Adventure Recompiled\src\native_title_adapter.cpp(34784,1): warning: 'sonic_native_motion_rotate_zyx' has C-linkage specified, but returns user-defined type 'katana::runtime::NativePortHookResult' which is incompatible with C [-Wreturn-type-c-linkage]
 34784 | sonic_native_motion_rotate_zyx(katana::runtime::NativePortContext& c) noexcept {return sonic_native_motion_sampling_impl(c);}
       | ^
C:\Users\ultim\Desktop\Sonic Adventure Recompiled\src\native_title_adapter.cpp(34786,1): warning: 'sonic_native_motion_rotate_yxz' has C-linkage specified, but returns user-defined type 'katana::runtime::NativePortHookResult' which is incompatible with C [-Wreturn-type-c-linkage]
 34786 | sonic_native_motion_rotate_yxz(katana::runtime::NativePortContext& c) noexcept {return sonic_native_motion_sampling_impl(c);}
       | ^
C:\Users\ultim\Desktop\Sonic Adventure Recompiled\src\native_title_adapter.cpp(34795,31): warning: 'getenv' is deprecated: This function or variable may be unsafe. Consider using _dupenv_s instead. To disable deprecation, use _CRT_SECURE_NO_WARNINGS. See online help for details. [-Wdeprecated-declarations]
 34795 |         const auto* flag=std::getenv("SARECOMP_NATIVE_ATAN_MATH");
       |                               ^
C:\Program Files (x86)\Windows Kits\10\Include\10.0.26100.0\ucrt\stdlib.h(1183,20): note: 'getenv' has been explicitly marked deprecated here
 1183 |     _Check_return_ _CRT_INSECURE_DEPRECATE(_dupenv_s)
      |                    ^
C:\Program Files (x86)\Microsoft Visual Studio\2022\BuildTools\VC\Tools\MSVC\14.44.35207\include\vcruntime.h(368,55): note: expanded from macro '_CRT_INSECURE_DEPRECATE'
  368 |         #define _CRT_INSECURE_DEPRECATE(_Replacement) _CRT_DEPRECATE_TEXT(    \
      |                                                       ^
C:\Program Files (x86)\Microsoft Visual Studio\2022\BuildTools\VC\Tools\MSVC\14.44.35207\include\vcruntime.h(358,47): note: expanded from macro '_CRT_DEPRECATE_TEXT'
  358 | #define _CRT_DEPRECATE_TEXT(_Text) __declspec(deprecated(_Text))
      |                                               ^
C:\Users\ultim\Desktop\Sonic Adventure Recompiled\src\native_title_adapter.cpp(34816,1): warning: 'sonic_native_atan' has C-linkage specified, but returns user-defined type 'katana::runtime::NativePortHookResult' which is incompatible with C [-Wreturn-type-c-linkage]
 34816 | sonic_native_atan(katana::runtime::NativePortContext& context) noexcept {
       | ^
C:\Users\ultim\Desktop\Sonic Adventure Recompiled\src\native_title_adapter.cpp(34820,1): warning: 'sonic_native_atan_quotient' has C-linkage specified, but returns user-defined type 'katana::runtime::NativePortHookResult' which is incompatible with C [-Wreturn-type-c-linkage]
 34820 | sonic_native_atan_quotient(katana::runtime::NativePortContext& context) noexcept {
       | ^
C:\Users\ultim\Desktop\Sonic Adventure Recompiled\src\native_title_adapter.cpp(34824,1): warning: 'sonic_native_atan_polynomial' has C-linkage specified, but returns user-defined type 'katana::runtime::NativePortHookResult' which is incompatible with C [-Wreturn-type-c-linkage]
 34824 | sonic_native_atan_polynomial(katana::runtime::NativePortContext& context) noexcept {
       | ^
C:\Users\ultim\Desktop\Sonic Adventure Recompiled\src\native_title_adapter.cpp(34828,1): warning: 'sonic_native_atan_scale' has C-linkage specified, but returns user-defined type 'katana::runtime::NativePortHookResult' which is incompatible with C [-Wreturn-type-c-linkage]
 34828 | sonic_native_atan_scale(katana::runtime::NativePortContext& context) noexcept {
       | ^
C:\Users\ultim\Desktop\Sonic Adventure Recompiled\src\native_title_adapter.cpp(34838,33): warning: 'getenv' is deprecated: This function or variable may be unsafe. Consider using _dupenv_s instead. To disable deprecation, use _CRT_SECURE_NO_WARNINGS. See online help for details. [-Wdeprecated-declarations]
 34838 |         const auto* flag = std::getenv("SARECOMP_NATIVE_MATRIX_INVERSE");
       |                                 ^
C:\Program Files (x86)\Windows Kits\10\Include\10.0.26100.0\ucrt\stdlib.h(1183,20): note: 'getenv' has been explicitly marked deprecated here
 1183 |     _Check_return_ _CRT_INSECURE_DEPRECATE(_dupenv_s)
      |                    ^
C:\Program Files (x86)\Microsoft Visual Studio\2022\BuildTools\VC\Tools\MSVC\14.44.35207\include\vcruntime.h(368,55): note: expanded from macro '_CRT_INSECURE_DEPRECATE'
  368 |         #define _CRT_INSECURE_DEPRECATE(_Replacement) _CRT_DEPRECATE_TEXT(    \
      |                                                       ^
C:\Program Files (x86)\Microsoft Visual Studio\2022\BuildTools\VC\Tools\MSVC\14.44.35207\include\vcruntime.h(358,47): note: expanded from macro '_CRT_DEPRECATE_TEXT'
  358 | #define _CRT_DEPRECATE_TEXT(_Text) __declspec(deprecated(_Text))
      |                                               ^
C:\Users\ultim\Desktop\Sonic Adventure Recompiled\src\native_title_adapter.cpp(34858,1): warning: 'sonic_native_matrix_inverse' has C-linkage specified, but returns user-defined type 'katana::runtime::NativePortHookResult' which is incompatible with C [-Wreturn-type-c-linkage]
 34858 | sonic_native_matrix_inverse(katana::runtime::NativePortContext& context) noexcept {
       | ^
C:\Users\ultim\Desktop\Sonic Adventure Recompiled\src\native_title_adapter.cpp(34862,1): warning: 'sonic_native_matrix_determinant' has C-linkage specified, but returns user-defined type 'katana::runtime::NativePortHookResult' which is incompatible with C [-Wreturn-type-c-linkage]
 34862 | sonic_native_matrix_determinant(katana::runtime::NativePortContext& context) noexcept {
       | ^
C:\Users\ultim\Desktop\Sonic Adventure Recompiled\src\native_title_adapter.cpp(34871,31): warning: 'getenv' is deprecated: This function or variable may be unsafe. Consider using _dupenv_s instead. To disable deprecation, use _CRT_SECURE_NO_WARNINGS. See online help for details. [-Wdeprecated-declarations]
 34871 |         const auto* flag=std::getenv("SARECOMP_NATIVE_MATRIX_VECTORS");
       |                               ^
C:\Program Files (x86)\Windows Kits\10\Include\10.0.26100.0\ucrt\stdlib.h(1183,20): note: 'getenv' has been explicitly marked deprecated here
 1183 |     _Check_return_ _CRT_INSECURE_DEPRECATE(_dupenv_s)
      |                    ^
C:\Program Files (x86)\Microsoft Visual Studio\2022\BuildTools\VC\Tools\MSVC\14.44.35207\include\vcruntime.h(368,55): note: expanded from macro '_CRT_INSECURE_DEPRECATE'
  368 |         #define _CRT_INSECURE_DEPRECATE(_Replacement) _CRT_DEPRECATE_TEXT(    \
      |                                                       ^
C:\Program Files (x86)\Microsoft Visual Studio\2022\BuildTools\VC\Tools\MSVC\14.44.35207\include\vcruntime.h(358,47): note: expanded from macro '_CRT_DEPRECATE_TEXT'
  358 | #define _CRT_DEPRECATE_TEXT(_Text) __declspec(deprecated(_Text))
      |                                               ^
C:\Users\ultim\Desktop\Sonic Adventure Recompiled\src\native_title_adapter.cpp(34886,1): warning: 'sonic_native_matrix_vector_point' has C-linkage specified, but returns user-defined type 'katana::runtime::NativePortHookResult' which is incompatible with C [-Wreturn-type-c-linkage]
 34886 | sonic_native_matrix_vector_point(katana::runtime::NativePortContext& context) noexcept {
       | ^
C:\Users\ultim\Desktop\Sonic Adventure Recompiled\src\native_title_adapter.cpp(34890,1): warning: 'sonic_native_matrix_vector_direction' has C-linkage specified, but returns user-defined type 'katana::runtime::NativePortHookResult' which is incompatible with C [-Wreturn-type-c-linkage]
 34890 | sonic_native_matrix_vector_direction(katana::runtime::NativePortContext& context) noexcept {
       | ^
C:\Users\ultim\Desktop\Sonic Adventure Recompiled\src\native_title_adapter.cpp(34894,1): warning: 'sonic_native_matrix_vector_store' has C-linkage specified, but returns user-defined type 'katana::runtime::NativePortHookResult' which is incompatible with C [-Wreturn-type-c-linkage]
 34894 | sonic_native_matrix_vector_store(katana::runtime::NativePortContext& context) noexcept {
       | ^
C:\Users\ultim\Desktop\Sonic Adventure Recompiled\src\native_title_adapter.cpp(34898,1): warning: 'sonic_native_matrix_vector_translation' has C-linkage specified, but returns user-defined type 'katana::runtime::NativePortHookResult' which is incompatible with C [-Wreturn-type-c-linkage]
 34898 | sonic_native_matrix_vector_translation(katana::runtime::NativePortContext& context) noexcept {
       | ^
C:\Users\ultim\Desktop\Sonic Adventure Recompiled\src\native_title_adapter.cpp(34908,33): warning: 'getenv' is deprecated: This function or variable may be unsafe. Consider using _dupenv_s instead. To disable deprecation, use _CRT_SECURE_NO_WARNINGS. See online help for details. [-Wdeprecated-declarations]
 34908 |         const auto* flag = std::getenv("SARECOMP_NATIVE_COLLISION_MATH");
       |                                 ^
C:\Program Files (x86)\Windows Kits\10\Include\10.0.26100.0\ucrt\stdlib.h(1183,20): note: 'getenv' has been explicitly marked deprecated here
 1183 |     _Check_return_ _CRT_INSECURE_DEPRECATE(_dupenv_s)
      |                    ^
C:\Program Files (x86)\Microsoft Visual Studio\2022\BuildTools\VC\Tools\MSVC\14.44.35207\include\vcruntime.h(368,55): note: expanded from macro '_CRT_INSECURE_DEPRECATE'
  368 |         #define _CRT_INSECURE_DEPRECATE(_Replacement) _CRT_DEPRECATE_TEXT(    \
      |                                                       ^
C:\Program Files (x86)\Microsoft Visual Studio\2022\BuildTools\VC\Tools\MSVC\14.44.35207\include\vcruntime.h(358,47): note: expanded from macro '_CRT_DEPRECATE_TEXT'
  358 | #define _CRT_DEPRECATE_TEXT(_Text) __declspec(deprecated(_Text))
      |                                               ^
C:\Users\ultim\Desktop\Sonic Adventure Recompiled\src\native_title_adapter.cpp(34928,1): warning: 'sonic_native_collision_cross' has C-linkage specified, but returns user-defined type 'katana::runtime::NativePortHookResult' which is incompatible with C [-Wreturn-type-c-linkage]
 34928 | sonic_native_collision_cross(katana::runtime::NativePortContext& context) noexcept {
       | ^
C:\Users\ultim\Desktop\Sonic Adventure Recompiled\src\native_title_adapter.cpp(34932,1): warning: 'sonic_native_collision_length' has C-linkage specified, but returns user-defined type 'katana::runtime::NativePortHookResult' which is incompatible with C [-Wreturn-type-c-linkage]
 34932 | sonic_native_collision_length(katana::runtime::NativePortContext& context) noexcept {
       | ^
C:\Users\ultim\Desktop\Sonic Adventure Recompiled\src\native_title_adapter.cpp(34936,1): warning: 'sonic_native_collision_normalize' has C-linkage specified, but returns user-defined type 'katana::runtime::NativePortHookResult' which is incompatible with C [-Wreturn-type-c-linkage]
 34936 | sonic_native_collision_normalize(katana::runtime::NativePortContext& context) noexcept {
       | ^
C:\Users\ultim\Desktop\Sonic Adventure Recompiled\src\native_title_adapter.cpp(34947,33): warning: 'getenv' is deprecated: This function or variable may be unsafe. Consider using _dupenv_s instead. To disable deprecation, use _CRT_SECURE_NO_WARNINGS. See online help for details. [-Wdeprecated-declarations]
 34947 |         const auto* flag = std::getenv("SARECOMP_NATIVE_MATRIX_STACK");
       |                                 ^
C:\Program Files (x86)\Windows Kits\10\Include\10.0.26100.0\ucrt\stdlib.h(1183,20): note: 'getenv' has been explicitly marked deprecated here
 1183 |     _Check_return_ _CRT_INSECURE_DEPRECATE(_dupenv_s)
      |                    ^
C:\Program Files (x86)\Microsoft Visual Studio\2022\BuildTools\VC\Tools\MSVC\14.44.35207\include\vcruntime.h(368,55): note: expanded from macro '_CRT_INSECURE_DEPRECATE'
  368 |         #define _CRT_INSECURE_DEPRECATE(_Replacement) _CRT_DEPRECATE_TEXT(    \
      |                                                       ^
C:\Program Files (x86)\Microsoft Visual Studio\2022\BuildTools\VC\Tools\MSVC\14.44.35207\include\vcruntime.h(358,47): note: expanded from macro '_CRT_DEPRECATE_TEXT'
  358 | #define _CRT_DEPRECATE_TEXT(_Text) __declspec(deprecated(_Text))
      |                                               ^
C:\Users\ultim\Desktop\Sonic Adventure Recompiled\src\native_title_adapter.cpp(34951,33): warning: 'getenv' is deprecated: This function or variable may be unsafe. Consider using _dupenv_s instead. To disable deprecation, use _CRT_SECURE_NO_WARNINGS. See online help for details. [-Wdeprecated-declarations]
 34951 |         const auto* flag = std::getenv("SARECOMP_NATIVE_MATRIX_WRITE_BATCH");
       |                                 ^
C:\Program Files (x86)\Windows Kits\10\Include\10.0.26100.0\ucrt\stdlib.h(1183,20): note: 'getenv' has been explicitly marked deprecated here
 1183 |     _Check_return_ _CRT_INSECURE_DEPRECATE(_dupenv_s)
      |                    ^
C:\Program Files (x86)\Microsoft Visual Studio\2022\BuildTools\VC\Tools\MSVC\14.44.35207\include\vcruntime.h(368,55): note: expanded from macro '_CRT_INSECURE_DEPRECATE'
  368 |         #define _CRT_INSECURE_DEPRECATE(_Replacement) _CRT_DEPRECATE_TEXT(    \
      |                                                       ^
C:\Program Files (x86)\Microsoft Visual Studio\2022\BuildTools\VC\Tools\MSVC\14.44.35207\include\vcruntime.h(358,47): note: expanded from macro '_CRT_DEPRECATE_TEXT'
  358 | #define _CRT_DEPRECATE_TEXT(_Text) __declspec(deprecated(_Text))
      |                                               ^
C:\Users\ultim\Desktop\Sonic Adventure Recompiled\src\native_title_adapter.cpp(34978,1): warning: 'sonic_native_matrix_stack_push' has C-linkage specified, but returns user-defined type 'katana::runtime::NativePortHookResult' which is incompatible with C [-Wreturn-type-c-linkage]
 34978 | sonic_native_matrix_stack_push(katana::runtime::NativePortContext& context) noexcept {
       | ^
C:\Users\ultim\Desktop\Sonic Adventure Recompiled\src\native_title_adapter.cpp(34982,1): warning: 'sonic_native_matrix_stack_pop' has C-linkage specified, but returns user-defined type 'katana::runtime::NativePortHookResult' which is incompatible with C [-Wreturn-type-c-linkage]
 34982 | sonic_native_matrix_stack_pop(katana::runtime::NativePortContext& context) noexcept {
       | ^
C:\Users\ultim\Desktop\Sonic Adventure Recompiled\src\native_title_adapter.cpp(34987,1): warning: 'sonic_native_ninja_model_transform' has C-linkage specified, but returns user-defined type 'katana::runtime::NativePortHookResult' which is incompatible with C [-Wreturn-type-c-linkage]
 34987 | sonic_native_ninja_model_transform(
       | ^
C:\Users\ultim\Desktop\Sonic Adventure Recompiled\src\native_title_adapter.cpp(35134,36): warning: 'getenv' is deprecated: This function or variable may be unsafe. Consider using _dupenv_s instead. To disable deprecation, use _CRT_SECURE_NO_WARNINGS. See online help for details. [-Wdeprecated-declarations]
 35134 |             const auto* value=std::getenv("SARECOMP_NATIVE_PROJECTION_BATCH_VERIFY");
       |                                    ^
C:\Program Files (x86)\Windows Kits\10\Include\10.0.26100.0\ucrt\stdlib.h(1183,20): note: 'getenv' has been explicitly marked deprecated here
 1183 |     _Check_return_ _CRT_INSECURE_DEPRECATE(_dupenv_s)
      |                    ^
C:\Program Files (x86)\Microsoft Visual Studio\2022\BuildTools\VC\Tools\MSVC\14.44.35207\include\vcruntime.h(368,55): note: expanded from macro '_CRT_INSECURE_DEPRECATE'
  368 |         #define _CRT_INSECURE_DEPRECATE(_Replacement) _CRT_DEPRECATE_TEXT(    \
      |                                                       ^
C:\Program Files (x86)\Microsoft Visual Studio\2022\BuildTools\VC\Tools\MSVC\14.44.35207\include\vcruntime.h(358,47): note: expanded from macro '_CRT_DEPRECATE_TEXT'
  358 | #define _CRT_DEPRECATE_TEXT(_Text) __declspec(deprecated(_Text))
      |                                               ^
C:\Users\ultim\Desktop\Sonic Adventure Recompiled\src\native_title_adapter.cpp(37305,41): warning: 'getenv' is deprecated: This function or variable may be unsafe. Consider using _dupenv_s instead. To disable deprecation, use _CRT_SECURE_NO_WARNINGS. See online help for details. [-Wdeprecated-declarations]
 37305 |                 const auto* flag = std::getenv("SARECOMP_INDEXED_CORNERS");
       |                                         ^
C:\Program Files (x86)\Windows Kits\10\Include\10.0.26100.0\ucrt\stdlib.h(1183,20): note: 'getenv' has been explicitly marked deprecated here
 1183 |     _Check_return_ _CRT_INSECURE_DEPRECATE(_dupenv_s)
      |                    ^
C:\Program Files (x86)\Microsoft Visual Studio\2022\BuildTools\VC\Tools\MSVC\14.44.35207\include\vcruntime.h(368,55): note: expanded from macro '_CRT_INSECURE_DEPRECATE'
  368 |         #define _CRT_INSECURE_DEPRECATE(_Replacement) _CRT_DEPRECATE_TEXT(    \
      |                                                       ^
C:\Program Files (x86)\Microsoft Visual Studio\2022\BuildTools\VC\Tools\MSVC\14.44.35207\include\vcruntime.h(358,47): note: expanded from macro '_CRT_DEPRECATE_TEXT'
  358 | #define _CRT_DEPRECATE_TEXT(_Text) __declspec(deprecated(_Text))
      |                                               ^
C:\Users\ultim\Desktop\Sonic Adventure Recompiled\src\native_title_adapter.cpp(37322,39): warning: 'getenv' is deprecated: This function or variable may be unsafe. Consider using _dupenv_s instead. To disable deprecation, use _CRT_SECURE_NO_WARNINGS. See online help for details. [-Wdeprecated-declarations]
 37322 |                 const auto* flag=std::getenv("SARECOMP_MESH_SOURCE_PLAN");
       |                                       ^
C:\Program Files (x86)\Windows Kits\10\Include\10.0.26100.0\ucrt\stdlib.h(1183,20): note: 'getenv' has been explicitly marked deprecated here
 1183 |     _Check_return_ _CRT_INSECURE_DEPRECATE(_dupenv_s)
      |                    ^
C:\Program Files (x86)\Microsoft Visual Studio\2022\BuildTools\VC\Tools\MSVC\14.44.35207\include\vcruntime.h(368,55): note: expanded from macro '_CRT_INSECURE_DEPRECATE'
  368 |         #define _CRT_INSECURE_DEPRECATE(_Replacement) _CRT_DEPRECATE_TEXT(    \
      |                                                       ^
C:\Program Files (x86)\Microsoft Visual Studio\2022\BuildTools\VC\Tools\MSVC\14.44.35207\include\vcruntime.h(358,47): note: expanded from macro '_CRT_DEPRECATE_TEXT'
  358 | #define _CRT_DEPRECATE_TEXT(_Text) __declspec(deprecated(_Text))
      |                                               ^
C:\Users\ultim\Desktop\Sonic Adventure Recompiled\src\native_title_adapter.cpp(37352,39): warning: 'getenv' is deprecated: This function or variable may be unsafe. Consider using _dupenv_s instead. To disable deprecation, use _CRT_SECURE_NO_WARNINGS. See online help for details. [-Wdeprecated-declarations]
 37352 |                 const auto* flag=std::getenv("SARECOMP_MESH_SHARED_CORNERS");
       |                                       ^
C:\Program Files (x86)\Windows Kits\10\Include\10.0.26100.0\ucrt\stdlib.h(1183,20): note: 'getenv' has been explicitly marked deprecated here
 1183 |     _Check_return_ _CRT_INSECURE_DEPRECATE(_dupenv_s)
      |                    ^
C:\Program Files (x86)\Microsoft Visual Studio\2022\BuildTools\VC\Tools\MSVC\14.44.35207\include\vcruntime.h(368,55): note: expanded from macro '_CRT_INSECURE_DEPRECATE'
  368 |         #define _CRT_INSECURE_DEPRECATE(_Replacement) _CRT_DEPRECATE_TEXT(    \
      |                                                       ^
C:\Program Files (x86)\Microsoft Visual Studio\2022\BuildTools\VC\Tools\MSVC\14.44.35207\include\vcruntime.h(358,47): note: expanded from macro '_CRT_DEPRECATE_TEXT'
  358 | #define _CRT_DEPRECATE_TEXT(_Text) __declspec(deprecated(_Text))
      |                                               ^
C:\Users\ultim\Desktop\Sonic Adventure Recompiled\src\native_title_adapter.cpp(37994,65): warning: 'getenv' is deprecated: This function or variable may be unsafe. Consider using _dupenv_s instead. To disable deprecation, use _CRT_SECURE_NO_WARNINGS. See online help for details. [-Wdeprecated-declarations]
 37994 |                 static const bool verify=[] {const auto* p=std::getenv("SARECOMP_NATIVE_MODEL_PACKETS_VERIFY");
       |                                                                 ^
C:\Program Files (x86)\Windows Kits\10\Include\10.0.26100.0\ucrt\stdlib.h(1183,20): note: 'getenv' has been explicitly marked deprecated here
 1183 |     _Check_return_ _CRT_INSECURE_DEPRECATE(_dupenv_s)
      |                    ^
C:\Program Files (x86)\Microsoft Visual Studio\2022\BuildTools\VC\Tools\MSVC\14.44.35207\include\vcruntime.h(368,55): note: expanded from macro '_CRT_INSECURE_DEPRECATE'
  368 |         #define _CRT_INSECURE_DEPRECATE(_Replacement) _CRT_DEPRECATE_TEXT(    \
      |                                                       ^
C:\Program Files (x86)\Microsoft Visual Studio\2022\BuildTools\VC\Tools\MSVC\14.44.35207\include\vcruntime.h(358,47): note: expanded from macro '_CRT_DEPRECATE_TEXT'
  358 | #define _CRT_DEPRECATE_TEXT(_Text) __declspec(deprecated(_Text))
      |                                               ^
C:\Users\ultim\Desktop\Sonic Adventure Recompiled\src\native_title_adapter.cpp(38582,1): warning: 'sonic_native_ninja_model_draw' has C-linkage specified, but returns user-defined type 'katana::runtime::NativePortHookResult' which is incompatible with C [-Wreturn-type-c-linkage]
 38582 | sonic_native_ninja_model_draw(
       | ^
C:\Users\ultim\Desktop\Sonic Adventure Recompiled\src\native_title_adapter.cpp(38588,1): warning: 'sonic_native_widescreen_model_cull' has C-linkage specified, but returns user-defined type 'katana::runtime::NativePortHookResult' which is incompatible with C [-Wreturn-type-c-linkage]
 38588 | sonic_native_widescreen_model_cull(katana::runtime::NativePortContext&) noexcept;
       | ^
C:\Users\ultim\Desktop\Sonic Adventure Recompiled\src\native_title_adapter.cpp(38766,1): warning: 'sonic_native_model_pipeline' has C-linkage specified, but returns user-defined type 'katana::runtime::NativePortHookResult' which is incompatible with C [-Wreturn-type-c-linkage]
 38766 | sonic_native_model_pipeline(katana::runtime::NativePortContext& context) noexcept {
       | ^
C:\Users\ultim\Desktop\Sonic Adventure Recompiled\src\native_title_adapter.cpp(38781,1): warning: 'sonic_native_model_pipeline_8c037098' has C-linkage specified, but returns user-defined type 'katana::runtime::NativePortHookResult' which is incompatible with C [-Wreturn-type-c-linkage]
 38781 | sonic_native_model_pipeline_8c037098(katana::runtime::NativePortContext& context) noexcept {return sonic_native_model_pipeline(context);}
       | ^
C:\Users\ultim\Desktop\Sonic Adventure Recompiled\src\native_title_adapter.cpp(38783,1): warning: 'sonic_native_model_pipeline_8c037108' has C-linkage specified, but returns user-defined type 'katana::runtime::NativePortHookResult' which is incompatible with C [-Wreturn-type-c-linkage]
 38783 | sonic_native_model_pipeline_8c037108(katana::runtime::NativePortContext& context) noexcept {return sonic_native_model_pipeline(context);}
       | ^
C:\Users\ultim\Desktop\Sonic Adventure Recompiled\src\native_title_adapter.cpp(38788,1): warning: 'sonic_native_draw_polygon' has C-linkage specified, but returns user-defined type 'katana::runtime::NativePortHookResult' which is incompatible with C [-Wreturn-type-c-linkage]
 38788 | sonic_native_draw_polygon(
       | ^
C:\Users\ultim\Desktop\Sonic Adventure Recompiled\src\native_title_adapter.cpp(38794,1): warning: 'sonic_native_draw_texture' has C-linkage specified, but returns user-defined type 'katana::runtime::NativePortHookResult' which is incompatible with C [-Wreturn-type-c-linkage]
 38794 | sonic_native_draw_texture(
       | ^
C:\Users\ultim\Desktop\Sonic Adventure Recompiled\src\native_title_adapter.cpp(38800,1): warning: 'sonic_native_draw_textureh' has C-linkage specified, but returns user-defined type 'katana::runtime::NativePortHookResult' which is incompatible with C [-Wreturn-type-c-linkage]
 38800 | sonic_native_draw_textureh(
       | ^
C:\Users\ultim\Desktop\Sonic Adventure Recompiled\src\native_title_adapter.cpp(38806,1): warning: 'sonic_native_draw_pretransformed_dispatch' has C-linkage specified, but returns user-defined type 'katana::runtime::NativePortHookResult' which is incompatible with C [-Wreturn-type-c-linkage]
 38806 | sonic_native_draw_pretransformed_dispatch(
       | ^
C:\Users\ultim\Desktop\Sonic Adventure Recompiled\src\native_title_adapter.cpp(39164,1): warning: 'sonic_native_draw_pretransformed_line_dispatch' has C-linkage specified, but returns user-defined type 'katana::runtime::NativePortHookResult' which is incompatible with C [-Wreturn-type-c-linkage]
 39164 | sonic_native_draw_pretransformed_line_dispatch(
       | ^
C:\Users\ultim\Desktop\Sonic Adventure Recompiled\src\native_title_adapter.cpp(39720,1): warning: 'sonic_native_draw_pretransformed_colored' has C-linkage specified, but returns user-defined type 'katana::runtime::NativePortHookResult' which is incompatible with C [-Wreturn-type-c-linkage]
 39720 | sonic_native_draw_pretransformed_colored(
       | ^
C:\Users\ultim\Desktop\Sonic Adventure Recompiled\src\native_title_adapter.cpp(39726,1): warning: 'sonic_native_draw_pretransformed_textured' has C-linkage specified, but returns user-defined type 'katana::runtime::NativePortHookResult' which is incompatible with C [-Wreturn-type-c-linkage]
 39726 | sonic_native_draw_pretransformed_textured(
       | ^
C:\Users\ultim\Desktop\Sonic Adventure Recompiled\src\native_title_adapter.cpp(41070,1): warning: 'sonic_native_draw_sprite_2d' has C-linkage specified, but returns user-defined type 'katana::runtime::NativePortHookResult' which is incompatible with C [-Wreturn-type-c-linkage]
 41070 | sonic_native_draw_sprite_2d(
       | ^
C:\Users\ultim\Desktop\Sonic Adventure Recompiled\src\native_title_adapter.cpp(41076,1): warning: 'sonic_native_draw_sprite_3d' has C-linkage specified, but returns user-defined type 'katana::runtime::NativePortHookResult' which is incompatible with C [-Wreturn-type-c-linkage]
 41076 | sonic_native_draw_sprite_3d(
       | ^
C:\Users\ultim\Desktop\Sonic Adventure Recompiled\src\native_title_adapter.cpp(41082,1): warning: 'sonic_native_draw_route_sprite_3d' has C-linkage specified, but returns user-defined type 'katana::runtime::NativePortHookResult' which is incompatible with C [-Wreturn-type-c-linkage]
 41082 | sonic_native_draw_route_sprite_3d(
       | ^
C:\Users\ultim\Desktop\Sonic Adventure Recompiled\src\native_title_adapter.cpp(41533,1): warning: 'sonic_native_draw_glyph_text' has C-linkage specified, but returns user-defined type 'katana::runtime::NativePortHookResult' which is incompatible with C [-Wreturn-type-c-linkage]
 41533 | sonic_native_draw_glyph_text(
       | ^
C:\Users\ultim\Desktop\Sonic Adventure Recompiled\src\native_title_adapter.cpp(41539,1): warning: 'sonic_native_draw_glyph_decimal' has C-linkage specified, but returns user-defined type 'katana::runtime::NativePortHookResult' which is incompatible with C [-Wreturn-type-c-linkage]
 41539 | sonic_native_draw_glyph_decimal(
       | ^
C:\Users\ultim\Desktop\Sonic Adventure Recompiled\src\native_title_adapter.cpp(41545,1): warning: 'sonic_native_draw_glyph_nibbles' has C-linkage specified, but returns user-defined type 'katana::runtime::NativePortHookResult' which is incompatible with C [-Wreturn-type-c-linkage]
 41545 | sonic_native_draw_glyph_nibbles(
       | ^
C:\Users\ultim\Desktop\Sonic Adventure Recompiled\src\native_title_adapter.cpp(41551,1): warning: 'sonic_native_draw_resident_glyph_text' has C-linkage specified, but returns user-defined type 'katana::runtime::NativePortHookResult' which is incompatible with C [-Wreturn-type-c-linkage]
 41551 | sonic_native_draw_resident_glyph_text(
       | ^
C:\Users\ultim\Desktop\Sonic Adventure Recompiled\src\native_title_adapter.cpp(41558,1): warning: 'sonic_native_draw_resident_glyph_foreground' has C-linkage specified, but returns user-defined type 'katana::runtime::NativePortHookResult' which is incompatible with C [-Wreturn-type-c-linkage]
 41558 | sonic_native_draw_resident_glyph_foreground(
       | ^
C:\Users\ultim\Desktop\Sonic Adventure Recompiled\src\native_title_adapter.cpp(41565,1): warning: 'sonic_native_draw_resident_glyph_decimal' has C-linkage specified, but returns user-defined type 'katana::runtime::NativePortHookResult' which is incompatible with C [-Wreturn-type-c-linkage]
 41565 | sonic_native_draw_resident_glyph_decimal(
       | ^
C:\Users\ultim\Desktop\Sonic Adventure Recompiled\src\native_title_adapter.cpp(41572,1): warning: 'sonic_native_draw_resident_glyph_binary' has C-linkage specified, but returns user-defined type 'katana::runtime::NativePortHookResult' which is incompatible with C [-Wreturn-type-c-linkage]
 41572 | sonic_native_draw_resident_glyph_binary(
       | ^
C:\Users\ultim\Desktop\Sonic Adventure Recompiled\src\native_title_adapter.cpp(41579,1): warning: 'sonic_native_draw_resident_glyph_nibbles' has C-linkage specified, but returns user-defined type 'katana::runtime::NativePortHookResult' which is incompatible with C [-Wreturn-type-c-linkage]
 41579 | sonic_native_draw_resident_glyph_nibbles(
       | ^
C:\Users\ultim\Desktop\Sonic Adventure Recompiled\src\native_title_adapter.cpp(41586,1): warning: 'sonic_native_draw_resident_glyph_float' has C-linkage specified, but returns user-defined type 'katana::runtime::NativePortHookResult' which is incompatible with C [-Wreturn-type-c-linkage]
 41586 | sonic_native_draw_resident_glyph_float(
       | ^
C:\Users\ultim\Desktop\Sonic Adventure Recompiled\src\native_title_adapter.cpp(41902,1): warning: 'sonic_native_frame_begin' has C-linkage specified, but returns user-defined type 'katana::runtime::NativePortHookResult' which is incompatible with C [-Wreturn-type-c-linkage]
 41902 | sonic_native_frame_begin(
       | ^
C:\Users\ultim\Desktop\Sonic Adventure Recompiled\src\native_title_adapter.cpp(42235,1): warning: 'sonic_native_frame_producer_complete' has C-linkage specified, but returns user-defined type 'katana::runtime::NativePortHookResult' which is incompatible with C [-Wreturn-type-c-linkage]
 42235 | sonic_native_frame_producer_complete(
       | ^
C:\Users\ultim\Desktop\Sonic Adventure Recompiled\src\native_title_adapter.cpp(42267,1): warning: 'sonic_native_frame_producer_wait' has C-linkage specified, but returns user-defined type 'katana::runtime::NativePortHookResult' which is incompatible with C [-Wreturn-type-c-linkage]
 42267 | sonic_native_frame_producer_wait(
       | ^
C:\Users\ultim\Desktop\Sonic Adventure Recompiled\src\native_title_adapter.cpp(42303,1): warning: 'sonic_native_scene_begin' has C-linkage specified, but returns user-defined type 'katana::runtime::NativePortHookResult' which is incompatible with C [-Wreturn-type-c-linkage]
 42303 | sonic_native_scene_begin(
       | ^
C:\Users\ultim\Desktop\Sonic Adventure Recompiled\src\native_title_adapter.cpp(42364,1): warning: 'sonic_native_frame_turnover' has C-linkage specified, but returns user-defined type 'katana::runtime::NativePortHookResult' which is incompatible with C [-Wreturn-type-c-linkage]
 42364 | sonic_native_frame_turnover(
       | ^
C:\Users\ultim\Desktop\Sonic Adventure Recompiled\src\native_title_adapter.cpp(42488,1): warning: 'sonic_native_kamui_present_drain' has C-linkage specified, but returns user-defined type 'katana::runtime::NativePortHookResult' which is incompatible with C [-Wreturn-type-c-linkage]
 42488 | sonic_native_kamui_present_drain(
       | ^
C:\Users\ultim\Desktop\Sonic Adventure Recompiled\src\native_title_adapter.cpp(42536,1): warning: 'sonic_native_waypoint_probe' has C-linkage specified, but returns user-defined type 'katana::runtime::NativePortHookResult' which is incompatible with C [-Wreturn-type-c-linkage]
 42536 | sonic_native_waypoint_probe(
       | ^
C:\Users\ultim\Desktop\Sonic Adventure Recompiled\src\native_title_adapter.cpp(42563,1): warning: 'sonic_native_waypoint_title_dispatch' has C-linkage specified, but returns user-defined type 'katana::runtime::NativePortHookResult' which is incompatible with C [-Wreturn-type-c-linkage]
 42563 | sonic_native_waypoint_title_dispatch(
       | ^
C:\Users\ultim\Desktop\Sonic Adventure Recompiled\src\native_title_adapter.cpp(42569,1): warning: 'sonic_native_waypoint_frame_dispatch' has C-linkage specified, but returns user-defined type 'katana::runtime::NativePortHookResult' which is incompatible with C [-Wreturn-type-c-linkage]
 42569 | sonic_native_waypoint_frame_dispatch(
       | ^
C:\Users\ultim\Desktop\Sonic Adventure Recompiled\src\native_title_adapter.cpp(42732,1): warning: 'sonic_native_pvr_asic_interrupt_normal_acknowledge_8_8c6047ba' has C-linkage specified, but returns user-defined type 'katana::runtime::NativePortHookResult' which is incompatible with C [-Wreturn-type-c-linkage]
 42732 | sonic_native_pvr_asic_interrupt_normal_acknowledge_8_8c6047ba(
       | ^
C:\Users\ultim\Desktop\Sonic Adventure Recompiled\src\native_title_adapter.cpp(42739,1): warning: 'sonic_native_pvr_softreset_write_1_8c653388' has C-linkage specified, but returns user-defined type 'katana::runtime::NativePortHookResult' which is incompatible with C [-Wreturn-type-c-linkage]
 42739 | sonic_native_pvr_softreset_write_1_8c653388(
       | ^
C:\Users\ultim\Desktop\Sonic Adventure Recompiled\src\native_title_adapter.cpp(42808,1): warning: 'sonic_native_pvr_asic_interrupt_error_acknowledge_4' has C-linkage specified, but returns user-defined type 'katana::runtime::NativePortHookResult' which is incompatible with C [-Wreturn-type-c-linkage]
 42808 | sonic_native_pvr_asic_interrupt_error_acknowledge_4(
       | ^
C:\Users\ultim\Desktop\Sonic Adventure Recompiled\src\native_title_adapter.cpp(42815,1): warning: 'sonic_native_pvr_asic_interrupt_error_acknowledge_8' has C-linkage specified, but returns user-defined type 'katana::runtime::NativePortHookResult' which is incompatible with C [-Wreturn-type-c-linkage]
 42815 | sonic_native_pvr_asic_interrupt_error_acknowledge_8(
       | ^
C:\Users\ultim\Desktop\Sonic Adventure Recompiled\src\native_title_adapter.cpp(42822,1): warning: 'sonic_native_pvr_asic_error_acknowledge' has C-linkage specified, but returns user-defined type 'katana::runtime::NativePortHookResult' which is incompatible with C [-Wreturn-type-c-linkage]
 42822 | sonic_native_pvr_asic_error_acknowledge(
       | ^
C:\Users\ultim\Desktop\Sonic Adventure Recompiled\src\native_title_adapter.cpp(42903,1): warning: 'sonic_native_platform_interrupt_normal_mask_seed' has C-linkage specified, but returns user-defined type 'katana::runtime::NativePortHookResult' which is incompatible with C [-Wreturn-type-c-linkage]
 42903 | sonic_native_platform_interrupt_normal_mask_seed(
       | ^
C:\Users\ultim\Desktop\Sonic Adventure Recompiled\src\native_title_adapter.cpp(42964,1): warning: 'sonic_native_platform_interrupt_normal_mask_initialize' has C-linkage specified, but returns user-defined type 'katana::runtime::NativePortHookResult' which is incompatible with C [-Wreturn-type-c-linkage]
 42964 | sonic_native_platform_interrupt_normal_mask_initialize(
       | ^
C:\Users\ultim\Desktop\Sonic Adventure Recompiled\src\native_title_adapter.cpp(43105,1): warning: 'sonic_native_pvr_asic_channel_setup' has C-linkage specified, but returns user-defined type 'katana::runtime::NativePortHookResult' which is incompatible with C [-Wreturn-type-c-linkage]
 43105 | sonic_native_pvr_asic_channel_setup(
       | ^
C:\Users\ultim\Desktop\Sonic Adventure Recompiled\src\native_title_adapter.cpp(43222,1): warning: 'sonic_native_pvr_asic_service' has C-linkage specified, but returns user-defined type 'katana::runtime::NativePortHookResult' which is incompatible with C [-Wreturn-type-c-linkage]
 43222 | sonic_native_pvr_asic_service(
       | ^
C:\Users\ultim\Desktop\Sonic Adventure Recompiled\src\native_title_adapter.cpp(43277,1): warning: 'sonic_native_pvr_asic_scheduler' has C-linkage specified, but returns user-defined type 'katana::runtime::NativePortHookResult' which is incompatible with C [-Wreturn-type-c-linkage]
 43277 | sonic_native_pvr_asic_scheduler(
       | ^
C:\Users\ultim\Desktop\Sonic Adventure Recompiled\src\native_title_adapter.cpp(43309,1): warning: 'sonic_native_pvr_asic_dispatch' has C-linkage specified, but returns user-defined type 'katana::runtime::NativePortHookResult' which is incompatible with C [-Wreturn-type-c-linkage]
 43309 | sonic_native_pvr_asic_dispatch(
       | ^
C:\Users\ultim\Desktop\Sonic Adventure Recompiled\src\native_title_adapter.cpp(43343,1): warning: 'sonic_native_g2_bus_configure' has C-linkage specified, but returns user-defined type 'katana::runtime::NativePortHookResult' which is incompatible with C [-Wreturn-type-c-linkage]
 43343 | sonic_native_g2_bus_configure(
       | ^
C:\Users\ultim\Desktop\Sonic Adventure Recompiled\src\native_title_adapter.cpp(43823,1): warning: 'sonic_native_ninja_resident_model_draw_8c6107f0' has C-linkage specified, but returns user-defined type 'katana::runtime::NativePortHookResult' which is incompatible with C [-Wreturn-type-c-linkage]
 43823 | sonic_native_ninja_resident_model_draw_8c6107f0(
       | ^
C:\Users\ultim\Desktop\Sonic Adventure Recompiled\src\native_title_adapter.cpp(43830,1): warning: 'sonic_native_ninja_basic_model_draw_8c6214fa' has C-linkage specified, but returns user-defined type 'katana::runtime::NativePortHookResult' which is incompatible with C [-Wreturn-type-c-linkage]
 43830 | sonic_native_ninja_basic_model_draw_8c6214fa(
       | ^
C:\Users\ultim\Desktop\Sonic Adventure Recompiled\src\native_title_adapter.cpp(43837,1): warning: 'sonic_native_ninja_basic_model_draw_8c638d72' has C-linkage specified, but returns user-defined type 'katana::runtime::NativePortHookResult' which is incompatible with C [-Wreturn-type-c-linkage]
 43837 | sonic_native_ninja_basic_model_draw_8c638d72(
       | ^
C:\Users\ultim\Desktop\Sonic Adventure Recompiled\src\native_title_adapter.cpp(154,25): warning: unused variable 'sonic_native_graphics_error_pretransformed' [-Wunused-const-variable]
  154 | constexpr std::uint32_t sonic_native_graphics_error_pretransformed = 0x53414708u;
      |                         ^~~~~~~~~~~~~~~~~~~~~~~~~~~~~~~~~~~~~~~~~~
C:\Users\ultim\Desktop\Sonic Adventure Recompiled\src\native_title_adapter.cpp(155,25): warning: unused variable 'sonic_native_graphics_error_border_color' [-Wunused-const-variable]
  155 | constexpr std::uint32_t sonic_native_graphics_error_border_color = 0x53414709u;
      |                         ^~~~~~~~~~~~~~~~~~~~~~~~~~~~~~~~~~~~~~~~
C:\Users\ultim\Desktop\Sonic Adventure Recompiled\src\native_title_adapter.cpp(164,25): warning: unused variable 'sonic_native_frame_error_producer' [-Wunused-const-variable]
  164 | constexpr std::uint32_t sonic_native_frame_error_producer = 0x53414602u;
      |                         ^~~~~~~~~~~~~~~~~~~~~~~~~~~~~~~~~
C:\Users\ultim\Desktop\Sonic Adventure Recompiled\src\native_title_adapter.cpp(190,25): warning: unused variable 'sonic_native_movie_error_shutdown' [-Wunused-const-variable]
  190 | constexpr std::uint32_t sonic_native_movie_error_shutdown = 0x53414D06u;
      |                         ^~~~~~~~~~~~~~~~~~~~~~~~~~~~~~~~~
C:\Users\ultim\Desktop\Sonic Adventure Recompiled\src\native_title_adapter.cpp(220,25): warning: unused variable 'sonic_native_transfer_error_queue' [-Wunused-const-variable]
  220 | constexpr std::uint32_t sonic_native_transfer_error_queue = 0x53415804u;
      |                         ^~~~~~~~~~~~~~~~~~~~~~~~~~~~~~~~~
C:\Users\ultim\Desktop\Sonic Adventure Recompiled\src\native_title_adapter.cpp(373,25): warning: unused variable 'sonic_native_pvr_asic_dma_status' [-Wunused-const-variable]
  373 | constexpr std::uint32_t sonic_native_pvr_asic_dma_status = 0xA05F810Cu;
      |                         ^~~~~~~~~~~~~~~~~~~~~~~~~~~~~~~~
C:\Users\ultim\Desktop\Sonic Adventure Recompiled\src\native_title_adapter.cpp(374,25): warning: unused variable 'sonic_native_pvr_asic_dma_control' [-Wunused-const-variable]
  374 | constexpr std::uint32_t sonic_native_pvr_asic_dma_control = 0xA05F6900u;
      |                         ^~~~~~~~~~~~~~~~~~~~~~~~~~~~~~~~~
C:\Users\ultim\Desktop\Sonic Adventure Recompiled\src\native_title_adapter.cpp(375,25): warning: unused variable 'sonic_native_pvr_asic_dma_control_secondary' [-Wunused-const-variable]
  375 | constexpr std::uint32_t sonic_native_pvr_asic_dma_control_secondary =
      |                         ^~~~~~~~~~~~~~~~~~~~~~~~~~~~~~~~~~~~~~~~~~~
C:\Users\ultim\Desktop\Sonic Adventure Recompiled\src\native_title_adapter.cpp(1071,25): warning: unused variable 'sonic_ninja_font_surface' [-Wunused-const-variable]
 1071 | constexpr std::uint32_t sonic_ninja_font_surface = 0x8C8904A4u;
      |                         ^~~~~~~~~~~~~~~~~~~~~~~~
C:\Users\ultim\Desktop\Sonic Adventure Recompiled\src\native_title_adapter.cpp(4526,43): warning: unused function 'reader_byte' [-Wunused-function]
 4526 | [[nodiscard]] std::optional<std::uint8_t> reader_byte(
      |                                           ^~~~~~~~~~~
C:\Users\ultim\Desktop\Sonic Adventure Recompiled\src\native_title_adapter.cpp(6583,1): warning: unused function 'sonic_current_ninja_transform' [-Wunused-function]
 6583 | sonic_current_ninja_transform(
      | ^~~~~~~~~~~~~~~~~~~~~~~~~~~~~
C:\Users\ultim\Desktop\Sonic Adventure Recompiled\src\native_title_adapter.cpp(13688,20): warning: unused function 'native_loaded_aot_texture_matches' [-Wunused-function]
 13688 | [[nodiscard]] bool native_loaded_aot_texture_matches(
       |                    ^~~~~~~~~~~~~~~~~~~~~~~~~~~~~~~~~
C:\Users\ultim\Desktop\Sonic Adventure Recompiled\src\native_title_adapter.cpp(20906,20): warning: unused function 'guest_string_equals' [-Wunused-function]
 20906 | [[nodiscard]] bool guest_string_equals(
       |                    ^~~~~~~~~~~~~~~~~~~
C:\Users\ultim\Desktop\Sonic Adventure Recompiled\src\native_title_adapter.cpp(21039,20): warning: unused function 'sonic_native_save_publish' [-Wunused-function]
 21039 | [[nodiscard]] bool sonic_native_save_publish(
       |                    ^~~~~~~~~~~~~~~~~~~~~~~~~
C:\Users\ultim\Desktop\Sonic Adventure Recompiled\src\native_title_adapter.cpp(23005,24): warning: unused variable 'sonic_native_adxt_state_preparing' [-Wunused-const-variable]
 23005 | constexpr std::uint8_t sonic_native_adxt_state_preparing = 2u;
       |                        ^~~~~~~~~~~~~~~~~~~~~~~~~~~~~~~~~
311 warnings generated.
[13/51] Building CXX object CMakeFiles\katana_native_title_adapter.dir\src\sonic_model_pipeline.cpp.obj
In file included from C:\Users\ultim\Desktop\Sonic Adventure Recompiled\src\sonic_model_pipeline.cpp:2:
In file included from C:\Users\ultim\Desktop\Sonic Adventure Recompiled\src\sonic_native_model_memory.hpp:2:
In file included from C:\Users\ultim\Desktop\Sonic Adventure Recompiled\src\sonic_scalar_write_view.hpp:3:
C:\Users\ultim\Desktop\Sonic Adventure Recompiled\src\sonic_internal_diagnostics.hpp(28,67): warning: 'getenv' is deprecated: This function or variable may be unsafe. Consider using _dupenv_s instead. To disable deprecation, use _CRT_SECURE_NO_WARNINGS. See online help for details. [-Wdeprecated-declarations]
   28 |     internal_runtime_enabled = read_internal_policy(program, std::getenv("SARECOMP_INTERNAL_DIAGNOSTICS"));
      |                                                                   ^
C:\Program Files (x86)\Windows Kits\10\Include\10.0.26100.0\ucrt\stdlib.h(1183,20): note: 'getenv' has been explicitly marked deprecated here
 1183 |     _Check_return_ _CRT_INSECURE_DEPRECATE(_dupenv_s)
      |                    ^
C:\Program Files (x86)\Microsoft Visual Studio\2022\BuildTools\VC\Tools\MSVC\14.44.35207\include\vcruntime.h(368,55): note: expanded from macro '_CRT_INSECURE_DEPRECATE'
  368 |         #define _CRT_INSECURE_DEPRECATE(_Replacement) _CRT_DEPRECATE_TEXT(    \
      |                                                       ^
C:\Program Files (x86)\Microsoft Visual Studio\2022\BuildTools\VC\Tools\MSVC\14.44.35207\include\vcruntime.h(358,47): note: expanded from macro '_CRT_DEPRECATE_TEXT'
  358 | #define _CRT_DEPRECATE_TEXT(_Text) __declspec(deprecated(_Text))
      |                                               ^
In file included from C:\Users\ultim\Desktop\Sonic Adventure Recompiled\src\sonic_model_pipeline.cpp:2:
In file included from C:\Users\ultim\Desktop\Sonic Adventure Recompiled\src\sonic_native_model_memory.hpp:2:
In file included from C:\Users\ultim\Desktop\Sonic Adventure Recompiled\src\sonic_scalar_write_view.hpp:4:
C:\Users\ultim\Desktop\Sonic Adventure Recompiled\src\sonic_native_cpu_policy.hpp(11,30): warning: 'getenv' is deprecated: This function or variable may be unsafe. Consider using _dupenv_s instead. To disable deprecation, use _CRT_SECURE_NO_WARNINGS. See online help for details. [-Wdeprecated-declarations]
   11 |     const char* group = std::getenv("SARECOMP_NATIVE_CPU_PATHS");
      |                              ^
C:\Program Files (x86)\Windows Kits\10\Include\10.0.26100.0\ucrt\stdlib.h(1183,20): note: 'getenv' has been explicitly marked deprecated here
 1183 |     _Check_return_ _CRT_INSECURE_DEPRECATE(_dupenv_s)
      |                    ^
C:\Program Files (x86)\Microsoft Visual Studio\2022\BuildTools\VC\Tools\MSVC\14.44.35207\include\vcruntime.h(368,55): note: expanded from macro '_CRT_INSECURE_DEPRECATE'
  368 |         #define _CRT_INSECURE_DEPRECATE(_Replacement) _CRT_DEPRECATE_TEXT(    \
      |                                                       ^
C:\Program Files (x86)\Microsoft Visual Studio\2022\BuildTools\VC\Tools\MSVC\14.44.35207\include\vcruntime.h(358,47): note: expanded from macro '_CRT_DEPRECATE_TEXT'
  358 | #define _CRT_DEPRECATE_TEXT(_Text) __declspec(deprecated(_Text))
      |                                               ^
In file included from C:\Users\ultim\Desktop\Sonic Adventure Recompiled\src\sonic_model_pipeline.cpp:2:
In file included from C:\Users\ultim\Desktop\Sonic Adventure Recompiled\src\sonic_native_model_memory.hpp:2:
In file included from C:\Users\ultim\Desktop\Sonic Adventure Recompiled\src\sonic_scalar_write_view.hpp:4:
C:\Users\ultim\Desktop\Sonic Adventure Recompiled\src\sonic_native_cpu_policy.hpp(13,30): warning: 'getenv' is deprecated: This function or variable may be unsafe. Consider using _dupenv_s instead. To disable deprecation, use _CRT_SECURE_NO_WARNINGS. See online help for details. [-Wdeprecated-declarations]
   13 |     const char* value = std::getenv(option);
      |                              ^
C:\Program Files (x86)\Windows Kits\10\Include\10.0.26100.0\ucrt\stdlib.h(1183,20): note: 'getenv' has been explicitly marked deprecated here
 1183 |     _Check_return_ _CRT_INSECURE_DEPRECATE(_dupenv_s)
      |                    ^
C:\Program Files (x86)\Microsoft Visual Studio\2022\BuildTools\VC\Tools\MSVC\14.44.35207\include\vcruntime.h(368,55): note: expanded from macro '_CRT_INSECURE_DEPRECATE'
  368 |         #define _CRT_INSECURE_DEPRECATE(_Replacement) _CRT_DEPRECATE_TEXT(    \
      |                                                       ^
C:\Program Files (x86)\Microsoft Visual Studio\2022\BuildTools\VC\Tools\MSVC\14.44.35207\include\vcruntime.h(358,47): note: expanded from macro '_CRT_DEPRECATE_TEXT'
  358 | #define _CRT_DEPRECATE_TEXT(_Text) __declspec(deprecated(_Text))
      |                                               ^
In file included from C:\Users\ultim\Desktop\Sonic Adventure Recompiled\src\sonic_model_pipeline.cpp:2:
In file included from C:\Users\ultim\Desktop\Sonic Adventure Recompiled\src\sonic_native_model_memory.hpp:2:
C:\Users\ultim\Desktop\Sonic Adventure Recompiled\src\sonic_scalar_write_view.hpp(30,30): warning: 'getenv' is deprecated: This function or variable may be unsafe. Consider using _dupenv_s instead. To disable deprecation, use _CRT_SECURE_NO_WARNINGS. See online help for details. [-Wdeprecated-declarations]
   30 |         const char* p = std::getenv("SARECOMP_SCALAR_WRITES");
      |                              ^
C:\Program Files (x86)\Windows Kits\10\Include\10.0.26100.0\ucrt\stdlib.h(1183,20): note: 'getenv' has been explicitly marked deprecated here
 1183 |     _Check_return_ _CRT_INSECURE_DEPRECATE(_dupenv_s)
      |                    ^
C:\Program Files (x86)\Microsoft Visual Studio\2022\BuildTools\VC\Tools\MSVC\14.44.35207\include\vcruntime.h(368,55): note: expanded from macro '_CRT_INSECURE_DEPRECATE'
  368 |         #define _CRT_INSECURE_DEPRECATE(_Replacement) _CRT_DEPRECATE_TEXT(    \
      |                                                       ^
C:\Program Files (x86)\Microsoft Visual Studio\2022\BuildTools\VC\Tools\MSVC\14.44.35207\include\vcruntime.h(358,47): note: expanded from macro '_CRT_DEPRECATE_TEXT'
  358 | #define _CRT_DEPRECATE_TEXT(_Text) __declspec(deprecated(_Text))
      |                                               ^
In file included from C:\Users\ultim\Desktop\Sonic Adventure Recompiled\src\sonic_model_pipeline.cpp:2:
In file included from C:\Users\ultim\Desktop\Sonic Adventure Recompiled\src\sonic_native_model_memory.hpp:2:
C:\Users\ultim\Desktop\Sonic Adventure Recompiled\src\sonic_scalar_write_view.hpp(38,30): warning: 'getenv' is deprecated: This function or variable may be unsafe. Consider using _dupenv_s instead. To disable deprecation, use _CRT_SECURE_NO_WARNINGS. See online help for details. [-Wdeprecated-declarations]
   38 |         const char* p = std::getenv("SARECOMP_STACK_FRAMES");
      |                              ^
C:\Program Files (x86)\Windows Kits\10\Include\10.0.26100.0\ucrt\stdlib.h(1183,20): note: 'getenv' has been explicitly marked deprecated here
 1183 |     _Check_return_ _CRT_INSECURE_DEPRECATE(_dupenv_s)
      |                    ^
C:\Program Files (x86)\Microsoft Visual Studio\2022\BuildTools\VC\Tools\MSVC\14.44.35207\include\vcruntime.h(368,55): note: expanded from macro '_CRT_INSECURE_DEPRECATE'
  368 |         #define _CRT_INSECURE_DEPRECATE(_Replacement) _CRT_DEPRECATE_TEXT(    \
      |                                                       ^
C:\Program Files (x86)\Microsoft Visual Studio\2022\BuildTools\VC\Tools\MSVC\14.44.35207\include\vcruntime.h(358,47): note: expanded from macro '_CRT_DEPRECATE_TEXT'
  358 | #define _CRT_DEPRECATE_TEXT(_Text) __declspec(deprecated(_Text))
      |                                               ^
In file included from C:\Users\ultim\Desktop\Sonic Adventure Recompiled\src\sonic_model_pipeline.cpp:2:
In file included from C:\Users\ultim\Desktop\Sonic Adventure Recompiled\src\sonic_native_model_memory.hpp:2:
C:\Users\ultim\Desktop\Sonic Adventure Recompiled\src\sonic_scalar_write_view.hpp(46,30): warning: 'getenv' is deprecated: This function or variable may be unsafe. Consider using _dupenv_s instead. To disable deprecation, use _CRT_SECURE_NO_WARNINGS. See online help for details. [-Wdeprecated-declarations]
   46 |         const char* p = std::getenv("SARECOMP_RAM_REGIONS");
      |                              ^
C:\Program Files (x86)\Windows Kits\10\Include\10.0.26100.0\ucrt\stdlib.h(1183,20): note: 'getenv' has been explicitly marked deprecated here
 1183 |     _Check_return_ _CRT_INSECURE_DEPRECATE(_dupenv_s)
      |                    ^
C:\Program Files (x86)\Microsoft Visual Studio\2022\BuildTools\VC\Tools\MSVC\14.44.35207\include\vcruntime.h(368,55): note: expanded from macro '_CRT_INSECURE_DEPRECATE'
  368 |         #define _CRT_INSECURE_DEPRECATE(_Replacement) _CRT_DEPRECATE_TEXT(    \
      |                                                       ^
C:\Program Files (x86)\Microsoft Visual Studio\2022\BuildTools\VC\Tools\MSVC\14.44.35207\include\vcruntime.h(358,47): note: expanded from macro '_CRT_DEPRECATE_TEXT'
  358 | #define _CRT_DEPRECATE_TEXT(_Text) __declspec(deprecated(_Text))
      |                                               ^
6 warnings generated.
[14/51] Building CXX object CMakeFiles\katana_native_title_adapter.dir\src\sonic_object_activation.cpp.obj
In file included from C:\Users\ultim\Desktop\Sonic Adventure Recompiled\src\sonic_object_activation.cpp:1:
In file included from C:\Users\ultim\Desktop\Sonic Adventure Recompiled\src\sonic_object_activation.hpp:3:
C:\Users\ultim\Desktop\Sonic Adventure Recompiled\src\sonic_native_cpu_policy.hpp(11,30): warning: 'getenv' is deprecated: This function or variable may be unsafe. Consider using _dupenv_s instead. To disable deprecation, use _CRT_SECURE_NO_WARNINGS. See online help for details. [-Wdeprecated-declarations]
   11 |     const char* group = std::getenv("SARECOMP_NATIVE_CPU_PATHS");
      |                              ^
C:\Program Files (x86)\Windows Kits\10\Include\10.0.26100.0\ucrt\stdlib.h(1183,20): note: 'getenv' has been explicitly marked deprecated here
 1183 |     _Check_return_ _CRT_INSECURE_DEPRECATE(_dupenv_s)
      |                    ^
C:\Program Files (x86)\Microsoft Visual Studio\2022\BuildTools\VC\Tools\MSVC\14.44.35207\include\vcruntime.h(368,55): note: expanded from macro '_CRT_INSECURE_DEPRECATE'
  368 |         #define _CRT_INSECURE_DEPRECATE(_Replacement) _CRT_DEPRECATE_TEXT(    \
      |                                                       ^
C:\Program Files (x86)\Microsoft Visual Studio\2022\BuildTools\VC\Tools\MSVC\14.44.35207\include\vcruntime.h(358,47): note: expanded from macro '_CRT_DEPRECATE_TEXT'
  358 | #define _CRT_DEPRECATE_TEXT(_Text) __declspec(deprecated(_Text))
      |                                               ^
In file included from C:\Users\ultim\Desktop\Sonic Adventure Recompiled\src\sonic_object_activation.cpp:1:
In file included from C:\Users\ultim\Desktop\Sonic Adventure Recompiled\src\sonic_object_activation.hpp:3:
C:\Users\ultim\Desktop\Sonic Adventure Recompiled\src\sonic_native_cpu_policy.hpp(13,30): warning: 'getenv' is deprecated: This function or variable may be unsafe. Consider using _dupenv_s instead. To disable deprecation, use _CRT_SECURE_NO_WARNINGS. See online help for details. [-Wdeprecated-declarations]
   13 |     const char* value = std::getenv(option);
      |                              ^
C:\Program Files (x86)\Windows Kits\10\Include\10.0.26100.0\ucrt\stdlib.h(1183,20): note: 'getenv' has been explicitly marked deprecated here
 1183 |     _Check_return_ _CRT_INSECURE_DEPRECATE(_dupenv_s)
      |                    ^
C:\Program Files (x86)\Microsoft Visual Studio\2022\BuildTools\VC\Tools\MSVC\14.44.35207\include\vcruntime.h(368,55): note: expanded from macro '_CRT_INSECURE_DEPRECATE'
  368 |         #define _CRT_INSECURE_DEPRECATE(_Replacement) _CRT_DEPRECATE_TEXT(    \
      |                                                       ^
C:\Program Files (x86)\Microsoft Visual Studio\2022\BuildTools\VC\Tools\MSVC\14.44.35207\include\vcruntime.h(358,47): note: expanded from macro '_CRT_DEPRECATE_TEXT'
  358 | #define _CRT_DEPRECATE_TEXT(_Text) __declspec(deprecated(_Text))
      |                                               ^
In file included from C:\Users\ultim\Desktop\Sonic Adventure Recompiled\src\sonic_object_activation.cpp:1:
In file included from C:\Users\ultim\Desktop\Sonic Adventure Recompiled\src\sonic_object_activation.hpp:4:
C:\Users\ultim\Desktop\Sonic Adventure Recompiled\src\sonic_internal_diagnostics.hpp(28,67): warning: 'getenv' is deprecated: This function or variable may be unsafe. Consider using _dupenv_s instead. To disable deprecation, use _CRT_SECURE_NO_WARNINGS. See online help for details. [-Wdeprecated-declarations]
   28 |     internal_runtime_enabled = read_internal_policy(program, std::getenv("SARECOMP_INTERNAL_DIAGNOSTICS"));
      |                                                                   ^
C:\Program Files (x86)\Windows Kits\10\Include\10.0.26100.0\ucrt\stdlib.h(1183,20): note: 'getenv' has been explicitly marked deprecated here
 1183 |     _Check_return_ _CRT_INSECURE_DEPRECATE(_dupenv_s)
      |                    ^
C:\Program Files (x86)\Microsoft Visual Studio\2022\BuildTools\VC\Tools\MSVC\14.44.35207\include\vcruntime.h(368,55): note: expanded from macro '_CRT_INSECURE_DEPRECATE'
  368 |         #define _CRT_INSECURE_DEPRECATE(_Replacement) _CRT_DEPRECATE_TEXT(    \
      |                                                       ^
C:\Program Files (x86)\Microsoft Visual Studio\2022\BuildTools\VC\Tools\MSVC\14.44.35207\include\vcruntime.h(358,47): note: expanded from macro '_CRT_DEPRECATE_TEXT'
  358 | #define _CRT_DEPRECATE_TEXT(_Text) __declspec(deprecated(_Text))
      |                                               ^
In file included from C:\Users\ultim\Desktop\Sonic Adventure Recompiled\src\sonic_object_activation.cpp:2:
C:\Users\ultim\Desktop\Sonic Adventure Recompiled\src\sonic_scalar_write_view.hpp(30,30): warning: 'getenv' is deprecated: This function or variable may be unsafe. Consider using _dupenv_s instead. To disable deprecation, use _CRT_SECURE_NO_WARNINGS. See online help for details. [-Wdeprecated-declarations]
   30 |         const char* p = std::getenv("SARECOMP_SCALAR_WRITES");
      |                              ^
C:\Program Files (x86)\Windows Kits\10\Include\10.0.26100.0\ucrt\stdlib.h(1183,20): note: 'getenv' has been explicitly marked deprecated here
 1183 |     _Check_return_ _CRT_INSECURE_DEPRECATE(_dupenv_s)
      |                    ^
C:\Program Files (x86)\Microsoft Visual Studio\2022\BuildTools\VC\Tools\MSVC\14.44.35207\include\vcruntime.h(368,55): note: expanded from macro '_CRT_INSECURE_DEPRECATE'
  368 |         #define _CRT_INSECURE_DEPRECATE(_Replacement) _CRT_DEPRECATE_TEXT(    \
      |                                                       ^
C:\Program Files (x86)\Microsoft Visual Studio\2022\BuildTools\VC\Tools\MSVC\14.44.35207\include\vcruntime.h(358,47): note: expanded from macro '_CRT_DEPRECATE_TEXT'
  358 | #define _CRT_DEPRECATE_TEXT(_Text) __declspec(deprecated(_Text))
      |                                               ^
In file included from C:\Users\ultim\Desktop\Sonic Adventure Recompiled\src\sonic_object_activation.cpp:2:
C:\Users\ultim\Desktop\Sonic Adventure Recompiled\src\sonic_scalar_write_view.hpp(38,30): warning: 'getenv' is deprecated: This function or variable may be unsafe. Consider using _dupenv_s instead. To disable deprecation, use _CRT_SECURE_NO_WARNINGS. See online help for details. [-Wdeprecated-declarations]
   38 |         const char* p = std::getenv("SARECOMP_STACK_FRAMES");
      |                              ^
C:\Program Files (x86)\Windows Kits\10\Include\10.0.26100.0\ucrt\stdlib.h(1183,20): note: 'getenv' has been explicitly marked deprecated here
 1183 |     _Check_return_ _CRT_INSECURE_DEPRECATE(_dupenv_s)
      |                    ^
C:\Program Files (x86)\Microsoft Visual Studio\2022\BuildTools\VC\Tools\MSVC\14.44.35207\include\vcruntime.h(368,55): note: expanded from macro '_CRT_INSECURE_DEPRECATE'
  368 |         #define _CRT_INSECURE_DEPRECATE(_Replacement) _CRT_DEPRECATE_TEXT(    \
      |                                                       ^
C:\Program Files (x86)\Microsoft Visual Studio\2022\BuildTools\VC\Tools\MSVC\14.44.35207\include\vcruntime.h(358,47): note: expanded from macro '_CRT_DEPRECATE_TEXT'
  358 | #define _CRT_DEPRECATE_TEXT(_Text) __declspec(deprecated(_Text))
      |                                               ^
In file included from C:\Users\ultim\Desktop\Sonic Adventure Recompiled\src\sonic_object_activation.cpp:2:
C:\Users\ultim\Desktop\Sonic Adventure Recompiled\src\sonic_scalar_write_view.hpp(46,30): warning: 'getenv' is deprecated: This function or variable may be unsafe. Consider using _dupenv_s instead. To disable deprecation, use _CRT_SECURE_NO_WARNINGS. See online help for details. [-Wdeprecated-declarations]
   46 |         const char* p = std::getenv("SARECOMP_RAM_REGIONS");
      |                              ^
C:\Program Files (x86)\Windows Kits\10\Include\10.0.26100.0\ucrt\stdlib.h(1183,20): note: 'getenv' has been explicitly marked deprecated here
 1183 |     _Check_return_ _CRT_INSECURE_DEPRECATE(_dupenv_s)
      |                    ^
C:\Program Files (x86)\Microsoft Visual Studio\2022\BuildTools\VC\Tools\MSVC\14.44.35207\include\vcruntime.h(368,55): note: expanded from macro '_CRT_INSECURE_DEPRECATE'
  368 |         #define _CRT_INSECURE_DEPRECATE(_Replacement) _CRT_DEPRECATE_TEXT(    \
      |                                                       ^
C:\Program Files (x86)\Microsoft Visual Studio\2022\BuildTools\VC\Tools\MSVC\14.44.35207\include\vcruntime.h(358,47): note: expanded from macro '_CRT_DEPRECATE_TEXT'
  358 | #define _CRT_DEPRECATE_TEXT(_Text) __declspec(deprecated(_Text))
      |                                               ^
6 warnings generated.
[15/51] Building CXX object CMakeFiles\katana_native_title_adapter.dir\src\sonic_pose_blend.cpp.obj
In file included from C:\Users\ultim\Desktop\Sonic Adventure Recompiled\src\sonic_pose_blend.cpp:3:
In file included from C:\Users\ultim\Desktop\Sonic Adventure Recompiled\src\sonic_native_model_memory.hpp:2:
In file included from C:\Users\ultim\Desktop\Sonic Adventure Recompiled\src\sonic_scalar_write_view.hpp:3:
C:\Users\ultim\Desktop\Sonic Adventure Recompiled\src\sonic_internal_diagnostics.hpp(28,67): warning: 'getenv' is deprecated: This function or variable may be unsafe. Consider using _dupenv_s instead. To disable deprecation, use _CRT_SECURE_NO_WARNINGS. See online help for details. [-Wdeprecated-declarations]
   28 |     internal_runtime_enabled = read_internal_policy(program, std::getenv("SARECOMP_INTERNAL_DIAGNOSTICS"));
      |                                                                   ^
C:\Program Files (x86)\Windows Kits\10\Include\10.0.26100.0\ucrt\stdlib.h(1183,20): note: 'getenv' has been explicitly marked deprecated here
 1183 |     _Check_return_ _CRT_INSECURE_DEPRECATE(_dupenv_s)
      |                    ^
C:\Program Files (x86)\Microsoft Visual Studio\2022\BuildTools\VC\Tools\MSVC\14.44.35207\include\vcruntime.h(368,55): note: expanded from macro '_CRT_INSECURE_DEPRECATE'
  368 |         #define _CRT_INSECURE_DEPRECATE(_Replacement) _CRT_DEPRECATE_TEXT(    \
      |                                                       ^
C:\Program Files (x86)\Microsoft Visual Studio\2022\BuildTools\VC\Tools\MSVC\14.44.35207\include\vcruntime.h(358,47): note: expanded from macro '_CRT_DEPRECATE_TEXT'
  358 | #define _CRT_DEPRECATE_TEXT(_Text) __declspec(deprecated(_Text))
      |                                               ^
In file included from C:\Users\ultim\Desktop\Sonic Adventure Recompiled\src\sonic_pose_blend.cpp:3:
In file included from C:\Users\ultim\Desktop\Sonic Adventure Recompiled\src\sonic_native_model_memory.hpp:2:
In file included from C:\Users\ultim\Desktop\Sonic Adventure Recompiled\src\sonic_scalar_write_view.hpp:4:
C:\Users\ultim\Desktop\Sonic Adventure Recompiled\src\sonic_native_cpu_policy.hpp(11,30): warning: 'getenv' is deprecated: This function or variable may be unsafe. Consider using _dupenv_s instead. To disable deprecation, use _CRT_SECURE_NO_WARNINGS. See online help for details. [-Wdeprecated-declarations]
   11 |     const char* group = std::getenv("SARECOMP_NATIVE_CPU_PATHS");
      |                              ^
C:\Program Files (x86)\Windows Kits\10\Include\10.0.26100.0\ucrt\stdlib.h(1183,20): note: 'getenv' has been explicitly marked deprecated here
 1183 |     _Check_return_ _CRT_INSECURE_DEPRECATE(_dupenv_s)
      |                    ^
C:\Program Files (x86)\Microsoft Visual Studio\2022\BuildTools\VC\Tools\MSVC\14.44.35207\include\vcruntime.h(368,55): note: expanded from macro '_CRT_INSECURE_DEPRECATE'
  368 |         #define _CRT_INSECURE_DEPRECATE(_Replacement) _CRT_DEPRECATE_TEXT(    \
      |                                                       ^
C:\Program Files (x86)\Microsoft Visual Studio\2022\BuildTools\VC\Tools\MSVC\14.44.35207\include\vcruntime.h(358,47): note: expanded from macro '_CRT_DEPRECATE_TEXT'
  358 | #define _CRT_DEPRECATE_TEXT(_Text) __declspec(deprecated(_Text))
      |                                               ^
In file included from C:\Users\ultim\Desktop\Sonic Adventure Recompiled\src\sonic_pose_blend.cpp:3:
In file included from C:\Users\ultim\Desktop\Sonic Adventure Recompiled\src\sonic_native_model_memory.hpp:2:
In file included from C:\Users\ultim\Desktop\Sonic Adventure Recompiled\src\sonic_scalar_write_view.hpp:4:
C:\Users\ultim\Desktop\Sonic Adventure Recompiled\src\sonic_native_cpu_policy.hpp(13,30): warning: 'getenv' is deprecated: This function or variable may be unsafe. Consider using _dupenv_s instead. To disable deprecation, use _CRT_SECURE_NO_WARNINGS. See online help for details. [-Wdeprecated-declarations]
   13 |     const char* value = std::getenv(option);
      |                              ^
C:\Program Files (x86)\Windows Kits\10\Include\10.0.26100.0\ucrt\stdlib.h(1183,20): note: 'getenv' has been explicitly marked deprecated here
 1183 |     _Check_return_ _CRT_INSECURE_DEPRECATE(_dupenv_s)
      |                    ^
C:\Program Files (x86)\Microsoft Visual Studio\2022\BuildTools\VC\Tools\MSVC\14.44.35207\include\vcruntime.h(368,55): note: expanded from macro '_CRT_INSECURE_DEPRECATE'
  368 |         #define _CRT_INSECURE_DEPRECATE(_Replacement) _CRT_DEPRECATE_TEXT(    \
      |                                                       ^
C:\Program Files (x86)\Microsoft Visual Studio\2022\BuildTools\VC\Tools\MSVC\14.44.35207\include\vcruntime.h(358,47): note: expanded from macro '_CRT_DEPRECATE_TEXT'
  358 | #define _CRT_DEPRECATE_TEXT(_Text) __declspec(deprecated(_Text))
      |                                               ^
In file included from C:\Users\ultim\Desktop\Sonic Adventure Recompiled\src\sonic_pose_blend.cpp:3:
In file included from C:\Users\ultim\Desktop\Sonic Adventure Recompiled\src\sonic_native_model_memory.hpp:2:
C:\Users\ultim\Desktop\Sonic Adventure Recompiled\src\sonic_scalar_write_view.hpp(30,30): warning: 'getenv' is deprecated: This function or variable may be unsafe. Consider using _dupenv_s instead. To disable deprecation, use _CRT_SECURE_NO_WARNINGS. See online help for details. [-Wdeprecated-declarations]
   30 |         const char* p = std::getenv("SARECOMP_SCALAR_WRITES");
      |                              ^
C:\Program Files (x86)\Windows Kits\10\Include\10.0.26100.0\ucrt\stdlib.h(1183,20): note: 'getenv' has been explicitly marked deprecated here
 1183 |     _Check_return_ _CRT_INSECURE_DEPRECATE(_dupenv_s)
      |                    ^
C:\Program Files (x86)\Microsoft Visual Studio\2022\BuildTools\VC\Tools\MSVC\14.44.35207\include\vcruntime.h(368,55): note: expanded from macro '_CRT_INSECURE_DEPRECATE'
  368 |         #define _CRT_INSECURE_DEPRECATE(_Replacement) _CRT_DEPRECATE_TEXT(    \
      |                                                       ^
C:\Program Files (x86)\Microsoft Visual Studio\2022\BuildTools\VC\Tools\MSVC\14.44.35207\include\vcruntime.h(358,47): note: expanded from macro '_CRT_DEPRECATE_TEXT'
  358 | #define _CRT_DEPRECATE_TEXT(_Text) __declspec(deprecated(_Text))
      |                                               ^
In file included from C:\Users\ultim\Desktop\Sonic Adventure Recompiled\src\sonic_pose_blend.cpp:3:
In file included from C:\Users\ultim\Desktop\Sonic Adventure Recompiled\src\sonic_native_model_memory.hpp:2:
C:\Users\ultim\Desktop\Sonic Adventure Recompiled\src\sonic_scalar_write_view.hpp(38,30): warning: 'getenv' is deprecated: This function or variable may be unsafe. Consider using _dupenv_s instead. To disable deprecation, use _CRT_SECURE_NO_WARNINGS. See online help for details. [-Wdeprecated-declarations]
   38 |         const char* p = std::getenv("SARECOMP_STACK_FRAMES");
      |                              ^
C:\Program Files (x86)\Windows Kits\10\Include\10.0.26100.0\ucrt\stdlib.h(1183,20): note: 'getenv' has been explicitly marked deprecated here
 1183 |     _Check_return_ _CRT_INSECURE_DEPRECATE(_dupenv_s)
      |                    ^
C:\Program Files (x86)\Microsoft Visual Studio\2022\BuildTools\VC\Tools\MSVC\14.44.35207\include\vcruntime.h(368,55): note: expanded from macro '_CRT_INSECURE_DEPRECATE'
  368 |         #define _CRT_INSECURE_DEPRECATE(_Replacement) _CRT_DEPRECATE_TEXT(    \
      |                                                       ^
C:\Program Files (x86)\Microsoft Visual Studio\2022\BuildTools\VC\Tools\MSVC\14.44.35207\include\vcruntime.h(358,47): note: expanded from macro '_CRT_DEPRECATE_TEXT'
  358 | #define _CRT_DEPRECATE_TEXT(_Text) __declspec(deprecated(_Text))
      |                                               ^
In file included from C:\Users\ultim\Desktop\Sonic Adventure Recompiled\src\sonic_pose_blend.cpp:3:
In file included from C:\Users\ultim\Desktop\Sonic Adventure Recompiled\src\sonic_native_model_memory.hpp:2:
C:\Users\ultim\Desktop\Sonic Adventure Recompiled\src\sonic_scalar_write_view.hpp(46,30): warning: 'getenv' is deprecated: This function or variable may be unsafe. Consider using _dupenv_s instead. To disable deprecation, use _CRT_SECURE_NO_WARNINGS. See online help for details. [-Wdeprecated-declarations]
   46 |         const char* p = std::getenv("SARECOMP_RAM_REGIONS");
      |                              ^
C:\Program Files (x86)\Windows Kits\10\Include\10.0.26100.0\ucrt\stdlib.h(1183,20): note: 'getenv' has been explicitly marked deprecated here
 1183 |     _Check_return_ _CRT_INSECURE_DEPRECATE(_dupenv_s)
      |                    ^
C:\Program Files (x86)\Microsoft Visual Studio\2022\BuildTools\VC\Tools\MSVC\14.44.35207\include\vcruntime.h(368,55): note: expanded from macro '_CRT_INSECURE_DEPRECATE'
  368 |         #define _CRT_INSECURE_DEPRECATE(_Replacement) _CRT_DEPRECATE_TEXT(    \
      |                                                       ^
C:\Program Files (x86)\Microsoft Visual Studio\2022\BuildTools\VC\Tools\MSVC\14.44.35207\include\vcruntime.h(358,47): note: expanded from macro '_CRT_DEPRECATE_TEXT'
  358 | #define _CRT_DEPRECATE_TEXT(_Text) __declspec(deprecated(_Text))
      |                                               ^
C:\Users\ultim\Desktop\Sonic Adventure Recompiled\src\sonic_pose_blend.cpp(93,36): warning: missing field 'writes' initializer [-Wmissing-field-initializers]
   93 |     Execution execution{{cpu},guard};const auto rotation=execution.read(rotation_slot);
      |                                    ^
7 warnings generated.
[16/51] Building CXX object CMakeFiles\katana_native_title_adapter.dir\src\sonic_palette_batch.cpp.obj
In file included from C:\Users\ultim\Desktop\Sonic Adventure Recompiled\src\sonic_palette_batch.cpp:2:
C:\Users\ultim\Desktop\Sonic Adventure Recompiled\src\sonic_native_cpu_policy.hpp(11,30): warning: 'getenv' is deprecated: This function or variable may be unsafe. Consider using _dupenv_s instead. To disable deprecation, use _CRT_SECURE_NO_WARNINGS. See online help for details. [-Wdeprecated-declarations]
   11 |     const char* group = std::getenv("SARECOMP_NATIVE_CPU_PATHS");
      |                              ^
C:\Program Files (x86)\Windows Kits\10\Include\10.0.26100.0\ucrt\stdlib.h(1183,20): note: 'getenv' has been explicitly marked deprecated here
 1183 |     _Check_return_ _CRT_INSECURE_DEPRECATE(_dupenv_s)
      |                    ^
C:\Program Files (x86)\Microsoft Visual Studio\2022\BuildTools\VC\Tools\MSVC\14.44.35207\include\vcruntime.h(368,55): note: expanded from macro '_CRT_INSECURE_DEPRECATE'
  368 |         #define _CRT_INSECURE_DEPRECATE(_Replacement) _CRT_DEPRECATE_TEXT(    \
      |                                                       ^
C:\Program Files (x86)\Microsoft Visual Studio\2022\BuildTools\VC\Tools\MSVC\14.44.35207\include\vcruntime.h(358,47): note: expanded from macro '_CRT_DEPRECATE_TEXT'
  358 | #define _CRT_DEPRECATE_TEXT(_Text) __declspec(deprecated(_Text))
      |                                               ^
In file included from C:\Users\ultim\Desktop\Sonic Adventure Recompiled\src\sonic_palette_batch.cpp:2:
C:\Users\ultim\Desktop\Sonic Adventure Recompiled\src\sonic_native_cpu_policy.hpp(13,30): warning: 'getenv' is deprecated: This function or variable may be unsafe. Consider using _dupenv_s instead. To disable deprecation, use _CRT_SECURE_NO_WARNINGS. See online help for details. [-Wdeprecated-declarations]
   13 |     const char* value = std::getenv(option);
      |                              ^
C:\Program Files (x86)\Windows Kits\10\Include\10.0.26100.0\ucrt\stdlib.h(1183,20): note: 'getenv' has been explicitly marked deprecated here
 1183 |     _Check_return_ _CRT_INSECURE_DEPRECATE(_dupenv_s)
      |                    ^
C:\Program Files (x86)\Microsoft Visual Studio\2022\BuildTools\VC\Tools\MSVC\14.44.35207\include\vcruntime.h(368,55): note: expanded from macro '_CRT_INSECURE_DEPRECATE'
  368 |         #define _CRT_INSECURE_DEPRECATE(_Replacement) _CRT_DEPRECATE_TEXT(    \
      |                                                       ^
C:\Program Files (x86)\Microsoft Visual Studio\2022\BuildTools\VC\Tools\MSVC\14.44.35207\include\vcruntime.h(358,47): note: expanded from macro '_CRT_DEPRECATE_TEXT'
  358 | #define _CRT_DEPRECATE_TEXT(_Text) __declspec(deprecated(_Text))
      |                                               ^
2 warnings generated.
[17/51] Building CXX object CMakeFiles\katana_native_title_adapter.dir\src\sonic_render_context.cpp.obj
In file included from C:\Users\ultim\Desktop\Sonic Adventure Recompiled\src\sonic_render_context.cpp:2:
In file included from C:\Users\ultim\Desktop\Sonic Adventure Recompiled\src\sonic_native_model_memory.hpp:2:
In file included from C:\Users\ultim\Desktop\Sonic Adventure Recompiled\src\sonic_scalar_write_view.hpp:3:
C:\Users\ultim\Desktop\Sonic Adventure Recompiled\src\sonic_internal_diagnostics.hpp(28,67): warning: 'getenv' is deprecated: This function or variable may be unsafe. Consider using _dupenv_s instead. To disable deprecation, use _CRT_SECURE_NO_WARNINGS. See online help for details. [-Wdeprecated-declarations]
   28 |     internal_runtime_enabled = read_internal_policy(program, std::getenv("SARECOMP_INTERNAL_DIAGNOSTICS"));
      |                                                                   ^
C:\Program Files (x86)\Windows Kits\10\Include\10.0.26100.0\ucrt\stdlib.h(1183,20): note: 'getenv' has been explicitly marked deprecated here
 1183 |     _Check_return_ _CRT_INSECURE_DEPRECATE(_dupenv_s)
      |                    ^
C:\Program Files (x86)\Microsoft Visual Studio\2022\BuildTools\VC\Tools\MSVC\14.44.35207\include\vcruntime.h(368,55): note: expanded from macro '_CRT_INSECURE_DEPRECATE'
  368 |         #define _CRT_INSECURE_DEPRECATE(_Replacement) _CRT_DEPRECATE_TEXT(    \
      |                                                       ^
C:\Program Files (x86)\Microsoft Visual Studio\2022\BuildTools\VC\Tools\MSVC\14.44.35207\include\vcruntime.h(358,47): note: expanded from macro '_CRT_DEPRECATE_TEXT'
  358 | #define _CRT_DEPRECATE_TEXT(_Text) __declspec(deprecated(_Text))
      |                                               ^
In file included from C:\Users\ultim\Desktop\Sonic Adventure Recompiled\src\sonic_render_context.cpp:2:
In file included from C:\Users\ultim\Desktop\Sonic Adventure Recompiled\src\sonic_native_model_memory.hpp:2:
In file included from C:\Users\ultim\Desktop\Sonic Adventure Recompiled\src\sonic_scalar_write_view.hpp:4:
C:\Users\ultim\Desktop\Sonic Adventure Recompiled\src\sonic_native_cpu_policy.hpp(11,30): warning: 'getenv' is deprecated: This function or variable may be unsafe. Consider using _dupenv_s instead. To disable deprecation, use _CRT_SECURE_NO_WARNINGS. See online help for details. [-Wdeprecated-declarations]
   11 |     const char* group = std::getenv("SARECOMP_NATIVE_CPU_PATHS");
      |                              ^
C:\Program Files (x86)\Windows Kits\10\Include\10.0.26100.0\ucrt\stdlib.h(1183,20): note: 'getenv' has been explicitly marked deprecated here
 1183 |     _Check_return_ _CRT_INSECURE_DEPRECATE(_dupenv_s)
      |                    ^
C:\Program Files (x86)\Microsoft Visual Studio\2022\BuildTools\VC\Tools\MSVC\14.44.35207\include\vcruntime.h(368,55): note: expanded from macro '_CRT_INSECURE_DEPRECATE'
  368 |         #define _CRT_INSECURE_DEPRECATE(_Replacement) _CRT_DEPRECATE_TEXT(    \
      |                                                       ^
C:\Program Files (x86)\Microsoft Visual Studio\2022\BuildTools\VC\Tools\MSVC\14.44.35207\include\vcruntime.h(358,47): note: expanded from macro '_CRT_DEPRECATE_TEXT'
  358 | #define _CRT_DEPRECATE_TEXT(_Text) __declspec(deprecated(_Text))
      |                                               ^
In file included from C:\Users\ultim\Desktop\Sonic Adventure Recompiled\src\sonic_render_context.cpp:2:
In file included from C:\Users\ultim\Desktop\Sonic Adventure Recompiled\src\sonic_native_model_memory.hpp:2:
In file included from C:\Users\ultim\Desktop\Sonic Adventure Recompiled\src\sonic_scalar_write_view.hpp:4:
C:\Users\ultim\Desktop\Sonic Adventure Recompiled\src\sonic_native_cpu_policy.hpp(13,30): warning: 'getenv' is deprecated: This function or variable may be unsafe. Consider using _dupenv_s instead. To disable deprecation, use _CRT_SECURE_NO_WARNINGS. See online help for details. [-Wdeprecated-declarations]
   13 |     const char* value = std::getenv(option);
      |                              ^
C:\Program Files (x86)\Windows Kits\10\Include\10.0.26100.0\ucrt\stdlib.h(1183,20): note: 'getenv' has been explicitly marked deprecated here
 1183 |     _Check_return_ _CRT_INSECURE_DEPRECATE(_dupenv_s)
      |                    ^
C:\Program Files (x86)\Microsoft Visual Studio\2022\BuildTools\VC\Tools\MSVC\14.44.35207\include\vcruntime.h(368,55): note: expanded from macro '_CRT_INSECURE_DEPRECATE'
  368 |         #define _CRT_INSECURE_DEPRECATE(_Replacement) _CRT_DEPRECATE_TEXT(    \
      |                                                       ^
C:\Program Files (x86)\Microsoft Visual Studio\2022\BuildTools\VC\Tools\MSVC\14.44.35207\include\vcruntime.h(358,47): note: expanded from macro '_CRT_DEPRECATE_TEXT'
  358 | #define _CRT_DEPRECATE_TEXT(_Text) __declspec(deprecated(_Text))
      |                                               ^
In file included from C:\Users\ultim\Desktop\Sonic Adventure Recompiled\src\sonic_render_context.cpp:2:
In file included from C:\Users\ultim\Desktop\Sonic Adventure Recompiled\src\sonic_native_model_memory.hpp:2:
C:\Users\ultim\Desktop\Sonic Adventure Recompiled\src\sonic_scalar_write_view.hpp(30,30): warning: 'getenv' is deprecated: This function or variable may be unsafe. Consider using _dupenv_s instead. To disable deprecation, use _CRT_SECURE_NO_WARNINGS. See online help for details. [-Wdeprecated-declarations]
   30 |         const char* p = std::getenv("SARECOMP_SCALAR_WRITES");
      |                              ^
C:\Program Files (x86)\Windows Kits\10\Include\10.0.26100.0\ucrt\stdlib.h(1183,20): note: 'getenv' has been explicitly marked deprecated here
 1183 |     _Check_return_ _CRT_INSECURE_DEPRECATE(_dupenv_s)
      |                    ^
C:\Program Files (x86)\Microsoft Visual Studio\2022\BuildTools\VC\Tools\MSVC\14.44.35207\include\vcruntime.h(368,55): note: expanded from macro '_CRT_INSECURE_DEPRECATE'
  368 |         #define _CRT_INSECURE_DEPRECATE(_Replacement) _CRT_DEPRECATE_TEXT(    \
      |                                                       ^
C:\Program Files (x86)\Microsoft Visual Studio\2022\BuildTools\VC\Tools\MSVC\14.44.35207\include\vcruntime.h(358,47): note: expanded from macro '_CRT_DEPRECATE_TEXT'
  358 | #define _CRT_DEPRECATE_TEXT(_Text) __declspec(deprecated(_Text))
      |                                               ^
In file included from C:\Users\ultim\Desktop\Sonic Adventure Recompiled\src\sonic_render_context.cpp:2:
In file included from C:\Users\ultim\Desktop\Sonic Adventure Recompiled\src\sonic_native_model_memory.hpp:2:
C:\Users\ultim\Desktop\Sonic Adventure Recompiled\src\sonic_scalar_write_view.hpp(38,30): warning: 'getenv' is deprecated: This function or variable may be unsafe. Consider using _dupenv_s instead. To disable deprecation, use _CRT_SECURE_NO_WARNINGS. See online help for details. [-Wdeprecated-declarations]
   38 |         const char* p = std::getenv("SARECOMP_STACK_FRAMES");
      |                              ^
C:\Program Files (x86)\Windows Kits\10\Include\10.0.26100.0\ucrt\stdlib.h(1183,20): note: 'getenv' has been explicitly marked deprecated here
 1183 |     _Check_return_ _CRT_INSECURE_DEPRECATE(_dupenv_s)
      |                    ^
C:\Program Files (x86)\Microsoft Visual Studio\2022\BuildTools\VC\Tools\MSVC\14.44.35207\include\vcruntime.h(368,55): note: expanded from macro '_CRT_INSECURE_DEPRECATE'
  368 |         #define _CRT_INSECURE_DEPRECATE(_Replacement) _CRT_DEPRECATE_TEXT(    \
      |                                                       ^
C:\Program Files (x86)\Microsoft Visual Studio\2022\BuildTools\VC\Tools\MSVC\14.44.35207\include\vcruntime.h(358,47): note: expanded from macro '_CRT_DEPRECATE_TEXT'
  358 | #define _CRT_DEPRECATE_TEXT(_Text) __declspec(deprecated(_Text))
      |                                               ^
In file included from C:\Users\ultim\Desktop\Sonic Adventure Recompiled\src\sonic_render_context.cpp:2:
In file included from C:\Users\ultim\Desktop\Sonic Adventure Recompiled\src\sonic_native_model_memory.hpp:2:
C:\Users\ultim\Desktop\Sonic Adventure Recompiled\src\sonic_scalar_write_view.hpp(46,30): warning: 'getenv' is deprecated: This function or variable may be unsafe. Consider using _dupenv_s instead. To disable deprecation, use _CRT_SECURE_NO_WARNINGS. See online help for details. [-Wdeprecated-declarations]
   46 |         const char* p = std::getenv("SARECOMP_RAM_REGIONS");
      |                              ^
C:\Program Files (x86)\Windows Kits\10\Include\10.0.26100.0\ucrt\stdlib.h(1183,20): note: 'getenv' has been explicitly marked deprecated here
 1183 |     _Check_return_ _CRT_INSECURE_DEPRECATE(_dupenv_s)
      |                    ^
C:\Program Files (x86)\Microsoft Visual Studio\2022\BuildTools\VC\Tools\MSVC\14.44.35207\include\vcruntime.h(368,55): note: expanded from macro '_CRT_INSECURE_DEPRECATE'
  368 |         #define _CRT_INSECURE_DEPRECATE(_Replacement) _CRT_DEPRECATE_TEXT(    \
      |                                                       ^
C:\Program Files (x86)\Microsoft Visual Studio\2022\BuildTools\VC\Tools\MSVC\14.44.35207\include\vcruntime.h(358,47): note: expanded from macro '_CRT_DEPRECATE_TEXT'
  358 | #define _CRT_DEPRECATE_TEXT(_Text) __declspec(deprecated(_Text))
      |                                               ^
6 warnings generated.
[18/51] Building CXX object CMakeFiles\katana_native_title_adapter.dir\src\sonic_movement_resolver.cpp.obj
In file included from C:\Users\ultim\Desktop\Sonic Adventure Recompiled\src\sonic_movement_resolver.cpp:1:
In file included from C:\Users\ultim\Desktop\Sonic Adventure Recompiled\src\sonic_movement_resolver.hpp:3:
C:\Users\ultim\Desktop\Sonic Adventure Recompiled\src\sonic_internal_diagnostics.hpp(28,67): warning: 'getenv' is deprecated: This function or variable may be unsafe. Consider using _dupenv_s instead. To disable deprecation, use _CRT_SECURE_NO_WARNINGS. See online help for details. [-Wdeprecated-declarations]
   28 |     internal_runtime_enabled = read_internal_policy(program, std::getenv("SARECOMP_INTERNAL_DIAGNOSTICS"));
      |                                                                   ^
C:\Program Files (x86)\Windows Kits\10\Include\10.0.26100.0\ucrt\stdlib.h(1183,20): note: 'getenv' has been explicitly marked deprecated here
 1183 |     _Check_return_ _CRT_INSECURE_DEPRECATE(_dupenv_s)
      |                    ^
C:\Program Files (x86)\Microsoft Visual Studio\2022\BuildTools\VC\Tools\MSVC\14.44.35207\include\vcruntime.h(368,55): note: expanded from macro '_CRT_INSECURE_DEPRECATE'
  368 |         #define _CRT_INSECURE_DEPRECATE(_Replacement) _CRT_DEPRECATE_TEXT(    \
      |                                                       ^
C:\Program Files (x86)\Microsoft Visual Studio\2022\BuildTools\VC\Tools\MSVC\14.44.35207\include\vcruntime.h(358,47): note: expanded from macro '_CRT_DEPRECATE_TEXT'
  358 | #define _CRT_DEPRECATE_TEXT(_Text) __declspec(deprecated(_Text))
      |                                               ^
In file included from C:\Users\ultim\Desktop\Sonic Adventure Recompiled\src\sonic_movement_resolver.cpp:1:
In file included from C:\Users\ultim\Desktop\Sonic Adventure Recompiled\src\sonic_movement_resolver.hpp:4:
C:\Users\ultim\Desktop\Sonic Adventure Recompiled\src\sonic_native_cpu_policy.hpp(11,30): warning: 'getenv' is deprecated: This function or variable may be unsafe. Consider using _dupenv_s instead. To disable deprecation, use _CRT_SECURE_NO_WARNINGS. See online help for details. [-Wdeprecated-declarations]
   11 |     const char* group = std::getenv("SARECOMP_NATIVE_CPU_PATHS");
      |                              ^
C:\Program Files (x86)\Windows Kits\10\Include\10.0.26100.0\ucrt\stdlib.h(1183,20): note: 'getenv' has been explicitly marked deprecated here
 1183 |     _Check_return_ _CRT_INSECURE_DEPRECATE(_dupenv_s)
      |                    ^
C:\Program Files (x86)\Microsoft Visual Studio\2022\BuildTools\VC\Tools\MSVC\14.44.35207\include\vcruntime.h(368,55): note: expanded from macro '_CRT_INSECURE_DEPRECATE'
  368 |         #define _CRT_INSECURE_DEPRECATE(_Replacement) _CRT_DEPRECATE_TEXT(    \
      |                                                       ^
C:\Program Files (x86)\Microsoft Visual Studio\2022\BuildTools\VC\Tools\MSVC\14.44.35207\include\vcruntime.h(358,47): note: expanded from macro '_CRT_DEPRECATE_TEXT'
  358 | #define _CRT_DEPRECATE_TEXT(_Text) __declspec(deprecated(_Text))
      |                                               ^
In file included from C:\Users\ultim\Desktop\Sonic Adventure Recompiled\src\sonic_movement_resolver.cpp:1:
In file included from C:\Users\ultim\Desktop\Sonic Adventure Recompiled\src\sonic_movement_resolver.hpp:4:
C:\Users\ultim\Desktop\Sonic Adventure Recompiled\src\sonic_native_cpu_policy.hpp(13,30): warning: 'getenv' is deprecated: This function or variable may be unsafe. Consider using _dupenv_s instead. To disable deprecation, use _CRT_SECURE_NO_WARNINGS. See online help for details. [-Wdeprecated-declarations]
   13 |     const char* value = std::getenv(option);
      |                              ^
C:\Program Files (x86)\Windows Kits\10\Include\10.0.26100.0\ucrt\stdlib.h(1183,20): note: 'getenv' has been explicitly marked deprecated here
 1183 |     _Check_return_ _CRT_INSECURE_DEPRECATE(_dupenv_s)
      |                    ^
C:\Program Files (x86)\Microsoft Visual Studio\2022\BuildTools\VC\Tools\MSVC\14.44.35207\include\vcruntime.h(368,55): note: expanded from macro '_CRT_INSECURE_DEPRECATE'
  368 |         #define _CRT_INSECURE_DEPRECATE(_Replacement) _CRT_DEPRECATE_TEXT(    \
      |                                                       ^
C:\Program Files (x86)\Microsoft Visual Studio\2022\BuildTools\VC\Tools\MSVC\14.44.35207\include\vcruntime.h(358,47): note: expanded from macro '_CRT_DEPRECATE_TEXT'
  358 | #define _CRT_DEPRECATE_TEXT(_Text) __declspec(deprecated(_Text))
      |                                               ^
In file included from C:\Users\ultim\Desktop\Sonic Adventure Recompiled\src\sonic_movement_resolver.cpp:1:
C:\Users\ultim\Desktop\Sonic Adventure Recompiled\src\sonic_movement_resolver.hpp(11,49): warning: 'getenv' is deprecated: This function or variable may be unsafe. Consider using _dupenv_s instead. To disable deprecation, use _CRT_SECURE_NO_WARNINGS. See online help for details. [-Wdeprecated-declarations]
   11 |     static const bool on=[] {const auto* v=std::getenv("SARECOMP_NATIVE_MOVEMENT");
      |                                                 ^
C:\Program Files (x86)\Windows Kits\10\Include\10.0.26100.0\ucrt\stdlib.h(1183,20): note: 'getenv' has been explicitly marked deprecated here
 1183 |     _Check_return_ _CRT_INSECURE_DEPRECATE(_dupenv_s)
      |                    ^
C:\Program Files (x86)\Microsoft Visual Studio\2022\BuildTools\VC\Tools\MSVC\14.44.35207\include\vcruntime.h(368,55): note: expanded from macro '_CRT_INSECURE_DEPRECATE'
  368 |         #define _CRT_INSECURE_DEPRECATE(_Replacement) _CRT_DEPRECATE_TEXT(    \
      |                                                       ^
C:\Program Files (x86)\Microsoft Visual Studio\2022\BuildTools\VC\Tools\MSVC\14.44.35207\include\vcruntime.h(358,47): note: expanded from macro '_CRT_DEPRECATE_TEXT'
  358 | #define _CRT_DEPRECATE_TEXT(_Text) __declspec(deprecated(_Text))
      |                                               ^
In file included from C:\Users\ultim\Desktop\Sonic Adventure Recompiled\src\sonic_movement_resolver.cpp:2:
C:\Users\ultim\Desktop\Sonic Adventure Recompiled\src\sonic_scalar_write_view.hpp(30,30): warning: 'getenv' is deprecated: This function or variable may be unsafe. Consider using _dupenv_s instead. To disable deprecation, use _CRT_SECURE_NO_WARNINGS. See online help for details. [-Wdeprecated-declarations]
   30 |         const char* p = std::getenv("SARECOMP_SCALAR_WRITES");
      |                              ^
C:\Program Files (x86)\Windows Kits\10\Include\10.0.26100.0\ucrt\stdlib.h(1183,20): note: 'getenv' has been explicitly marked deprecated here
 1183 |     _Check_return_ _CRT_INSECURE_DEPRECATE(_dupenv_s)
      |                    ^
C:\Program Files (x86)\Microsoft Visual Studio\2022\BuildTools\VC\Tools\MSVC\14.44.35207\include\vcruntime.h(368,55): note: expanded from macro '_CRT_INSECURE_DEPRECATE'
  368 |         #define _CRT_INSECURE_DEPRECATE(_Replacement) _CRT_DEPRECATE_TEXT(    \
      |                                                       ^
C:\Program Files (x86)\Microsoft Visual Studio\2022\BuildTools\VC\Tools\MSVC\14.44.35207\include\vcruntime.h(358,47): note: expanded from macro '_CRT_DEPRECATE_TEXT'
  358 | #define _CRT_DEPRECATE_TEXT(_Text) __declspec(deprecated(_Text))
      |                                               ^
In file included from C:\Users\ultim\Desktop\Sonic Adventure Recompiled\src\sonic_movement_resolver.cpp:2:
C:\Users\ultim\Desktop\Sonic Adventure Recompiled\src\sonic_scalar_write_view.hpp(38,30): warning: 'getenv' is deprecated: This function or variable may be unsafe. Consider using _dupenv_s instead. To disable deprecation, use _CRT_SECURE_NO_WARNINGS. See online help for details. [-Wdeprecated-declarations]
   38 |         const char* p = std::getenv("SARECOMP_STACK_FRAMES");
      |                              ^
C:\Program Files (x86)\Windows Kits\10\Include\10.0.26100.0\ucrt\stdlib.h(1183,20): note: 'getenv' has been explicitly marked deprecated here
 1183 |     _Check_return_ _CRT_INSECURE_DEPRECATE(_dupenv_s)
      |                    ^
C:\Program Files (x86)\Microsoft Visual Studio\2022\BuildTools\VC\Tools\MSVC\14.44.35207\include\vcruntime.h(368,55): note: expanded from macro '_CRT_INSECURE_DEPRECATE'
  368 |         #define _CRT_INSECURE_DEPRECATE(_Replacement) _CRT_DEPRECATE_TEXT(    \
      |                                                       ^
C:\Program Files (x86)\Microsoft Visual Studio\2022\BuildTools\VC\Tools\MSVC\14.44.35207\include\vcruntime.h(358,47): note: expanded from macro '_CRT_DEPRECATE_TEXT'
  358 | #define _CRT_DEPRECATE_TEXT(_Text) __declspec(deprecated(_Text))
      |                                               ^
In file included from C:\Users\ultim\Desktop\Sonic Adventure Recompiled\src\sonic_movement_resolver.cpp:2:
C:\Users\ultim\Desktop\Sonic Adventure Recompiled\src\sonic_scalar_write_view.hpp(46,30): warning: 'getenv' is deprecated: This function or variable may be unsafe. Consider using _dupenv_s instead. To disable deprecation, use _CRT_SECURE_NO_WARNINGS. See online help for details. [-Wdeprecated-declarations]
   46 |         const char* p = std::getenv("SARECOMP_RAM_REGIONS");
      |                              ^
C:\Program Files (x86)\Windows Kits\10\Include\10.0.26100.0\ucrt\stdlib.h(1183,20): note: 'getenv' has been explicitly marked deprecated here
 1183 |     _Check_return_ _CRT_INSECURE_DEPRECATE(_dupenv_s)
      |                    ^
C:\Program Files (x86)\Microsoft Visual Studio\2022\BuildTools\VC\Tools\MSVC\14.44.35207\include\vcruntime.h(368,55): note: expanded from macro '_CRT_INSECURE_DEPRECATE'
  368 |         #define _CRT_INSECURE_DEPRECATE(_Replacement) _CRT_DEPRECATE_TEXT(    \
      |                                                       ^
C:\Program Files (x86)\Microsoft Visual Studio\2022\BuildTools\VC\Tools\MSVC\14.44.35207\include\vcruntime.h(358,47): note: expanded from macro '_CRT_DEPRECATE_TEXT'
  358 | #define _CRT_DEPRECATE_TEXT(_Text) __declspec(deprecated(_Text))
      |                                               ^
In file included from C:\Users\ultim\Desktop\Sonic Adventure Recompiled\src\sonic_movement_resolver.cpp:147:
C:\Users\ultim\Desktop\Sonic Adventure Recompiled\build-performance\generated\movement-resolver\movement-body.inc(3,1): warning: unused label 'L8C0730A0' [-Wunused-label]
    3 | L8C0730A0: { MOVEMENT_SITE(0x8C0730A0u); // 2FE6
      | ^~~~~~~~~~
C:\Users\ultim\Desktop\Sonic Adventure Recompiled\src\sonic_movement_resolver.cpp(30,6): warning: unused function 'nonnegative' [-Wunused-function]
   30 | bool nonnegative(std::uint32_t value) noexcept {return !(value&0x80000000u);}
      |      ^~~~~~~~~~~
C:\Users\ultim\Desktop\Sonic Adventure Recompiled\src\sonic_movement_resolver.cpp(31,15): warning: unused function 'signed8' [-Wunused-function]
   31 | std::uint32_t signed8(std::uint8_t v) noexcept {return std::uint32_t(std::int32_t(std::bit_cast<std::int8_t>(v)));}
      |               ^~~~~~~
C:\Users\ultim\Desktop\Sonic Adventure Recompiled\src\sonic_movement_resolver.cpp(32,15): warning: unused function 'signed16' [-Wunused-function]
   32 | std::uint32_t signed16(std::uint16_t v) noexcept {return std::uint32_t(std::int32_t(std::bit_cast<std::int16_t>(v)));}
      |               ^~~~~~~~
11 warnings generated.
[19/51] Building CXX object CMakeFiles\katana_native_title_adapter.dir\src\sonic_collision_world.cpp.obj
In file included from C:\Users\ultim\Desktop\Sonic Adventure Recompiled\src\sonic_collision_world.cpp:1:
In file included from C:\Users\ultim\Desktop\Sonic Adventure Recompiled\src\sonic_collision_world.hpp:3:
C:\Users\ultim\Desktop\Sonic Adventure Recompiled\src\sonic_internal_diagnostics.hpp(28,67): warning: 'getenv' is deprecated: This function or variable may be unsafe. Consider using _dupenv_s instead. To disable deprecation, use _CRT_SECURE_NO_WARNINGS. See online help for details. [-Wdeprecated-declarations]
   28 |     internal_runtime_enabled = read_internal_policy(program, std::getenv("SARECOMP_INTERNAL_DIAGNOSTICS"));
      |                                                                   ^
C:\Program Files (x86)\Windows Kits\10\Include\10.0.26100.0\ucrt\stdlib.h(1183,20): note: 'getenv' has been explicitly marked deprecated here
 1183 |     _Check_return_ _CRT_INSECURE_DEPRECATE(_dupenv_s)
      |                    ^
C:\Program Files (x86)\Microsoft Visual Studio\2022\BuildTools\VC\Tools\MSVC\14.44.35207\include\vcruntime.h(368,55): note: expanded from macro '_CRT_INSECURE_DEPRECATE'
  368 |         #define _CRT_INSECURE_DEPRECATE(_Replacement) _CRT_DEPRECATE_TEXT(    \
      |                                                       ^
C:\Program Files (x86)\Microsoft Visual Studio\2022\BuildTools\VC\Tools\MSVC\14.44.35207\include\vcruntime.h(358,47): note: expanded from macro '_CRT_DEPRECATE_TEXT'
  358 | #define _CRT_DEPRECATE_TEXT(_Text) __declspec(deprecated(_Text))
      |                                               ^
In file included from C:\Users\ultim\Desktop\Sonic Adventure Recompiled\src\sonic_collision_world.cpp:1:
In file included from C:\Users\ultim\Desktop\Sonic Adventure Recompiled\src\sonic_collision_world.hpp:4:
C:\Users\ultim\Desktop\Sonic Adventure Recompiled\src\sonic_native_cpu_policy.hpp(11,30): warning: 'getenv' is deprecated: This function or variable may be unsafe. Consider using _dupenv_s instead. To disable deprecation, use _CRT_SECURE_NO_WARNINGS. See online help for details. [-Wdeprecated-declarations]
   11 |     const char* group = std::getenv("SARECOMP_NATIVE_CPU_PATHS");
      |                              ^
C:\Program Files (x86)\Windows Kits\10\Include\10.0.26100.0\ucrt\stdlib.h(1183,20): note: 'getenv' has been explicitly marked deprecated here
 1183 |     _Check_return_ _CRT_INSECURE_DEPRECATE(_dupenv_s)
      |                    ^
C:\Program Files (x86)\Microsoft Visual Studio\2022\BuildTools\VC\Tools\MSVC\14.44.35207\include\vcruntime.h(368,55): note: expanded from macro '_CRT_INSECURE_DEPRECATE'
  368 |         #define _CRT_INSECURE_DEPRECATE(_Replacement) _CRT_DEPRECATE_TEXT(    \
      |                                                       ^
C:\Program Files (x86)\Microsoft Visual Studio\2022\BuildTools\VC\Tools\MSVC\14.44.35207\include\vcruntime.h(358,47): note: expanded from macro '_CRT_DEPRECATE_TEXT'
  358 | #define _CRT_DEPRECATE_TEXT(_Text) __declspec(deprecated(_Text))
      |                                               ^
In file included from C:\Users\ultim\Desktop\Sonic Adventure Recompiled\src\sonic_collision_world.cpp:1:
In file included from C:\Users\ultim\Desktop\Sonic Adventure Recompiled\src\sonic_collision_world.hpp:4:
C:\Users\ultim\Desktop\Sonic Adventure Recompiled\src\sonic_native_cpu_policy.hpp(13,30): warning: 'getenv' is deprecated: This function or variable may be unsafe. Consider using _dupenv_s instead. To disable deprecation, use _CRT_SECURE_NO_WARNINGS. See online help for details. [-Wdeprecated-declarations]
   13 |     const char* value = std::getenv(option);
      |                              ^
C:\Program Files (x86)\Windows Kits\10\Include\10.0.26100.0\ucrt\stdlib.h(1183,20): note: 'getenv' has been explicitly marked deprecated here
 1183 |     _Check_return_ _CRT_INSECURE_DEPRECATE(_dupenv_s)
      |                    ^
C:\Program Files (x86)\Microsoft Visual Studio\2022\BuildTools\VC\Tools\MSVC\14.44.35207\include\vcruntime.h(368,55): note: expanded from macro '_CRT_INSECURE_DEPRECATE'
  368 |         #define _CRT_INSECURE_DEPRECATE(_Replacement) _CRT_DEPRECATE_TEXT(    \
      |                                                       ^
C:\Program Files (x86)\Microsoft Visual Studio\2022\BuildTools\VC\Tools\MSVC\14.44.35207\include\vcruntime.h(358,47): note: expanded from macro '_CRT_DEPRECATE_TEXT'
  358 | #define _CRT_DEPRECATE_TEXT(_Text) __declspec(deprecated(_Text))
      |                                               ^
In file included from C:\Users\ultim\Desktop\Sonic Adventure Recompiled\src\sonic_collision_world.cpp:1:
C:\Users\ultim\Desktop\Sonic Adventure Recompiled\src\sonic_collision_world.hpp(13,53): warning: 'getenv' is deprecated: This function or variable may be unsafe. Consider using _dupenv_s instead. To disable deprecation, use _CRT_SECURE_NO_WARNINGS. See online help for details. [-Wdeprecated-declarations]
   13 |     static const bool on=[] {const auto* value=std::getenv("SARECOMP_NATIVE_WORLD_SDK");
      |                                                     ^
C:\Program Files (x86)\Windows Kits\10\Include\10.0.26100.0\ucrt\stdlib.h(1183,20): note: 'getenv' has been explicitly marked deprecated here
 1183 |     _Check_return_ _CRT_INSECURE_DEPRECATE(_dupenv_s)
      |                    ^
C:\Program Files (x86)\Microsoft Visual Studio\2022\BuildTools\VC\Tools\MSVC\14.44.35207\include\vcruntime.h(368,55): note: expanded from macro '_CRT_INSECURE_DEPRECATE'
  368 |         #define _CRT_INSECURE_DEPRECATE(_Replacement) _CRT_DEPRECATE_TEXT(    \
      |                                                       ^
C:\Program Files (x86)\Microsoft Visual Studio\2022\BuildTools\VC\Tools\MSVC\14.44.35207\include\vcruntime.h(358,47): note: expanded from macro '_CRT_DEPRECATE_TEXT'
  358 | #define _CRT_DEPRECATE_TEXT(_Text) __declspec(deprecated(_Text))
      |                                               ^
In file included from C:\Users\ultim\Desktop\Sonic Adventure Recompiled\src\sonic_collision_world.cpp:2:
C:\Users\ultim\Desktop\Sonic Adventure Recompiled\src\sonic_scalar_write_view.hpp(30,30): warning: 'getenv' is deprecated: This function or variable may be unsafe. Consider using _dupenv_s instead. To disable deprecation, use _CRT_SECURE_NO_WARNINGS. See online help for details. [-Wdeprecated-declarations]
   30 |         const char* p = std::getenv("SARECOMP_SCALAR_WRITES");
      |                              ^
C:\Program Files (x86)\Windows Kits\10\Include\10.0.26100.0\ucrt\stdlib.h(1183,20): note: 'getenv' has been explicitly marked deprecated here
 1183 |     _Check_return_ _CRT_INSECURE_DEPRECATE(_dupenv_s)
      |                    ^
C:\Program Files (x86)\Microsoft Visual Studio\2022\BuildTools\VC\Tools\MSVC\14.44.35207\include\vcruntime.h(368,55): note: expanded from macro '_CRT_INSECURE_DEPRECATE'
  368 |         #define _CRT_INSECURE_DEPRECATE(_Replacement) _CRT_DEPRECATE_TEXT(    \
      |                                                       ^
C:\Program Files (x86)\Microsoft Visual Studio\2022\BuildTools\VC\Tools\MSVC\14.44.35207\include\vcruntime.h(358,47): note: expanded from macro '_CRT_DEPRECATE_TEXT'
  358 | #define _CRT_DEPRECATE_TEXT(_Text) __declspec(deprecated(_Text))
      |                                               ^
In file included from C:\Users\ultim\Desktop\Sonic Adventure Recompiled\src\sonic_collision_world.cpp:2:
C:\Users\ultim\Desktop\Sonic Adventure Recompiled\src\sonic_scalar_write_view.hpp(38,30): warning: 'getenv' is deprecated: This function or variable may be unsafe. Consider using _dupenv_s instead. To disable deprecation, use _CRT_SECURE_NO_WARNINGS. See online help for details. [-Wdeprecated-declarations]
   38 |         const char* p = std::getenv("SARECOMP_STACK_FRAMES");
      |                              ^
C:\Program Files (x86)\Windows Kits\10\Include\10.0.26100.0\ucrt\stdlib.h(1183,20): note: 'getenv' has been explicitly marked deprecated here
 1183 |     _Check_return_ _CRT_INSECURE_DEPRECATE(_dupenv_s)
      |                    ^
C:\Program Files (x86)\Microsoft Visual Studio\2022\BuildTools\VC\Tools\MSVC\14.44.35207\include\vcruntime.h(368,55): note: expanded from macro '_CRT_INSECURE_DEPRECATE'
  368 |         #define _CRT_INSECURE_DEPRECATE(_Replacement) _CRT_DEPRECATE_TEXT(    \
      |                                                       ^
C:\Program Files (x86)\Microsoft Visual Studio\2022\BuildTools\VC\Tools\MSVC\14.44.35207\include\vcruntime.h(358,47): note: expanded from macro '_CRT_DEPRECATE_TEXT'
  358 | #define _CRT_DEPRECATE_TEXT(_Text) __declspec(deprecated(_Text))
      |                                               ^
In file included from C:\Users\ultim\Desktop\Sonic Adventure Recompiled\src\sonic_collision_world.cpp:2:
C:\Users\ultim\Desktop\Sonic Adventure Recompiled\src\sonic_scalar_write_view.hpp(46,30): warning: 'getenv' is deprecated: This function or variable may be unsafe. Consider using _dupenv_s instead. To disable deprecation, use _CRT_SECURE_NO_WARNINGS. See online help for details. [-Wdeprecated-declarations]
   46 |         const char* p = std::getenv("SARECOMP_RAM_REGIONS");
      |                              ^
C:\Program Files (x86)\Windows Kits\10\Include\10.0.26100.0\ucrt\stdlib.h(1183,20): note: 'getenv' has been explicitly marked deprecated here
 1183 |     _Check_return_ _CRT_INSECURE_DEPRECATE(_dupenv_s)
      |                    ^
C:\Program Files (x86)\Microsoft Visual Studio\2022\BuildTools\VC\Tools\MSVC\14.44.35207\include\vcruntime.h(368,55): note: expanded from macro '_CRT_INSECURE_DEPRECATE'
  368 |         #define _CRT_INSECURE_DEPRECATE(_Replacement) _CRT_DEPRECATE_TEXT(    \
      |                                                       ^
C:\Program Files (x86)\Microsoft Visual Studio\2022\BuildTools\VC\Tools\MSVC\14.44.35207\include\vcruntime.h(358,47): note: expanded from macro '_CRT_DEPRECATE_TEXT'
  358 | #define _CRT_DEPRECATE_TEXT(_Text) __declspec(deprecated(_Text))
      |                                               ^
C:\Users\ultim\Desktop\Sonic Adventure Recompiled\src\sonic_collision_world.cpp(32,6): warning: unused function 'nonnegative' [-Wunused-function]
   32 | bool nonnegative(std::uint32_t value) noexcept {return !(value&0x80000000u);}
      |      ^~~~~~~~~~~
C:\Users\ultim\Desktop\Sonic Adventure Recompiled\src\sonic_collision_world.cpp(33,15): warning: unused function 'signed8' [-Wunused-function]
   33 | std::uint32_t signed8(std::uint8_t v) noexcept {return std::uint32_t(std::int32_t(std::bit_cast<std::int8_t>(v)));}
      |               ^~~~~~~
C:\Users\ultim\Desktop\Sonic Adventure Recompiled\src\sonic_collision_world.cpp(34,15): warning: unused function 'signed16' [-Wunused-function]
   34 | std::uint32_t signed16(std::uint16_t v) noexcept {return std::uint32_t(std::int32_t(std::bit_cast<std::int16_t>(v)));}
      |               ^~~~~~~~
10 warnings generated.
[20/51] Building CXX object CMakeFiles\katana_native_title_adapter.dir\src\sonic_render_hierarchy.cpp.obj
In file included from C:\Users\ultim\Desktop\Sonic Adventure Recompiled\src\sonic_render_hierarchy.cpp:1:
In file included from C:\Users\ultim\Desktop\Sonic Adventure Recompiled\src\sonic_render_hierarchy.hpp:3:
C:\Users\ultim\Desktop\Sonic Adventure Recompiled\src\sonic_internal_diagnostics.hpp(28,67): warning: 'getenv' is deprecated: This function or variable may be unsafe. Consider using _dupenv_s instead. To disable deprecation, use _CRT_SECURE_NO_WARNINGS. See online help for details. [-Wdeprecated-declarations]
   28 |     internal_runtime_enabled = read_internal_policy(program, std::getenv("SARECOMP_INTERNAL_DIAGNOSTICS"));
      |                                                                   ^
C:\Program Files (x86)\Windows Kits\10\Include\10.0.26100.0\ucrt\stdlib.h(1183,20): note: 'getenv' has been explicitly marked deprecated here
 1183 |     _Check_return_ _CRT_INSECURE_DEPRECATE(_dupenv_s)
      |                    ^
C:\Program Files (x86)\Microsoft Visual Studio\2022\BuildTools\VC\Tools\MSVC\14.44.35207\include\vcruntime.h(368,55): note: expanded from macro '_CRT_INSECURE_DEPRECATE'
  368 |         #define _CRT_INSECURE_DEPRECATE(_Replacement) _CRT_DEPRECATE_TEXT(    \
      |                                                       ^
C:\Program Files (x86)\Microsoft Visual Studio\2022\BuildTools\VC\Tools\MSVC\14.44.35207\include\vcruntime.h(358,47): note: expanded from macro '_CRT_DEPRECATE_TEXT'
  358 | #define _CRT_DEPRECATE_TEXT(_Text) __declspec(deprecated(_Text))
      |                                               ^
In file included from C:\Users\ultim\Desktop\Sonic Adventure Recompiled\src\sonic_render_hierarchy.cpp:1:
In file included from C:\Users\ultim\Desktop\Sonic Adventure Recompiled\src\sonic_render_hierarchy.hpp:4:
C:\Users\ultim\Desktop\Sonic Adventure Recompiled\src\sonic_native_cpu_policy.hpp(11,30): warning: 'getenv' is deprecated: This function or variable may be unsafe. Consider using _dupenv_s instead. To disable deprecation, use _CRT_SECURE_NO_WARNINGS. See online help for details. [-Wdeprecated-declarations]
   11 |     const char* group = std::getenv("SARECOMP_NATIVE_CPU_PATHS");
      |                              ^
C:\Program Files (x86)\Windows Kits\10\Include\10.0.26100.0\ucrt\stdlib.h(1183,20): note: 'getenv' has been explicitly marked deprecated here
 1183 |     _Check_return_ _CRT_INSECURE_DEPRECATE(_dupenv_s)
      |                    ^
C:\Program Files (x86)\Microsoft Visual Studio\2022\BuildTools\VC\Tools\MSVC\14.44.35207\include\vcruntime.h(368,55): note: expanded from macro '_CRT_INSECURE_DEPRECATE'
  368 |         #define _CRT_INSECURE_DEPRECATE(_Replacement) _CRT_DEPRECATE_TEXT(    \
      |                                                       ^
C:\Program Files (x86)\Microsoft Visual Studio\2022\BuildTools\VC\Tools\MSVC\14.44.35207\include\vcruntime.h(358,47): note: expanded from macro '_CRT_DEPRECATE_TEXT'
  358 | #define _CRT_DEPRECATE_TEXT(_Text) __declspec(deprecated(_Text))
      |                                               ^
In file included from C:\Users\ultim\Desktop\Sonic Adventure Recompiled\src\sonic_render_hierarchy.cpp:1:
In file included from C:\Users\ultim\Desktop\Sonic Adventure Recompiled\src\sonic_render_hierarchy.hpp:4:
C:\Users\ultim\Desktop\Sonic Adventure Recompiled\src\sonic_native_cpu_policy.hpp(13,30): warning: 'getenv' is deprecated: This function or variable may be unsafe. Consider using _dupenv_s instead. To disable deprecation, use _CRT_SECURE_NO_WARNINGS. See online help for details. [-Wdeprecated-declarations]
   13 |     const char* value = std::getenv(option);
      |                              ^
C:\Program Files (x86)\Windows Kits\10\Include\10.0.26100.0\ucrt\stdlib.h(1183,20): note: 'getenv' has been explicitly marked deprecated here
 1183 |     _Check_return_ _CRT_INSECURE_DEPRECATE(_dupenv_s)
      |                    ^
C:\Program Files (x86)\Microsoft Visual Studio\2022\BuildTools\VC\Tools\MSVC\14.44.35207\include\vcruntime.h(368,55): note: expanded from macro '_CRT_INSECURE_DEPRECATE'
  368 |         #define _CRT_INSECURE_DEPRECATE(_Replacement) _CRT_DEPRECATE_TEXT(    \
      |                                                       ^
C:\Program Files (x86)\Microsoft Visual Studio\2022\BuildTools\VC\Tools\MSVC\14.44.35207\include\vcruntime.h(358,47): note: expanded from macro '_CRT_DEPRECATE_TEXT'
  358 | #define _CRT_DEPRECATE_TEXT(_Text) __declspec(deprecated(_Text))
      |                                               ^
In file included from C:\Users\ultim\Desktop\Sonic Adventure Recompiled\src\sonic_render_hierarchy.cpp:1:
C:\Users\ultim\Desktop\Sonic Adventure Recompiled\src\sonic_render_hierarchy.hpp(19,49): warning: 'getenv' is deprecated: This function or variable may be unsafe. Consider using _dupenv_s instead. To disable deprecation, use _CRT_SECURE_NO_WARNINGS. See online help for details. [-Wdeprecated-declarations]
   19 |     static const bool on=[] {const auto* v=std::getenv("SARECOMP_NATIVE_RENDER_LOCAL_PROOFS");
      |                                                 ^
C:\Program Files (x86)\Windows Kits\10\Include\10.0.26100.0\ucrt\stdlib.h(1183,20): note: 'getenv' has been explicitly marked deprecated here
 1183 |     _Check_return_ _CRT_INSECURE_DEPRECATE(_dupenv_s)
      |                    ^
C:\Program Files (x86)\Microsoft Visual Studio\2022\BuildTools\VC\Tools\MSVC\14.44.35207\include\vcruntime.h(368,55): note: expanded from macro '_CRT_INSECURE_DEPRECATE'
  368 |         #define _CRT_INSECURE_DEPRECATE(_Replacement) _CRT_DEPRECATE_TEXT(    \
      |                                                       ^
C:\Program Files (x86)\Microsoft Visual Studio\2022\BuildTools\VC\Tools\MSVC\14.44.35207\include\vcruntime.h(358,47): note: expanded from macro '_CRT_DEPRECATE_TEXT'
  358 | #define _CRT_DEPRECATE_TEXT(_Text) __declspec(deprecated(_Text))
      |                                               ^
In file included from C:\Users\ultim\Desktop\Sonic Adventure Recompiled\src\sonic_render_hierarchy.cpp:1:
C:\Users\ultim\Desktop\Sonic Adventure Recompiled\src\sonic_render_hierarchy.hpp(37,49): warning: 'getenv' is deprecated: This function or variable may be unsafe. Consider using _dupenv_s instead. To disable deprecation, use _CRT_SECURE_NO_WARNINGS. See online help for details. [-Wdeprecated-declarations]
   37 |     static const bool on=[] {const auto* v=std::getenv("SARECOMP_NATIVE_MORPH_HIERARCHY");
      |                                                 ^
C:\Program Files (x86)\Windows Kits\10\Include\10.0.26100.0\ucrt\stdlib.h(1183,20): note: 'getenv' has been explicitly marked deprecated here
 1183 |     _Check_return_ _CRT_INSECURE_DEPRECATE(_dupenv_s)
      |                    ^
C:\Program Files (x86)\Microsoft Visual Studio\2022\BuildTools\VC\Tools\MSVC\14.44.35207\include\vcruntime.h(368,55): note: expanded from macro '_CRT_INSECURE_DEPRECATE'
  368 |         #define _CRT_INSECURE_DEPRECATE(_Replacement) _CRT_DEPRECATE_TEXT(    \
      |                                                       ^
C:\Program Files (x86)\Microsoft Visual Studio\2022\BuildTools\VC\Tools\MSVC\14.44.35207\include\vcruntime.h(358,47): note: expanded from macro '_CRT_DEPRECATE_TEXT'
  358 | #define _CRT_DEPRECATE_TEXT(_Text) __declspec(deprecated(_Text))
      |                                               ^
In file included from C:\Users\ultim\Desktop\Sonic Adventure Recompiled\src\sonic_render_hierarchy.cpp:2:
C:\Users\ultim\Desktop\Sonic Adventure Recompiled\src\sonic_scalar_write_view.hpp(30,30): warning: 'getenv' is deprecated: This function or variable may be unsafe. Consider using _dupenv_s instead. To disable deprecation, use _CRT_SECURE_NO_WARNINGS. See online help for details. [-Wdeprecated-declarations]
   30 |         const char* p = std::getenv("SARECOMP_SCALAR_WRITES");
      |                              ^
C:\Program Files (x86)\Windows Kits\10\Include\10.0.26100.0\ucrt\stdlib.h(1183,20): note: 'getenv' has been explicitly marked deprecated here
 1183 |     _Check_return_ _CRT_INSECURE_DEPRECATE(_dupenv_s)
      |                    ^
C:\Program Files (x86)\Microsoft Visual Studio\2022\BuildTools\VC\Tools\MSVC\14.44.35207\include\vcruntime.h(368,55): note: expanded from macro '_CRT_INSECURE_DEPRECATE'
  368 |         #define _CRT_INSECURE_DEPRECATE(_Replacement) _CRT_DEPRECATE_TEXT(    \
      |                                                       ^
C:\Program Files (x86)\Microsoft Visual Studio\2022\BuildTools\VC\Tools\MSVC\14.44.35207\include\vcruntime.h(358,47): note: expanded from macro '_CRT_DEPRECATE_TEXT'
  358 | #define _CRT_DEPRECATE_TEXT(_Text) __declspec(deprecated(_Text))
      |                                               ^
In file included from C:\Users\ultim\Desktop\Sonic Adventure Recompiled\src\sonic_render_hierarchy.cpp:2:
C:\Users\ultim\Desktop\Sonic Adventure Recompiled\src\sonic_scalar_write_view.hpp(38,30): warning: 'getenv' is deprecated: This function or variable may be unsafe. Consider using _dupenv_s instead. To disable deprecation, use _CRT_SECURE_NO_WARNINGS. See online help for details. [-Wdeprecated-declarations]
   38 |         const char* p = std::getenv("SARECOMP_STACK_FRAMES");
      |                              ^
C:\Program Files (x86)\Windows Kits\10\Include\10.0.26100.0\ucrt\stdlib.h(1183,20): note: 'getenv' has been explicitly marked deprecated here
 1183 |     _Check_return_ _CRT_INSECURE_DEPRECATE(_dupenv_s)
      |                    ^
C:\Program Files (x86)\Microsoft Visual Studio\2022\BuildTools\VC\Tools\MSVC\14.44.35207\include\vcruntime.h(368,55): note: expanded from macro '_CRT_INSECURE_DEPRECATE'
  368 |         #define _CRT_INSECURE_DEPRECATE(_Replacement) _CRT_DEPRECATE_TEXT(    \
      |                                                       ^
C:\Program Files (x86)\Microsoft Visual Studio\2022\BuildTools\VC\Tools\MSVC\14.44.35207\include\vcruntime.h(358,47): note: expanded from macro '_CRT_DEPRECATE_TEXT'
  358 | #define _CRT_DEPRECATE_TEXT(_Text) __declspec(deprecated(_Text))
      |                                               ^
In file included from C:\Users\ultim\Desktop\Sonic Adventure Recompiled\src\sonic_render_hierarchy.cpp:2:
C:\Users\ultim\Desktop\Sonic Adventure Recompiled\src\sonic_scalar_write_view.hpp(46,30): warning: 'getenv' is deprecated: This function or variable may be unsafe. Consider using _dupenv_s instead. To disable deprecation, use _CRT_SECURE_NO_WARNINGS. See online help for details. [-Wdeprecated-declarations]
   46 |         const char* p = std::getenv("SARECOMP_RAM_REGIONS");
      |                              ^
C:\Program Files (x86)\Windows Kits\10\Include\10.0.26100.0\ucrt\stdlib.h(1183,20): note: 'getenv' has been explicitly marked deprecated here
 1183 |     _Check_return_ _CRT_INSECURE_DEPRECATE(_dupenv_s)
      |                    ^
C:\Program Files (x86)\Microsoft Visual Studio\2022\BuildTools\VC\Tools\MSVC\14.44.35207\include\vcruntime.h(368,55): note: expanded from macro '_CRT_INSECURE_DEPRECATE'
  368 |         #define _CRT_INSECURE_DEPRECATE(_Replacement) _CRT_DEPRECATE_TEXT(    \
      |                                                       ^
C:\Program Files (x86)\Microsoft Visual Studio\2022\BuildTools\VC\Tools\MSVC\14.44.35207\include\vcruntime.h(358,47): note: expanded from macro '_CRT_DEPRECATE_TEXT'
  358 | #define _CRT_DEPRECATE_TEXT(_Text) __declspec(deprecated(_Text))
      |                                               ^
C:\Users\ultim\Desktop\Sonic Adventure Recompiled\src\sonic_render_hierarchy.cpp(33,6): warning: unused function 'nonnegative' [-Wunused-function]
   33 | bool nonnegative(std::uint32_t value) noexcept {return !(value&0x80000000u);}
      |      ^~~~~~~~~~~
9 warnings generated.
[21/51] Building CXX object CMakeFiles\katana_native_title_adapter.dir\src\sonic_movement_contact.cpp.obj
In file included from C:\Users\ultim\Desktop\Sonic Adventure Recompiled\src\sonic_movement_contact.cpp:1:
In file included from C:\Users\ultim\Desktop\Sonic Adventure Recompiled\src\sonic_movement_contact.hpp:3:
C:\Users\ultim\Desktop\Sonic Adventure Recompiled\src\sonic_internal_diagnostics.hpp(28,67): warning: 'getenv' is deprecated: This function or variable may be unsafe. Consider using _dupenv_s instead. To disable deprecation, use _CRT_SECURE_NO_WARNINGS. See online help for details. [-Wdeprecated-declarations]
   28 |     internal_runtime_enabled = read_internal_policy(program, std::getenv("SARECOMP_INTERNAL_DIAGNOSTICS"));
      |                                                                   ^
C:\Program Files (x86)\Windows Kits\10\Include\10.0.26100.0\ucrt\stdlib.h(1183,20): note: 'getenv' has been explicitly marked deprecated here
 1183 |     _Check_return_ _CRT_INSECURE_DEPRECATE(_dupenv_s)
      |                    ^
C:\Program Files (x86)\Microsoft Visual Studio\2022\BuildTools\VC\Tools\MSVC\14.44.35207\include\vcruntime.h(368,55): note: expanded from macro '_CRT_INSECURE_DEPRECATE'
  368 |         #define _CRT_INSECURE_DEPRECATE(_Replacement) _CRT_DEPRECATE_TEXT(    \
      |                                                       ^
C:\Program Files (x86)\Microsoft Visual Studio\2022\BuildTools\VC\Tools\MSVC\14.44.35207\include\vcruntime.h(358,47): note: expanded from macro '_CRT_DEPRECATE_TEXT'
  358 | #define _CRT_DEPRECATE_TEXT(_Text) __declspec(deprecated(_Text))
      |                                               ^
In file included from C:\Users\ultim\Desktop\Sonic Adventure Recompiled\src\sonic_movement_contact.cpp:1:
In file included from C:\Users\ultim\Desktop\Sonic Adventure Recompiled\src\sonic_movement_contact.hpp:4:
C:\Users\ultim\Desktop\Sonic Adventure Recompiled\src\sonic_native_cpu_policy.hpp(11,30): warning: 'getenv' is deprecated: This function or variable may be unsafe. Consider using _dupenv_s instead. To disable deprecation, use _CRT_SECURE_NO_WARNINGS. See online help for details. [-Wdeprecated-declarations]
   11 |     const char* group = std::getenv("SARECOMP_NATIVE_CPU_PATHS");
      |                              ^
C:\Program Files (x86)\Windows Kits\10\Include\10.0.26100.0\ucrt\stdlib.h(1183,20): note: 'getenv' has been explicitly marked deprecated here
 1183 |     _Check_return_ _CRT_INSECURE_DEPRECATE(_dupenv_s)
      |                    ^
C:\Program Files (x86)\Microsoft Visual Studio\2022\BuildTools\VC\Tools\MSVC\14.44.35207\include\vcruntime.h(368,55): note: expanded from macro '_CRT_INSECURE_DEPRECATE'
  368 |         #define _CRT_INSECURE_DEPRECATE(_Replacement) _CRT_DEPRECATE_TEXT(    \
      |                                                       ^
C:\Program Files (x86)\Microsoft Visual Studio\2022\BuildTools\VC\Tools\MSVC\14.44.35207\include\vcruntime.h(358,47): note: expanded from macro '_CRT_DEPRECATE_TEXT'
  358 | #define _CRT_DEPRECATE_TEXT(_Text) __declspec(deprecated(_Text))
      |                                               ^
In file included from C:\Users\ultim\Desktop\Sonic Adventure Recompiled\src\sonic_movement_contact.cpp:1:
In file included from C:\Users\ultim\Desktop\Sonic Adventure Recompiled\src\sonic_movement_contact.hpp:4:
C:\Users\ultim\Desktop\Sonic Adventure Recompiled\src\sonic_native_cpu_policy.hpp(13,30): warning: 'getenv' is deprecated: This function or variable may be unsafe. Consider using _dupenv_s instead. To disable deprecation, use _CRT_SECURE_NO_WARNINGS. See online help for details. [-Wdeprecated-declarations]
   13 |     const char* value = std::getenv(option);
      |                              ^
C:\Program Files (x86)\Windows Kits\10\Include\10.0.26100.0\ucrt\stdlib.h(1183,20): note: 'getenv' has been explicitly marked deprecated here
 1183 |     _Check_return_ _CRT_INSECURE_DEPRECATE(_dupenv_s)
      |                    ^
C:\Program Files (x86)\Microsoft Visual Studio\2022\BuildTools\VC\Tools\MSVC\14.44.35207\include\vcruntime.h(368,55): note: expanded from macro '_CRT_INSECURE_DEPRECATE'
  368 |         #define _CRT_INSECURE_DEPRECATE(_Replacement) _CRT_DEPRECATE_TEXT(    \
      |                                                       ^
C:\Program Files (x86)\Microsoft Visual Studio\2022\BuildTools\VC\Tools\MSVC\14.44.35207\include\vcruntime.h(358,47): note: expanded from macro '_CRT_DEPRECATE_TEXT'
  358 | #define _CRT_DEPRECATE_TEXT(_Text) __declspec(deprecated(_Text))
      |                                               ^
In file included from C:\Users\ultim\Desktop\Sonic Adventure Recompiled\src\sonic_movement_contact.cpp:2:
C:\Users\ultim\Desktop\Sonic Adventure Recompiled\src\sonic_scalar_write_view.hpp(30,30): warning: 'getenv' is deprecated: This function or variable may be unsafe. Consider using _dupenv_s instead. To disable deprecation, use _CRT_SECURE_NO_WARNINGS. See online help for details. [-Wdeprecated-declarations]
   30 |         const char* p = std::getenv("SARECOMP_SCALAR_WRITES");
      |                              ^
C:\Program Files (x86)\Windows Kits\10\Include\10.0.26100.0\ucrt\stdlib.h(1183,20): note: 'getenv' has been explicitly marked deprecated here
 1183 |     _Check_return_ _CRT_INSECURE_DEPRECATE(_dupenv_s)
      |                    ^
C:\Program Files (x86)\Microsoft Visual Studio\2022\BuildTools\VC\Tools\MSVC\14.44.35207\include\vcruntime.h(368,55): note: expanded from macro '_CRT_INSECURE_DEPRECATE'
  368 |         #define _CRT_INSECURE_DEPRECATE(_Replacement) _CRT_DEPRECATE_TEXT(    \
      |                                                       ^
C:\Program Files (x86)\Microsoft Visual Studio\2022\BuildTools\VC\Tools\MSVC\14.44.35207\include\vcruntime.h(358,47): note: expanded from macro '_CRT_DEPRECATE_TEXT'
  358 | #define _CRT_DEPRECATE_TEXT(_Text) __declspec(deprecated(_Text))
      |                                               ^
In file included from C:\Users\ultim\Desktop\Sonic Adventure Recompiled\src\sonic_movement_contact.cpp:2:
C:\Users\ultim\Desktop\Sonic Adventure Recompiled\src\sonic_scalar_write_view.hpp(38,30): warning: 'getenv' is deprecated: This function or variable may be unsafe. Consider using _dupenv_s instead. To disable deprecation, use _CRT_SECURE_NO_WARNINGS. See online help for details. [-Wdeprecated-declarations]
   38 |         const char* p = std::getenv("SARECOMP_STACK_FRAMES");
      |                              ^
C:\Program Files (x86)\Windows Kits\10\Include\10.0.26100.0\ucrt\stdlib.h(1183,20): note: 'getenv' has been explicitly marked deprecated here
 1183 |     _Check_return_ _CRT_INSECURE_DEPRECATE(_dupenv_s)
      |                    ^
C:\Program Files (x86)\Microsoft Visual Studio\2022\BuildTools\VC\Tools\MSVC\14.44.35207\include\vcruntime.h(368,55): note: expanded from macro '_CRT_INSECURE_DEPRECATE'
  368 |         #define _CRT_INSECURE_DEPRECATE(_Replacement) _CRT_DEPRECATE_TEXT(    \
      |                                                       ^
C:\Program Files (x86)\Microsoft Visual Studio\2022\BuildTools\VC\Tools\MSVC\14.44.35207\include\vcruntime.h(358,47): note: expanded from macro '_CRT_DEPRECATE_TEXT'
  358 | #define _CRT_DEPRECATE_TEXT(_Text) __declspec(deprecated(_Text))
      |                                               ^
In file included from C:\Users\ultim\Desktop\Sonic Adventure Recompiled\src\sonic_movement_contact.cpp:2:
C:\Users\ultim\Desktop\Sonic Adventure Recompiled\src\sonic_scalar_write_view.hpp(46,30): warning: 'getenv' is deprecated: This function or variable may be unsafe. Consider using _dupenv_s instead. To disable deprecation, use _CRT_SECURE_NO_WARNINGS. See online help for details. [-Wdeprecated-declarations]
   46 |         const char* p = std::getenv("SARECOMP_RAM_REGIONS");
      |                              ^
C:\Program Files (x86)\Windows Kits\10\Include\10.0.26100.0\ucrt\stdlib.h(1183,20): note: 'getenv' has been explicitly marked deprecated here
 1183 |     _Check_return_ _CRT_INSECURE_DEPRECATE(_dupenv_s)
      |                    ^
C:\Program Files (x86)\Microsoft Visual Studio\2022\BuildTools\VC\Tools\MSVC\14.44.35207\include\vcruntime.h(368,55): note: expanded from macro '_CRT_INSECURE_DEPRECATE'
  368 |         #define _CRT_INSECURE_DEPRECATE(_Replacement) _CRT_DEPRECATE_TEXT(    \
      |                                                       ^
C:\Program Files (x86)\Microsoft Visual Studio\2022\BuildTools\VC\Tools\MSVC\14.44.35207\include\vcruntime.h(358,47): note: expanded from macro '_CRT_DEPRECATE_TEXT'
  358 | #define _CRT_DEPRECATE_TEXT(_Text) __declspec(deprecated(_Text))
      |                                               ^
C:\Users\ultim\Desktop\Sonic Adventure Recompiled\src\sonic_movement_contact.cpp(31,6): warning: unused function 'nonnegative' [-Wunused-function]
   31 | bool nonnegative(std::uint32_t value) noexcept {return !(value&0x80000000u);}
      |      ^~~~~~~~~~~
C:\Users\ultim\Desktop\Sonic Adventure Recompiled\src\sonic_movement_contact.cpp(33,15): warning: unused function 'signed16' [-Wunused-function]
   33 | std::uint32_t signed16(std::uint16_t v) noexcept {return std::uint32_t(std::int32_t(std::bit_cast<std::int16_t>(v)));}
      |               ^~~~~~~~
8 warnings generated.
[22/51] Building CXX object CMakeFiles\sonic_dispatch.dir\generated\object-activation-bridge\unit-v8C09036C-8C09168E-46c0db15f975e3ef.cpp.obj
In file included from C:\Users\ultim\Desktop\Sonic Adventure Recompiled\build-performance\generated\object-activation-bridge\unit-v8C09036C-8C09168E-46c0db15f975e3ef.cpp:1:
In file included from C:\Users\ultim\Desktop\Sonic Adventure Recompiled\src\sonic_object_activation.hpp:3:
C:\Users\ultim\Desktop\Sonic Adventure Recompiled\src\sonic_native_cpu_policy.hpp(11,30): warning: 'getenv' is deprecated: This function or variable may be unsafe. Consider using _dupenv_s instead. To disable deprecation, use _CRT_SECURE_NO_WARNINGS. See online help for details. [-Wdeprecated-declarations]
   11 |     const char* group = std::getenv("SARECOMP_NATIVE_CPU_PATHS");
      |                              ^
C:\Program Files (x86)\Windows Kits\10\Include\10.0.26100.0\ucrt\stdlib.h(1183,20): note: 'getenv' has been explicitly marked deprecated here
 1183 |     _Check_return_ _CRT_INSECURE_DEPRECATE(_dupenv_s)
      |                    ^
C:\Program Files (x86)\Microsoft Visual Studio\2022\BuildTools\VC\Tools\MSVC\14.44.35207\include\vcruntime.h(368,55): note: expanded from macro '_CRT_INSECURE_DEPRECATE'
  368 |         #define _CRT_INSECURE_DEPRECATE(_Replacement) _CRT_DEPRECATE_TEXT(    \
      |                                                       ^
C:\Program Files (x86)\Microsoft Visual Studio\2022\BuildTools\VC\Tools\MSVC\14.44.35207\include\vcruntime.h(358,47): note: expanded from macro '_CRT_DEPRECATE_TEXT'
  358 | #define _CRT_DEPRECATE_TEXT(_Text) __declspec(deprecated(_Text))
      |                                               ^
In file included from C:\Users\ultim\Desktop\Sonic Adventure Recompiled\build-performance\generated\object-activation-bridge\unit-v8C09036C-8C09168E-46c0db15f975e3ef.cpp:1:
In file included from C:\Users\ultim\Desktop\Sonic Adventure Recompiled\src\sonic_object_activation.hpp:3:
C:\Users\ultim\Desktop\Sonic Adventure Recompiled\src\sonic_native_cpu_policy.hpp(13,30): warning: 'getenv' is deprecated: This function or variable may be unsafe. Consider using _dupenv_s instead. To disable deprecation, use _CRT_SECURE_NO_WARNINGS. See online help for details. [-Wdeprecated-declarations]
   13 |     const char* value = std::getenv(option);
      |                              ^
C:\Program Files (x86)\Windows Kits\10\Include\10.0.26100.0\ucrt\stdlib.h(1183,20): note: 'getenv' has been explicitly marked deprecated here
 1183 |     _Check_return_ _CRT_INSECURE_DEPRECATE(_dupenv_s)
      |                    ^
C:\Program Files (x86)\Microsoft Visual Studio\2022\BuildTools\VC\Tools\MSVC\14.44.35207\include\vcruntime.h(368,55): note: expanded from macro '_CRT_INSECURE_DEPRECATE'
  368 |         #define _CRT_INSECURE_DEPRECATE(_Replacement) _CRT_DEPRECATE_TEXT(    \
      |                                                       ^
C:\Program Files (x86)\Microsoft Visual Studio\2022\BuildTools\VC\Tools\MSVC\14.44.35207\include\vcruntime.h(358,47): note: expanded from macro '_CRT_DEPRECATE_TEXT'
  358 | #define _CRT_DEPRECATE_TEXT(_Text) __declspec(deprecated(_Text))
      |                                               ^
In file included from C:\Users\ultim\Desktop\Sonic Adventure Recompiled\build-performance\generated\object-activation-bridge\unit-v8C09036C-8C09168E-46c0db15f975e3ef.cpp:1:
In file included from C:\Users\ultim\Desktop\Sonic Adventure Recompiled\src\sonic_object_activation.hpp:4:
C:\Users\ultim\Desktop\Sonic Adventure Recompiled\src\sonic_internal_diagnostics.hpp(28,67): warning: 'getenv' is deprecated: This function or variable may be unsafe. Consider using _dupenv_s instead. To disable deprecation, use _CRT_SECURE_NO_WARNINGS. See online help for details. [-Wdeprecated-declarations]
   28 |     internal_runtime_enabled = read_internal_policy(program, std::getenv("SARECOMP_INTERNAL_DIAGNOSTICS"));
      |                                                                   ^
C:\Program Files (x86)\Windows Kits\10\Include\10.0.26100.0\ucrt\stdlib.h(1183,20): note: 'getenv' has been explicitly marked deprecated here
 1183 |     _Check_return_ _CRT_INSECURE_DEPRECATE(_dupenv_s)
      |                    ^
C:\Program Files (x86)\Microsoft Visual Studio\2022\BuildTools\VC\Tools\MSVC\14.44.35207\include\vcruntime.h(368,55): note: expanded from macro '_CRT_INSECURE_DEPRECATE'
  368 |         #define _CRT_INSECURE_DEPRECATE(_Replacement) _CRT_DEPRECATE_TEXT(    \
      |                                                       ^
C:\Program Files (x86)\Microsoft Visual Studio\2022\BuildTools\VC\Tools\MSVC\14.44.35207\include\vcruntime.h(358,47): note: expanded from macro '_CRT_DEPRECATE_TEXT'
  358 | #define _CRT_DEPRECATE_TEXT(_Text) __declspec(deprecated(_Text))
      |                                               ^
3 warnings generated.
[23/51] Building CXX object CMakeFiles\sonic_dispatch.dir\generated\object-activation-bridge\unit-v8C091720-8C09276E-f12ea02f8b924edc.cpp.obj
In file included from C:\Users\ultim\Desktop\Sonic Adventure Recompiled\build-performance\generated\object-activation-bridge\unit-v8C091720-8C09276E-f12ea02f8b924edc.cpp:1:
In file included from C:\Users\ultim\Desktop\Sonic Adventure Recompiled\src\sonic_object_activation.hpp:3:
C:\Users\ultim\Desktop\Sonic Adventure Recompiled\src\sonic_native_cpu_policy.hpp(11,30): warning: 'getenv' is deprecated: This function or variable may be unsafe. Consider using _dupenv_s instead. To disable deprecation, use _CRT_SECURE_NO_WARNINGS. See online help for details. [-Wdeprecated-declarations]
   11 |     const char* group = std::getenv("SARECOMP_NATIVE_CPU_PATHS");
      |                              ^
C:\Program Files (x86)\Windows Kits\10\Include\10.0.26100.0\ucrt\stdlib.h(1183,20): note: 'getenv' has been explicitly marked deprecated here
 1183 |     _Check_return_ _CRT_INSECURE_DEPRECATE(_dupenv_s)
      |                    ^
C:\Program Files (x86)\Microsoft Visual Studio\2022\BuildTools\VC\Tools\MSVC\14.44.35207\include\vcruntime.h(368,55): note: expanded from macro '_CRT_INSECURE_DEPRECATE'
  368 |         #define _CRT_INSECURE_DEPRECATE(_Replacement) _CRT_DEPRECATE_TEXT(    \
      |                                                       ^
C:\Program Files (x86)\Microsoft Visual Studio\2022\BuildTools\VC\Tools\MSVC\14.44.35207\include\vcruntime.h(358,47): note: expanded from macro '_CRT_DEPRECATE_TEXT'
  358 | #define _CRT_DEPRECATE_TEXT(_Text) __declspec(deprecated(_Text))
      |                                               ^
In file included from C:\Users\ultim\Desktop\Sonic Adventure Recompiled\build-performance\generated\object-activation-bridge\unit-v8C091720-8C09276E-f12ea02f8b924edc.cpp:1:
In file included from C:\Users\ultim\Desktop\Sonic Adventure Recompiled\src\sonic_object_activation.hpp:3:
C:\Users\ultim\Desktop\Sonic Adventure Recompiled\src\sonic_native_cpu_policy.hpp(13,30): warning: 'getenv' is deprecated: This function or variable may be unsafe. Consider using _dupenv_s instead. To disable deprecation, use _CRT_SECURE_NO_WARNINGS. See online help for details. [-Wdeprecated-declarations]
   13 |     const char* value = std::getenv(option);
      |                              ^
C:\Program Files (x86)\Windows Kits\10\Include\10.0.26100.0\ucrt\stdlib.h(1183,20): note: 'getenv' has been explicitly marked deprecated here
 1183 |     _Check_return_ _CRT_INSECURE_DEPRECATE(_dupenv_s)
      |                    ^
C:\Program Files (x86)\Microsoft Visual Studio\2022\BuildTools\VC\Tools\MSVC\14.44.35207\include\vcruntime.h(368,55): note: expanded from macro '_CRT_INSECURE_DEPRECATE'
  368 |         #define _CRT_INSECURE_DEPRECATE(_Replacement) _CRT_DEPRECATE_TEXT(    \
      |                                                       ^
C:\Program Files (x86)\Microsoft Visual Studio\2022\BuildTools\VC\Tools\MSVC\14.44.35207\include\vcruntime.h(358,47): note: expanded from macro '_CRT_DEPRECATE_TEXT'
  358 | #define _CRT_DEPRECATE_TEXT(_Text) __declspec(deprecated(_Text))
      |                                               ^
In file included from C:\Users\ultim\Desktop\Sonic Adventure Recompiled\build-performance\generated\object-activation-bridge\unit-v8C091720-8C09276E-f12ea02f8b924edc.cpp:1:
In file included from C:\Users\ultim\Desktop\Sonic Adventure Recompiled\src\sonic_object_activation.hpp:4:
C:\Users\ultim\Desktop\Sonic Adventure Recompiled\src\sonic_internal_diagnostics.hpp(28,67): warning: 'getenv' is deprecated: This function or variable may be unsafe. Consider using _dupenv_s instead. To disable deprecation, use _CRT_SECURE_NO_WARNINGS. See online help for details. [-Wdeprecated-declarations]
   28 |     internal_runtime_enabled = read_internal_policy(program, std::getenv("SARECOMP_INTERNAL_DIAGNOSTICS"));
      |                                                                   ^
C:\Program Files (x86)\Windows Kits\10\Include\10.0.26100.0\ucrt\stdlib.h(1183,20): note: 'getenv' has been explicitly marked deprecated here
 1183 |     _Check_return_ _CRT_INSECURE_DEPRECATE(_dupenv_s)
      |                    ^
C:\Program Files (x86)\Microsoft Visual Studio\2022\BuildTools\VC\Tools\MSVC\14.44.35207\include\vcruntime.h(368,55): note: expanded from macro '_CRT_INSECURE_DEPRECATE'
  368 |         #define _CRT_INSECURE_DEPRECATE(_Replacement) _CRT_DEPRECATE_TEXT(    \
      |                                                       ^
C:\Program Files (x86)\Microsoft Visual Studio\2022\BuildTools\VC\Tools\MSVC\14.44.35207\include\vcruntime.h(358,47): note: expanded from macro '_CRT_DEPRECATE_TEXT'
  358 | #define _CRT_DEPRECATE_TEXT(_Text) __declspec(deprecated(_Text))
      |                                               ^
3 warnings generated.
[24/51] Building CXX object CMakeFiles\sonic_dispatch.dir\generated\movement-contact-bridge\unit-v8C074214-8C075154-1bc56e9d4bd882fb.cpp.obj
In file included from C:\Users\ultim\Desktop\Sonic Adventure Recompiled\build-performance\generated\movement-contact-bridge\unit-v8C074214-8C075154-1bc56e9d4bd882fb.cpp:1:
In file included from C:\Users\ultim\Desktop\Sonic Adventure Recompiled\src\sonic_movement_contact.hpp:3:
C:\Users\ultim\Desktop\Sonic Adventure Recompiled\src\sonic_internal_diagnostics.hpp(28,67): warning: 'getenv' is deprecated: This function or variable may be unsafe. Consider using _dupenv_s instead. To disable deprecation, use _CRT_SECURE_NO_WARNINGS. See online help for details. [-Wdeprecated-declarations]
   28 |     internal_runtime_enabled = read_internal_policy(program, std::getenv("SARECOMP_INTERNAL_DIAGNOSTICS"));
      |                                                                   ^
C:\Program Files (x86)\Windows Kits\10\Include\10.0.26100.0\ucrt\stdlib.h(1183,20): note: 'getenv' has been explicitly marked deprecated here
 1183 |     _Check_return_ _CRT_INSECURE_DEPRECATE(_dupenv_s)
      |                    ^
C:\Program Files (x86)\Microsoft Visual Studio\2022\BuildTools\VC\Tools\MSVC\14.44.35207\include\vcruntime.h(368,55): note: expanded from macro '_CRT_INSECURE_DEPRECATE'
  368 |         #define _CRT_INSECURE_DEPRECATE(_Replacement) _CRT_DEPRECATE_TEXT(    \
      |                                                       ^
C:\Program Files (x86)\Microsoft Visual Studio\2022\BuildTools\VC\Tools\MSVC\14.44.35207\include\vcruntime.h(358,47): note: expanded from macro '_CRT_DEPRECATE_TEXT'
  358 | #define _CRT_DEPRECATE_TEXT(_Text) __declspec(deprecated(_Text))
      |                                               ^
In file included from C:\Users\ultim\Desktop\Sonic Adventure Recompiled\build-performance\generated\movement-contact-bridge\unit-v8C074214-8C075154-1bc56e9d4bd882fb.cpp:1:
In file included from C:\Users\ultim\Desktop\Sonic Adventure Recompiled\src\sonic_movement_contact.hpp:4:
C:\Users\ultim\Desktop\Sonic Adventure Recompiled\src\sonic_native_cpu_policy.hpp(11,30): warning: 'getenv' is deprecated: This function or variable may be unsafe. Consider using _dupenv_s instead. To disable deprecation, use _CRT_SECURE_NO_WARNINGS. See online help for details. [-Wdeprecated-declarations]
   11 |     const char* group = std::getenv("SARECOMP_NATIVE_CPU_PATHS");
      |                              ^
C:\Program Files (x86)\Windows Kits\10\Include\10.0.26100.0\ucrt\stdlib.h(1183,20): note: 'getenv' has been explicitly marked deprecated here
 1183 |     _Check_return_ _CRT_INSECURE_DEPRECATE(_dupenv_s)
      |                    ^
C:\Program Files (x86)\Microsoft Visual Studio\2022\BuildTools\VC\Tools\MSVC\14.44.35207\include\vcruntime.h(368,55): note: expanded from macro '_CRT_INSECURE_DEPRECATE'
  368 |         #define _CRT_INSECURE_DEPRECATE(_Replacement) _CRT_DEPRECATE_TEXT(    \
      |                                                       ^
C:\Program Files (x86)\Microsoft Visual Studio\2022\BuildTools\VC\Tools\MSVC\14.44.35207\include\vcruntime.h(358,47): note: expanded from macro '_CRT_DEPRECATE_TEXT'
  358 | #define _CRT_DEPRECATE_TEXT(_Text) __declspec(deprecated(_Text))
      |                                               ^
In file included from C:\Users\ultim\Desktop\Sonic Adventure Recompiled\build-performance\generated\movement-contact-bridge\unit-v8C074214-8C075154-1bc56e9d4bd882fb.cpp:1:
In file included from C:\Users\ultim\Desktop\Sonic Adventure Recompiled\src\sonic_movement_contact.hpp:4:
C:\Users\ultim\Desktop\Sonic Adventure Recompiled\src\sonic_native_cpu_policy.hpp(13,30): warning: 'getenv' is deprecated: This function or variable may be unsafe. Consider using _dupenv_s instead. To disable deprecation, use _CRT_SECURE_NO_WARNINGS. See online help for details. [-Wdeprecated-declarations]
   13 |     const char* value = std::getenv(option);
      |                              ^
C:\Program Files (x86)\Windows Kits\10\Include\10.0.26100.0\ucrt\stdlib.h(1183,20): note: 'getenv' has been explicitly marked deprecated here
 1183 |     _Check_return_ _CRT_INSECURE_DEPRECATE(_dupenv_s)
      |                    ^
C:\Program Files (x86)\Microsoft Visual Studio\2022\BuildTools\VC\Tools\MSVC\14.44.35207\include\vcruntime.h(368,55): note: expanded from macro '_CRT_INSECURE_DEPRECATE'
  368 |         #define _CRT_INSECURE_DEPRECATE(_Replacement) _CRT_DEPRECATE_TEXT(    \
      |                                                       ^
C:\Program Files (x86)\Microsoft Visual Studio\2022\BuildTools\VC\Tools\MSVC\14.44.35207\include\vcruntime.h(358,47): note: expanded from macro '_CRT_DEPRECATE_TEXT'
  358 | #define _CRT_DEPRECATE_TEXT(_Text) __declspec(deprecated(_Text))
      |                                               ^
3 warnings generated.
[25/51] Building CXX object CMakeFiles\sonic_dispatch.dir\generated\movement-contact-bridge\unit-v8C073018-8C073018-457a60bdbd02a56b.cpp.obj
In file included from C:\Users\ultim\Desktop\Sonic Adventure Recompiled\build-performance\generated\movement-contact-bridge\unit-v8C073018-8C073018-457a60bdbd02a56b.cpp:1:
In file included from C:\Users\ultim\Desktop\Sonic Adventure Recompiled\src\sonic_movement_contact.hpp:3:
C:\Users\ultim\Desktop\Sonic Adventure Recompiled\src\sonic_internal_diagnostics.hpp(28,67): warning: 'getenv' is deprecated: This function or variable may be unsafe. Consider using _dupenv_s instead. To disable deprecation, use _CRT_SECURE_NO_WARNINGS. See online help for details. [-Wdeprecated-declarations]
   28 |     internal_runtime_enabled = read_internal_policy(program, std::getenv("SARECOMP_INTERNAL_DIAGNOSTICS"));
      |                                                                   ^
C:\Program Files (x86)\Windows Kits\10\Include\10.0.26100.0\ucrt\stdlib.h(1183,20): note: 'getenv' has been explicitly marked deprecated here
 1183 |     _Check_return_ _CRT_INSECURE_DEPRECATE(_dupenv_s)
      |                    ^
C:\Program Files (x86)\Microsoft Visual Studio\2022\BuildTools\VC\Tools\MSVC\14.44.35207\include\vcruntime.h(368,55): note: expanded from macro '_CRT_INSECURE_DEPRECATE'
  368 |         #define _CRT_INSECURE_DEPRECATE(_Replacement) _CRT_DEPRECATE_TEXT(    \
      |                                                       ^
C:\Program Files (x86)\Microsoft Visual Studio\2022\BuildTools\VC\Tools\MSVC\14.44.35207\include\vcruntime.h(358,47): note: expanded from macro '_CRT_DEPRECATE_TEXT'
  358 | #define _CRT_DEPRECATE_TEXT(_Text) __declspec(deprecated(_Text))
      |                                               ^
In file included from C:\Users\ultim\Desktop\Sonic Adventure Recompiled\build-performance\generated\movement-contact-bridge\unit-v8C073018-8C073018-457a60bdbd02a56b.cpp:1:
In file included from C:\Users\ultim\Desktop\Sonic Adventure Recompiled\src\sonic_movement_contact.hpp:4:
C:\Users\ultim\Desktop\Sonic Adventure Recompiled\src\sonic_native_cpu_policy.hpp(11,30): warning: 'getenv' is deprecated: This function or variable may be unsafe. Consider using _dupenv_s instead. To disable deprecation, use _CRT_SECURE_NO_WARNINGS. See online help for details. [-Wdeprecated-declarations]
   11 |     const char* group = std::getenv("SARECOMP_NATIVE_CPU_PATHS");
      |                              ^
C:\Program Files (x86)\Windows Kits\10\Include\10.0.26100.0\ucrt\stdlib.h(1183,20): note: 'getenv' has been explicitly marked deprecated here
 1183 |     _Check_return_ _CRT_INSECURE_DEPRECATE(_dupenv_s)
      |                    ^
C:\Program Files (x86)\Microsoft Visual Studio\2022\BuildTools\VC\Tools\MSVC\14.44.35207\include\vcruntime.h(368,55): note: expanded from macro '_CRT_INSECURE_DEPRECATE'
  368 |         #define _CRT_INSECURE_DEPRECATE(_Replacement) _CRT_DEPRECATE_TEXT(    \
      |                                                       ^
C:\Program Files (x86)\Microsoft Visual Studio\2022\BuildTools\VC\Tools\MSVC\14.44.35207\include\vcruntime.h(358,47): note: expanded from macro '_CRT_DEPRECATE_TEXT'
  358 | #define _CRT_DEPRECATE_TEXT(_Text) __declspec(deprecated(_Text))
      |                                               ^
In file included from C:\Users\ultim\Desktop\Sonic Adventure Recompiled\build-performance\generated\movement-contact-bridge\unit-v8C073018-8C073018-457a60bdbd02a56b.cpp:1:
In file included from C:\Users\ultim\Desktop\Sonic Adventure Recompiled\src\sonic_movement_contact.hpp:4:
C:\Users\ultim\Desktop\Sonic Adventure Recompiled\src\sonic_native_cpu_policy.hpp(13,30): warning: 'getenv' is deprecated: This function or variable may be unsafe. Consider using _dupenv_s instead. To disable deprecation, use _CRT_SECURE_NO_WARNINGS. See online help for details. [-Wdeprecated-declarations]
   13 |     const char* value = std::getenv(option);
      |                              ^
C:\Program Files (x86)\Windows Kits\10\Include\10.0.26100.0\ucrt\stdlib.h(1183,20): note: 'getenv' has been explicitly marked deprecated here
 1183 |     _Check_return_ _CRT_INSECURE_DEPRECATE(_dupenv_s)
      |                    ^
C:\Program Files (x86)\Microsoft Visual Studio\2022\BuildTools\VC\Tools\MSVC\14.44.35207\include\vcruntime.h(368,55): note: expanded from macro '_CRT_INSECURE_DEPRECATE'
  368 |         #define _CRT_INSECURE_DEPRECATE(_Replacement) _CRT_DEPRECATE_TEXT(    \
      |                                                       ^
C:\Program Files (x86)\Microsoft Visual Studio\2022\BuildTools\VC\Tools\MSVC\14.44.35207\include\vcruntime.h(358,47): note: expanded from macro '_CRT_DEPRECATE_TEXT'
  358 | #define _CRT_DEPRECATE_TEXT(_Text) __declspec(deprecated(_Text))
      |                                               ^
In file included from C:\Users\ultim\Desktop\Sonic Adventure Recompiled\build-performance\generated\movement-contact-bridge\unit-v8C073018-8C073018-457a60bdbd02a56b.cpp:2:
C:\Users\ultim\Desktop\Sonic Adventure Recompiled\src\sonic_movement_resolver.hpp(11,49): warning: 'getenv' is deprecated: This function or variable may be unsafe. Consider using _dupenv_s instead. To disable deprecation, use _CRT_SECURE_NO_WARNINGS. See online help for details. [-Wdeprecated-declarations]
   11 |     static const bool on=[] {const auto* v=std::getenv("SARECOMP_NATIVE_MOVEMENT");
      |                                                 ^
C:\Program Files (x86)\Windows Kits\10\Include\10.0.26100.0\ucrt\stdlib.h(1183,20): note: 'getenv' has been explicitly marked deprecated here
 1183 |     _Check_return_ _CRT_INSECURE_DEPRECATE(_dupenv_s)
      |                    ^
C:\Program Files (x86)\Microsoft Visual Studio\2022\BuildTools\VC\Tools\MSVC\14.44.35207\include\vcruntime.h(368,55): note: expanded from macro '_CRT_INSECURE_DEPRECATE'
  368 |         #define _CRT_INSECURE_DEPRECATE(_Replacement) _CRT_DEPRECATE_TEXT(    \
      |                                                       ^
C:\Program Files (x86)\Microsoft Visual Studio\2022\BuildTools\VC\Tools\MSVC\14.44.35207\include\vcruntime.h(358,47): note: expanded from macro '_CRT_DEPRECATE_TEXT'
  358 | #define _CRT_DEPRECATE_TEXT(_Text) __declspec(deprecated(_Text))
      |                                               ^
4 warnings generated.
[26/51] Building CXX object CMakeFiles\sonic_dispatch.dir\generated\movement-contact-bridge\unit-v8C033122-8C0342E0-7edcb8468a2b4534.cpp.obj
In file included from C:\Users\ultim\Desktop\Sonic Adventure Recompiled\build-performance\generated\movement-contact-bridge\unit-v8C033122-8C0342E0-7edcb8468a2b4534.cpp:1:
In file included from C:\Users\ultim\Desktop\Sonic Adventure Recompiled\src\sonic_movement_contact.hpp:3:
C:\Users\ultim\Desktop\Sonic Adventure Recompiled\src\sonic_internal_diagnostics.hpp(28,67): warning: 'getenv' is deprecated: This function or variable may be unsafe. Consider using _dupenv_s instead. To disable deprecation, use _CRT_SECURE_NO_WARNINGS. See online help for details. [-Wdeprecated-declarations]
   28 |     internal_runtime_enabled = read_internal_policy(program, std::getenv("SARECOMP_INTERNAL_DIAGNOSTICS"));
      |                                                                   ^
C:\Program Files (x86)\Windows Kits\10\Include\10.0.26100.0\ucrt\stdlib.h(1183,20): note: 'getenv' has been explicitly marked deprecated here
 1183 |     _Check_return_ _CRT_INSECURE_DEPRECATE(_dupenv_s)
      |                    ^
C:\Program Files (x86)\Microsoft Visual Studio\2022\BuildTools\VC\Tools\MSVC\14.44.35207\include\vcruntime.h(368,55): note: expanded from macro '_CRT_INSECURE_DEPRECATE'
  368 |         #define _CRT_INSECURE_DEPRECATE(_Replacement) _CRT_DEPRECATE_TEXT(    \
      |                                                       ^
C:\Program Files (x86)\Microsoft Visual Studio\2022\BuildTools\VC\Tools\MSVC\14.44.35207\include\vcruntime.h(358,47): note: expanded from macro '_CRT_DEPRECATE_TEXT'
  358 | #define _CRT_DEPRECATE_TEXT(_Text) __declspec(deprecated(_Text))
      |                                               ^
In file included from C:\Users\ultim\Desktop\Sonic Adventure Recompiled\build-performance\generated\movement-contact-bridge\unit-v8C033122-8C0342E0-7edcb8468a2b4534.cpp:1:
In file included from C:\Users\ultim\Desktop\Sonic Adventure Recompiled\src\sonic_movement_contact.hpp:4:
C:\Users\ultim\Desktop\Sonic Adventure Recompiled\src\sonic_native_cpu_policy.hpp(11,30): warning: 'getenv' is deprecated: This function or variable may be unsafe. Consider using _dupenv_s instead. To disable deprecation, use _CRT_SECURE_NO_WARNINGS. See online help for details. [-Wdeprecated-declarations]
   11 |     const char* group = std::getenv("SARECOMP_NATIVE_CPU_PATHS");
      |                              ^
C:\Program Files (x86)\Windows Kits\10\Include\10.0.26100.0\ucrt\stdlib.h(1183,20): note: 'getenv' has been explicitly marked deprecated here
 1183 |     _Check_return_ _CRT_INSECURE_DEPRECATE(_dupenv_s)
      |                    ^
C:\Program Files (x86)\Microsoft Visual Studio\2022\BuildTools\VC\Tools\MSVC\14.44.35207\include\vcruntime.h(368,55): note: expanded from macro '_CRT_INSECURE_DEPRECATE'
  368 |         #define _CRT_INSECURE_DEPRECATE(_Replacement) _CRT_DEPRECATE_TEXT(    \
      |                                                       ^
C:\Program Files (x86)\Microsoft Visual Studio\2022\BuildTools\VC\Tools\MSVC\14.44.35207\include\vcruntime.h(358,47): note: expanded from macro '_CRT_DEPRECATE_TEXT'
  358 | #define _CRT_DEPRECATE_TEXT(_Text) __declspec(deprecated(_Text))
      |                                               ^
In file included from C:\Users\ultim\Desktop\Sonic Adventure Recompiled\build-performance\generated\movement-contact-bridge\unit-v8C033122-8C0342E0-7edcb8468a2b4534.cpp:1:
In file included from C:\Users\ultim\Desktop\Sonic Adventure Recompiled\src\sonic_movement_contact.hpp:4:
C:\Users\ultim\Desktop\Sonic Adventure Recompiled\src\sonic_native_cpu_policy.hpp(13,30): warning: 'getenv' is deprecated: This function or variable may be unsafe. Consider using _dupenv_s instead. To disable deprecation, use _CRT_SECURE_NO_WARNINGS. See online help for details. [-Wdeprecated-declarations]
   13 |     const char* value = std::getenv(option);
      |                              ^
C:\Program Files (x86)\Windows Kits\10\Include\10.0.26100.0\ucrt\stdlib.h(1183,20): note: 'getenv' has been explicitly marked deprecated here
 1183 |     _Check_return_ _CRT_INSECURE_DEPRECATE(_dupenv_s)
      |                    ^
C:\Program Files (x86)\Microsoft Visual Studio\2022\BuildTools\VC\Tools\MSVC\14.44.35207\include\vcruntime.h(368,55): note: expanded from macro '_CRT_INSECURE_DEPRECATE'
  368 |         #define _CRT_INSECURE_DEPRECATE(_Replacement) _CRT_DEPRECATE_TEXT(    \
      |                                                       ^
C:\Program Files (x86)\Microsoft Visual Studio\2022\BuildTools\VC\Tools\MSVC\14.44.35207\include\vcruntime.h(358,47): note: expanded from macro '_CRT_DEPRECATE_TEXT'
  358 | #define _CRT_DEPRECATE_TEXT(_Text) __declspec(deprecated(_Text))
      |                                               ^
3 warnings generated.
[27/51] Building CXX object CMakeFiles\sonic_dispatch.dir\generated\movement-contact-bridge\unit-v8C01995E-8C01AAE0-6cf3d8aa9df0e7a3.cpp.obj
In file included from C:\Users\ultim\Desktop\Sonic Adventure Recompiled\build-performance\generated\movement-contact-bridge\unit-v8C01995E-8C01AAE0-6cf3d8aa9df0e7a3.cpp:1:
In file included from C:\Users\ultim\Desktop\Sonic Adventure Recompiled\src\sonic_movement_contact.hpp:3:
C:\Users\ultim\Desktop\Sonic Adventure Recompiled\src\sonic_internal_diagnostics.hpp(28,67): warning: 'getenv' is deprecated: This function or variable may be unsafe. Consider using _dupenv_s instead. To disable deprecation, use _CRT_SECURE_NO_WARNINGS. See online help for details. [-Wdeprecated-declarations]
   28 |     internal_runtime_enabled = read_internal_policy(program, std::getenv("SARECOMP_INTERNAL_DIAGNOSTICS"));
      |                                                                   ^
C:\Program Files (x86)\Windows Kits\10\Include\10.0.26100.0\ucrt\stdlib.h(1183,20): note: 'getenv' has been explicitly marked deprecated here
 1183 |     _Check_return_ _CRT_INSECURE_DEPRECATE(_dupenv_s)
      |                    ^
C:\Program Files (x86)\Microsoft Visual Studio\2022\BuildTools\VC\Tools\MSVC\14.44.35207\include\vcruntime.h(368,55): note: expanded from macro '_CRT_INSECURE_DEPRECATE'
  368 |         #define _CRT_INSECURE_DEPRECATE(_Replacement) _CRT_DEPRECATE_TEXT(    \
      |                                                       ^
C:\Program Files (x86)\Microsoft Visual Studio\2022\BuildTools\VC\Tools\MSVC\14.44.35207\include\vcruntime.h(358,47): note: expanded from macro '_CRT_DEPRECATE_TEXT'
  358 | #define _CRT_DEPRECATE_TEXT(_Text) __declspec(deprecated(_Text))
      |                                               ^
In file included from C:\Users\ultim\Desktop\Sonic Adventure Recompiled\build-performance\generated\movement-contact-bridge\unit-v8C01995E-8C01AAE0-6cf3d8aa9df0e7a3.cpp:1:
In file included from C:\Users\ultim\Desktop\Sonic Adventure Recompiled\src\sonic_movement_contact.hpp:4:
C:\Users\ultim\Desktop\Sonic Adventure Recompiled\src\sonic_native_cpu_policy.hpp(11,30): warning: 'getenv' is deprecated: This function or variable may be unsafe. Consider using _dupenv_s instead. To disable deprecation, use _CRT_SECURE_NO_WARNINGS. See online help for details. [-Wdeprecated-declarations]
   11 |     const char* group = std::getenv("SARECOMP_NATIVE_CPU_PATHS");
      |                              ^
C:\Program Files (x86)\Windows Kits\10\Include\10.0.26100.0\ucrt\stdlib.h(1183,20): note: 'getenv' has been explicitly marked deprecated here
 1183 |     _Check_return_ _CRT_INSECURE_DEPRECATE(_dupenv_s)
      |                    ^
C:\Program Files (x86)\Microsoft Visual Studio\2022\BuildTools\VC\Tools\MSVC\14.44.35207\include\vcruntime.h(368,55): note: expanded from macro '_CRT_INSECURE_DEPRECATE'
  368 |         #define _CRT_INSECURE_DEPRECATE(_Replacement) _CRT_DEPRECATE_TEXT(    \
      |                                                       ^
C:\Program Files (x86)\Microsoft Visual Studio\2022\BuildTools\VC\Tools\MSVC\14.44.35207\include\vcruntime.h(358,47): note: expanded from macro '_CRT_DEPRECATE_TEXT'
  358 | #define _CRT_DEPRECATE_TEXT(_Text) __declspec(deprecated(_Text))
      |                                               ^
In file included from C:\Users\ultim\Desktop\Sonic Adventure Recompiled\build-performance\generated\movement-contact-bridge\unit-v8C01995E-8C01AAE0-6cf3d8aa9df0e7a3.cpp:1:
In file included from C:\Users\ultim\Desktop\Sonic Adventure Recompiled\src\sonic_movement_contact.hpp:4:
C:\Users\ultim\Desktop\Sonic Adventure Recompiled\src\sonic_native_cpu_policy.hpp(13,30): warning: 'getenv' is deprecated: This function or variable may be unsafe. Consider using _dupenv_s instead. To disable deprecation, use _CRT_SECURE_NO_WARNINGS. See online help for details. [-Wdeprecated-declarations]
   13 |     const char* value = std::getenv(option);
      |                              ^
C:\Program Files (x86)\Windows Kits\10\Include\10.0.26100.0\ucrt\stdlib.h(1183,20): note: 'getenv' has been explicitly marked deprecated here
 1183 |     _Check_return_ _CRT_INSECURE_DEPRECATE(_dupenv_s)
      |                    ^
C:\Program Files (x86)\Microsoft Visual Studio\2022\BuildTools\VC\Tools\MSVC\14.44.35207\include\vcruntime.h(368,55): note: expanded from macro '_CRT_INSECURE_DEPRECATE'
  368 |         #define _CRT_INSECURE_DEPRECATE(_Replacement) _CRT_DEPRECATE_TEXT(    \
      |                                                       ^
C:\Program Files (x86)\Microsoft Visual Studio\2022\BuildTools\VC\Tools\MSVC\14.44.35207\include\vcruntime.h(358,47): note: expanded from macro '_CRT_DEPRECATE_TEXT'
  358 | #define _CRT_DEPRECATE_TEXT(_Text) __declspec(deprecated(_Text))
      |                                               ^
3 warnings generated.
[28/51] Building CXX object CMakeFiles\sonic_dispatch.dir\generated\world-bridge\unit-v8C0273A2-8C028EC2-3c3ba866ec5c4265.cpp.obj
In file included from C:\Users\ultim\Desktop\Sonic Adventure Recompiled\build-performance\generated\world-bridge\unit-v8C0273A2-8C028EC2-3c3ba866ec5c4265.cpp:1:
In file included from C:\Users\ultim\Desktop\Sonic Adventure Recompiled\src\sonic_collision_world.hpp:3:
C:\Users\ultim\Desktop\Sonic Adventure Recompiled\src\sonic_internal_diagnostics.hpp(28,67): warning: 'getenv' is deprecated: This function or variable may be unsafe. Consider using _dupenv_s instead. To disable deprecation, use _CRT_SECURE_NO_WARNINGS. See online help for details. [-Wdeprecated-declarations]
   28 |     internal_runtime_enabled = read_internal_policy(program, std::getenv("SARECOMP_INTERNAL_DIAGNOSTICS"));
      |                                                                   ^
C:\Program Files (x86)\Windows Kits\10\Include\10.0.26100.0\ucrt\stdlib.h(1183,20): note: 'getenv' has been explicitly marked deprecated here
 1183 |     _Check_return_ _CRT_INSECURE_DEPRECATE(_dupenv_s)
      |                    ^
C:\Program Files (x86)\Microsoft Visual Studio\2022\BuildTools\VC\Tools\MSVC\14.44.35207\include\vcruntime.h(368,55): note: expanded from macro '_CRT_INSECURE_DEPRECATE'
  368 |         #define _CRT_INSECURE_DEPRECATE(_Replacement) _CRT_DEPRECATE_TEXT(    \
      |                                                       ^
C:\Program Files (x86)\Microsoft Visual Studio\2022\BuildTools\VC\Tools\MSVC\14.44.35207\include\vcruntime.h(358,47): note: expanded from macro '_CRT_DEPRECATE_TEXT'
  358 | #define _CRT_DEPRECATE_TEXT(_Text) __declspec(deprecated(_Text))
      |                                               ^
In file included from C:\Users\ultim\Desktop\Sonic Adventure Recompiled\build-performance\generated\world-bridge\unit-v8C0273A2-8C028EC2-3c3ba866ec5c4265.cpp:1:
In file included from C:\Users\ultim\Desktop\Sonic Adventure Recompiled\src\sonic_collision_world.hpp:4:
C:\Users\ultim\Desktop\Sonic Adventure Recompiled\src\sonic_native_cpu_policy.hpp(11,30): warning: 'getenv' is deprecated: This function or variable may be unsafe. Consider using _dupenv_s instead. To disable deprecation, use _CRT_SECURE_NO_WARNINGS. See online help for details. [-Wdeprecated-declarations]
   11 |     const char* group = std::getenv("SARECOMP_NATIVE_CPU_PATHS");
      |                              ^
C:\Program Files (x86)\Windows Kits\10\Include\10.0.26100.0\ucrt\stdlib.h(1183,20): note: 'getenv' has been explicitly marked deprecated here
 1183 |     _Check_return_ _CRT_INSECURE_DEPRECATE(_dupenv_s)
      |                    ^
C:\Program Files (x86)\Microsoft Visual Studio\2022\BuildTools\VC\Tools\MSVC\14.44.35207\include\vcruntime.h(368,55): note: expanded from macro '_CRT_INSECURE_DEPRECATE'
  368 |         #define _CRT_INSECURE_DEPRECATE(_Replacement) _CRT_DEPRECATE_TEXT(    \
      |                                                       ^
C:\Program Files (x86)\Microsoft Visual Studio\2022\BuildTools\VC\Tools\MSVC\14.44.35207\include\vcruntime.h(358,47): note: expanded from macro '_CRT_DEPRECATE_TEXT'
  358 | #define _CRT_DEPRECATE_TEXT(_Text) __declspec(deprecated(_Text))
      |                                               ^
In file included from C:\Users\ultim\Desktop\Sonic Adventure Recompiled\build-performance\generated\world-bridge\unit-v8C0273A2-8C028EC2-3c3ba866ec5c4265.cpp:1:
In file included from C:\Users\ultim\Desktop\Sonic Adventure Recompiled\src\sonic_collision_world.hpp:4:
C:\Users\ultim\Desktop\Sonic Adventure Recompiled\src\sonic_native_cpu_policy.hpp(13,30): warning: 'getenv' is deprecated: This function or variable may be unsafe. Consider using _dupenv_s instead. To disable deprecation, use _CRT_SECURE_NO_WARNINGS. See online help for details. [-Wdeprecated-declarations]
   13 |     const char* value = std::getenv(option);
      |                              ^
C:\Program Files (x86)\Windows Kits\10\Include\10.0.26100.0\ucrt\stdlib.h(1183,20): note: 'getenv' has been explicitly marked deprecated here
 1183 |     _Check_return_ _CRT_INSECURE_DEPRECATE(_dupenv_s)
      |                    ^
C:\Program Files (x86)\Microsoft Visual Studio\2022\BuildTools\VC\Tools\MSVC\14.44.35207\include\vcruntime.h(368,55): note: expanded from macro '_CRT_INSECURE_DEPRECATE'
  368 |         #define _CRT_INSECURE_DEPRECATE(_Replacement) _CRT_DEPRECATE_TEXT(    \
      |                                                       ^
C:\Program Files (x86)\Microsoft Visual Studio\2022\BuildTools\VC\Tools\MSVC\14.44.35207\include\vcruntime.h(358,47): note: expanded from macro '_CRT_DEPRECATE_TEXT'
  358 | #define _CRT_DEPRECATE_TEXT(_Text) __declspec(deprecated(_Text))
      |                                               ^
In file included from C:\Users\ultim\Desktop\Sonic Adventure Recompiled\build-performance\generated\world-bridge\unit-v8C0273A2-8C028EC2-3c3ba866ec5c4265.cpp:1:
C:\Users\ultim\Desktop\Sonic Adventure Recompiled\src\sonic_collision_world.hpp(13,53): warning: 'getenv' is deprecated: This function or variable may be unsafe. Consider using _dupenv_s instead. To disable deprecation, use _CRT_SECURE_NO_WARNINGS. See online help for details. [-Wdeprecated-declarations]
   13 |     static const bool on=[] {const auto* value=std::getenv("SARECOMP_NATIVE_WORLD_SDK");
      |                                                     ^
C:\Program Files (x86)\Windows Kits\10\Include\10.0.26100.0\ucrt\stdlib.h(1183,20): note: 'getenv' has been explicitly marked deprecated here
 1183 |     _Check_return_ _CRT_INSECURE_DEPRECATE(_dupenv_s)
      |                    ^
C:\Program Files (x86)\Microsoft Visual Studio\2022\BuildTools\VC\Tools\MSVC\14.44.35207\include\vcruntime.h(368,55): note: expanded from macro '_CRT_INSECURE_DEPRECATE'
  368 |         #define _CRT_INSECURE_DEPRECATE(_Replacement) _CRT_DEPRECATE_TEXT(    \
      |                                                       ^
C:\Program Files (x86)\Microsoft Visual Studio\2022\BuildTools\VC\Tools\MSVC\14.44.35207\include\vcruntime.h(358,47): note: expanded from macro '_CRT_DEPRECATE_TEXT'
  358 | #define _CRT_DEPRECATE_TEXT(_Text) __declspec(deprecated(_Text))
      |                                               ^
4 warnings generated.
[29/51] Building CXX object CMakeFiles\sonic_dispatch.dir\generated\world-bridge\unit-v8C02CA00-8C02DE20-1e7e2fdd391d9bd8.cpp.obj
In file included from C:\Users\ultim\Desktop\Sonic Adventure Recompiled\build-performance\generated\world-bridge\unit-v8C02CA00-8C02DE20-1e7e2fdd391d9bd8.cpp:1:
In file included from C:\Users\ultim\Desktop\Sonic Adventure Recompiled\src\sonic_collision_world.hpp:3:
C:\Users\ultim\Desktop\Sonic Adventure Recompiled\src\sonic_internal_diagnostics.hpp(28,67): warning: 'getenv' is deprecated: This function or variable may be unsafe. Consider using _dupenv_s instead. To disable deprecation, use _CRT_SECURE_NO_WARNINGS. See online help for details. [-Wdeprecated-declarations]
   28 |     internal_runtime_enabled = read_internal_policy(program, std::getenv("SARECOMP_INTERNAL_DIAGNOSTICS"));
      |                                                                   ^
C:\Program Files (x86)\Windows Kits\10\Include\10.0.26100.0\ucrt\stdlib.h(1183,20): note: 'getenv' has been explicitly marked deprecated here
 1183 |     _Check_return_ _CRT_INSECURE_DEPRECATE(_dupenv_s)
      |                    ^
C:\Program Files (x86)\Microsoft Visual Studio\2022\BuildTools\VC\Tools\MSVC\14.44.35207\include\vcruntime.h(368,55): note: expanded from macro '_CRT_INSECURE_DEPRECATE'
  368 |         #define _CRT_INSECURE_DEPRECATE(_Replacement) _CRT_DEPRECATE_TEXT(    \
      |                                                       ^
C:\Program Files (x86)\Microsoft Visual Studio\2022\BuildTools\VC\Tools\MSVC\14.44.35207\include\vcruntime.h(358,47): note: expanded from macro '_CRT_DEPRECATE_TEXT'
  358 | #define _CRT_DEPRECATE_TEXT(_Text) __declspec(deprecated(_Text))
      |                                               ^
In file included from C:\Users\ultim\Desktop\Sonic Adventure Recompiled\build-performance\generated\world-bridge\unit-v8C02CA00-8C02DE20-1e7e2fdd391d9bd8.cpp:1:
In file included from C:\Users\ultim\Desktop\Sonic Adventure Recompiled\src\sonic_collision_world.hpp:4:
C:\Users\ultim\Desktop\Sonic Adventure Recompiled\src\sonic_native_cpu_policy.hpp(11,30): warning: 'getenv' is deprecated: This function or variable may be unsafe. Consider using _dupenv_s instead. To disable deprecation, use _CRT_SECURE_NO_WARNINGS. See online help for details. [-Wdeprecated-declarations]
   11 |     const char* group = std::getenv("SARECOMP_NATIVE_CPU_PATHS");
      |                              ^
C:\Program Files (x86)\Windows Kits\10\Include\10.0.26100.0\ucrt\stdlib.h(1183,20): note: 'getenv' has been explicitly marked deprecated here
 1183 |     _Check_return_ _CRT_INSECURE_DEPRECATE(_dupenv_s)
      |                    ^
C:\Program Files (x86)\Microsoft Visual Studio\2022\BuildTools\VC\Tools\MSVC\14.44.35207\include\vcruntime.h(368,55): note: expanded from macro '_CRT_INSECURE_DEPRECATE'
  368 |         #define _CRT_INSECURE_DEPRECATE(_Replacement) _CRT_DEPRECATE_TEXT(    \
      |                                                       ^
C:\Program Files (x86)\Microsoft Visual Studio\2022\BuildTools\VC\Tools\MSVC\14.44.35207\include\vcruntime.h(358,47): note: expanded from macro '_CRT_DEPRECATE_TEXT'
  358 | #define _CRT_DEPRECATE_TEXT(_Text) __declspec(deprecated(_Text))
      |                                               ^
In file included from C:\Users\ultim\Desktop\Sonic Adventure Recompiled\build-performance\generated\world-bridge\unit-v8C02CA00-8C02DE20-1e7e2fdd391d9bd8.cpp:1:
In file included from C:\Users\ultim\Desktop\Sonic Adventure Recompiled\src\sonic_collision_world.hpp:4:
C:\Users\ultim\Desktop\Sonic Adventure Recompiled\src\sonic_native_cpu_policy.hpp(13,30): warning: 'getenv' is deprecated: This function or variable may be unsafe. Consider using _dupenv_s instead. To disable deprecation, use _CRT_SECURE_NO_WARNINGS. See online help for details. [-Wdeprecated-declarations]
   13 |     const char* value = std::getenv(option);
      |                              ^
C:\Program Files (x86)\Windows Kits\10\Include\10.0.26100.0\ucrt\stdlib.h(1183,20): note: 'getenv' has been explicitly marked deprecated here
 1183 |     _Check_return_ _CRT_INSECURE_DEPRECATE(_dupenv_s)
      |                    ^
C:\Program Files (x86)\Microsoft Visual Studio\2022\BuildTools\VC\Tools\MSVC\14.44.35207\include\vcruntime.h(368,55): note: expanded from macro '_CRT_INSECURE_DEPRECATE'
  368 |         #define _CRT_INSECURE_DEPRECATE(_Replacement) _CRT_DEPRECATE_TEXT(    \
      |                                                       ^
C:\Program Files (x86)\Microsoft Visual Studio\2022\BuildTools\VC\Tools\MSVC\14.44.35207\include\vcruntime.h(358,47): note: expanded from macro '_CRT_DEPRECATE_TEXT'
  358 | #define _CRT_DEPRECATE_TEXT(_Text) __declspec(deprecated(_Text))
      |                                               ^
In file included from C:\Users\ultim\Desktop\Sonic Adventure Recompiled\build-performance\generated\world-bridge\unit-v8C02CA00-8C02DE20-1e7e2fdd391d9bd8.cpp:1:
C:\Users\ultim\Desktop\Sonic Adventure Recompiled\src\sonic_collision_world.hpp(13,53): warning: 'getenv' is deprecated: This function or variable may be unsafe. Consider using _dupenv_s instead. To disable deprecation, use _CRT_SECURE_NO_WARNINGS. See online help for details. [-Wdeprecated-declarations]
   13 |     static const bool on=[] {const auto* value=std::getenv("SARECOMP_NATIVE_WORLD_SDK");
      |                                                     ^
C:\Program Files (x86)\Windows Kits\10\Include\10.0.26100.0\ucrt\stdlib.h(1183,20): note: 'getenv' has been explicitly marked deprecated here
 1183 |     _Check_return_ _CRT_INSECURE_DEPRECATE(_dupenv_s)
      |                    ^
C:\Program Files (x86)\Microsoft Visual Studio\2022\BuildTools\VC\Tools\MSVC\14.44.35207\include\vcruntime.h(368,55): note: expanded from macro '_CRT_INSECURE_DEPRECATE'
  368 |         #define _CRT_INSECURE_DEPRECATE(_Replacement) _CRT_DEPRECATE_TEXT(    \
      |                                                       ^
C:\Program Files (x86)\Microsoft Visual Studio\2022\BuildTools\VC\Tools\MSVC\14.44.35207\include\vcruntime.h(358,47): note: expanded from macro '_CRT_DEPRECATE_TEXT'
  358 | #define _CRT_DEPRECATE_TEXT(_Text) __declspec(deprecated(_Text))
      |                                               ^
4 warnings generated.
[30/51] Building CXX object CMakeFiles\sonic_dispatch.dir\generated\world-bridge\unit-v8C051E56-8C053338-ce4429c39e6969de.cpp.obj
In file included from C:\Users\ultim\Desktop\Sonic Adventure Recompiled\build-performance\generated\world-bridge\unit-v8C051E56-8C053338-ce4429c39e6969de.cpp:1:
In file included from C:\Users\ultim\Desktop\Sonic Adventure Recompiled\src\sonic_collision_world.hpp:3:
C:\Users\ultim\Desktop\Sonic Adventure Recompiled\src\sonic_internal_diagnostics.hpp(28,67): warning: 'getenv' is deprecated: This function or variable may be unsafe. Consider using _dupenv_s instead. To disable deprecation, use _CRT_SECURE_NO_WARNINGS. See online help for details. [-Wdeprecated-declarations]
   28 |     internal_runtime_enabled = read_internal_policy(program, std::getenv("SARECOMP_INTERNAL_DIAGNOSTICS"));
      |                                                                   ^
C:\Program Files (x86)\Windows Kits\10\Include\10.0.26100.0\ucrt\stdlib.h(1183,20): note: 'getenv' has been explicitly marked deprecated here
 1183 |     _Check_return_ _CRT_INSECURE_DEPRECATE(_dupenv_s)
      |                    ^
C:\Program Files (x86)\Microsoft Visual Studio\2022\BuildTools\VC\Tools\MSVC\14.44.35207\include\vcruntime.h(368,55): note: expanded from macro '_CRT_INSECURE_DEPRECATE'
  368 |         #define _CRT_INSECURE_DEPRECATE(_Replacement) _CRT_DEPRECATE_TEXT(    \
      |                                                       ^
C:\Program Files (x86)\Microsoft Visual Studio\2022\BuildTools\VC\Tools\MSVC\14.44.35207\include\vcruntime.h(358,47): note: expanded from macro '_CRT_DEPRECATE_TEXT'
  358 | #define _CRT_DEPRECATE_TEXT(_Text) __declspec(deprecated(_Text))
      |                                               ^
In file included from C:\Users\ultim\Desktop\Sonic Adventure Recompiled\build-performance\generated\world-bridge\unit-v8C051E56-8C053338-ce4429c39e6969de.cpp:1:
In file included from C:\Users\ultim\Desktop\Sonic Adventure Recompiled\src\sonic_collision_world.hpp:4:
C:\Users\ultim\Desktop\Sonic Adventure Recompiled\src\sonic_native_cpu_policy.hpp(11,30): warning: 'getenv' is deprecated: This function or variable may be unsafe. Consider using _dupenv_s instead. To disable deprecation, use _CRT_SECURE_NO_WARNINGS. See online help for details. [-Wdeprecated-declarations]
   11 |     const char* group = std::getenv("SARECOMP_NATIVE_CPU_PATHS");
      |                              ^
C:\Program Files (x86)\Windows Kits\10\Include\10.0.26100.0\ucrt\stdlib.h(1183,20): note: 'getenv' has been explicitly marked deprecated here
 1183 |     _Check_return_ _CRT_INSECURE_DEPRECATE(_dupenv_s)
      |                    ^
C:\Program Files (x86)\Microsoft Visual Studio\2022\BuildTools\VC\Tools\MSVC\14.44.35207\include\vcruntime.h(368,55): note: expanded from macro '_CRT_INSECURE_DEPRECATE'
  368 |         #define _CRT_INSECURE_DEPRECATE(_Replacement) _CRT_DEPRECATE_TEXT(    \
      |                                                       ^
C:\Program Files (x86)\Microsoft Visual Studio\2022\BuildTools\VC\Tools\MSVC\14.44.35207\include\vcruntime.h(358,47): note: expanded from macro '_CRT_DEPRECATE_TEXT'
  358 | #define _CRT_DEPRECATE_TEXT(_Text) __declspec(deprecated(_Text))
      |                                               ^
In file included from C:\Users\ultim\Desktop\Sonic Adventure Recompiled\build-performance\generated\world-bridge\unit-v8C051E56-8C053338-ce4429c39e6969de.cpp:1:
In file included from C:\Users\ultim\Desktop\Sonic Adventure Recompiled\src\sonic_collision_world.hpp:4:
C:\Users\ultim\Desktop\Sonic Adventure Recompiled\src\sonic_native_cpu_policy.hpp(13,30): warning: 'getenv' is deprecated: This function or variable may be unsafe. Consider using _dupenv_s instead. To disable deprecation, use _CRT_SECURE_NO_WARNINGS. See online help for details. [-Wdeprecated-declarations]
   13 |     const char* value = std::getenv(option);
      |                              ^
C:\Program Files (x86)\Windows Kits\10\Include\10.0.26100.0\ucrt\stdlib.h(1183,20): note: 'getenv' has been explicitly marked deprecated here
 1183 |     _Check_return_ _CRT_INSECURE_DEPRECATE(_dupenv_s)
      |                    ^
C:\Program Files (x86)\Microsoft Visual Studio\2022\BuildTools\VC\Tools\MSVC\14.44.35207\include\vcruntime.h(368,55): note: expanded from macro '_CRT_INSECURE_DEPRECATE'
  368 |         #define _CRT_INSECURE_DEPRECATE(_Replacement) _CRT_DEPRECATE_TEXT(    \
      |                                                       ^
C:\Program Files (x86)\Microsoft Visual Studio\2022\BuildTools\VC\Tools\MSVC\14.44.35207\include\vcruntime.h(358,47): note: expanded from macro '_CRT_DEPRECATE_TEXT'
  358 | #define _CRT_DEPRECATE_TEXT(_Text) __declspec(deprecated(_Text))
      |                                               ^
In file included from C:\Users\ultim\Desktop\Sonic Adventure Recompiled\build-performance\generated\world-bridge\unit-v8C051E56-8C053338-ce4429c39e6969de.cpp:1:
C:\Users\ultim\Desktop\Sonic Adventure Recompiled\src\sonic_collision_world.hpp(13,53): warning: 'getenv' is deprecated: This function or variable may be unsafe. Consider using _dupenv_s instead. To disable deprecation, use _CRT_SECURE_NO_WARNINGS. See online help for details. [-Wdeprecated-declarations]
   13 |     static const bool on=[] {const auto* value=std::getenv("SARECOMP_NATIVE_WORLD_SDK");
      |                                                     ^
C:\Program Files (x86)\Windows Kits\10\Include\10.0.26100.0\ucrt\stdlib.h(1183,20): note: 'getenv' has been explicitly marked deprecated here
 1183 |     _Check_return_ _CRT_INSECURE_DEPRECATE(_dupenv_s)
      |                    ^
C:\Program Files (x86)\Microsoft Visual Studio\2022\BuildTools\VC\Tools\MSVC\14.44.35207\include\vcruntime.h(368,55): note: expanded from macro '_CRT_INSECURE_DEPRECATE'
  368 |         #define _CRT_INSECURE_DEPRECATE(_Replacement) _CRT_DEPRECATE_TEXT(    \
      |                                                       ^
C:\Program Files (x86)\Microsoft Visual Studio\2022\BuildTools\VC\Tools\MSVC\14.44.35207\include\vcruntime.h(358,47): note: expanded from macro '_CRT_DEPRECATE_TEXT'
  358 | #define _CRT_DEPRECATE_TEXT(_Text) __declspec(deprecated(_Text))
      |                                               ^
4 warnings generated.
[31/51] Building CXX object CMakeFiles\sonic_dispatch.dir\generated\world-bridge\sdk-continuations.cpp.obj
In file included from C:\Users\ultim\Desktop\Sonic Adventure Recompiled\build-performance\generated\world-bridge\sdk-continuations.cpp:1:
In file included from C:\Users\ultim\Desktop\Sonic Adventure Recompiled\src\sonic_collision_world.hpp:3:
C:\Users\ultim\Desktop\Sonic Adventure Recompiled\src\sonic_internal_diagnostics.hpp(28,67): warning: 'getenv' is deprecated: This function or variable may be unsafe. Consider using _dupenv_s instead. To disable deprecation, use _CRT_SECURE_NO_WARNINGS. See online help for details. [-Wdeprecated-declarations]
   28 |     internal_runtime_enabled = read_internal_policy(program, std::getenv("SARECOMP_INTERNAL_DIAGNOSTICS"));
      |                                                                   ^
C:\Program Files (x86)\Windows Kits\10\Include\10.0.26100.0\ucrt\stdlib.h(1183,20): note: 'getenv' has been explicitly marked deprecated here
 1183 |     _Check_return_ _CRT_INSECURE_DEPRECATE(_dupenv_s)
      |                    ^
C:\Program Files (x86)\Microsoft Visual Studio\2022\BuildTools\VC\Tools\MSVC\14.44.35207\include\vcruntime.h(368,55): note: expanded from macro '_CRT_INSECURE_DEPRECATE'
  368 |         #define _CRT_INSECURE_DEPRECATE(_Replacement) _CRT_DEPRECATE_TEXT(    \
      |                                                       ^
C:\Program Files (x86)\Microsoft Visual Studio\2022\BuildTools\VC\Tools\MSVC\14.44.35207\include\vcruntime.h(358,47): note: expanded from macro '_CRT_DEPRECATE_TEXT'
  358 | #define _CRT_DEPRECATE_TEXT(_Text) __declspec(deprecated(_Text))
      |                                               ^
In file included from C:\Users\ultim\Desktop\Sonic Adventure Recompiled\build-performance\generated\world-bridge\sdk-continuations.cpp:1:
In file included from C:\Users\ultim\Desktop\Sonic Adventure Recompiled\src\sonic_collision_world.hpp:4:
C:\Users\ultim\Desktop\Sonic Adventure Recompiled\src\sonic_native_cpu_policy.hpp(11,30): warning: 'getenv' is deprecated: This function or variable may be unsafe. Consider using _dupenv_s instead. To disable deprecation, use _CRT_SECURE_NO_WARNINGS. See online help for details. [-Wdeprecated-declarations]
   11 |     const char* group = std::getenv("SARECOMP_NATIVE_CPU_PATHS");
      |                              ^
C:\Program Files (x86)\Windows Kits\10\Include\10.0.26100.0\ucrt\stdlib.h(1183,20): note: 'getenv' has been explicitly marked deprecated here
 1183 |     _Check_return_ _CRT_INSECURE_DEPRECATE(_dupenv_s)
      |                    ^
C:\Program Files (x86)\Microsoft Visual Studio\2022\BuildTools\VC\Tools\MSVC\14.44.35207\include\vcruntime.h(368,55): note: expanded from macro '_CRT_INSECURE_DEPRECATE'
  368 |         #define _CRT_INSECURE_DEPRECATE(_Replacement) _CRT_DEPRECATE_TEXT(    \
      |                                                       ^
C:\Program Files (x86)\Microsoft Visual Studio\2022\BuildTools\VC\Tools\MSVC\14.44.35207\include\vcruntime.h(358,47): note: expanded from macro '_CRT_DEPRECATE_TEXT'
  358 | #define _CRT_DEPRECATE_TEXT(_Text) __declspec(deprecated(_Text))
      |                                               ^
In file included from C:\Users\ultim\Desktop\Sonic Adventure Recompiled\build-performance\generated\world-bridge\sdk-continuations.cpp:1:
In file included from C:\Users\ultim\Desktop\Sonic Adventure Recompiled\src\sonic_collision_world.hpp:4:
C:\Users\ultim\Desktop\Sonic Adventure Recompiled\src\sonic_native_cpu_policy.hpp(13,30): warning: 'getenv' is deprecated: This function or variable may be unsafe. Consider using _dupenv_s instead. To disable deprecation, use _CRT_SECURE_NO_WARNINGS. See online help for details. [-Wdeprecated-declarations]
   13 |     const char* value = std::getenv(option);
      |                              ^
C:\Program Files (x86)\Windows Kits\10\Include\10.0.26100.0\ucrt\stdlib.h(1183,20): note: 'getenv' has been explicitly marked deprecated here
 1183 |     _Check_return_ _CRT_INSECURE_DEPRECATE(_dupenv_s)
      |                    ^
C:\Program Files (x86)\Microsoft Visual Studio\2022\BuildTools\VC\Tools\MSVC\14.44.35207\include\vcruntime.h(368,55): note: expanded from macro '_CRT_INSECURE_DEPRECATE'
  368 |         #define _CRT_INSECURE_DEPRECATE(_Replacement) _CRT_DEPRECATE_TEXT(    \
      |                                                       ^
C:\Program Files (x86)\Microsoft Visual Studio\2022\BuildTools\VC\Tools\MSVC\14.44.35207\include\vcruntime.h(358,47): note: expanded from macro '_CRT_DEPRECATE_TEXT'
  358 | #define _CRT_DEPRECATE_TEXT(_Text) __declspec(deprecated(_Text))
      |                                               ^
In file included from C:\Users\ultim\Desktop\Sonic Adventure Recompiled\build-performance\generated\world-bridge\sdk-continuations.cpp:1:
C:\Users\ultim\Desktop\Sonic Adventure Recompiled\src\sonic_collision_world.hpp(13,53): warning: 'getenv' is deprecated: This function or variable may be unsafe. Consider using _dupenv_s instead. To disable deprecation, use _CRT_SECURE_NO_WARNINGS. See online help for details. [-Wdeprecated-declarations]
   13 |     static const bool on=[] {const auto* value=std::getenv("SARECOMP_NATIVE_WORLD_SDK");
      |                                                     ^
C:\Program Files (x86)\Windows Kits\10\Include\10.0.26100.0\ucrt\stdlib.h(1183,20): note: 'getenv' has been explicitly marked deprecated here
 1183 |     _Check_return_ _CRT_INSECURE_DEPRECATE(_dupenv_s)
      |                    ^
C:\Program Files (x86)\Microsoft Visual Studio\2022\BuildTools\VC\Tools\MSVC\14.44.35207\include\vcruntime.h(368,55): note: expanded from macro '_CRT_INSECURE_DEPRECATE'
  368 |         #define _CRT_INSECURE_DEPRECATE(_Replacement) _CRT_DEPRECATE_TEXT(    \
      |                                                       ^
C:\Program Files (x86)\Microsoft Visual Studio\2022\BuildTools\VC\Tools\MSVC\14.44.35207\include\vcruntime.h(358,47): note: expanded from macro '_CRT_DEPRECATE_TEXT'
  358 | #define _CRT_DEPRECATE_TEXT(_Text) __declspec(deprecated(_Text))
      |                                               ^
4 warnings generated.
[32/51] Building CXX object CMakeFiles\sonic_dispatch.dir\generated\render-hierarchy-bridge\unit-v8C0400A0-8C04124E-c3a8c709f8ba2806.cpp.obj
In file included from C:\Users\ultim\Desktop\Sonic Adventure Recompiled\build-performance\generated\render-hierarchy-bridge\unit-v8C0400A0-8C04124E-c3a8c709f8ba2806.cpp:1:
In file included from C:\Users\ultim\Desktop\Sonic Adventure Recompiled\src\sonic_render_hierarchy.hpp:3:
C:\Users\ultim\Desktop\Sonic Adventure Recompiled\src\sonic_internal_diagnostics.hpp(28,67): warning: 'getenv' is deprecated: This function or variable may be unsafe. Consider using _dupenv_s instead. To disable deprecation, use _CRT_SECURE_NO_WARNINGS. See online help for details. [-Wdeprecated-declarations]
   28 |     internal_runtime_enabled = read_internal_policy(program, std::getenv("SARECOMP_INTERNAL_DIAGNOSTICS"));
      |                                                                   ^
C:\Program Files (x86)\Windows Kits\10\Include\10.0.26100.0\ucrt\stdlib.h(1183,20): note: 'getenv' has been explicitly marked deprecated here
 1183 |     _Check_return_ _CRT_INSECURE_DEPRECATE(_dupenv_s)
      |                    ^
C:\Program Files (x86)\Microsoft Visual Studio\2022\BuildTools\VC\Tools\MSVC\14.44.35207\include\vcruntime.h(368,55): note: expanded from macro '_CRT_INSECURE_DEPRECATE'
  368 |         #define _CRT_INSECURE_DEPRECATE(_Replacement) _CRT_DEPRECATE_TEXT(    \
      |                                                       ^
C:\Program Files (x86)\Microsoft Visual Studio\2022\BuildTools\VC\Tools\MSVC\14.44.35207\include\vcruntime.h(358,47): note: expanded from macro '_CRT_DEPRECATE_TEXT'
  358 | #define _CRT_DEPRECATE_TEXT(_Text) __declspec(deprecated(_Text))
      |                                               ^
In file included from C:\Users\ultim\Desktop\Sonic Adventure Recompiled\build-performance\generated\render-hierarchy-bridge\unit-v8C0400A0-8C04124E-c3a8c709f8ba2806.cpp:1:
In file included from C:\Users\ultim\Desktop\Sonic Adventure Recompiled\src\sonic_render_hierarchy.hpp:4:
C:\Users\ultim\Desktop\Sonic Adventure Recompiled\src\sonic_native_cpu_policy.hpp(11,30): warning: 'getenv' is deprecated: This function or variable may be unsafe. Consider using _dupenv_s instead. To disable deprecation, use _CRT_SECURE_NO_WARNINGS. See online help for details. [-Wdeprecated-declarations]
   11 |     const char* group = std::getenv("SARECOMP_NATIVE_CPU_PATHS");
      |                              ^
C:\Program Files (x86)\Windows Kits\10\Include\10.0.26100.0\ucrt\stdlib.h(1183,20): note: 'getenv' has been explicitly marked deprecated here
 1183 |     _Check_return_ _CRT_INSECURE_DEPRECATE(_dupenv_s)
      |                    ^
C:\Program Files (x86)\Microsoft Visual Studio\2022\BuildTools\VC\Tools\MSVC\14.44.35207\include\vcruntime.h(368,55): note: expanded from macro '_CRT_INSECURE_DEPRECATE'
  368 |         #define _CRT_INSECURE_DEPRECATE(_Replacement) _CRT_DEPRECATE_TEXT(    \
      |                                                       ^
C:\Program Files (x86)\Microsoft Visual Studio\2022\BuildTools\VC\Tools\MSVC\14.44.35207\include\vcruntime.h(358,47): note: expanded from macro '_CRT_DEPRECATE_TEXT'
  358 | #define _CRT_DEPRECATE_TEXT(_Text) __declspec(deprecated(_Text))
      |                                               ^
In file included from C:\Users\ultim\Desktop\Sonic Adventure Recompiled\build-performance\generated\render-hierarchy-bridge\unit-v8C0400A0-8C04124E-c3a8c709f8ba2806.cpp:1:
In file included from C:\Users\ultim\Desktop\Sonic Adventure Recompiled\src\sonic_render_hierarchy.hpp:4:
C:\Users\ultim\Desktop\Sonic Adventure Recompiled\src\sonic_native_cpu_policy.hpp(13,30): warning: 'getenv' is deprecated: This function or variable may be unsafe. Consider using _dupenv_s instead. To disable deprecation, use _CRT_SECURE_NO_WARNINGS. See online help for details. [-Wdeprecated-declarations]
   13 |     const char* value = std::getenv(option);
      |                              ^
C:\Program Files (x86)\Windows Kits\10\Include\10.0.26100.0\ucrt\stdlib.h(1183,20): note: 'getenv' has been explicitly marked deprecated here
 1183 |     _Check_return_ _CRT_INSECURE_DEPRECATE(_dupenv_s)
      |                    ^
C:\Program Files (x86)\Microsoft Visual Studio\2022\BuildTools\VC\Tools\MSVC\14.44.35207\include\vcruntime.h(368,55): note: expanded from macro '_CRT_INSECURE_DEPRECATE'
  368 |         #define _CRT_INSECURE_DEPRECATE(_Replacement) _CRT_DEPRECATE_TEXT(    \
      |                                                       ^
C:\Program Files (x86)\Microsoft Visual Studio\2022\BuildTools\VC\Tools\MSVC\14.44.35207\include\vcruntime.h(358,47): note: expanded from macro '_CRT_DEPRECATE_TEXT'
  358 | #define _CRT_DEPRECATE_TEXT(_Text) __declspec(deprecated(_Text))
      |                                               ^
In file included from C:\Users\ultim\Desktop\Sonic Adventure Recompiled\build-performance\generated\render-hierarchy-bridge\unit-v8C0400A0-8C04124E-c3a8c709f8ba2806.cpp:1:
C:\Users\ultim\Desktop\Sonic Adventure Recompiled\src\sonic_render_hierarchy.hpp(19,49): warning: 'getenv' is deprecated: This function or variable may be unsafe. Consider using _dupenv_s instead. To disable deprecation, use _CRT_SECURE_NO_WARNINGS. See online help for details. [-Wdeprecated-declarations]
   19 |     static const bool on=[] {const auto* v=std::getenv("SARECOMP_NATIVE_RENDER_LOCAL_PROOFS");
      |                                                 ^
C:\Program Files (x86)\Windows Kits\10\Include\10.0.26100.0\ucrt\stdlib.h(1183,20): note: 'getenv' has been explicitly marked deprecated here
 1183 |     _Check_return_ _CRT_INSECURE_DEPRECATE(_dupenv_s)
      |                    ^
C:\Program Files (x86)\Microsoft Visual Studio\2022\BuildTools\VC\Tools\MSVC\14.44.35207\include\vcruntime.h(368,55): note: expanded from macro '_CRT_INSECURE_DEPRECATE'
  368 |         #define _CRT_INSECURE_DEPRECATE(_Replacement) _CRT_DEPRECATE_TEXT(    \
      |                                                       ^
C:\Program Files (x86)\Microsoft Visual Studio\2022\BuildTools\VC\Tools\MSVC\14.44.35207\include\vcruntime.h(358,47): note: expanded from macro '_CRT_DEPRECATE_TEXT'
  358 | #define _CRT_DEPRECATE_TEXT(_Text) __declspec(deprecated(_Text))
      |                                               ^
In file included from C:\Users\ultim\Desktop\Sonic Adventure Recompiled\build-performance\generated\render-hierarchy-bridge\unit-v8C0400A0-8C04124E-c3a8c709f8ba2806.cpp:1:
C:\Users\ultim\Desktop\Sonic Adventure Recompiled\src\sonic_render_hierarchy.hpp(37,49): warning: 'getenv' is deprecated: This function or variable may be unsafe. Consider using _dupenv_s instead. To disable deprecation, use _CRT_SECURE_NO_WARNINGS. See online help for details. [-Wdeprecated-declarations]
   37 |     static const bool on=[] {const auto* v=std::getenv("SARECOMP_NATIVE_MORPH_HIERARCHY");
      |                                                 ^
C:\Program Files (x86)\Windows Kits\10\Include\10.0.26100.0\ucrt\stdlib.h(1183,20): note: 'getenv' has been explicitly marked deprecated here
 1183 |     _Check_return_ _CRT_INSECURE_DEPRECATE(_dupenv_s)
      |                    ^
C:\Program Files (x86)\Microsoft Visual Studio\2022\BuildTools\VC\Tools\MSVC\14.44.35207\include\vcruntime.h(368,55): note: expanded from macro '_CRT_INSECURE_DEPRECATE'
  368 |         #define _CRT_INSECURE_DEPRECATE(_Replacement) _CRT_DEPRECATE_TEXT(    \
      |                                                       ^
C:\Program Files (x86)\Microsoft Visual Studio\2022\BuildTools\VC\Tools\MSVC\14.44.35207\include\vcruntime.h(358,47): note: expanded from macro '_CRT_DEPRECATE_TEXT'
  358 | #define _CRT_DEPRECATE_TEXT(_Text) __declspec(deprecated(_Text))
      |                                               ^
5 warnings generated.
[33/51] Building CXX object CMakeFiles\sonic_dispatch.dir\generated\render-hierarchy-bridge\unit-v8C0412C8-8C0425A0-1c2be1678b040d69.cpp.obj
In file included from C:\Users\ultim\Desktop\Sonic Adventure Recompiled\build-performance\generated\render-hierarchy-bridge\unit-v8C0412C8-8C0425A0-1c2be1678b040d69.cpp:1:
In file included from C:\Users\ultim\Desktop\Sonic Adventure Recompiled\src\sonic_render_hierarchy.hpp:3:
C:\Users\ultim\Desktop\Sonic Adventure Recompiled\src\sonic_internal_diagnostics.hpp(28,67): warning: 'getenv' is deprecated: This function or variable may be unsafe. Consider using _dupenv_s instead. To disable deprecation, use _CRT_SECURE_NO_WARNINGS. See online help for details. [-Wdeprecated-declarations]
   28 |     internal_runtime_enabled = read_internal_policy(program, std::getenv("SARECOMP_INTERNAL_DIAGNOSTICS"));
      |                                                                   ^
C:\Program Files (x86)\Windows Kits\10\Include\10.0.26100.0\ucrt\stdlib.h(1183,20): note: 'getenv' has been explicitly marked deprecated here
 1183 |     _Check_return_ _CRT_INSECURE_DEPRECATE(_dupenv_s)
      |                    ^
C:\Program Files (x86)\Microsoft Visual Studio\2022\BuildTools\VC\Tools\MSVC\14.44.35207\include\vcruntime.h(368,55): note: expanded from macro '_CRT_INSECURE_DEPRECATE'
  368 |         #define _CRT_INSECURE_DEPRECATE(_Replacement) _CRT_DEPRECATE_TEXT(    \
      |                                                       ^
C:\Program Files (x86)\Microsoft Visual Studio\2022\BuildTools\VC\Tools\MSVC\14.44.35207\include\vcruntime.h(358,47): note: expanded from macro '_CRT_DEPRECATE_TEXT'
  358 | #define _CRT_DEPRECATE_TEXT(_Text) __declspec(deprecated(_Text))
      |                                               ^
In file included from C:\Users\ultim\Desktop\Sonic Adventure Recompiled\build-performance\generated\render-hierarchy-bridge\unit-v8C0412C8-8C0425A0-1c2be1678b040d69.cpp:1:
In file included from C:\Users\ultim\Desktop\Sonic Adventure Recompiled\src\sonic_render_hierarchy.hpp:4:
C:\Users\ultim\Desktop\Sonic Adventure Recompiled\src\sonic_native_cpu_policy.hpp(11,30): warning: 'getenv' is deprecated: This function or variable may be unsafe. Consider using _dupenv_s instead. To disable deprecation, use _CRT_SECURE_NO_WARNINGS. See online help for details. [-Wdeprecated-declarations]
   11 |     const char* group = std::getenv("SARECOMP_NATIVE_CPU_PATHS");
      |                              ^
C:\Program Files (x86)\Windows Kits\10\Include\10.0.26100.0\ucrt\stdlib.h(1183,20): note: 'getenv' has been explicitly marked deprecated here
 1183 |     _Check_return_ _CRT_INSECURE_DEPRECATE(_dupenv_s)
      |                    ^
C:\Program Files (x86)\Microsoft Visual Studio\2022\BuildTools\VC\Tools\MSVC\14.44.35207\include\vcruntime.h(368,55): note: expanded from macro '_CRT_INSECURE_DEPRECATE'
  368 |         #define _CRT_INSECURE_DEPRECATE(_Replacement) _CRT_DEPRECATE_TEXT(    \
      |                                                       ^
C:\Program Files (x86)\Microsoft Visual Studio\2022\BuildTools\VC\Tools\MSVC\14.44.35207\include\vcruntime.h(358,47): note: expanded from macro '_CRT_DEPRECATE_TEXT'
  358 | #define _CRT_DEPRECATE_TEXT(_Text) __declspec(deprecated(_Text))
      |                                               ^
In file included from C:\Users\ultim\Desktop\Sonic Adventure Recompiled\build-performance\generated\render-hierarchy-bridge\unit-v8C0412C8-8C0425A0-1c2be1678b040d69.cpp:1:
In file included from C:\Users\ultim\Desktop\Sonic Adventure Recompiled\src\sonic_render_hierarchy.hpp:4:
C:\Users\ultim\Desktop\Sonic Adventure Recompiled\src\sonic_native_cpu_policy.hpp(13,30): warning: 'getenv' is deprecated: This function or variable may be unsafe. Consider using _dupenv_s instead. To disable deprecation, use _CRT_SECURE_NO_WARNINGS. See online help for details. [-Wdeprecated-declarations]
   13 |     const char* value = std::getenv(option);
      |                              ^
C:\Program Files (x86)\Windows Kits\10\Include\10.0.26100.0\ucrt\stdlib.h(1183,20): note: 'getenv' has been explicitly marked deprecated here
 1183 |     _Check_return_ _CRT_INSECURE_DEPRECATE(_dupenv_s)
      |                    ^
C:\Program Files (x86)\Microsoft Visual Studio\2022\BuildTools\VC\Tools\MSVC\14.44.35207\include\vcruntime.h(368,55): note: expanded from macro '_CRT_INSECURE_DEPRECATE'
  368 |         #define _CRT_INSECURE_DEPRECATE(_Replacement) _CRT_DEPRECATE_TEXT(    \
      |                                                       ^
C:\Program Files (x86)\Microsoft Visual Studio\2022\BuildTools\VC\Tools\MSVC\14.44.35207\include\vcruntime.h(358,47): note: expanded from macro '_CRT_DEPRECATE_TEXT'
  358 | #define _CRT_DEPRECATE_TEXT(_Text) __declspec(deprecated(_Text))
      |                                               ^
In file included from C:\Users\ultim\Desktop\Sonic Adventure Recompiled\build-performance\generated\render-hierarchy-bridge\unit-v8C0412C8-8C0425A0-1c2be1678b040d69.cpp:1:
C:\Users\ultim\Desktop\Sonic Adventure Recompiled\src\sonic_render_hierarchy.hpp(19,49): warning: 'getenv' is deprecated: This function or variable may be unsafe. Consider using _dupenv_s instead. To disable deprecation, use _CRT_SECURE_NO_WARNINGS. See online help for details. [-Wdeprecated-declarations]
   19 |     static const bool on=[] {const auto* v=std::getenv("SARECOMP_NATIVE_RENDER_LOCAL_PROOFS");
      |                                                 ^
C:\Program Files (x86)\Windows Kits\10\Include\10.0.26100.0\ucrt\stdlib.h(1183,20): note: 'getenv' has been explicitly marked deprecated here
 1183 |     _Check_return_ _CRT_INSECURE_DEPRECATE(_dupenv_s)
      |                    ^
C:\Program Files (x86)\Microsoft Visual Studio\2022\BuildTools\VC\Tools\MSVC\14.44.35207\include\vcruntime.h(368,55): note: expanded from macro '_CRT_INSECURE_DEPRECATE'
  368 |         #define _CRT_INSECURE_DEPRECATE(_Replacement) _CRT_DEPRECATE_TEXT(    \
      |                                                       ^
C:\Program Files (x86)\Microsoft Visual Studio\2022\BuildTools\VC\Tools\MSVC\14.44.35207\include\vcruntime.h(358,47): note: expanded from macro '_CRT_DEPRECATE_TEXT'
  358 | #define _CRT_DEPRECATE_TEXT(_Text) __declspec(deprecated(_Text))
      |                                               ^
In file included from C:\Users\ultim\Desktop\Sonic Adventure Recompiled\build-performance\generated\render-hierarchy-bridge\unit-v8C0412C8-8C0425A0-1c2be1678b040d69.cpp:1:
C:\Users\ultim\Desktop\Sonic Adventure Recompiled\src\sonic_render_hierarchy.hpp(37,49): warning: 'getenv' is deprecated: This function or variable may be unsafe. Consider using _dupenv_s instead. To disable deprecation, use _CRT_SECURE_NO_WARNINGS. See online help for details. [-Wdeprecated-declarations]
   37 |     static const bool on=[] {const auto* v=std::getenv("SARECOMP_NATIVE_MORPH_HIERARCHY");
      |                                                 ^
C:\Program Files (x86)\Windows Kits\10\Include\10.0.26100.0\ucrt\stdlib.h(1183,20): note: 'getenv' has been explicitly marked deprecated here
 1183 |     _Check_return_ _CRT_INSECURE_DEPRECATE(_dupenv_s)
      |                    ^
C:\Program Files (x86)\Microsoft Visual Studio\2022\BuildTools\VC\Tools\MSVC\14.44.35207\include\vcruntime.h(368,55): note: expanded from macro '_CRT_INSECURE_DEPRECATE'
  368 |         #define _CRT_INSECURE_DEPRECATE(_Replacement) _CRT_DEPRECATE_TEXT(    \
      |                                                       ^
C:\Program Files (x86)\Microsoft Visual Studio\2022\BuildTools\VC\Tools\MSVC\14.44.35207\include\vcruntime.h(358,47): note: expanded from macro '_CRT_DEPRECATE_TEXT'
  358 | #define _CRT_DEPRECATE_TEXT(_Text) __declspec(deprecated(_Text))
      |                                               ^
5 warnings generated.
[34/51] Building CXX object CMakeFiles\sonic_dispatch.dir\generated\render-hierarchy-bridge\unit-v8C036BC0-8C037C3C-aa2f5ddfed3d4270.cpp.obj
In file included from C:\Users\ultim\Desktop\Sonic Adventure Recompiled\build-performance\generated\render-hierarchy-bridge\unit-v8C036BC0-8C037C3C-aa2f5ddfed3d4270.cpp:1:
In file included from C:\Users\ultim\Desktop\Sonic Adventure Recompiled\src\sonic_render_hierarchy.hpp:3:
C:\Users\ultim\Desktop\Sonic Adventure Recompiled\src\sonic_internal_diagnostics.hpp(28,67): warning: 'getenv' is deprecated: This function or variable may be unsafe. Consider using _dupenv_s instead. To disable deprecation, use _CRT_SECURE_NO_WARNINGS. See online help for details. [-Wdeprecated-declarations]
   28 |     internal_runtime_enabled = read_internal_policy(program, std::getenv("SARECOMP_INTERNAL_DIAGNOSTICS"));
      |                                                                   ^
C:\Program Files (x86)\Windows Kits\10\Include\10.0.26100.0\ucrt\stdlib.h(1183,20): note: 'getenv' has been explicitly marked deprecated here
 1183 |     _Check_return_ _CRT_INSECURE_DEPRECATE(_dupenv_s)
      |                    ^
C:\Program Files (x86)\Microsoft Visual Studio\2022\BuildTools\VC\Tools\MSVC\14.44.35207\include\vcruntime.h(368,55): note: expanded from macro '_CRT_INSECURE_DEPRECATE'
  368 |         #define _CRT_INSECURE_DEPRECATE(_Replacement) _CRT_DEPRECATE_TEXT(    \
      |                                                       ^
C:\Program Files (x86)\Microsoft Visual Studio\2022\BuildTools\VC\Tools\MSVC\14.44.35207\include\vcruntime.h(358,47): note: expanded from macro '_CRT_DEPRECATE_TEXT'
  358 | #define _CRT_DEPRECATE_TEXT(_Text) __declspec(deprecated(_Text))
      |                                               ^
In file included from C:\Users\ultim\Desktop\Sonic Adventure Recompiled\build-performance\generated\render-hierarchy-bridge\unit-v8C036BC0-8C037C3C-aa2f5ddfed3d4270.cpp:1:
In file included from C:\Users\ultim\Desktop\Sonic Adventure Recompiled\src\sonic_render_hierarchy.hpp:4:
C:\Users\ultim\Desktop\Sonic Adventure Recompiled\src\sonic_native_cpu_policy.hpp(11,30): warning: 'getenv' is deprecated: This function or variable may be unsafe. Consider using _dupenv_s instead. To disable deprecation, use _CRT_SECURE_NO_WARNINGS. See online help for details. [-Wdeprecated-declarations]
   11 |     const char* group = std::getenv("SARECOMP_NATIVE_CPU_PATHS");
      |                              ^
C:\Program Files (x86)\Windows Kits\10\Include\10.0.26100.0\ucrt\stdlib.h(1183,20): note: 'getenv' has been explicitly marked deprecated here
 1183 |     _Check_return_ _CRT_INSECURE_DEPRECATE(_dupenv_s)
      |                    ^
C:\Program Files (x86)\Microsoft Visual Studio\2022\BuildTools\VC\Tools\MSVC\14.44.35207\include\vcruntime.h(368,55): note: expanded from macro '_CRT_INSECURE_DEPRECATE'
  368 |         #define _CRT_INSECURE_DEPRECATE(_Replacement) _CRT_DEPRECATE_TEXT(    \
      |                                                       ^
C:\Program Files (x86)\Microsoft Visual Studio\2022\BuildTools\VC\Tools\MSVC\14.44.35207\include\vcruntime.h(358,47): note: expanded from macro '_CRT_DEPRECATE_TEXT'
  358 | #define _CRT_DEPRECATE_TEXT(_Text) __declspec(deprecated(_Text))
      |                                               ^
In file included from C:\Users\ultim\Desktop\Sonic Adventure Recompiled\build-performance\generated\render-hierarchy-bridge\unit-v8C036BC0-8C037C3C-aa2f5ddfed3d4270.cpp:1:
In file included from C:\Users\ultim\Desktop\Sonic Adventure Recompiled\src\sonic_render_hierarchy.hpp:4:
C:\Users\ultim\Desktop\Sonic Adventure Recompiled\src\sonic_native_cpu_policy.hpp(13,30): warning: 'getenv' is deprecated: This function or variable may be unsafe. Consider using _dupenv_s instead. To disable deprecation, use _CRT_SECURE_NO_WARNINGS. See online help for details. [-Wdeprecated-declarations]
   13 |     const char* value = std::getenv(option);
      |                              ^
C:\Program Files (x86)\Windows Kits\10\Include\10.0.26100.0\ucrt\stdlib.h(1183,20): note: 'getenv' has been explicitly marked deprecated here
 1183 |     _Check_return_ _CRT_INSECURE_DEPRECATE(_dupenv_s)
      |                    ^
C:\Program Files (x86)\Microsoft Visual Studio\2022\BuildTools\VC\Tools\MSVC\14.44.35207\include\vcruntime.h(368,55): note: expanded from macro '_CRT_INSECURE_DEPRECATE'
  368 |         #define _CRT_INSECURE_DEPRECATE(_Replacement) _CRT_DEPRECATE_TEXT(    \
      |                                                       ^
C:\Program Files (x86)\Microsoft Visual Studio\2022\BuildTools\VC\Tools\MSVC\14.44.35207\include\vcruntime.h(358,47): note: expanded from macro '_CRT_DEPRECATE_TEXT'
  358 | #define _CRT_DEPRECATE_TEXT(_Text) __declspec(deprecated(_Text))
      |                                               ^
In file included from C:\Users\ultim\Desktop\Sonic Adventure Recompiled\build-performance\generated\render-hierarchy-bridge\unit-v8C036BC0-8C037C3C-aa2f5ddfed3d4270.cpp:1:
C:\Users\ultim\Desktop\Sonic Adventure Recompiled\src\sonic_render_hierarchy.hpp(19,49): warning: 'getenv' is deprecated: This function or variable may be unsafe. Consider using _dupenv_s instead. To disable deprecation, use _CRT_SECURE_NO_WARNINGS. See online help for details. [-Wdeprecated-declarations]
   19 |     static const bool on=[] {const auto* v=std::getenv("SARECOMP_NATIVE_RENDER_LOCAL_PROOFS");
      |                                                 ^
C:\Program Files (x86)\Windows Kits\10\Include\10.0.26100.0\ucrt\stdlib.h(1183,20): note: 'getenv' has been explicitly marked deprecated here
 1183 |     _Check_return_ _CRT_INSECURE_DEPRECATE(_dupenv_s)
      |                    ^
C:\Program Files (x86)\Microsoft Visual Studio\2022\BuildTools\VC\Tools\MSVC\14.44.35207\include\vcruntime.h(368,55): note: expanded from macro '_CRT_INSECURE_DEPRECATE'
  368 |         #define _CRT_INSECURE_DEPRECATE(_Replacement) _CRT_DEPRECATE_TEXT(    \
      |                                                       ^
C:\Program Files (x86)\Microsoft Visual Studio\2022\BuildTools\VC\Tools\MSVC\14.44.35207\include\vcruntime.h(358,47): note: expanded from macro '_CRT_DEPRECATE_TEXT'
  358 | #define _CRT_DEPRECATE_TEXT(_Text) __declspec(deprecated(_Text))
      |                                               ^
In file included from C:\Users\ultim\Desktop\Sonic Adventure Recompiled\build-performance\generated\render-hierarchy-bridge\unit-v8C036BC0-8C037C3C-aa2f5ddfed3d4270.cpp:1:
C:\Users\ultim\Desktop\Sonic Adventure Recompiled\src\sonic_render_hierarchy.hpp(37,49): warning: 'getenv' is deprecated: This function or variable may be unsafe. Consider using _dupenv_s instead. To disable deprecation, use _CRT_SECURE_NO_WARNINGS. See online help for details. [-Wdeprecated-declarations]
   37 |     static const bool on=[] {const auto* v=std::getenv("SARECOMP_NATIVE_MORPH_HIERARCHY");
      |                                                 ^
C:\Program Files (x86)\Windows Kits\10\Include\10.0.26100.0\ucrt\stdlib.h(1183,20): note: 'getenv' has been explicitly marked deprecated here
 1183 |     _Check_return_ _CRT_INSECURE_DEPRECATE(_dupenv_s)
      |                    ^
C:\Program Files (x86)\Microsoft Visual Studio\2022\BuildTools\VC\Tools\MSVC\14.44.35207\include\vcruntime.h(368,55): note: expanded from macro '_CRT_INSECURE_DEPRECATE'
  368 |         #define _CRT_INSECURE_DEPRECATE(_Replacement) _CRT_DEPRECATE_TEXT(    \
      |                                                       ^
C:\Program Files (x86)\Microsoft Visual Studio\2022\BuildTools\VC\Tools\MSVC\14.44.35207\include\vcruntime.h(358,47): note: expanded from macro '_CRT_DEPRECATE_TEXT'
  358 | #define _CRT_DEPRECATE_TEXT(_Text) __declspec(deprecated(_Text))
      |                                               ^
5 warnings generated.
[35/51] Building CXX object CMakeFiles\sonic_dispatch.dir\generated\render-hierarchy-bridge\unit-v8C050BE4-8C051E00-44b823a416a623f6.cpp.obj
In file included from C:\Users\ultim\Desktop\Sonic Adventure Recompiled\build-performance\generated\render-hierarchy-bridge\unit-v8C050BE4-8C051E00-44b823a416a623f6.cpp:1:
In file included from C:\Users\ultim\Desktop\Sonic Adventure Recompiled\src\sonic_render_hierarchy.hpp:3:
C:\Users\ultim\Desktop\Sonic Adventure Recompiled\src\sonic_internal_diagnostics.hpp(28,67): warning: 'getenv' is deprecated: This function or variable may be unsafe. Consider using _dupenv_s instead. To disable deprecation, use _CRT_SECURE_NO_WARNINGS. See online help for details. [-Wdeprecated-declarations]
   28 |     internal_runtime_enabled = read_internal_policy(program, std::getenv("SARECOMP_INTERNAL_DIAGNOSTICS"));
      |                                                                   ^
C:\Program Files (x86)\Windows Kits\10\Include\10.0.26100.0\ucrt\stdlib.h(1183,20): note: 'getenv' has been explicitly marked deprecated here
 1183 |     _Check_return_ _CRT_INSECURE_DEPRECATE(_dupenv_s)
      |                    ^
C:\Program Files (x86)\Microsoft Visual Studio\2022\BuildTools\VC\Tools\MSVC\14.44.35207\include\vcruntime.h(368,55): note: expanded from macro '_CRT_INSECURE_DEPRECATE'
  368 |         #define _CRT_INSECURE_DEPRECATE(_Replacement) _CRT_DEPRECATE_TEXT(    \
      |                                                       ^
C:\Program Files (x86)\Microsoft Visual Studio\2022\BuildTools\VC\Tools\MSVC\14.44.35207\include\vcruntime.h(358,47): note: expanded from macro '_CRT_DEPRECATE_TEXT'
  358 | #define _CRT_DEPRECATE_TEXT(_Text) __declspec(deprecated(_Text))
      |                                               ^
In file included from C:\Users\ultim\Desktop\Sonic Adventure Recompiled\build-performance\generated\render-hierarchy-bridge\unit-v8C050BE4-8C051E00-44b823a416a623f6.cpp:1:
In file included from C:\Users\ultim\Desktop\Sonic Adventure Recompiled\src\sonic_render_hierarchy.hpp:4:
C:\Users\ultim\Desktop\Sonic Adventure Recompiled\src\sonic_native_cpu_policy.hpp(11,30): warning: 'getenv' is deprecated: This function or variable may be unsafe. Consider using _dupenv_s instead. To disable deprecation, use _CRT_SECURE_NO_WARNINGS. See online help for details. [-Wdeprecated-declarations]
   11 |     const char* group = std::getenv("SARECOMP_NATIVE_CPU_PATHS");
      |                              ^
C:\Program Files (x86)\Windows Kits\10\Include\10.0.26100.0\ucrt\stdlib.h(1183,20): note: 'getenv' has been explicitly marked deprecated here
 1183 |     _Check_return_ _CRT_INSECURE_DEPRECATE(_dupenv_s)
      |                    ^
C:\Program Files (x86)\Microsoft Visual Studio\2022\BuildTools\VC\Tools\MSVC\14.44.35207\include\vcruntime.h(368,55): note: expanded from macro '_CRT_INSECURE_DEPRECATE'
  368 |         #define _CRT_INSECURE_DEPRECATE(_Replacement) _CRT_DEPRECATE_TEXT(    \
      |                                                       ^
C:\Program Files (x86)\Microsoft Visual Studio\2022\BuildTools\VC\Tools\MSVC\14.44.35207\include\vcruntime.h(358,47): note: expanded from macro '_CRT_DEPRECATE_TEXT'
  358 | #define _CRT_DEPRECATE_TEXT(_Text) __declspec(deprecated(_Text))
      |                                               ^
In file included from C:\Users\ultim\Desktop\Sonic Adventure Recompiled\build-performance\generated\render-hierarchy-bridge\unit-v8C050BE4-8C051E00-44b823a416a623f6.cpp:1:
In file included from C:\Users\ultim\Desktop\Sonic Adventure Recompiled\src\sonic_render_hierarchy.hpp:4:
C:\Users\ultim\Desktop\Sonic Adventure Recompiled\src\sonic_native_cpu_policy.hpp(13,30): warning: 'getenv' is deprecated: This function or variable may be unsafe. Consider using _dupenv_s instead. To disable deprecation, use _CRT_SECURE_NO_WARNINGS. See online help for details. [-Wdeprecated-declarations]
   13 |     const char* value = std::getenv(option);
      |                              ^
C:\Program Files (x86)\Windows Kits\10\Include\10.0.26100.0\ucrt\stdlib.h(1183,20): note: 'getenv' has been explicitly marked deprecated here
 1183 |     _Check_return_ _CRT_INSECURE_DEPRECATE(_dupenv_s)
      |                    ^
C:\Program Files (x86)\Microsoft Visual Studio\2022\BuildTools\VC\Tools\MSVC\14.44.35207\include\vcruntime.h(368,55): note: expanded from macro '_CRT_INSECURE_DEPRECATE'
  368 |         #define _CRT_INSECURE_DEPRECATE(_Replacement) _CRT_DEPRECATE_TEXT(    \
      |                                                       ^
C:\Program Files (x86)\Microsoft Visual Studio\2022\BuildTools\VC\Tools\MSVC\14.44.35207\include\vcruntime.h(358,47): note: expanded from macro '_CRT_DEPRECATE_TEXT'
  358 | #define _CRT_DEPRECATE_TEXT(_Text) __declspec(deprecated(_Text))
      |                                               ^
In file included from C:\Users\ultim\Desktop\Sonic Adventure Recompiled\build-performance\generated\render-hierarchy-bridge\unit-v8C050BE4-8C051E00-44b823a416a623f6.cpp:1:
C:\Users\ultim\Desktop\Sonic Adventure Recompiled\src\sonic_render_hierarchy.hpp(19,49): warning: 'getenv' is deprecated: This function or variable may be unsafe. Consider using _dupenv_s instead. To disable deprecation, use _CRT_SECURE_NO_WARNINGS. See online help for details. [-Wdeprecated-declarations]
   19 |     static const bool on=[] {const auto* v=std::getenv("SARECOMP_NATIVE_RENDER_LOCAL_PROOFS");
      |                                                 ^
C:\Program Files (x86)\Windows Kits\10\Include\10.0.26100.0\ucrt\stdlib.h(1183,20): note: 'getenv' has been explicitly marked deprecated here
 1183 |     _Check_return_ _CRT_INSECURE_DEPRECATE(_dupenv_s)
      |                    ^
C:\Program Files (x86)\Microsoft Visual Studio\2022\BuildTools\VC\Tools\MSVC\14.44.35207\include\vcruntime.h(368,55): note: expanded from macro '_CRT_INSECURE_DEPRECATE'
  368 |         #define _CRT_INSECURE_DEPRECATE(_Replacement) _CRT_DEPRECATE_TEXT(    \
      |                                                       ^
C:\Program Files (x86)\Microsoft Visual Studio\2022\BuildTools\VC\Tools\MSVC\14.44.35207\include\vcruntime.h(358,47): note: expanded from macro '_CRT_DEPRECATE_TEXT'
  358 | #define _CRT_DEPRECATE_TEXT(_Text) __declspec(deprecated(_Text))
      |                                               ^
In file included from C:\Users\ultim\Desktop\Sonic Adventure Recompiled\build-performance\generated\render-hierarchy-bridge\unit-v8C050BE4-8C051E00-44b823a416a623f6.cpp:1:
C:\Users\ultim\Desktop\Sonic Adventure Recompiled\src\sonic_render_hierarchy.hpp(37,49): warning: 'getenv' is deprecated: This function or variable may be unsafe. Consider using _dupenv_s instead. To disable deprecation, use _CRT_SECURE_NO_WARNINGS. See online help for details. [-Wdeprecated-declarations]
   37 |     static const bool on=[] {const auto* v=std::getenv("SARECOMP_NATIVE_MORPH_HIERARCHY");
      |                                                 ^
C:\Program Files (x86)\Windows Kits\10\Include\10.0.26100.0\ucrt\stdlib.h(1183,20): note: 'getenv' has been explicitly marked deprecated here
 1183 |     _Check_return_ _CRT_INSECURE_DEPRECATE(_dupenv_s)
      |                    ^
C:\Program Files (x86)\Microsoft Visual Studio\2022\BuildTools\VC\Tools\MSVC\14.44.35207\include\vcruntime.h(368,55): note: expanded from macro '_CRT_INSECURE_DEPRECATE'
  368 |         #define _CRT_INSECURE_DEPRECATE(_Replacement) _CRT_DEPRECATE_TEXT(    \
      |                                                       ^
C:\Program Files (x86)\Microsoft Visual Studio\2022\BuildTools\VC\Tools\MSVC\14.44.35207\include\vcruntime.h(358,47): note: expanded from macro '_CRT_DEPRECATE_TEXT'
  358 | #define _CRT_DEPRECATE_TEXT(_Text) __declspec(deprecated(_Text))
      |                                               ^
5 warnings generated.
[36/51] Building CXX object CMakeFiles\sonic_dispatch.dir\generated\render-hierarchy-bridge\unit-v8C0FD05A-8C0FE340-9f120c53ca8c2b89.cpp.obj
In file included from C:\Users\ultim\Desktop\Sonic Adventure Recompiled\build-performance\generated\render-hierarchy-bridge\unit-v8C0FD05A-8C0FE340-9f120c53ca8c2b89.cpp:1:
In file included from C:\Users\ultim\Desktop\Sonic Adventure Recompiled\src\sonic_render_hierarchy.hpp:3:
C:\Users\ultim\Desktop\Sonic Adventure Recompiled\src\sonic_internal_diagnostics.hpp(28,67): warning: 'getenv' is deprecated: This function or variable may be unsafe. Consider using _dupenv_s instead. To disable deprecation, use _CRT_SECURE_NO_WARNINGS. See online help for details. [-Wdeprecated-declarations]
   28 |     internal_runtime_enabled = read_internal_policy(program, std::getenv("SARECOMP_INTERNAL_DIAGNOSTICS"));
      |                                                                   ^
C:\Program Files (x86)\Windows Kits\10\Include\10.0.26100.0\ucrt\stdlib.h(1183,20): note: 'getenv' has been explicitly marked deprecated here
 1183 |     _Check_return_ _CRT_INSECURE_DEPRECATE(_dupenv_s)
      |                    ^
C:\Program Files (x86)\Microsoft Visual Studio\2022\BuildTools\VC\Tools\MSVC\14.44.35207\include\vcruntime.h(368,55): note: expanded from macro '_CRT_INSECURE_DEPRECATE'
  368 |         #define _CRT_INSECURE_DEPRECATE(_Replacement) _CRT_DEPRECATE_TEXT(    \
      |                                                       ^
C:\Program Files (x86)\Microsoft Visual Studio\2022\BuildTools\VC\Tools\MSVC\14.44.35207\include\vcruntime.h(358,47): note: expanded from macro '_CRT_DEPRECATE_TEXT'
  358 | #define _CRT_DEPRECATE_TEXT(_Text) __declspec(deprecated(_Text))
      |                                               ^
In file included from C:\Users\ultim\Desktop\Sonic Adventure Recompiled\build-performance\generated\render-hierarchy-bridge\unit-v8C0FD05A-8C0FE340-9f120c53ca8c2b89.cpp:1:
In file included from C:\Users\ultim\Desktop\Sonic Adventure Recompiled\src\sonic_render_hierarchy.hpp:4:
C:\Users\ultim\Desktop\Sonic Adventure Recompiled\src\sonic_native_cpu_policy.hpp(11,30): warning: 'getenv' is deprecated: This function or variable may be unsafe. Consider using _dupenv_s instead. To disable deprecation, use _CRT_SECURE_NO_WARNINGS. See online help for details. [-Wdeprecated-declarations]
   11 |     const char* group = std::getenv("SARECOMP_NATIVE_CPU_PATHS");
      |                              ^
C:\Program Files (x86)\Windows Kits\10\Include\10.0.26100.0\ucrt\stdlib.h(1183,20): note: 'getenv' has been explicitly marked deprecated here
 1183 |     _Check_return_ _CRT_INSECURE_DEPRECATE(_dupenv_s)
      |                    ^
C:\Program Files (x86)\Microsoft Visual Studio\2022\BuildTools\VC\Tools\MSVC\14.44.35207\include\vcruntime.h(368,55): note: expanded from macro '_CRT_INSECURE_DEPRECATE'
  368 |         #define _CRT_INSECURE_DEPRECATE(_Replacement) _CRT_DEPRECATE_TEXT(    \
      |                                                       ^
C:\Program Files (x86)\Microsoft Visual Studio\2022\BuildTools\VC\Tools\MSVC\14.44.35207\include\vcruntime.h(358,47): note: expanded from macro '_CRT_DEPRECATE_TEXT'
  358 | #define _CRT_DEPRECATE_TEXT(_Text) __declspec(deprecated(_Text))
      |                                               ^
In file included from C:\Users\ultim\Desktop\Sonic Adventure Recompiled\build-performance\generated\render-hierarchy-bridge\unit-v8C0FD05A-8C0FE340-9f120c53ca8c2b89.cpp:1:
In file included from C:\Users\ultim\Desktop\Sonic Adventure Recompiled\src\sonic_render_hierarchy.hpp:4:
C:\Users\ultim\Desktop\Sonic Adventure Recompiled\src\sonic_native_cpu_policy.hpp(13,30): warning: 'getenv' is deprecated: This function or variable may be unsafe. Consider using _dupenv_s instead. To disable deprecation, use _CRT_SECURE_NO_WARNINGS. See online help for details. [-Wdeprecated-declarations]
   13 |     const char* value = std::getenv(option);
      |                              ^
C:\Program Files (x86)\Windows Kits\10\Include\10.0.26100.0\ucrt\stdlib.h(1183,20): note: 'getenv' has been explicitly marked deprecated here
 1183 |     _Check_return_ _CRT_INSECURE_DEPRECATE(_dupenv_s)
      |                    ^
C:\Program Files (x86)\Microsoft Visual Studio\2022\BuildTools\VC\Tools\MSVC\14.44.35207\include\vcruntime.h(368,55): note: expanded from macro '_CRT_INSECURE_DEPRECATE'
  368 |         #define _CRT_INSECURE_DEPRECATE(_Replacement) _CRT_DEPRECATE_TEXT(    \
      |                                                       ^
C:\Program Files (x86)\Microsoft Visual Studio\2022\BuildTools\VC\Tools\MSVC\14.44.35207\include\vcruntime.h(358,47): note: expanded from macro '_CRT_DEPRECATE_TEXT'
  358 | #define _CRT_DEPRECATE_TEXT(_Text) __declspec(deprecated(_Text))
      |                                               ^
In file included from C:\Users\ultim\Desktop\Sonic Adventure Recompiled\build-performance\generated\render-hierarchy-bridge\unit-v8C0FD05A-8C0FE340-9f120c53ca8c2b89.cpp:1:
C:\Users\ultim\Desktop\Sonic Adventure Recompiled\src\sonic_render_hierarchy.hpp(19,49): warning: 'getenv' is deprecated: This function or variable may be unsafe. Consider using _dupenv_s instead. To disable deprecation, use _CRT_SECURE_NO_WARNINGS. See online help for details. [-Wdeprecated-declarations]
   19 |     static const bool on=[] {const auto* v=std::getenv("SARECOMP_NATIVE_RENDER_LOCAL_PROOFS");
      |                                                 ^
C:\Program Files (x86)\Windows Kits\10\Include\10.0.26100.0\ucrt\stdlib.h(1183,20): note: 'getenv' has been explicitly marked deprecated here
 1183 |     _Check_return_ _CRT_INSECURE_DEPRECATE(_dupenv_s)
      |                    ^
C:\Program Files (x86)\Microsoft Visual Studio\2022\BuildTools\VC\Tools\MSVC\14.44.35207\include\vcruntime.h(368,55): note: expanded from macro '_CRT_INSECURE_DEPRECATE'
  368 |         #define _CRT_INSECURE_DEPRECATE(_Replacement) _CRT_DEPRECATE_TEXT(    \
      |                                                       ^
C:\Program Files (x86)\Microsoft Visual Studio\2022\BuildTools\VC\Tools\MSVC\14.44.35207\include\vcruntime.h(358,47): note: expanded from macro '_CRT_DEPRECATE_TEXT'
  358 | #define _CRT_DEPRECATE_TEXT(_Text) __declspec(deprecated(_Text))
      |                                               ^
In file included from C:\Users\ultim\Desktop\Sonic Adventure Recompiled\build-performance\generated\render-hierarchy-bridge\unit-v8C0FD05A-8C0FE340-9f120c53ca8c2b89.cpp:1:
C:\Users\ultim\Desktop\Sonic Adventure Recompiled\src\sonic_render_hierarchy.hpp(37,49): warning: 'getenv' is deprecated: This function or variable may be unsafe. Consider using _dupenv_s instead. To disable deprecation, use _CRT_SECURE_NO_WARNINGS. See online help for details. [-Wdeprecated-declarations]
   37 |     static const bool on=[] {const auto* v=std::getenv("SARECOMP_NATIVE_MORPH_HIERARCHY");
      |                                                 ^
C:\Program Files (x86)\Windows Kits\10\Include\10.0.26100.0\ucrt\stdlib.h(1183,20): note: 'getenv' has been explicitly marked deprecated here
 1183 |     _Check_return_ _CRT_INSECURE_DEPRECATE(_dupenv_s)
      |                    ^
C:\Program Files (x86)\Microsoft Visual Studio\2022\BuildTools\VC\Tools\MSVC\14.44.35207\include\vcruntime.h(368,55): note: expanded from macro '_CRT_INSECURE_DEPRECATE'
  368 |         #define _CRT_INSECURE_DEPRECATE(_Replacement) _CRT_DEPRECATE_TEXT(    \
      |                                                       ^
C:\Program Files (x86)\Microsoft Visual Studio\2022\BuildTools\VC\Tools\MSVC\14.44.35207\include\vcruntime.h(358,47): note: expanded from macro '_CRT_DEPRECATE_TEXT'
  358 | #define _CRT_DEPRECATE_TEXT(_Text) __declspec(deprecated(_Text))
      |                                               ^
5 warnings generated.
[37/51] Building CXX object CMakeFiles\sonic_dispatch.dir\generated\render-hierarchy-bridge\unit-v8C0CBD40-8C0CCFDC-8bb83195ded15666.cpp.obj
In file included from C:\Users\ultim\Desktop\Sonic Adventure Recompiled\build-performance\generated\render-hierarchy-bridge\unit-v8C0CBD40-8C0CCFDC-8bb83195ded15666.cpp:1:
In file included from C:\Users\ultim\Desktop\Sonic Adventure Recompiled\src\sonic_render_hierarchy.hpp:3:
C:\Users\ultim\Desktop\Sonic Adventure Recompiled\src\sonic_internal_diagnostics.hpp(28,67): warning: 'getenv' is deprecated: This function or variable may be unsafe. Consider using _dupenv_s instead. To disable deprecation, use _CRT_SECURE_NO_WARNINGS. See online help for details. [-Wdeprecated-declarations]
   28 |     internal_runtime_enabled = read_internal_policy(program, std::getenv("SARECOMP_INTERNAL_DIAGNOSTICS"));
      |                                                                   ^
C:\Program Files (x86)\Windows Kits\10\Include\10.0.26100.0\ucrt\stdlib.h(1183,20): note: 'getenv' has been explicitly marked deprecated here
 1183 |     _Check_return_ _CRT_INSECURE_DEPRECATE(_dupenv_s)
      |                    ^
C:\Program Files (x86)\Microsoft Visual Studio\2022\BuildTools\VC\Tools\MSVC\14.44.35207\include\vcruntime.h(368,55): note: expanded from macro '_CRT_INSECURE_DEPRECATE'
  368 |         #define _CRT_INSECURE_DEPRECATE(_Replacement) _CRT_DEPRECATE_TEXT(    \
      |                                                       ^
C:\Program Files (x86)\Microsoft Visual Studio\2022\BuildTools\VC\Tools\MSVC\14.44.35207\include\vcruntime.h(358,47): note: expanded from macro '_CRT_DEPRECATE_TEXT'
  358 | #define _CRT_DEPRECATE_TEXT(_Text) __declspec(deprecated(_Text))
      |                                               ^
In file included from C:\Users\ultim\Desktop\Sonic Adventure Recompiled\build-performance\generated\render-hierarchy-bridge\unit-v8C0CBD40-8C0CCFDC-8bb83195ded15666.cpp:1:
In file included from C:\Users\ultim\Desktop\Sonic Adventure Recompiled\src\sonic_render_hierarchy.hpp:4:
C:\Users\ultim\Desktop\Sonic Adventure Recompiled\src\sonic_native_cpu_policy.hpp(11,30): warning: 'getenv' is deprecated: This function or variable may be unsafe. Consider using _dupenv_s instead. To disable deprecation, use _CRT_SECURE_NO_WARNINGS. See online help for details. [-Wdeprecated-declarations]
   11 |     const char* group = std::getenv("SARECOMP_NATIVE_CPU_PATHS");
      |                              ^
C:\Program Files (x86)\Windows Kits\10\Include\10.0.26100.0\ucrt\stdlib.h(1183,20): note: 'getenv' has been explicitly marked deprecated here
 1183 |     _Check_return_ _CRT_INSECURE_DEPRECATE(_dupenv_s)
      |                    ^
C:\Program Files (x86)\Microsoft Visual Studio\2022\BuildTools\VC\Tools\MSVC\14.44.35207\include\vcruntime.h(368,55): note: expanded from macro '_CRT_INSECURE_DEPRECATE'
  368 |         #define _CRT_INSECURE_DEPRECATE(_Replacement) _CRT_DEPRECATE_TEXT(    \
      |                                                       ^
C:\Program Files (x86)\Microsoft Visual Studio\2022\BuildTools\VC\Tools\MSVC\14.44.35207\include\vcruntime.h(358,47): note: expanded from macro '_CRT_DEPRECATE_TEXT'
  358 | #define _CRT_DEPRECATE_TEXT(_Text) __declspec(deprecated(_Text))
      |                                               ^
In file included from C:\Users\ultim\Desktop\Sonic Adventure Recompiled\build-performance\generated\render-hierarchy-bridge\unit-v8C0CBD40-8C0CCFDC-8bb83195ded15666.cpp:1:
In file included from C:\Users\ultim\Desktop\Sonic Adventure Recompiled\src\sonic_render_hierarchy.hpp:4:
C:\Users\ultim\Desktop\Sonic Adventure Recompiled\src\sonic_native_cpu_policy.hpp(13,30): warning: 'getenv' is deprecated: This function or variable may be unsafe. Consider using _dupenv_s instead. To disable deprecation, use _CRT_SECURE_NO_WARNINGS. See online help for details. [-Wdeprecated-declarations]
   13 |     const char* value = std::getenv(option);
      |                              ^
C:\Program Files (x86)\Windows Kits\10\Include\10.0.26100.0\ucrt\stdlib.h(1183,20): note: 'getenv' has been explicitly marked deprecated here
 1183 |     _Check_return_ _CRT_INSECURE_DEPRECATE(_dupenv_s)
      |                    ^
C:\Program Files (x86)\Microsoft Visual Studio\2022\BuildTools\VC\Tools\MSVC\14.44.35207\include\vcruntime.h(368,55): note: expanded from macro '_CRT_INSECURE_DEPRECATE'
  368 |         #define _CRT_INSECURE_DEPRECATE(_Replacement) _CRT_DEPRECATE_TEXT(    \
      |                                                       ^
C:\Program Files (x86)\Microsoft Visual Studio\2022\BuildTools\VC\Tools\MSVC\14.44.35207\include\vcruntime.h(358,47): note: expanded from macro '_CRT_DEPRECATE_TEXT'
  358 | #define _CRT_DEPRECATE_TEXT(_Text) __declspec(deprecated(_Text))
      |                                               ^
In file included from C:\Users\ultim\Desktop\Sonic Adventure Recompiled\build-performance\generated\render-hierarchy-bridge\unit-v8C0CBD40-8C0CCFDC-8bb83195ded15666.cpp:1:
C:\Users\ultim\Desktop\Sonic Adventure Recompiled\src\sonic_render_hierarchy.hpp(19,49): warning: 'getenv' is deprecated: This function or variable may be unsafe. Consider using _dupenv_s instead. To disable deprecation, use _CRT_SECURE_NO_WARNINGS. See online help for details. [-Wdeprecated-declarations]
   19 |     static const bool on=[] {const auto* v=std::getenv("SARECOMP_NATIVE_RENDER_LOCAL_PROOFS");
      |                                                 ^
C:\Program Files (x86)\Windows Kits\10\Include\10.0.26100.0\ucrt\stdlib.h(1183,20): note: 'getenv' has been explicitly marked deprecated here
 1183 |     _Check_return_ _CRT_INSECURE_DEPRECATE(_dupenv_s)
      |                    ^
C:\Program Files (x86)\Microsoft Visual Studio\2022\BuildTools\VC\Tools\MSVC\14.44.35207\include\vcruntime.h(368,55): note: expanded from macro '_CRT_INSECURE_DEPRECATE'
  368 |         #define _CRT_INSECURE_DEPRECATE(_Replacement) _CRT_DEPRECATE_TEXT(    \
      |                                                       ^
C:\Program Files (x86)\Microsoft Visual Studio\2022\BuildTools\VC\Tools\MSVC\14.44.35207\include\vcruntime.h(358,47): note: expanded from macro '_CRT_DEPRECATE_TEXT'
  358 | #define _CRT_DEPRECATE_TEXT(_Text) __declspec(deprecated(_Text))
      |                                               ^
In file included from C:\Users\ultim\Desktop\Sonic Adventure Recompiled\build-performance\generated\render-hierarchy-bridge\unit-v8C0CBD40-8C0CCFDC-8bb83195ded15666.cpp:1:
C:\Users\ultim\Desktop\Sonic Adventure Recompiled\src\sonic_render_hierarchy.hpp(37,49): warning: 'getenv' is deprecated: This function or variable may be unsafe. Consider using _dupenv_s instead. To disable deprecation, use _CRT_SECURE_NO_WARNINGS. See online help for details. [-Wdeprecated-declarations]
   37 |     static const bool on=[] {const auto* v=std::getenv("SARECOMP_NATIVE_MORPH_HIERARCHY");
      |                                                 ^
C:\Program Files (x86)\Windows Kits\10\Include\10.0.26100.0\ucrt\stdlib.h(1183,20): note: 'getenv' has been explicitly marked deprecated here
 1183 |     _Check_return_ _CRT_INSECURE_DEPRECATE(_dupenv_s)
      |                    ^
C:\Program Files (x86)\Microsoft Visual Studio\2022\BuildTools\VC\Tools\MSVC\14.44.35207\include\vcruntime.h(368,55): note: expanded from macro '_CRT_INSECURE_DEPRECATE'
  368 |         #define _CRT_INSECURE_DEPRECATE(_Replacement) _CRT_DEPRECATE_TEXT(    \
      |                                                       ^
C:\Program Files (x86)\Microsoft Visual Studio\2022\BuildTools\VC\Tools\MSVC\14.44.35207\include\vcruntime.h(358,47): note: expanded from macro '_CRT_DEPRECATE_TEXT'
  358 | #define _CRT_DEPRECATE_TEXT(_Text) __declspec(deprecated(_Text))
      |                                               ^
5 warnings generated.
[38/51] Building CXX object CMakeFiles\sonic_dispatch.dir\generated\movement-contact-bridge\private-original.cpp.obj
In file included from C:\Users\ultim\Desktop\Sonic Adventure Recompiled\build-performance\generated\movement-contact-bridge\private-original.cpp:1:
In file included from C:\Users\ultim\Desktop\Sonic Adventure Recompiled\src\sonic_movement_contact.hpp:3:
C:\Users\ultim\Desktop\Sonic Adventure Recompiled\src\sonic_internal_diagnostics.hpp(28,67): warning: 'getenv' is deprecated: This function or variable may be unsafe. Consider using _dupenv_s instead. To disable deprecation, use _CRT_SECURE_NO_WARNINGS. See online help for details. [-Wdeprecated-declarations]
   28 |     internal_runtime_enabled = read_internal_policy(program, std::getenv("SARECOMP_INTERNAL_DIAGNOSTICS"));
      |                                                                   ^
C:\Program Files (x86)\Windows Kits\10\Include\10.0.26100.0\ucrt\stdlib.h(1183,20): note: 'getenv' has been explicitly marked deprecated here
 1183 |     _Check_return_ _CRT_INSECURE_DEPRECATE(_dupenv_s)
      |                    ^
C:\Program Files (x86)\Microsoft Visual Studio\2022\BuildTools\VC\Tools\MSVC\14.44.35207\include\vcruntime.h(368,55): note: expanded from macro '_CRT_INSECURE_DEPRECATE'
  368 |         #define _CRT_INSECURE_DEPRECATE(_Replacement) _CRT_DEPRECATE_TEXT(    \
      |                                                       ^
C:\Program Files (x86)\Microsoft Visual Studio\2022\BuildTools\VC\Tools\MSVC\14.44.35207\include\vcruntime.h(358,47): note: expanded from macro '_CRT_DEPRECATE_TEXT'
  358 | #define _CRT_DEPRECATE_TEXT(_Text) __declspec(deprecated(_Text))
      |                                               ^
In file included from C:\Users\ultim\Desktop\Sonic Adventure Recompiled\build-performance\generated\movement-contact-bridge\private-original.cpp:1:
In file included from C:\Users\ultim\Desktop\Sonic Adventure Recompiled\src\sonic_movement_contact.hpp:4:
C:\Users\ultim\Desktop\Sonic Adventure Recompiled\src\sonic_native_cpu_policy.hpp(11,30): warning: 'getenv' is deprecated: This function or variable may be unsafe. Consider using _dupenv_s instead. To disable deprecation, use _CRT_SECURE_NO_WARNINGS. See online help for details. [-Wdeprecated-declarations]
   11 |     const char* group = std::getenv("SARECOMP_NATIVE_CPU_PATHS");
      |                              ^
C:\Program Files (x86)\Windows Kits\10\Include\10.0.26100.0\ucrt\stdlib.h(1183,20): note: 'getenv' has been explicitly marked deprecated here
 1183 |     _Check_return_ _CRT_INSECURE_DEPRECATE(_dupenv_s)
      |                    ^
C:\Program Files (x86)\Microsoft Visual Studio\2022\BuildTools\VC\Tools\MSVC\14.44.35207\include\vcruntime.h(368,55): note: expanded from macro '_CRT_INSECURE_DEPRECATE'
  368 |         #define _CRT_INSECURE_DEPRECATE(_Replacement) _CRT_DEPRECATE_TEXT(    \
      |                                                       ^
C:\Program Files (x86)\Microsoft Visual Studio\2022\BuildTools\VC\Tools\MSVC\14.44.35207\include\vcruntime.h(358,47): note: expanded from macro '_CRT_DEPRECATE_TEXT'
  358 | #define _CRT_DEPRECATE_TEXT(_Text) __declspec(deprecated(_Text))
      |                                               ^
In file included from C:\Users\ultim\Desktop\Sonic Adventure Recompiled\build-performance\generated\movement-contact-bridge\private-original.cpp:1:
In file included from C:\Users\ultim\Desktop\Sonic Adventure Recompiled\src\sonic_movement_contact.hpp:4:
C:\Users\ultim\Desktop\Sonic Adventure Recompiled\src\sonic_native_cpu_policy.hpp(13,30): warning: 'getenv' is deprecated: This function or variable may be unsafe. Consider using _dupenv_s instead. To disable deprecation, use _CRT_SECURE_NO_WARNINGS. See online help for details. [-Wdeprecated-declarations]
   13 |     const char* value = std::getenv(option);
      |                              ^
C:\Program Files (x86)\Windows Kits\10\Include\10.0.26100.0\ucrt\stdlib.h(1183,20): note: 'getenv' has been explicitly marked deprecated here
 1183 |     _Check_return_ _CRT_INSECURE_DEPRECATE(_dupenv_s)
      |                    ^
C:\Program Files (x86)\Microsoft Visual Studio\2022\BuildTools\VC\Tools\MSVC\14.44.35207\include\vcruntime.h(368,55): note: expanded from macro '_CRT_INSECURE_DEPRECATE'
  368 |         #define _CRT_INSECURE_DEPRECATE(_Replacement) _CRT_DEPRECATE_TEXT(    \
      |                                                       ^
C:\Program Files (x86)\Microsoft Visual Studio\2022\BuildTools\VC\Tools\MSVC\14.44.35207\include\vcruntime.h(358,47): note: expanded from macro '_CRT_DEPRECATE_TEXT'
  358 | #define _CRT_DEPRECATE_TEXT(_Text) __declspec(deprecated(_Text))
      |                                               ^
3 warnings generated.
[39/51] Building CXX object CMakeFiles\sonic_dispatch.dir\generated\render-hierarchy-bridge\unit-v8C0CED2E-8C0D0BB8-9d87359849e1c862.cpp.obj
In file included from C:\Users\ultim\Desktop\Sonic Adventure Recompiled\build-performance\generated\render-hierarchy-bridge\unit-v8C0CED2E-8C0D0BB8-9d87359849e1c862.cpp:1:
In file included from C:\Users\ultim\Desktop\Sonic Adventure Recompiled\src\sonic_render_hierarchy.hpp:3:
C:\Users\ultim\Desktop\Sonic Adventure Recompiled\src\sonic_internal_diagnostics.hpp(28,67): warning: 'getenv' is deprecated: This function or variable may be unsafe. Consider using _dupenv_s instead. To disable deprecation, use _CRT_SECURE_NO_WARNINGS. See online help for details. [-Wdeprecated-declarations]
   28 |     internal_runtime_enabled = read_internal_policy(program, std::getenv("SARECOMP_INTERNAL_DIAGNOSTICS"));
      |                                                                   ^
C:\Program Files (x86)\Windows Kits\10\Include\10.0.26100.0\ucrt\stdlib.h(1183,20): note: 'getenv' has been explicitly marked deprecated here
 1183 |     _Check_return_ _CRT_INSECURE_DEPRECATE(_dupenv_s)
      |                    ^
C:\Program Files (x86)\Microsoft Visual Studio\2022\BuildTools\VC\Tools\MSVC\14.44.35207\include\vcruntime.h(368,55): note: expanded from macro '_CRT_INSECURE_DEPRECATE'
  368 |         #define _CRT_INSECURE_DEPRECATE(_Replacement) _CRT_DEPRECATE_TEXT(    \
      |                                                       ^
C:\Program Files (x86)\Microsoft Visual Studio\2022\BuildTools\VC\Tools\MSVC\14.44.35207\include\vcruntime.h(358,47): note: expanded from macro '_CRT_DEPRECATE_TEXT'
  358 | #define _CRT_DEPRECATE_TEXT(_Text) __declspec(deprecated(_Text))
      |                                               ^
In file included from C:\Users\ultim\Desktop\Sonic Adventure Recompiled\build-performance\generated\render-hierarchy-bridge\unit-v8C0CED2E-8C0D0BB8-9d87359849e1c862.cpp:1:
In file included from C:\Users\ultim\Desktop\Sonic Adventure Recompiled\src\sonic_render_hierarchy.hpp:4:
C:\Users\ultim\Desktop\Sonic Adventure Recompiled\src\sonic_native_cpu_policy.hpp(11,30): warning: 'getenv' is deprecated: This function or variable may be unsafe. Consider using _dupenv_s instead. To disable deprecation, use _CRT_SECURE_NO_WARNINGS. See online help for details. [-Wdeprecated-declarations]
   11 |     const char* group = std::getenv("SARECOMP_NATIVE_CPU_PATHS");
      |                              ^
C:\Program Files (x86)\Windows Kits\10\Include\10.0.26100.0\ucrt\stdlib.h(1183,20): note: 'getenv' has been explicitly marked deprecated here
 1183 |     _Check_return_ _CRT_INSECURE_DEPRECATE(_dupenv_s)
      |                    ^
C:\Program Files (x86)\Microsoft Visual Studio\2022\BuildTools\VC\Tools\MSVC\14.44.35207\include\vcruntime.h(368,55): note: expanded from macro '_CRT_INSECURE_DEPRECATE'
  368 |         #define _CRT_INSECURE_DEPRECATE(_Replacement) _CRT_DEPRECATE_TEXT(    \
      |                                                       ^
C:\Program Files (x86)\Microsoft Visual Studio\2022\BuildTools\VC\Tools\MSVC\14.44.35207\include\vcruntime.h(358,47): note: expanded from macro '_CRT_DEPRECATE_TEXT'
  358 | #define _CRT_DEPRECATE_TEXT(_Text) __declspec(deprecated(_Text))
      |                                               ^
In file included from C:\Users\ultim\Desktop\Sonic Adventure Recompiled\build-performance\generated\render-hierarchy-bridge\unit-v8C0CED2E-8C0D0BB8-9d87359849e1c862.cpp:1:
In file included from C:\Users\ultim\Desktop\Sonic Adventure Recompiled\src\sonic_render_hierarchy.hpp:4:
C:\Users\ultim\Desktop\Sonic Adventure Recompiled\src\sonic_native_cpu_policy.hpp(13,30): warning: 'getenv' is deprecated: This function or variable may be unsafe. Consider using _dupenv_s instead. To disable deprecation, use _CRT_SECURE_NO_WARNINGS. See online help for details. [-Wdeprecated-declarations]
   13 |     const char* value = std::getenv(option);
      |                              ^
C:\Program Files (x86)\Windows Kits\10\Include\10.0.26100.0\ucrt\stdlib.h(1183,20): note: 'getenv' has been explicitly marked deprecated here
 1183 |     _Check_return_ _CRT_INSECURE_DEPRECATE(_dupenv_s)
      |                    ^
C:\Program Files (x86)\Microsoft Visual Studio\2022\BuildTools\VC\Tools\MSVC\14.44.35207\include\vcruntime.h(368,55): note: expanded from macro '_CRT_INSECURE_DEPRECATE'
  368 |         #define _CRT_INSECURE_DEPRECATE(_Replacement) _CRT_DEPRECATE_TEXT(    \
      |                                                       ^
C:\Program Files (x86)\Microsoft Visual Studio\2022\BuildTools\VC\Tools\MSVC\14.44.35207\include\vcruntime.h(358,47): note: expanded from macro '_CRT_DEPRECATE_TEXT'
  358 | #define _CRT_DEPRECATE_TEXT(_Text) __declspec(deprecated(_Text))
      |                                               ^
In file included from C:\Users\ultim\Desktop\Sonic Adventure Recompiled\build-performance\generated\render-hierarchy-bridge\unit-v8C0CED2E-8C0D0BB8-9d87359849e1c862.cpp:1:
C:\Users\ultim\Desktop\Sonic Adventure Recompiled\src\sonic_render_hierarchy.hpp(19,49): warning: 'getenv' is deprecated: This function or variable may be unsafe. Consider using _dupenv_s instead. To disable deprecation, use _CRT_SECURE_NO_WARNINGS. See online help for details. [-Wdeprecated-declarations]
   19 |     static const bool on=[] {const auto* v=std::getenv("SARECOMP_NATIVE_RENDER_LOCAL_PROOFS");
      |                                                 ^
C:\Program Files (x86)\Windows Kits\10\Include\10.0.26100.0\ucrt\stdlib.h(1183,20): note: 'getenv' has been explicitly marked deprecated here
 1183 |     _Check_return_ _CRT_INSECURE_DEPRECATE(_dupenv_s)
      |                    ^
C:\Program Files (x86)\Microsoft Visual Studio\2022\BuildTools\VC\Tools\MSVC\14.44.35207\include\vcruntime.h(368,55): note: expanded from macro '_CRT_INSECURE_DEPRECATE'
  368 |         #define _CRT_INSECURE_DEPRECATE(_Replacement) _CRT_DEPRECATE_TEXT(    \
      |                                                       ^
C:\Program Files (x86)\Microsoft Visual Studio\2022\BuildTools\VC\Tools\MSVC\14.44.35207\include\vcruntime.h(358,47): note: expanded from macro '_CRT_DEPRECATE_TEXT'
  358 | #define _CRT_DEPRECATE_TEXT(_Text) __declspec(deprecated(_Text))
      |                                               ^
In file included from C:\Users\ultim\Desktop\Sonic Adventure Recompiled\build-performance\generated\render-hierarchy-bridge\unit-v8C0CED2E-8C0D0BB8-9d87359849e1c862.cpp:1:
C:\Users\ultim\Desktop\Sonic Adventure Recompiled\src\sonic_render_hierarchy.hpp(37,49): warning: 'getenv' is deprecated: This function or variable may be unsafe. Consider using _dupenv_s instead. To disable deprecation, use _CRT_SECURE_NO_WARNINGS. See online help for details. [-Wdeprecated-declarations]
   37 |     static const bool on=[] {const auto* v=std::getenv("SARECOMP_NATIVE_MORPH_HIERARCHY");
      |                                                 ^
C:\Program Files (x86)\Windows Kits\10\Include\10.0.26100.0\ucrt\stdlib.h(1183,20): note: 'getenv' has been explicitly marked deprecated here
 1183 |     _Check_return_ _CRT_INSECURE_DEPRECATE(_dupenv_s)
      |                    ^
C:\Program Files (x86)\Microsoft Visual Studio\2022\BuildTools\VC\Tools\MSVC\14.44.35207\include\vcruntime.h(368,55): note: expanded from macro '_CRT_INSECURE_DEPRECATE'
  368 |         #define _CRT_INSECURE_DEPRECATE(_Replacement) _CRT_DEPRECATE_TEXT(    \
      |                                                       ^
C:\Program Files (x86)\Microsoft Visual Studio\2022\BuildTools\VC\Tools\MSVC\14.44.35207\include\vcruntime.h(358,47): note: expanded from macro '_CRT_DEPRECATE_TEXT'
  358 | #define _CRT_DEPRECATE_TEXT(_Text) __declspec(deprecated(_Text))
      |                                               ^
5 warnings generated.
[40/51] Building CXX object CMakeFiles\sonic_dispatch.dir\generated\render-hierarchy-bridge\unit-v8C0CCFE8-8C0CCFE8-8623c664d8e08af9.cpp.obj
In file included from C:\Users\ultim\Desktop\Sonic Adventure Recompiled\build-performance\generated\render-hierarchy-bridge\unit-v8C0CCFE8-8C0CCFE8-8623c664d8e08af9.cpp:1:
In file included from C:\Users\ultim\Desktop\Sonic Adventure Recompiled\src\sonic_render_hierarchy.hpp:3:
C:\Users\ultim\Desktop\Sonic Adventure Recompiled\src\sonic_internal_diagnostics.hpp(28,67): warning: 'getenv' is deprecated: This function or variable may be unsafe. Consider using _dupenv_s instead. To disable deprecation, use _CRT_SECURE_NO_WARNINGS. See online help for details. [-Wdeprecated-declarations]
   28 |     internal_runtime_enabled = read_internal_policy(program, std::getenv("SARECOMP_INTERNAL_DIAGNOSTICS"));
      |                                                                   ^
C:\Program Files (x86)\Windows Kits\10\Include\10.0.26100.0\ucrt\stdlib.h(1183,20): note: 'getenv' has been explicitly marked deprecated here
 1183 |     _Check_return_ _CRT_INSECURE_DEPRECATE(_dupenv_s)
      |                    ^
C:\Program Files (x86)\Microsoft Visual Studio\2022\BuildTools\VC\Tools\MSVC\14.44.35207\include\vcruntime.h(368,55): note: expanded from macro '_CRT_INSECURE_DEPRECATE'
  368 |         #define _CRT_INSECURE_DEPRECATE(_Replacement) _CRT_DEPRECATE_TEXT(    \
      |                                                       ^
C:\Program Files (x86)\Microsoft Visual Studio\2022\BuildTools\VC\Tools\MSVC\14.44.35207\include\vcruntime.h(358,47): note: expanded from macro '_CRT_DEPRECATE_TEXT'
  358 | #define _CRT_DEPRECATE_TEXT(_Text) __declspec(deprecated(_Text))
      |                                               ^
In file included from C:\Users\ultim\Desktop\Sonic Adventure Recompiled\build-performance\generated\render-hierarchy-bridge\unit-v8C0CCFE8-8C0CCFE8-8623c664d8e08af9.cpp:1:
In file included from C:\Users\ultim\Desktop\Sonic Adventure Recompiled\src\sonic_render_hierarchy.hpp:4:
C:\Users\ultim\Desktop\Sonic Adventure Recompiled\src\sonic_native_cpu_policy.hpp(11,30): warning: 'getenv' is deprecated: This function or variable may be unsafe. Consider using _dupenv_s instead. To disable deprecation, use _CRT_SECURE_NO_WARNINGS. See online help for details. [-Wdeprecated-declarations]
   11 |     const char* group = std::getenv("SARECOMP_NATIVE_CPU_PATHS");
      |                              ^
C:\Program Files (x86)\Windows Kits\10\Include\10.0.26100.0\ucrt\stdlib.h(1183,20): note: 'getenv' has been explicitly marked deprecated here
 1183 |     _Check_return_ _CRT_INSECURE_DEPRECATE(_dupenv_s)
      |                    ^
C:\Program Files (x86)\Microsoft Visual Studio\2022\BuildTools\VC\Tools\MSVC\14.44.35207\include\vcruntime.h(368,55): note: expanded from macro '_CRT_INSECURE_DEPRECATE'
  368 |         #define _CRT_INSECURE_DEPRECATE(_Replacement) _CRT_DEPRECATE_TEXT(    \
      |                                                       ^
C:\Program Files (x86)\Microsoft Visual Studio\2022\BuildTools\VC\Tools\MSVC\14.44.35207\include\vcruntime.h(358,47): note: expanded from macro '_CRT_DEPRECATE_TEXT'
  358 | #define _CRT_DEPRECATE_TEXT(_Text) __declspec(deprecated(_Text))
      |                                               ^
In file included from C:\Users\ultim\Desktop\Sonic Adventure Recompiled\build-performance\generated\render-hierarchy-bridge\unit-v8C0CCFE8-8C0CCFE8-8623c664d8e08af9.cpp:1:
In file included from C:\Users\ultim\Desktop\Sonic Adventure Recompiled\src\sonic_render_hierarchy.hpp:4:
C:\Users\ultim\Desktop\Sonic Adventure Recompiled\src\sonic_native_cpu_policy.hpp(13,30): warning: 'getenv' is deprecated: This function or variable may be unsafe. Consider using _dupenv_s instead. To disable deprecation, use _CRT_SECURE_NO_WARNINGS. See online help for details. [-Wdeprecated-declarations]
   13 |     const char* value = std::getenv(option);
      |                              ^
C:\Program Files (x86)\Windows Kits\10\Include\10.0.26100.0\ucrt\stdlib.h(1183,20): note: 'getenv' has been explicitly marked deprecated here
 1183 |     _Check_return_ _CRT_INSECURE_DEPRECATE(_dupenv_s)
      |                    ^
C:\Program Files (x86)\Microsoft Visual Studio\2022\BuildTools\VC\Tools\MSVC\14.44.35207\include\vcruntime.h(368,55): note: expanded from macro '_CRT_INSECURE_DEPRECATE'
  368 |         #define _CRT_INSECURE_DEPRECATE(_Replacement) _CRT_DEPRECATE_TEXT(    \
      |                                                       ^
C:\Program Files (x86)\Microsoft Visual Studio\2022\BuildTools\VC\Tools\MSVC\14.44.35207\include\vcruntime.h(358,47): note: expanded from macro '_CRT_DEPRECATE_TEXT'
  358 | #define _CRT_DEPRECATE_TEXT(_Text) __declspec(deprecated(_Text))
      |                                               ^
In file included from C:\Users\ultim\Desktop\Sonic Adventure Recompiled\build-performance\generated\render-hierarchy-bridge\unit-v8C0CCFE8-8C0CCFE8-8623c664d8e08af9.cpp:1:
C:\Users\ultim\Desktop\Sonic Adventure Recompiled\src\sonic_render_hierarchy.hpp(19,49): warning: 'getenv' is deprecated: This function or variable may be unsafe. Consider using _dupenv_s instead. To disable deprecation, use _CRT_SECURE_NO_WARNINGS. See online help for details. [-Wdeprecated-declarations]
   19 |     static const bool on=[] {const auto* v=std::getenv("SARECOMP_NATIVE_RENDER_LOCAL_PROOFS");
      |                                                 ^
C:\Program Files (x86)\Windows Kits\10\Include\10.0.26100.0\ucrt\stdlib.h(1183,20): note: 'getenv' has been explicitly marked deprecated here
 1183 |     _Check_return_ _CRT_INSECURE_DEPRECATE(_dupenv_s)
      |                    ^
C:\Program Files (x86)\Microsoft Visual Studio\2022\BuildTools\VC\Tools\MSVC\14.44.35207\include\vcruntime.h(368,55): note: expanded from macro '_CRT_INSECURE_DEPRECATE'
  368 |         #define _CRT_INSECURE_DEPRECATE(_Replacement) _CRT_DEPRECATE_TEXT(    \
      |                                                       ^
C:\Program Files (x86)\Microsoft Visual Studio\2022\BuildTools\VC\Tools\MSVC\14.44.35207\include\vcruntime.h(358,47): note: expanded from macro '_CRT_DEPRECATE_TEXT'
  358 | #define _CRT_DEPRECATE_TEXT(_Text) __declspec(deprecated(_Text))
      |                                               ^
In file included from C:\Users\ultim\Desktop\Sonic Adventure Recompiled\build-performance\generated\render-hierarchy-bridge\unit-v8C0CCFE8-8C0CCFE8-8623c664d8e08af9.cpp:1:
C:\Users\ultim\Desktop\Sonic Adventure Recompiled\src\sonic_render_hierarchy.hpp(37,49): warning: 'getenv' is deprecated: This function or variable may be unsafe. Consider using _dupenv_s instead. To disable deprecation, use _CRT_SECURE_NO_WARNINGS. See online help for details. [-Wdeprecated-declarations]
   37 |     static const bool on=[] {const auto* v=std::getenv("SARECOMP_NATIVE_MORPH_HIERARCHY");
      |                                                 ^
C:\Program Files (x86)\Windows Kits\10\Include\10.0.26100.0\ucrt\stdlib.h(1183,20): note: 'getenv' has been explicitly marked deprecated here
 1183 |     _Check_return_ _CRT_INSECURE_DEPRECATE(_dupenv_s)
      |                    ^
C:\Program Files (x86)\Microsoft Visual Studio\2022\BuildTools\VC\Tools\MSVC\14.44.35207\include\vcruntime.h(368,55): note: expanded from macro '_CRT_INSECURE_DEPRECATE'
  368 |         #define _CRT_INSECURE_DEPRECATE(_Replacement) _CRT_DEPRECATE_TEXT(    \
      |                                                       ^
C:\Program Files (x86)\Microsoft Visual Studio\2022\BuildTools\VC\Tools\MSVC\14.44.35207\include\vcruntime.h(358,47): note: expanded from macro '_CRT_DEPRECATE_TEXT'
  358 | #define _CRT_DEPRECATE_TEXT(_Text) __declspec(deprecated(_Text))
      |                                               ^
5 warnings generated.
[41/51] Building CXX object CMakeFiles\sonic_dispatch.dir\generated\inverse-trig-bridge\unit-v8C10CDDC-8C10DA5C-cb14c3e2f790eaff.cpp.obj
In file included from C:\Users\ultim\Desktop\Sonic Adventure Recompiled\build-performance\generated\inverse-trig-bridge\unit-v8C10CDDC-8C10DA5C-cb14c3e2f790eaff.cpp:1:
In file included from C:\Users\ultim\Desktop\Sonic Adventure Recompiled\src\sonic_atan_math.hpp:4:
C:\Users\ultim\Desktop\Sonic Adventure Recompiled\src\sonic_internal_diagnostics.hpp(28,67): warning: 'getenv' is deprecated: This function or variable may be unsafe. Consider using _dupenv_s instead. To disable deprecation, use _CRT_SECURE_NO_WARNINGS. See online help for details. [-Wdeprecated-declarations]
   28 |     internal_runtime_enabled = read_internal_policy(program, std::getenv("SARECOMP_INTERNAL_DIAGNOSTICS"));
      |                                                                   ^
C:\Program Files (x86)\Windows Kits\10\Include\10.0.26100.0\ucrt\stdlib.h(1183,20): note: 'getenv' has been explicitly marked deprecated here
 1183 |     _Check_return_ _CRT_INSECURE_DEPRECATE(_dupenv_s)
      |                    ^
C:\Program Files (x86)\Microsoft Visual Studio\2022\BuildTools\VC\Tools\MSVC\14.44.35207\include\vcruntime.h(368,55): note: expanded from macro '_CRT_INSECURE_DEPRECATE'
  368 |         #define _CRT_INSECURE_DEPRECATE(_Replacement) _CRT_DEPRECATE_TEXT(    \
      |                                                       ^
C:\Program Files (x86)\Microsoft Visual Studio\2022\BuildTools\VC\Tools\MSVC\14.44.35207\include\vcruntime.h(358,47): note: expanded from macro '_CRT_DEPRECATE_TEXT'
  358 | #define _CRT_DEPRECATE_TEXT(_Text) __declspec(deprecated(_Text))
      |                                               ^
In file included from C:\Users\ultim\Desktop\Sonic Adventure Recompiled\build-performance\generated\inverse-trig-bridge\unit-v8C10CDDC-8C10DA5C-cb14c3e2f790eaff.cpp:1:
In file included from C:\Users\ultim\Desktop\Sonic Adventure Recompiled\src\sonic_atan_math.hpp:5:
C:\Users\ultim\Desktop\Sonic Adventure Recompiled\src\sonic_native_cpu_policy.hpp(11,30): warning: 'getenv' is deprecated: This function or variable may be unsafe. Consider using _dupenv_s instead. To disable deprecation, use _CRT_SECURE_NO_WARNINGS. See online help for details. [-Wdeprecated-declarations]
   11 |     const char* group = std::getenv("SARECOMP_NATIVE_CPU_PATHS");
      |                              ^
C:\Program Files (x86)\Windows Kits\10\Include\10.0.26100.0\ucrt\stdlib.h(1183,20): note: 'getenv' has been explicitly marked deprecated here
 1183 |     _Check_return_ _CRT_INSECURE_DEPRECATE(_dupenv_s)
      |                    ^
C:\Program Files (x86)\Microsoft Visual Studio\2022\BuildTools\VC\Tools\MSVC\14.44.35207\include\vcruntime.h(368,55): note: expanded from macro '_CRT_INSECURE_DEPRECATE'
  368 |         #define _CRT_INSECURE_DEPRECATE(_Replacement) _CRT_DEPRECATE_TEXT(    \
      |                                                       ^
C:\Program Files (x86)\Microsoft Visual Studio\2022\BuildTools\VC\Tools\MSVC\14.44.35207\include\vcruntime.h(358,47): note: expanded from macro '_CRT_DEPRECATE_TEXT'
  358 | #define _CRT_DEPRECATE_TEXT(_Text) __declspec(deprecated(_Text))
      |                                               ^
In file included from C:\Users\ultim\Desktop\Sonic Adventure Recompiled\build-performance\generated\inverse-trig-bridge\unit-v8C10CDDC-8C10DA5C-cb14c3e2f790eaff.cpp:1:
In file included from C:\Users\ultim\Desktop\Sonic Adventure Recompiled\src\sonic_atan_math.hpp:5:
C:\Users\ultim\Desktop\Sonic Adventure Recompiled\src\sonic_native_cpu_policy.hpp(13,30): warning: 'getenv' is deprecated: This function or variable may be unsafe. Consider using _dupenv_s instead. To disable deprecation, use _CRT_SECURE_NO_WARNINGS. See online help for details. [-Wdeprecated-declarations]
   13 |     const char* value = std::getenv(option);
      |                              ^
C:\Program Files (x86)\Windows Kits\10\Include\10.0.26100.0\ucrt\stdlib.h(1183,20): note: 'getenv' has been explicitly marked deprecated here
 1183 |     _Check_return_ _CRT_INSECURE_DEPRECATE(_dupenv_s)
      |                    ^
C:\Program Files (x86)\Microsoft Visual Studio\2022\BuildTools\VC\Tools\MSVC\14.44.35207\include\vcruntime.h(368,55): note: expanded from macro '_CRT_INSECURE_DEPRECATE'
  368 |         #define _CRT_INSECURE_DEPRECATE(_Replacement) _CRT_DEPRECATE_TEXT(    \
      |                                                       ^
C:\Program Files (x86)\Microsoft Visual Studio\2022\BuildTools\VC\Tools\MSVC\14.44.35207\include\vcruntime.h(358,47): note: expanded from macro '_CRT_DEPRECATE_TEXT'
  358 | #define _CRT_DEPRECATE_TEXT(_Text) __declspec(deprecated(_Text))
      |                                               ^
In file included from C:\Users\ultim\Desktop\Sonic Adventure Recompiled\build-performance\generated\inverse-trig-bridge\unit-v8C10CDDC-8C10DA5C-cb14c3e2f790eaff.cpp:1:
C:\Users\ultim\Desktop\Sonic Adventure Recompiled\src\sonic_atan_math.hpp(42,49): warning: 'getenv' is deprecated: This function or variable may be unsafe. Consider using _dupenv_s instead. To disable deprecation, use _CRT_SECURE_NO_WARNINGS. See online help for details. [-Wdeprecated-declarations]
   42 |     static const bool on=[] {const auto* v=std::getenv("SARECOMP_NATIVE_INVERSE_MEMORY");
      |                                                 ^
C:\Program Files (x86)\Windows Kits\10\Include\10.0.26100.0\ucrt\stdlib.h(1183,20): note: 'getenv' has been explicitly marked deprecated here
 1183 |     _Check_return_ _CRT_INSECURE_DEPRECATE(_dupenv_s)
      |                    ^
C:\Program Files (x86)\Microsoft Visual Studio\2022\BuildTools\VC\Tools\MSVC\14.44.35207\include\vcruntime.h(368,55): note: expanded from macro '_CRT_INSECURE_DEPRECATE'
  368 |         #define _CRT_INSECURE_DEPRECATE(_Replacement) _CRT_DEPRECATE_TEXT(    \
      |                                                       ^
C:\Program Files (x86)\Microsoft Visual Studio\2022\BuildTools\VC\Tools\MSVC\14.44.35207\include\vcruntime.h(358,47): note: expanded from macro '_CRT_DEPRECATE_TEXT'
  358 | #define _CRT_DEPRECATE_TEXT(_Text) __declspec(deprecated(_Text))
      |                                               ^
4 warnings generated.
[42/51] Building CXX object CMakeFiles\sonic_dispatch.dir\generated\inverse-trig-bridge\unit-v8C10DB04-8C10EB80-b3bbbddd2dccf359.cpp.obj
In file included from C:\Users\ultim\Desktop\Sonic Adventure Recompiled\build-performance\generated\inverse-trig-bridge\unit-v8C10DB04-8C10EB80-b3bbbddd2dccf359.cpp:1:
In file included from C:\Users\ultim\Desktop\Sonic Adventure Recompiled\src\sonic_atan_math.hpp:4:
C:\Users\ultim\Desktop\Sonic Adventure Recompiled\src\sonic_internal_diagnostics.hpp(28,67): warning: 'getenv' is deprecated: This function or variable may be unsafe. Consider using _dupenv_s instead. To disable deprecation, use _CRT_SECURE_NO_WARNINGS. See online help for details. [-Wdeprecated-declarations]
   28 |     internal_runtime_enabled = read_internal_policy(program, std::getenv("SARECOMP_INTERNAL_DIAGNOSTICS"));
      |                                                                   ^
C:\Program Files (x86)\Windows Kits\10\Include\10.0.26100.0\ucrt\stdlib.h(1183,20): note: 'getenv' has been explicitly marked deprecated here
 1183 |     _Check_return_ _CRT_INSECURE_DEPRECATE(_dupenv_s)
      |                    ^
C:\Program Files (x86)\Microsoft Visual Studio\2022\BuildTools\VC\Tools\MSVC\14.44.35207\include\vcruntime.h(368,55): note: expanded from macro '_CRT_INSECURE_DEPRECATE'
  368 |         #define _CRT_INSECURE_DEPRECATE(_Replacement) _CRT_DEPRECATE_TEXT(    \
      |                                                       ^
C:\Program Files (x86)\Microsoft Visual Studio\2022\BuildTools\VC\Tools\MSVC\14.44.35207\include\vcruntime.h(358,47): note: expanded from macro '_CRT_DEPRECATE_TEXT'
  358 | #define _CRT_DEPRECATE_TEXT(_Text) __declspec(deprecated(_Text))
      |                                               ^
In file included from C:\Users\ultim\Desktop\Sonic Adventure Recompiled\build-performance\generated\inverse-trig-bridge\unit-v8C10DB04-8C10EB80-b3bbbddd2dccf359.cpp:1:
In file included from C:\Users\ultim\Desktop\Sonic Adventure Recompiled\src\sonic_atan_math.hpp:5:
C:\Users\ultim\Desktop\Sonic Adventure Recompiled\src\sonic_native_cpu_policy.hpp(11,30): warning: 'getenv' is deprecated: This function or variable may be unsafe. Consider using _dupenv_s instead. To disable deprecation, use _CRT_SECURE_NO_WARNINGS. See online help for details. [-Wdeprecated-declarations]
   11 |     const char* group = std::getenv("SARECOMP_NATIVE_CPU_PATHS");
      |                              ^
C:\Program Files (x86)\Windows Kits\10\Include\10.0.26100.0\ucrt\stdlib.h(1183,20): note: 'getenv' has been explicitly marked deprecated here
 1183 |     _Check_return_ _CRT_INSECURE_DEPRECATE(_dupenv_s)
      |                    ^
C:\Program Files (x86)\Microsoft Visual Studio\2022\BuildTools\VC\Tools\MSVC\14.44.35207\include\vcruntime.h(368,55): note: expanded from macro '_CRT_INSECURE_DEPRECATE'
  368 |         #define _CRT_INSECURE_DEPRECATE(_Replacement) _CRT_DEPRECATE_TEXT(    \
      |                                                       ^
C:\Program Files (x86)\Microsoft Visual Studio\2022\BuildTools\VC\Tools\MSVC\14.44.35207\include\vcruntime.h(358,47): note: expanded from macro '_CRT_DEPRECATE_TEXT'
  358 | #define _CRT_DEPRECATE_TEXT(_Text) __declspec(deprecated(_Text))
      |                                               ^
In file included from C:\Users\ultim\Desktop\Sonic Adventure Recompiled\build-performance\generated\inverse-trig-bridge\unit-v8C10DB04-8C10EB80-b3bbbddd2dccf359.cpp:1:
In file included from C:\Users\ultim\Desktop\Sonic Adventure Recompiled\src\sonic_atan_math.hpp:5:
C:\Users\ultim\Desktop\Sonic Adventure Recompiled\src\sonic_native_cpu_policy.hpp(13,30): warning: 'getenv' is deprecated: This function or variable may be unsafe. Consider using _dupenv_s instead. To disable deprecation, use _CRT_SECURE_NO_WARNINGS. See online help for details. [-Wdeprecated-declarations]
   13 |     const char* value = std::getenv(option);
      |                              ^
C:\Program Files (x86)\Windows Kits\10\Include\10.0.26100.0\ucrt\stdlib.h(1183,20): note: 'getenv' has been explicitly marked deprecated here
 1183 |     _Check_return_ _CRT_INSECURE_DEPRECATE(_dupenv_s)
      |                    ^
C:\Program Files (x86)\Microsoft Visual Studio\2022\BuildTools\VC\Tools\MSVC\14.44.35207\include\vcruntime.h(368,55): note: expanded from macro '_CRT_INSECURE_DEPRECATE'
  368 |         #define _CRT_INSECURE_DEPRECATE(_Replacement) _CRT_DEPRECATE_TEXT(    \
      |                                                       ^
C:\Program Files (x86)\Microsoft Visual Studio\2022\BuildTools\VC\Tools\MSVC\14.44.35207\include\vcruntime.h(358,47): note: expanded from macro '_CRT_DEPRECATE_TEXT'
  358 | #define _CRT_DEPRECATE_TEXT(_Text) __declspec(deprecated(_Text))
      |                                               ^
In file included from C:\Users\ultim\Desktop\Sonic Adventure Recompiled\build-performance\generated\inverse-trig-bridge\unit-v8C10DB04-8C10EB80-b3bbbddd2dccf359.cpp:1:
C:\Users\ultim\Desktop\Sonic Adventure Recompiled\src\sonic_atan_math.hpp(42,49): warning: 'getenv' is deprecated: This function or variable may be unsafe. Consider using _dupenv_s instead. To disable deprecation, use _CRT_SECURE_NO_WARNINGS. See online help for details. [-Wdeprecated-declarations]
   42 |     static const bool on=[] {const auto* v=std::getenv("SARECOMP_NATIVE_INVERSE_MEMORY");
      |                                                 ^
C:\Program Files (x86)\Windows Kits\10\Include\10.0.26100.0\ucrt\stdlib.h(1183,20): note: 'getenv' has been explicitly marked deprecated here
 1183 |     _Check_return_ _CRT_INSECURE_DEPRECATE(_dupenv_s)
      |                    ^
C:\Program Files (x86)\Microsoft Visual Studio\2022\BuildTools\VC\Tools\MSVC\14.44.35207\include\vcruntime.h(368,55): note: expanded from macro '_CRT_INSECURE_DEPRECATE'
  368 |         #define _CRT_INSECURE_DEPRECATE(_Replacement) _CRT_DEPRECATE_TEXT(    \
      |                                                       ^
C:\Program Files (x86)\Microsoft Visual Studio\2022\BuildTools\VC\Tools\MSVC\14.44.35207\include\vcruntime.h(358,47): note: expanded from macro '_CRT_DEPRECATE_TEXT'
  358 | #define _CRT_DEPRECATE_TEXT(_Text) __declspec(deprecated(_Text))
      |                                               ^
4 warnings generated.
[43/51] Building CXX object CMakeFiles\sonic_internal_diagnostics.dir\generated\native-memory\native_port_runtime.cpp.obj
In file included from C:\Users\ultim\Desktop\Sonic Adventure Recompiled\build-performance\generated\native-memory\native_port_runtime.cpp:1:
In file included from C:\Users\ultim\Desktop\Sonic Adventure Recompiled\src\sonic_scalar_write_view.hpp:3:
C:\Users\ultim\Desktop\Sonic Adventure Recompiled\src\sonic_internal_diagnostics.hpp(28,67): warning: 'getenv' is deprecated: This function or variable may be unsafe. Consider using _dupenv_s instead. To disable deprecation, use _CRT_SECURE_NO_WARNINGS. See online help for details. [-Wdeprecated-declarations]
   28 |     internal_runtime_enabled = read_internal_policy(program, std::getenv("SARECOMP_INTERNAL_DIAGNOSTICS"));
      |                                                                   ^
C:\Program Files (x86)\Windows Kits\10\Include\10.0.26100.0\ucrt\stdlib.h(1183,20): note: 'getenv' has been explicitly marked deprecated here
 1183 |     _Check_return_ _CRT_INSECURE_DEPRECATE(_dupenv_s)
      |                    ^
C:\Program Files (x86)\Microsoft Visual Studio\2022\BuildTools\VC\Tools\MSVC\14.44.35207\include\vcruntime.h(368,55): note: expanded from macro '_CRT_INSECURE_DEPRECATE'
  368 |         #define _CRT_INSECURE_DEPRECATE(_Replacement) _CRT_DEPRECATE_TEXT(    \
      |                                                       ^
C:\Program Files (x86)\Microsoft Visual Studio\2022\BuildTools\VC\Tools\MSVC\14.44.35207\include\vcruntime.h(358,47): note: expanded from macro '_CRT_DEPRECATE_TEXT'
  358 | #define _CRT_DEPRECATE_TEXT(_Text) __declspec(deprecated(_Text))
      |                                               ^
In file included from C:\Users\ultim\Desktop\Sonic Adventure Recompiled\build-performance\generated\native-memory\native_port_runtime.cpp:1:
In file included from C:\Users\ultim\Desktop\Sonic Adventure Recompiled\src\sonic_scalar_write_view.hpp:4:
C:\Users\ultim\Desktop\Sonic Adventure Recompiled\src\sonic_native_cpu_policy.hpp(11,30): warning: 'getenv' is deprecated: This function or variable may be unsafe. Consider using _dupenv_s instead. To disable deprecation, use _CRT_SECURE_NO_WARNINGS. See online help for details. [-Wdeprecated-declarations]
   11 |     const char* group = std::getenv("SARECOMP_NATIVE_CPU_PATHS");
      |                              ^
C:\Program Files (x86)\Windows Kits\10\Include\10.0.26100.0\ucrt\stdlib.h(1183,20): note: 'getenv' has been explicitly marked deprecated here
 1183 |     _Check_return_ _CRT_INSECURE_DEPRECATE(_dupenv_s)
      |                    ^
C:\Program Files (x86)\Microsoft Visual Studio\2022\BuildTools\VC\Tools\MSVC\14.44.35207\include\vcruntime.h(368,55): note: expanded from macro '_CRT_INSECURE_DEPRECATE'
  368 |         #define _CRT_INSECURE_DEPRECATE(_Replacement) _CRT_DEPRECATE_TEXT(    \
      |                                                       ^
C:\Program Files (x86)\Microsoft Visual Studio\2022\BuildTools\VC\Tools\MSVC\14.44.35207\include\vcruntime.h(358,47): note: expanded from macro '_CRT_DEPRECATE_TEXT'
  358 | #define _CRT_DEPRECATE_TEXT(_Text) __declspec(deprecated(_Text))
      |                                               ^
In file included from C:\Users\ultim\Desktop\Sonic Adventure Recompiled\build-performance\generated\native-memory\native_port_runtime.cpp:1:
In file included from C:\Users\ultim\Desktop\Sonic Adventure Recompiled\src\sonic_scalar_write_view.hpp:4:
C:\Users\ultim\Desktop\Sonic Adventure Recompiled\src\sonic_native_cpu_policy.hpp(13,30): warning: 'getenv' is deprecated: This function or variable may be unsafe. Consider using _dupenv_s instead. To disable deprecation, use _CRT_SECURE_NO_WARNINGS. See online help for details. [-Wdeprecated-declarations]
   13 |     const char* value = std::getenv(option);
      |                              ^
C:\Program Files (x86)\Windows Kits\10\Include\10.0.26100.0\ucrt\stdlib.h(1183,20): note: 'getenv' has been explicitly marked deprecated here
 1183 |     _Check_return_ _CRT_INSECURE_DEPRECATE(_dupenv_s)
      |                    ^
C:\Program Files (x86)\Microsoft Visual Studio\2022\BuildTools\VC\Tools\MSVC\14.44.35207\include\vcruntime.h(368,55): note: expanded from macro '_CRT_INSECURE_DEPRECATE'
  368 |         #define _CRT_INSECURE_DEPRECATE(_Replacement) _CRT_DEPRECATE_TEXT(    \
      |                                                       ^
C:\Program Files (x86)\Microsoft Visual Studio\2022\BuildTools\VC\Tools\MSVC\14.44.35207\include\vcruntime.h(358,47): note: expanded from macro '_CRT_DEPRECATE_TEXT'
  358 | #define _CRT_DEPRECATE_TEXT(_Text) __declspec(deprecated(_Text))
      |                                               ^
In file included from C:\Users\ultim\Desktop\Sonic Adventure Recompiled\build-performance\generated\native-memory\native_port_runtime.cpp:1:
C:\Users\ultim\Desktop\Sonic Adventure Recompiled\src\sonic_scalar_write_view.hpp(30,30): warning: 'getenv' is deprecated: This function or variable may be unsafe. Consider using _dupenv_s instead. To disable deprecation, use _CRT_SECURE_NO_WARNINGS. See online help for details. [-Wdeprecated-declarations]
   30 |         const char* p = std::getenv("SARECOMP_SCALAR_WRITES");
      |                              ^
C:\Program Files (x86)\Windows Kits\10\Include\10.0.26100.0\ucrt\stdlib.h(1183,20): note: 'getenv' has been explicitly marked deprecated here
 1183 |     _Check_return_ _CRT_INSECURE_DEPRECATE(_dupenv_s)
      |                    ^
C:\Program Files (x86)\Microsoft Visual Studio\2022\BuildTools\VC\Tools\MSVC\14.44.35207\include\vcruntime.h(368,55): note: expanded from macro '_CRT_INSECURE_DEPRECATE'
  368 |         #define _CRT_INSECURE_DEPRECATE(_Replacement) _CRT_DEPRECATE_TEXT(    \
      |                                                       ^
C:\Program Files (x86)\Microsoft Visual Studio\2022\BuildTools\VC\Tools\MSVC\14.44.35207\include\vcruntime.h(358,47): note: expanded from macro '_CRT_DEPRECATE_TEXT'
  358 | #define _CRT_DEPRECATE_TEXT(_Text) __declspec(deprecated(_Text))
      |                                               ^
In file included from C:\Users\ultim\Desktop\Sonic Adventure Recompiled\build-performance\generated\native-memory\native_port_runtime.cpp:1:
C:\Users\ultim\Desktop\Sonic Adventure Recompiled\src\sonic_scalar_write_view.hpp(38,30): warning: 'getenv' is deprecated: This function or variable may be unsafe. Consider using _dupenv_s instead. To disable deprecation, use _CRT_SECURE_NO_WARNINGS. See online help for details. [-Wdeprecated-declarations]
   38 |         const char* p = std::getenv("SARECOMP_STACK_FRAMES");
      |                              ^
C:\Program Files (x86)\Windows Kits\10\Include\10.0.26100.0\ucrt\stdlib.h(1183,20): note: 'getenv' has been explicitly marked deprecated here
 1183 |     _Check_return_ _CRT_INSECURE_DEPRECATE(_dupenv_s)
      |                    ^
C:\Program Files (x86)\Microsoft Visual Studio\2022\BuildTools\VC\Tools\MSVC\14.44.35207\include\vcruntime.h(368,55): note: expanded from macro '_CRT_INSECURE_DEPRECATE'
  368 |         #define _CRT_INSECURE_DEPRECATE(_Replacement) _CRT_DEPRECATE_TEXT(    \
      |                                                       ^
C:\Program Files (x86)\Microsoft Visual Studio\2022\BuildTools\VC\Tools\MSVC\14.44.35207\include\vcruntime.h(358,47): note: expanded from macro '_CRT_DEPRECATE_TEXT'
  358 | #define _CRT_DEPRECATE_TEXT(_Text) __declspec(deprecated(_Text))
      |                                               ^
In file included from C:\Users\ultim\Desktop\Sonic Adventure Recompiled\build-performance\generated\native-memory\native_port_runtime.cpp:1:
C:\Users\ultim\Desktop\Sonic Adventure Recompiled\src\sonic_scalar_write_view.hpp(46,30): warning: 'getenv' is deprecated: This function or variable may be unsafe. Consider using _dupenv_s instead. To disable deprecation, use _CRT_SECURE_NO_WARNINGS. See online help for details. [-Wdeprecated-declarations]
   46 |         const char* p = std::getenv("SARECOMP_RAM_REGIONS");
      |                              ^
C:\Program Files (x86)\Windows Kits\10\Include\10.0.26100.0\ucrt\stdlib.h(1183,20): note: 'getenv' has been explicitly marked deprecated here
 1183 |     _Check_return_ _CRT_INSECURE_DEPRECATE(_dupenv_s)
      |                    ^
C:\Program Files (x86)\Microsoft Visual Studio\2022\BuildTools\VC\Tools\MSVC\14.44.35207\include\vcruntime.h(368,55): note: expanded from macro '_CRT_INSECURE_DEPRECATE'
  368 |         #define _CRT_INSECURE_DEPRECATE(_Replacement) _CRT_DEPRECATE_TEXT(    \
      |                                                       ^
C:\Program Files (x86)\Microsoft Visual Studio\2022\BuildTools\VC\Tools\MSVC\14.44.35207\include\vcruntime.h(358,47): note: expanded from macro '_CRT_DEPRECATE_TEXT'
  358 | #define _CRT_DEPRECATE_TEXT(_Text) __declspec(deprecated(_Text))
      |                                               ^
6 warnings generated.
[44/51] Building CXX object CMakeFiles\sonic_internal_diagnostics.dir\generated\native-memory\memory.cpp.obj
In file included from C:\Users\ultim\Desktop\Sonic Adventure Recompiled\build-performance\generated\native-memory\memory.cpp:1:
In file included from C:\Users\ultim\Desktop\Sonic Adventure Recompiled\src\sonic_scalar_write_view.hpp:3:
C:\Users\ultim\Desktop\Sonic Adventure Recompiled\src\sonic_internal_diagnostics.hpp(28,67): warning: 'getenv' is deprecated: This function or variable may be unsafe. Consider using _dupenv_s instead. To disable deprecation, use _CRT_SECURE_NO_WARNINGS. See online help for details. [-Wdeprecated-declarations]
   28 |     internal_runtime_enabled = read_internal_policy(program, std::getenv("SARECOMP_INTERNAL_DIAGNOSTICS"));
      |                                                                   ^
C:\Program Files (x86)\Windows Kits\10\Include\10.0.26100.0\ucrt\stdlib.h(1183,20): note: 'getenv' has been explicitly marked deprecated here
 1183 |     _Check_return_ _CRT_INSECURE_DEPRECATE(_dupenv_s)
      |                    ^
C:\Program Files (x86)\Microsoft Visual Studio\2022\BuildTools\VC\Tools\MSVC\14.44.35207\include\vcruntime.h(368,55): note: expanded from macro '_CRT_INSECURE_DEPRECATE'
  368 |         #define _CRT_INSECURE_DEPRECATE(_Replacement) _CRT_DEPRECATE_TEXT(    \
      |                                                       ^
C:\Program Files (x86)\Microsoft Visual Studio\2022\BuildTools\VC\Tools\MSVC\14.44.35207\include\vcruntime.h(358,47): note: expanded from macro '_CRT_DEPRECATE_TEXT'
  358 | #define _CRT_DEPRECATE_TEXT(_Text) __declspec(deprecated(_Text))
      |                                               ^
In file included from C:\Users\ultim\Desktop\Sonic Adventure Recompiled\build-performance\generated\native-memory\memory.cpp:1:
In file included from C:\Users\ultim\Desktop\Sonic Adventure Recompiled\src\sonic_scalar_write_view.hpp:4:
C:\Users\ultim\Desktop\Sonic Adventure Recompiled\src\sonic_native_cpu_policy.hpp(11,30): warning: 'getenv' is deprecated: This function or variable may be unsafe. Consider using _dupenv_s instead. To disable deprecation, use _CRT_SECURE_NO_WARNINGS. See online help for details. [-Wdeprecated-declarations]
   11 |     const char* group = std::getenv("SARECOMP_NATIVE_CPU_PATHS");
      |                              ^
C:\Program Files (x86)\Windows Kits\10\Include\10.0.26100.0\ucrt\stdlib.h(1183,20): note: 'getenv' has been explicitly marked deprecated here
 1183 |     _Check_return_ _CRT_INSECURE_DEPRECATE(_dupenv_s)
      |                    ^
C:\Program Files (x86)\Microsoft Visual Studio\2022\BuildTools\VC\Tools\MSVC\14.44.35207\include\vcruntime.h(368,55): note: expanded from macro '_CRT_INSECURE_DEPRECATE'
  368 |         #define _CRT_INSECURE_DEPRECATE(_Replacement) _CRT_DEPRECATE_TEXT(    \
      |                                                       ^
C:\Program Files (x86)\Microsoft Visual Studio\2022\BuildTools\VC\Tools\MSVC\14.44.35207\include\vcruntime.h(358,47): note: expanded from macro '_CRT_DEPRECATE_TEXT'
  358 | #define _CRT_DEPRECATE_TEXT(_Text) __declspec(deprecated(_Text))
      |                                               ^
In file included from C:\Users\ultim\Desktop\Sonic Adventure Recompiled\build-performance\generated\native-memory\memory.cpp:1:
In file included from C:\Users\ultim\Desktop\Sonic Adventure Recompiled\src\sonic_scalar_write_view.hpp:4:
C:\Users\ultim\Desktop\Sonic Adventure Recompiled\src\sonic_native_cpu_policy.hpp(13,30): warning: 'getenv' is deprecated: This function or variable may be unsafe. Consider using _dupenv_s instead. To disable deprecation, use _CRT_SECURE_NO_WARNINGS. See online help for details. [-Wdeprecated-declarations]
   13 |     const char* value = std::getenv(option);
      |                              ^
C:\Program Files (x86)\Windows Kits\10\Include\10.0.26100.0\ucrt\stdlib.h(1183,20): note: 'getenv' has been explicitly marked deprecated here
 1183 |     _Check_return_ _CRT_INSECURE_DEPRECATE(_dupenv_s)
      |                    ^
C:\Program Files (x86)\Microsoft Visual Studio\2022\BuildTools\VC\Tools\MSVC\14.44.35207\include\vcruntime.h(368,55): note: expanded from macro '_CRT_INSECURE_DEPRECATE'
  368 |         #define _CRT_INSECURE_DEPRECATE(_Replacement) _CRT_DEPRECATE_TEXT(    \
      |                                                       ^
C:\Program Files (x86)\Microsoft Visual Studio\2022\BuildTools\VC\Tools\MSVC\14.44.35207\include\vcruntime.h(358,47): note: expanded from macro '_CRT_DEPRECATE_TEXT'
  358 | #define _CRT_DEPRECATE_TEXT(_Text) __declspec(deprecated(_Text))
      |                                               ^
In file included from C:\Users\ultim\Desktop\Sonic Adventure Recompiled\build-performance\generated\native-memory\memory.cpp:1:
C:\Users\ultim\Desktop\Sonic Adventure Recompiled\src\sonic_scalar_write_view.hpp(30,30): warning: 'getenv' is deprecated: This function or variable may be unsafe. Consider using _dupenv_s instead. To disable deprecation, use _CRT_SECURE_NO_WARNINGS. See online help for details. [-Wdeprecated-declarations]
   30 |         const char* p = std::getenv("SARECOMP_SCALAR_WRITES");
      |                              ^
C:\Program Files (x86)\Windows Kits\10\Include\10.0.26100.0\ucrt\stdlib.h(1183,20): note: 'getenv' has been explicitly marked deprecated here
 1183 |     _Check_return_ _CRT_INSECURE_DEPRECATE(_dupenv_s)
      |                    ^
C:\Program Files (x86)\Microsoft Visual Studio\2022\BuildTools\VC\Tools\MSVC\14.44.35207\include\vcruntime.h(368,55): note: expanded from macro '_CRT_INSECURE_DEPRECATE'
  368 |         #define _CRT_INSECURE_DEPRECATE(_Replacement) _CRT_DEPRECATE_TEXT(    \
      |                                                       ^
C:\Program Files (x86)\Microsoft Visual Studio\2022\BuildTools\VC\Tools\MSVC\14.44.35207\include\vcruntime.h(358,47): note: expanded from macro '_CRT_DEPRECATE_TEXT'
  358 | #define _CRT_DEPRECATE_TEXT(_Text) __declspec(deprecated(_Text))
      |                                               ^
In file included from C:\Users\ultim\Desktop\Sonic Adventure Recompiled\build-performance\generated\native-memory\memory.cpp:1:
C:\Users\ultim\Desktop\Sonic Adventure Recompiled\src\sonic_scalar_write_view.hpp(38,30): warning: 'getenv' is deprecated: This function or variable may be unsafe. Consider using _dupenv_s instead. To disable deprecation, use _CRT_SECURE_NO_WARNINGS. See online help for details. [-Wdeprecated-declarations]
   38 |         const char* p = std::getenv("SARECOMP_STACK_FRAMES");
      |                              ^
C:\Program Files (x86)\Windows Kits\10\Include\10.0.26100.0\ucrt\stdlib.h(1183,20): note: 'getenv' has been explicitly marked deprecated here
 1183 |     _Check_return_ _CRT_INSECURE_DEPRECATE(_dupenv_s)
      |                    ^
C:\Program Files (x86)\Microsoft Visual Studio\2022\BuildTools\VC\Tools\MSVC\14.44.35207\include\vcruntime.h(368,55): note: expanded from macro '_CRT_INSECURE_DEPRECATE'
  368 |         #define _CRT_INSECURE_DEPRECATE(_Replacement) _CRT_DEPRECATE_TEXT(    \
      |                                                       ^
C:\Program Files (x86)\Microsoft Visual Studio\2022\BuildTools\VC\Tools\MSVC\14.44.35207\include\vcruntime.h(358,47): note: expanded from macro '_CRT_DEPRECATE_TEXT'
  358 | #define _CRT_DEPRECATE_TEXT(_Text) __declspec(deprecated(_Text))
      |                                               ^
In file included from C:\Users\ultim\Desktop\Sonic Adventure Recompiled\build-performance\generated\native-memory\memory.cpp:1:
C:\Users\ultim\Desktop\Sonic Adventure Recompiled\src\sonic_scalar_write_view.hpp(46,30): warning: 'getenv' is deprecated: This function or variable may be unsafe. Consider using _dupenv_s instead. To disable deprecation, use _CRT_SECURE_NO_WARNINGS. See online help for details. [-Wdeprecated-declarations]
   46 |         const char* p = std::getenv("SARECOMP_RAM_REGIONS");
      |                              ^
C:\Program Files (x86)\Windows Kits\10\Include\10.0.26100.0\ucrt\stdlib.h(1183,20): note: 'getenv' has been explicitly marked deprecated here
 1183 |     _Check_return_ _CRT_INSECURE_DEPRECATE(_dupenv_s)
      |                    ^
C:\Program Files (x86)\Microsoft Visual Studio\2022\BuildTools\VC\Tools\MSVC\14.44.35207\include\vcruntime.h(368,55): note: expanded from macro '_CRT_INSECURE_DEPRECATE'
  368 |         #define _CRT_INSECURE_DEPRECATE(_Replacement) _CRT_DEPRECATE_TEXT(    \
      |                                                       ^
C:\Program Files (x86)\Microsoft Visual Studio\2022\BuildTools\VC\Tools\MSVC\14.44.35207\include\vcruntime.h(358,47): note: expanded from macro '_CRT_DEPRECATE_TEXT'
  358 | #define _CRT_DEPRECATE_TEXT(_Text) __declspec(deprecated(_Text))
      |                                               ^
6 warnings generated.
[45/51] Linking CXX static library katana_native_title_adapter.lib
[46/51] Building CXX object CMakeFiles\game.dir\launcher\main.cpp.obj
In file included from C:\Users\ultim\Desktop\Sonic Adventure Recompiled\launcher\main.cpp:1:
C:\Users\ultim\Desktop\Sonic Adventure Recompiled\.local\working-product\generated\include\katana_port.hpp(15,1): warning: 'katana_native_invoke_original' has C-linkage specified, but returns user-defined type 'katana::runtime::NativePortHookResult' which is incompatible with C [-Wreturn-type-c-linkage]
   15 | katana_native_invoke_original(
      | ^
C:\Users\ultim\Desktop\Sonic Adventure Recompiled\.local\working-product\generated\include\katana_port.hpp(19,1): warning: 'katana_native_invoke_callback' has C-linkage specified, but returns user-defined type 'katana::runtime::NativePortHookResult' which is incompatible with C [-Wreturn-type-c-linkage]
   19 | katana_native_invoke_callback(
      | ^
In file included from C:\Users\ultim\Desktop\Sonic Adventure Recompiled\launcher\main.cpp:13:
C:\Users\ultim\Desktop\Sonic Adventure Recompiled\src\sonic_internal_diagnostics.hpp(28,67): warning: 'getenv' is deprecated: This function or variable may be unsafe. Consider using _dupenv_s instead. To disable deprecation, use _CRT_SECURE_NO_WARNINGS. See online help for details. [-Wdeprecated-declarations]
   28 |     internal_runtime_enabled = read_internal_policy(program, std::getenv("SARECOMP_INTERNAL_DIAGNOSTICS"));
      |                                                                   ^
C:\Program Files (x86)\Windows Kits\10\Include\10.0.26100.0\ucrt\stdlib.h(1183,20): note: 'getenv' has been explicitly marked deprecated here
 1183 |     _Check_return_ _CRT_INSECURE_DEPRECATE(_dupenv_s)
      |                    ^
C:\Program Files (x86)\Microsoft Visual Studio\2022\BuildTools\VC\Tools\MSVC\14.44.35207\include\vcruntime.h(368,55): note: expanded from macro '_CRT_INSECURE_DEPRECATE'
  368 |         #define _CRT_INSECURE_DEPRECATE(_Replacement) _CRT_DEPRECATE_TEXT(    \
      |                                                       ^
C:\Program Files (x86)\Microsoft Visual Studio\2022\BuildTools\VC\Tools\MSVC\14.44.35207\include\vcruntime.h(358,47): note: expanded from macro '_CRT_DEPRECATE_TEXT'
  358 | #define _CRT_DEPRECATE_TEXT(_Text) __declspec(deprecated(_Text))
      |                                               ^
In file included from C:\Users\ultim\Desktop\Sonic Adventure Recompiled\launcher\main.cpp:15:
C:\Users\ultim\Desktop\Sonic Adventure Recompiled\launcher\sonic_configuration.hpp(14,29): warning: 'getenv' is deprecated: This function or variable may be unsafe. Consider using _dupenv_s instead. To disable deprecation, use _CRT_SECURE_NO_WARNINGS. See online help for details. [-Wdeprecated-declarations]
   14 |     const auto* hidden=std::getenv("KATANA_PORT_BACKGROUND_TEST");
      |                             ^
C:\Program Files (x86)\Windows Kits\10\Include\10.0.26100.0\ucrt\stdlib.h(1183,20): note: 'getenv' has been explicitly marked deprecated here
 1183 |     _Check_return_ _CRT_INSECURE_DEPRECATE(_dupenv_s)
      |                    ^
C:\Program Files (x86)\Microsoft Visual Studio\2022\BuildTools\VC\Tools\MSVC\14.44.35207\include\vcruntime.h(368,55): note: expanded from macro '_CRT_INSECURE_DEPRECATE'
  368 |         #define _CRT_INSECURE_DEPRECATE(_Replacement) _CRT_DEPRECATE_TEXT(    \
      |                                                       ^
C:\Program Files (x86)\Microsoft Visual Studio\2022\BuildTools\VC\Tools\MSVC\14.44.35207\include\vcruntime.h(358,47): note: expanded from macro '_CRT_DEPRECATE_TEXT'
  358 | #define _CRT_DEPRECATE_TEXT(_Text) __declspec(deprecated(_Text))
      |                                               ^
In file included from C:\Users\ultim\Desktop\Sonic Adventure Recompiled\launcher\main.cpp:15:
C:\Users\ultim\Desktop\Sonic Adventure Recompiled\launcher\sonic_configuration.hpp(21,41): warning: missing field 'lpReserved' initializer [-Wmissing-field-initializers]
   21 |     STARTUPINFOW startup{sizeof(startup)};PROCESS_INFORMATION process{};
      |                                         ^
In file included from C:\Users\ultim\Desktop\Sonic Adventure Recompiled\launcher\main.cpp:16:
C:\Users\ultim\Desktop\Sonic Adventure Recompiled\launcher\sonic_errors.hpp(50,31): warning: 'getenv' is deprecated: This function or variable may be unsafe. Consider using _dupenv_s instead. To disable deprecation, use _CRT_SECURE_NO_WARNINGS. See online help for details. [-Wdeprecated-declarations]
   50 |     if(const auto hidden=std::getenv("KATANA_PORT_BACKGROUND_TEST");hidden&&std::string_view(hidden)=="1")return;
      |                               ^
C:\Program Files (x86)\Windows Kits\10\Include\10.0.26100.0\ucrt\stdlib.h(1183,20): note: 'getenv' has been explicitly marked deprecated here
 1183 |     _Check_return_ _CRT_INSECURE_DEPRECATE(_dupenv_s)
      |                    ^
C:\Program Files (x86)\Microsoft Visual Studio\2022\BuildTools\VC\Tools\MSVC\14.44.35207\include\vcruntime.h(368,55): note: expanded from macro '_CRT_INSECURE_DEPRECATE'
  368 |         #define _CRT_INSECURE_DEPRECATE(_Replacement) _CRT_DEPRECATE_TEXT(    \
      |                                                       ^
C:\Program Files (x86)\Microsoft Visual Studio\2022\BuildTools\VC\Tools\MSVC\14.44.35207\include\vcruntime.h(358,47): note: expanded from macro '_CRT_DEPRECATE_TEXT'
  358 | #define _CRT_DEPRECATE_TEXT(_Text) __declspec(deprecated(_Text))
      |                                               ^
C:\Users\ultim\Desktop\Sonic Adventure Recompiled\launcher\main.cpp(488,14): warning: 'getenv' is deprecated: This function or variable may be unsafe. Consider using _dupenv_s instead. To disable deprecation, use _CRT_SECURE_NO_WARNINGS. See online help for details. [-Wdeprecated-declarations]
  488 |         std::getenv("KATANA_NATIVE_PERFORMANCE_TELEMETRY");
      |              ^
C:\Program Files (x86)\Windows Kits\10\Include\10.0.26100.0\ucrt\stdlib.h(1183,20): note: 'getenv' has been explicitly marked deprecated here
 1183 |     _Check_return_ _CRT_INSECURE_DEPRECATE(_dupenv_s)
      |                    ^
C:\Program Files (x86)\Microsoft Visual Studio\2022\BuildTools\VC\Tools\MSVC\14.44.35207\include\vcruntime.h(368,55): note: expanded from macro '_CRT_INSECURE_DEPRECATE'
  368 |         #define _CRT_INSECURE_DEPRECATE(_Replacement) _CRT_DEPRECATE_TEXT(    \
      |                                                       ^
C:\Program Files (x86)\Microsoft Visual Studio\2022\BuildTools\VC\Tools\MSVC\14.44.35207\include\vcruntime.h(358,47): note: expanded from macro '_CRT_DEPRECATE_TEXT'
  358 | #define _CRT_DEPRECATE_TEXT(_Text) __declspec(deprecated(_Text))
      |                                               ^
C:\Users\ultim\Desktop\Sonic Adventure Recompiled\launcher\main.cpp(770,46): warning: 'getenv' is deprecated: This function or variable may be unsafe. Consider using _dupenv_s instead. To disable deprecation, use _CRT_SECURE_NO_WARNINGS. See online help for details. [-Wdeprecated-declarations]
  770 |         if (const auto* initial_state = std::getenv(
      |                                              ^
C:\Program Files (x86)\Windows Kits\10\Include\10.0.26100.0\ucrt\stdlib.h(1183,20): note: 'getenv' has been explicitly marked deprecated here
 1183 |     _Check_return_ _CRT_INSECURE_DEPRECATE(_dupenv_s)
      |                    ^
C:\Program Files (x86)\Microsoft Visual Studio\2022\BuildTools\VC\Tools\MSVC\14.44.35207\include\vcruntime.h(368,55): note: expanded from macro '_CRT_INSECURE_DEPRECATE'
  368 |         #define _CRT_INSECURE_DEPRECATE(_Replacement) _CRT_DEPRECATE_TEXT(    \
      |                                                       ^
C:\Program Files (x86)\Microsoft Visual Studio\2022\BuildTools\VC\Tools\MSVC\14.44.35207\include\vcruntime.h(358,47): note: expanded from macro '_CRT_DEPRECATE_TEXT'
  358 | #define _CRT_DEPRECATE_TEXT(_Text) __declspec(deprecated(_Text))
      |                                               ^
C:\Users\ultim\Desktop\Sonic Adventure Recompiled\launcher\main.cpp(774,34): warning: 'u8path<const char *, 0>' is deprecated: warning STL4021: The std::filesystem::u8path() overloads are deprecated in C++20. The constructors of std::filesystem::path provide equivalent functionality via construction from u8string, u8string_view, or iterators with value_type char8_t. You can define _SILENCE_CXX20_U8PATH_DEPRECATION_WARNING or _SILENCE_ALL_CXX20_DEPRECATION_WARNINGS to suppress this warning. [-Wdeprecated-declarations]
  774 |                 std::filesystem::u8path(initial_state);
      |                                  ^
C:\Program Files (x86)\Microsoft Visual Studio\2022\BuildTools\VC\Tools\MSVC\14.44.35207\include\filesystem(1412,5): note: 'u8path<const char *, 0>' has been explicitly marked deprecated here
 1412 |     _CXX20_DEPRECATE_U8PATH _NODISCARD path u8path(const _Src& _Source) { // construct a path from UTF-8 _Source
      |     ^
C:\Program Files (x86)\Microsoft Visual Studio\2022\BuildTools\VC\Tools\MSVC\14.44.35207\include\yvals_core.h(1261,7): note: expanded from macro '_CXX20_DEPRECATE_U8PATH'
 1261 |     [[deprecated("warning STL4021: "                                                                                 \
      |       ^
C:\Users\ultim\Desktop\Sonic Adventure Recompiled\launcher\main.cpp(879,40): warning: 'getenv' is deprecated: This function or variable may be unsafe. Consider using _dupenv_s instead. To disable deprecation, use _CRT_SECURE_NO_WARNINGS. See online help for details. [-Wdeprecated-declarations]
  879 |         if (const auto* timeout = std::getenv(
      |                                        ^
C:\Program Files (x86)\Windows Kits\10\Include\10.0.26100.0\ucrt\stdlib.h(1183,20): note: 'getenv' has been explicitly marked deprecated here
 1183 |     _Check_return_ _CRT_INSECURE_DEPRECATE(_dupenv_s)
      |                    ^
C:\Program Files (x86)\Microsoft Visual Studio\2022\BuildTools\VC\Tools\MSVC\14.44.35207\include\vcruntime.h(368,55): note: expanded from macro '_CRT_INSECURE_DEPRECATE'
  368 |         #define _CRT_INSECURE_DEPRECATE(_Replacement) _CRT_DEPRECATE_TEXT(    \
      |                                                       ^
C:\Program Files (x86)\Microsoft Visual Studio\2022\BuildTools\VC\Tools\MSVC\14.44.35207\include\vcruntime.h(358,47): note: expanded from macro '_CRT_DEPRECATE_TEXT'
  358 | #define _CRT_DEPRECATE_TEXT(_Text) __declspec(deprecated(_Text))
      |                                               ^
10 warnings generated.
[47/51] Linking CXX static library sonic_internal_diagnostics.lib
[48/51] Building CXX object CMakeFiles\sonic_dispatch.dir\generated\render-hierarchy-bridge\private-original.cpp.obj
In file included from C:\Users\ultim\Desktop\Sonic Adventure Recompiled\build-performance\generated\render-hierarchy-bridge\private-original.cpp:1:
In file included from C:\Users\ultim\Desktop\Sonic Adventure Recompiled\src\sonic_render_hierarchy.hpp:3:
C:\Users\ultim\Desktop\Sonic Adventure Recompiled\src\sonic_internal_diagnostics.hpp(28,67): warning: 'getenv' is deprecated: This function or variable may be unsafe. Consider using _dupenv_s instead. To disable deprecation, use _CRT_SECURE_NO_WARNINGS. See online help for details. [-Wdeprecated-declarations]
   28 |     internal_runtime_enabled = read_internal_policy(program, std::getenv("SARECOMP_INTERNAL_DIAGNOSTICS"));
      |                                                                   ^
C:\Program Files (x86)\Windows Kits\10\Include\10.0.26100.0\ucrt\stdlib.h(1183,20): note: 'getenv' has been explicitly marked deprecated here
 1183 |     _Check_return_ _CRT_INSECURE_DEPRECATE(_dupenv_s)
      |                    ^
C:\Program Files (x86)\Microsoft Visual Studio\2022\BuildTools\VC\Tools\MSVC\14.44.35207\include\vcruntime.h(368,55): note: expanded from macro '_CRT_INSECURE_DEPRECATE'
  368 |         #define _CRT_INSECURE_DEPRECATE(_Replacement) _CRT_DEPRECATE_TEXT(    \
      |                                                       ^
C:\Program Files (x86)\Microsoft Visual Studio\2022\BuildTools\VC\Tools\MSVC\14.44.35207\include\vcruntime.h(358,47): note: expanded from macro '_CRT_DEPRECATE_TEXT'
  358 | #define _CRT_DEPRECATE_TEXT(_Text) __declspec(deprecated(_Text))
      |                                               ^
In file included from C:\Users\ultim\Desktop\Sonic Adventure Recompiled\build-performance\generated\render-hierarchy-bridge\private-original.cpp:1:
In file included from C:\Users\ultim\Desktop\Sonic Adventure Recompiled\src\sonic_render_hierarchy.hpp:4:
C:\Users\ultim\Desktop\Sonic Adventure Recompiled\src\sonic_native_cpu_policy.hpp(11,30): warning: 'getenv' is deprecated: This function or variable may be unsafe. Consider using _dupenv_s instead. To disable deprecation, use _CRT_SECURE_NO_WARNINGS. See online help for details. [-Wdeprecated-declarations]
   11 |     const char* group = std::getenv("SARECOMP_NATIVE_CPU_PATHS");
      |                              ^
C:\Program Files (x86)\Windows Kits\10\Include\10.0.26100.0\ucrt\stdlib.h(1183,20): note: 'getenv' has been explicitly marked deprecated here
 1183 |     _Check_return_ _CRT_INSECURE_DEPRECATE(_dupenv_s)
      |                    ^
C:\Program Files (x86)\Microsoft Visual Studio\2022\BuildTools\VC\Tools\MSVC\14.44.35207\include\vcruntime.h(368,55): note: expanded from macro '_CRT_INSECURE_DEPRECATE'
  368 |         #define _CRT_INSECURE_DEPRECATE(_Replacement) _CRT_DEPRECATE_TEXT(    \
      |                                                       ^
C:\Program Files (x86)\Microsoft Visual Studio\2022\BuildTools\VC\Tools\MSVC\14.44.35207\include\vcruntime.h(358,47): note: expanded from macro '_CRT_DEPRECATE_TEXT'
  358 | #define _CRT_DEPRECATE_TEXT(_Text) __declspec(deprecated(_Text))
      |                                               ^
In file included from C:\Users\ultim\Desktop\Sonic Adventure Recompiled\build-performance\generated\render-hierarchy-bridge\private-original.cpp:1:
In file included from C:\Users\ultim\Desktop\Sonic Adventure Recompiled\src\sonic_render_hierarchy.hpp:4:
C:\Users\ultim\Desktop\Sonic Adventure Recompiled\src\sonic_native_cpu_policy.hpp(13,30): warning: 'getenv' is deprecated: This function or variable may be unsafe. Consider using _dupenv_s instead. To disable deprecation, use _CRT_SECURE_NO_WARNINGS. See online help for details. [-Wdeprecated-declarations]
   13 |     const char* value = std::getenv(option);
      |                              ^
C:\Program Files (x86)\Windows Kits\10\Include\10.0.26100.0\ucrt\stdlib.h(1183,20): note: 'getenv' has been explicitly marked deprecated here
 1183 |     _Check_return_ _CRT_INSECURE_DEPRECATE(_dupenv_s)
      |                    ^
C:\Program Files (x86)\Microsoft Visual Studio\2022\BuildTools\VC\Tools\MSVC\14.44.35207\include\vcruntime.h(368,55): note: expanded from macro '_CRT_INSECURE_DEPRECATE'
  368 |         #define _CRT_INSECURE_DEPRECATE(_Replacement) _CRT_DEPRECATE_TEXT(    \
      |                                                       ^
C:\Program Files (x86)\Microsoft Visual Studio\2022\BuildTools\VC\Tools\MSVC\14.44.35207\include\vcruntime.h(358,47): note: expanded from macro '_CRT_DEPRECATE_TEXT'
  358 | #define _CRT_DEPRECATE_TEXT(_Text) __declspec(deprecated(_Text))
      |                                               ^
In file included from C:\Users\ultim\Desktop\Sonic Adventure Recompiled\build-performance\generated\render-hierarchy-bridge\private-original.cpp:1:
C:\Users\ultim\Desktop\Sonic Adventure Recompiled\src\sonic_render_hierarchy.hpp(19,49): warning: 'getenv' is deprecated: This function or variable may be unsafe. Consider using _dupenv_s instead. To disable deprecation, use _CRT_SECURE_NO_WARNINGS. See online help for details. [-Wdeprecated-declarations]
   19 |     static const bool on=[] {const auto* v=std::getenv("SARECOMP_NATIVE_RENDER_LOCAL_PROOFS");
      |                                                 ^
C:\Program Files (x86)\Windows Kits\10\Include\10.0.26100.0\ucrt\stdlib.h(1183,20): note: 'getenv' has been explicitly marked deprecated here
 1183 |     _Check_return_ _CRT_INSECURE_DEPRECATE(_dupenv_s)
      |                    ^
C:\Program Files (x86)\Microsoft Visual Studio\2022\BuildTools\VC\Tools\MSVC\14.44.35207\include\vcruntime.h(368,55): note: expanded from macro '_CRT_INSECURE_DEPRECATE'
  368 |         #define _CRT_INSECURE_DEPRECATE(_Replacement) _CRT_DEPRECATE_TEXT(    \
      |                                                       ^
C:\Program Files (x86)\Microsoft Visual Studio\2022\BuildTools\VC\Tools\MSVC\14.44.35207\include\vcruntime.h(358,47): note: expanded from macro '_CRT_DEPRECATE_TEXT'
  358 | #define _CRT_DEPRECATE_TEXT(_Text) __declspec(deprecated(_Text))
      |                                               ^
In file included from C:\Users\ultim\Desktop\Sonic Adventure Recompiled\build-performance\generated\render-hierarchy-bridge\private-original.cpp:1:
C:\Users\ultim\Desktop\Sonic Adventure Recompiled\src\sonic_render_hierarchy.hpp(37,49): warning: 'getenv' is deprecated: This function or variable may be unsafe. Consider using _dupenv_s instead. To disable deprecation, use _CRT_SECURE_NO_WARNINGS. See online help for details. [-Wdeprecated-declarations]
   37 |     static const bool on=[] {const auto* v=std::getenv("SARECOMP_NATIVE_MORPH_HIERARCHY");
      |                                                 ^
C:\Program Files (x86)\Windows Kits\10\Include\10.0.26100.0\ucrt\stdlib.h(1183,20): note: 'getenv' has been explicitly marked deprecated here
 1183 |     _Check_return_ _CRT_INSECURE_DEPRECATE(_dupenv_s)
      |                    ^
C:\Program Files (x86)\Microsoft Visual Studio\2022\BuildTools\VC\Tools\MSVC\14.44.35207\include\vcruntime.h(368,55): note: expanded from macro '_CRT_INSECURE_DEPRECATE'
  368 |         #define _CRT_INSECURE_DEPRECATE(_Replacement) _CRT_DEPRECATE_TEXT(    \
      |                                                       ^
C:\Program Files (x86)\Microsoft Visual Studio\2022\BuildTools\VC\Tools\MSVC\14.44.35207\include\vcruntime.h(358,47): note: expanded from macro '_CRT_DEPRECATE_TEXT'
  358 | #define _CRT_DEPRECATE_TEXT(_Text) __declspec(deprecated(_Text))
      |                                               ^
5 warnings generated.
[49/51] Linking CXX static library dispatch\katana_generated.lib
[50/51] Linking CXX executable "C:\Users\ultim\Desktop\Sonic Adventure Recompiled\out\model-submission-windows-20260918\game.exe"
SONIC_FPU_CALLS_LINK_PASS mode=inverse entries=10 original_selected_members=0
SONIC_FPU_RUNTIME_LINK_PASS binary_overloads=2 epoch_symbols=2 original_member=0
KATANA_NATIVE_PORT_LINK_AUDIT_OK binary_bytes=1955778048 map_bytes=818138215
