ninja: Entering directory `C:\Users\ultim\Desktop\Sonic Adventure Recompiled\build-performance'
[0/1] Re-running CMake...
-- Configuring done (1.1s)
-- Generating done (1.5s)
-- Build files have been written to: C:/Users/ultim/Desktop/Sonic Adventure Recompiled/build-performance
[1/23] Generating generated/movement-contact-bridge/unit-v8C073018-8C073018-457a60bdbd02a56b.cpp
SONIC_MOVEMENT_CONTACT_BRIDGE_READY owners=0 public=1
[2/23] Generating generated/movement-contact-bridge/unit-v8C074214-8C075154-1bc56e9d4bd882fb.cpp
SONIC_MOVEMENT_CONTACT_BRIDGE_READY owners=0 public=1
[3/23] Generating generated/movement-contact-bridge/unit-v8C033122-8C0342E0-7edcb8468a2b4534.cpp
SONIC_MOVEMENT_CONTACT_BRIDGE_READY owners=0 public=1
[4/23] Generating generated/movement-contact-bridge/unit-v8C01995E-8C01AAE0-6cf3d8aa9df0e7a3.cpp
SONIC_MOVEMENT_CONTACT_BRIDGE_READY owners=0 public=1
[5/23] Generating generated/movement-contact/contact-identities.inc, generated/movement-contact/contact-switch.inc, generated/movement-contact/contact-members.inc, generated/movement-contact/contact-epochs.inc, generated/movement-contact/contact-owner_8C073018.inc, generated/movement-contact/contact-owner_8C074214.inc, generated/movement-contact/contact-owner_8C074712.inc, generated/movement-contact/contact-owner_8C074A3C.inc, generated/movement-contact/contact-owner_8C074C30.inc, generated/movement-contact/contact-owner_8C074E24.inc, generated/movement-contact/contact-owner_8C074FAE.inc, generated/movement-contact/contact-owner_8C075100.inc, generated/movement-contact/contact-owner_8C075154.inc, generated/movement-contact/contact-owner_8C075356.inc, generated/movement-contact/contact-owner_8C0755C6.inc, generated/movement-contact/contact-owner_8C0757A0.inc, generated/movement-contact/contact-owner_8C075980.inc, generated/movement-contact/contact-owner_8C075ECC.inc, generated/movement-contact/contact-owner_8C0762E0.inc, generated/movement-contact/contact-owner_8C076580.inc, generated/movement-contact/contact-owner_8C078D80.inc, generated/movement-contact/contact-owner_8C078DF0.inc, generated/movement-contact/contact-owner_8C078F40.inc, generated/movement-contact/contact-owner_8C028BFE.inc, generated/movement-contact/contact-owner_8C0522C0.inc, generated/movement-contact/contact-owner_8C029B00.inc, generated/movement-contact/contact-owner_8C029400.inc, generated/movement-contact/contact-owner_8C027360.inc, generated/movement-contact/contact-owner_8C638E0C.inc, generated/movement-contact/contact-owner_8C638FD0.inc, generated/movement-contact/contact-owner_8C639BB0.inc, generated/movement-contact/contact-owner_8C639AD8.inc, generated/movement-contact/contact-owner_8C639E08.inc, generated/movement-contact/contact-owner_8C639E9C.inc, generated/movement-contact/contact-owner_8C63A10C.inc, generated/movement-contact/contact-owner_8C63A820.inc, generated/movement-contact/contact-owner_8C63A69C.inc, generated/movement-contact/contact-owner_8C63A88C.inc, generated/movement-contact/contact-owner_8C63A904.inc, generated/movement-contact/contact-owner_8C63FFC0.inc, generated/movement-contact/contact-owner_8C640068.inc, generated/movement-contact/contact-owner_8C10CD1C.inc, generated/movement-contact/contact-owner_8C10CF48.inc, generated/movement-contact/contact-owner_8C10CF98.inc, generated/movement-contact/contact-owner_8C10CFE8.inc, generated/movement-contact/contact-owner_8C10D038.inc, generated/movement-contact/contact-owner_8C10E4D0.inc, generated/movement-contact/contact-owner_8C10E4EC.inc, generated/movement-contact/contact-owner_8C10E5E0.inc, generated/movement-contact/contact-owner_8C10E6F8.inc, generated/movement-contact/contact-owner_8C10EEC4.inc, generated/movement-contact/contact-owner_8C10FAD4.inc, generated/movement-contact/contact-owner_8C10FAF8.inc, generated/movement-contact/contact-owner_8C638DEC.inc, generated/movement-contact/contact-owner_8C638E68.inc, generated/movement-contact/contact-owner_8C638ED4.inc, generated/movement-contact/contact-owner_8C638FF0.inc, generated/movement-contact/contact-owner_8C639A90.inc, generated/movement-contact/contact-owner_8C63A5DC.inc, generated/movement-contact/contact-owner_8C63A7B8.inc, generated/movement-contact/contact-owner_8C63A8B0.inc, generated/movement-contact/contact-owner_8C63A91C.inc, generated/movement-contact/contact-owner_8C6400AC.inc, generated/movement-contact/contact-owner_8C64F32C.inc, generated/movement-contact/contact-owner_8C650554.inc, generated/movement-contact/contact-owner_8C0342E0.inc, generated/movement-contact/contact-owner_8C02F81A.inc, generated/movement-contact/contact-owner_8C033F00.inc, generated/movement-contact/contact-owner_8C034250.inc, generated/movement-contact/contact-owner_8C03415E.inc, generated/movement-contact/contact-owner_8C033800.inc, generated/movement-contact/contact-owner_8C033A10.inc, generated/movement-contact/contact-owner_8C033CDC.inc, generated/movement-contact/contact-owner_8C0335D4.inc, generated/movement-contact/contact-owner_8C033DAE.inc, generated/movement-contact/contact-owner_8C0332A0.inc, generated/movement-contact/contact-owner_8C030F20.inc, generated/movement-contact/contact-owner_8C030540.inc, generated/movement-contact/contact-owner_8C0315C0.inc, generated/movement-contact/contact-owner_8C031726.inc, generated/movement-contact/contact-owner_8C031B88.inc, generated/movement-contact/contact-owner_8C030634.inc, generated/movement-contact/contact-owner_8C03357A.inc, generated/movement-contact/contact-owner_8C02FF7E.inc, generated/movement-contact/contact-owner_8C0301A0.inc, generated/movement-contact/contact-owner_8C0309E0.inc, generated/movement-contact/contact-owner_8C032406.inc, generated/movement-contact/contact-owner_8C031F88.inc, generated/movement-contact/contact-owner_8C033122.inc, generated/movement-contact/contact-owner_8C032D98.inc, generated/movement-contact/contact-owner_8C031D00.inc, generated/movement-contact/contact-owner_8C02F8A0.inc, generated/movement-contact/contact-owner_8C02FA20.inc, generated/movement-contact/contact-owner_8C63FEC4.inc, generated/movement-contact/contact-owner_8C02F27C.inc, generated/movement-contact/contact-owner_8C030850.inc, generated/movement-contact/contact-owner_8C02FC12.inc, generated/movement-contact/contact-owner_8C02FD32.inc, generated/movement-contact/contact-owner_8C02FB3A.inc, generated/movement-contact/contact-owner_8C031A84.inc, generated/movement-contact/contact-owner_8C02FE5C.inc, generated/movement-contact/contact-owner_8C03339E.inc, generated/movement-contact/contact-owner_8C02FF60.inc, generated/movement-contact/contact-owner_8C63A724.inc, generated/movement-contact/contact-owner_8C63A934.inc, generated/movement-contact/contact-owner_8C0318C0.inc, generated/movement-contact/contact-owner_8C03431C.inc, generated/movement-contact/contact-owner_8C031B20.inc, generated/movement-contact/contact-owner_8C02E980.inc, generated/movement-contact/contact-owner_8C02F0A0.inc, generated/movement-contact/contact-owner_8C02E886.inc, generated/movement-contact/contact-owner_8C02EBCE.inc, generated/movement-contact/contact-owner_8C02EC92.inc, generated/movement-contact/contact-owner_8C02EAD2.inc, generated/movement-contact/contact-owner_8C02E8DA.inc, generated/movement-contact/contact-owner_8C02EE9E.inc, generated/movement-contact/contact-owner_8C63A744.inc, generated/movement-contact/contact-owner_8C02E820.inc, generated/movement-contact/contact-owner_8C019F4A.inc, generated/movement-contact/contact-owner_8C020D60.inc, generated/movement-contact/contact-owner_8C02535E.inc, generated/movement-contact/contact-owner_8C01A680.inc, generated/movement-contact/contact-owner_8C01B308.inc, generated/movement-contact/contact-owner_8C01A60C.inc, generated/movement-contact/contact-owner_8C01DC36.inc, generated/movement-contact/contact-owner_8C01A718.inc, generated/movement-contact/contact-owner_8C023360.inc, generated/movement-contact/contact-owner_8C01B3E0.inc, generated/movement-contact/contact-owner_8C01B782.inc, generated/movement-contact/contact-owner_8C01B684.inc, generated/movement-contact/contact-owner_8C01DDE0.inc, generated/movement-contact/contact-owner_8C01E32A.inc, generated/movement-contact/contact-owner_8C01BD3C.inc, generated/movement-contact/contact-owner_8C025620.inc, generated/movement-contact/contact-owner_8C025482.inc, generated/movement-contact/contact-owner_8C025880.inc, generated/movement-contact/contact-owner_8C025524.inc, generated/movement-contact/contact-owner_8C01B406.inc, generated/movement-contact/contact-owner_8C01E508.inc, generated/movement-contact/contact-owner_8C025790.inc, generated/movement-contact/contact-owner_8C0258F2.inc, generated/movement-contact/contact-owner_8C63A8F8.inc, generated/movement-contact/contact-owner_8C022802.inc, generated/movement-contact/contact-owner_8C01B40E.inc, generated/movement-contact/contact-owner_8C01C28E.inc, generated/movement-contact/contact-owner_8C01B37A.inc, generated/movement-contact/contact-owner_8C01B900.inc, generated/movement-contact/contact-owner_8C01B84E.inc, generated/movement-contact/contact-owner_8C01BBA0.inc, generated/movement-contact/contact-owner_8C63FDEC.inc, generated/movement-contact/contact-owner_8C01B818.inc
SONIC_MOVEMENT_CONTACT_READY owners=147 instructions=23103
[6/23] Building CXX object CMakeFiles\katana_native_title_adapter.dir\src\native_title_adapter.cpp.obj
In file included from C:\Users\ultim\Desktop\Sonic Adventure Recompiled\src\native_title_adapter.cpp:22:
C:\Users\ultim\Desktop\Sonic Adventure Recompiled\src\sonic_qsound_reverb_medium.hpp(329,21): warning: result of comparison of constant 1152921504606846975 with expression of type 'const std::uint32_t' (aka 'const unsigned int') is always false [-Wtautological-constant-out-of-range-compare]
  329 |         frame_count >
      |         ~~~~~~~~~~~ ^
  330 |             std::numeric_limits<std::size_t>::max() / effect_bus_count)
      |             ~~~~~~~~~~~~~~~~~~~~~~~~~~~~~~~~~~~~~~~~~~~~~~~~~~~~~~~~~~
In file included from C:\Users\ultim\Desktop\Sonic Adventure Recompiled\src\native_title_adapter.cpp:35:
C:\Users\ultim\Desktop\Sonic Adventure Recompiled\src\sonic_camera.hpp(15,50): warning: 'sonic_recompiled_camera_publish' has C-linkage specified, but returns user-defined type 'katana::runtime::NativePortHookResult' which is incompatible with C [-Wreturn-type-c-linkage]
   15 | extern "C" katana::runtime::NativePortHookResult sonic_recompiled_camera_publish(
      |                                                  ^
C:\Users\ultim\Desktop\Sonic Adventure Recompiled\src\sonic_camera.hpp(17,50): warning: 'sonic_recompiled_camera_original_step' has C-linkage specified, but returns user-defined type 'katana::runtime::NativePortHookResult' which is incompatible with C [-Wreturn-type-c-linkage]
   17 | extern "C" katana::runtime::NativePortHookResult sonic_recompiled_camera_original_step(
      |                                                  ^
In file included from C:\Users\ultim\Desktop\Sonic Adventure Recompiled\src\native_title_adapter.cpp:45:
C:\Users\ultim\Desktop\Sonic Adventure Recompiled\src\sonic_sound_commands.hpp(12,53): warning: 'getenv' is deprecated: This function or variable may be unsafe. Consider using _dupenv_s instead. To disable deprecation, use _CRT_SECURE_NO_WARNINGS. See online help for details. [-Wdeprecated-declarations]
   12 |     static const bool value=[] { const auto* p=std::getenv("SARECOMP_DEFERRED_MIDI_NOTES");
      |                                                     ^
C:\Program Files (x86)\Windows Kits\10\Include\10.0.26100.0\ucrt\stdlib.h(1183,20): note: 'getenv' has been explicitly marked deprecated here
 1183 |     _Check_return_ _CRT_INSECURE_DEPRECATE(_dupenv_s)
      |                    ^
C:\Program Files (x86)\Microsoft Visual Studio\2022\BuildTools\VC\Tools\MSVC\14.44.35207\include\vcruntime.h(368,55): note: expanded from macro '_CRT_INSECURE_DEPRECATE'
  368 |         #define _CRT_INSECURE_DEPRECATE(_Replacement) _CRT_DEPRECATE_TEXT(    \
      |                                                       ^
C:\Program Files (x86)\Microsoft Visual Studio\2022\BuildTools\VC\Tools\MSVC\14.44.35207\include\vcruntime.h(358,47): note: expanded from macro '_CRT_DEPRECATE_TEXT'
  358 | #define _CRT_DEPRECATE_TEXT(_Text) __declspec(deprecated(_Text))
      |                                               ^
In file included from C:\Users\ultim\Desktop\Sonic Adventure Recompiled\src\native_title_adapter.cpp:45:
C:\Users\ultim\Desktop\Sonic Adventure Recompiled\src\sonic_sound_commands.hpp(17,53): warning: 'getenv' is deprecated: This function or variable may be unsafe. Consider using _dupenv_s instead. To disable deprecation, use _CRT_SECURE_NO_WARNINGS. See online help for details. [-Wdeprecated-declarations]
   17 |     static const bool value=[] { const auto* p=std::getenv("SARECOMP_SOUND_METADATA_CACHE");
      |                                                     ^
C:\Program Files (x86)\Windows Kits\10\Include\10.0.26100.0\ucrt\stdlib.h(1183,20): note: 'getenv' has been explicitly marked deprecated here
 1183 |     _Check_return_ _CRT_INSECURE_DEPRECATE(_dupenv_s)
      |                    ^
C:\Program Files (x86)\Microsoft Visual Studio\2022\BuildTools\VC\Tools\MSVC\14.44.35207\include\vcruntime.h(368,55): note: expanded from macro '_CRT_INSECURE_DEPRECATE'
  368 |         #define _CRT_INSECURE_DEPRECATE(_Replacement) _CRT_DEPRECATE_TEXT(    \
      |                                                       ^
C:\Program Files (x86)\Microsoft Visual Studio\2022\BuildTools\VC\Tools\MSVC\14.44.35207\include\vcruntime.h(358,47): note: expanded from macro '_CRT_DEPRECATE_TEXT'
  358 | #define _CRT_DEPRECATE_TEXT(_Text) __declspec(deprecated(_Text))
      |                                               ^
In file included from C:\Users\ultim\Desktop\Sonic Adventure Recompiled\src\native_title_adapter.cpp:45:
C:\Users\ultim\Desktop\Sonic Adventure Recompiled\src\sonic_sound_commands.hpp(22,53): warning: 'getenv' is deprecated: This function or variable may be unsafe. Consider using _dupenv_s instead. To disable deprecation, use _CRT_SECURE_NO_WARNINGS. See online help for details. [-Wdeprecated-declarations]
   22 |     static const bool value=[] { const auto* p=std::getenv("SARECOMP_SOUND_METADATA_VERIFY");
      |                                                     ^
C:\Program Files (x86)\Windows Kits\10\Include\10.0.26100.0\ucrt\stdlib.h(1183,20): note: 'getenv' has been explicitly marked deprecated here
 1183 |     _Check_return_ _CRT_INSECURE_DEPRECATE(_dupenv_s)
      |                    ^
C:\Program Files (x86)\Microsoft Visual Studio\2022\BuildTools\VC\Tools\MSVC\14.44.35207\include\vcruntime.h(368,55): note: expanded from macro '_CRT_INSECURE_DEPRECATE'
  368 |         #define _CRT_INSECURE_DEPRECATE(_Replacement) _CRT_DEPRECATE_TEXT(    \
      |                                                       ^
C:\Program Files (x86)\Microsoft Visual Studio\2022\BuildTools\VC\Tools\MSVC\14.44.35207\include\vcruntime.h(358,47): note: expanded from macro '_CRT_DEPRECATE_TEXT'
  358 | #define _CRT_DEPRECATE_TEXT(_Text) __declspec(deprecated(_Text))
      |                                               ^
In file included from C:\Users\ultim\Desktop\Sonic Adventure Recompiled\src\native_title_adapter.cpp:46:
C:\Users\ultim\Desktop\Sonic Adventure Recompiled\src\sonic_audio_device.hpp(43,16): warning: cast from 'FARPROC' (aka 'long long (*)()') to 'Precise' (aka 'void (*)(unsigned long long *)') converts to incompatible function type [-Wcast-function-type-mismatch]
   43 |         return reinterpret_cast<Precise>(address);
      |                ^~~~~~~~~~~~~~~~~~~~~~~~~~~~~~~~~~
C:\Users\ultim\Desktop\Sonic Adventure Recompiled\src\sonic_audio_device.hpp(76,29): warning: 'getenv' is deprecated: This function or variable may be unsafe. Consider using _dupenv_s instead. To disable deprecation, use _CRT_SECURE_NO_WARNINGS. See online help for details. [-Wdeprecated-declarations]
   76 |     const auto* hidden=std::getenv("KATANA_PORT_BACKGROUND_TEST");
      |                             ^
C:\Program Files (x86)\Windows Kits\10\Include\10.0.26100.0\ucrt\stdlib.h(1183,20): note: 'getenv' has been explicitly marked deprecated here
 1183 |     _Check_return_ _CRT_INSECURE_DEPRECATE(_dupenv_s)
      |                    ^
C:\Program Files (x86)\Microsoft Visual Studio\2022\BuildTools\VC\Tools\MSVC\14.44.35207\include\vcruntime.h(368,55): note: expanded from macro '_CRT_INSECURE_DEPRECATE'
  368 |         #define _CRT_INSECURE_DEPRECATE(_Replacement) _CRT_DEPRECATE_TEXT(    \
      |                                                       ^
C:\Program Files (x86)\Microsoft Visual Studio\2022\BuildTools\VC\Tools\MSVC\14.44.35207\include\vcruntime.h(358,47): note: expanded from macro '_CRT_DEPRECATE_TEXT'
  358 | #define _CRT_DEPRECATE_TEXT(_Text) __declspec(deprecated(_Text))
      |                                               ^
In file included from C:\Users\ultim\Desktop\Sonic Adventure Recompiled\src\native_title_adapter.cpp:48:
C:\Users\ultim\Desktop\Sonic Adventure Recompiled\src\sonic_movie_audio.hpp(38,31): warning: 'getenv' is deprecated: This function or variable may be unsafe. Consider using _dupenv_s instead. To disable deprecation, use _CRT_SECURE_NO_WARNINGS. See online help for details. [-Wdeprecated-declarations]
   38 |         const auto trace=std::getenv("SARECOMP_MOVIE_AUDIO_TRACE");
      |                               ^
C:\Program Files (x86)\Windows Kits\10\Include\10.0.26100.0\ucrt\stdlib.h(1183,20): note: 'getenv' has been explicitly marked deprecated here
 1183 |     _Check_return_ _CRT_INSECURE_DEPRECATE(_dupenv_s)
      |                    ^
C:\Program Files (x86)\Microsoft Visual Studio\2022\BuildTools\VC\Tools\MSVC\14.44.35207\include\vcruntime.h(368,55): note: expanded from macro '_CRT_INSECURE_DEPRECATE'
  368 |         #define _CRT_INSECURE_DEPRECATE(_Replacement) _CRT_DEPRECATE_TEXT(    \
      |                                                       ^
C:\Program Files (x86)\Microsoft Visual Studio\2022\BuildTools\VC\Tools\MSVC\14.44.35207\include\vcruntime.h(358,47): note: expanded from macro '_CRT_DEPRECATE_TEXT'
  358 | #define _CRT_DEPRECATE_TEXT(_Text) __declspec(deprecated(_Text))
      |                                               ^
In file included from C:\Users\ultim\Desktop\Sonic Adventure Recompiled\src\native_title_adapter.cpp:53:
C:\Users\ultim\Desktop\Sonic Adventure Recompiled\src\sonic_model_packet.hpp(18,28): warning: 'getenv' is deprecated: This function or variable may be unsafe. Consider using _dupenv_s instead. To disable deprecation, use _CRT_SECURE_NO_WARNINGS. See online help for details. [-Wdeprecated-declarations]
   18 |         const auto* p=std::getenv("SARECOMP_NATIVE_MODEL_VERTEX_STREAM");
      |                            ^
C:\Program Files (x86)\Windows Kits\10\Include\10.0.26100.0\ucrt\stdlib.h(1183,20): note: 'getenv' has been explicitly marked deprecated here
 1183 |     _Check_return_ _CRT_INSECURE_DEPRECATE(_dupenv_s)
      |                    ^
C:\Program Files (x86)\Microsoft Visual Studio\2022\BuildTools\VC\Tools\MSVC\14.44.35207\include\vcruntime.h(368,55): note: expanded from macro '_CRT_INSECURE_DEPRECATE'
  368 |         #define _CRT_INSECURE_DEPRECATE(_Replacement) _CRT_DEPRECATE_TEXT(    \
      |                                                       ^
C:\Program Files (x86)\Microsoft Visual Studio\2022\BuildTools\VC\Tools\MSVC\14.44.35207\include\vcruntime.h(358,47): note: expanded from macro '_CRT_DEPRECATE_TEXT'
  358 | #define _CRT_DEPRECATE_TEXT(_Text) __declspec(deprecated(_Text))
      |                                               ^
In file included from C:\Users\ultim\Desktop\Sonic Adventure Recompiled\src\native_title_adapter.cpp:53:
C:\Users\ultim\Desktop\Sonic Adventure Recompiled\src\sonic_model_packet.hpp(27,28): warning: 'getenv' is deprecated: This function or variable may be unsafe. Consider using _dupenv_s instead. To disable deprecation, use _CRT_SECURE_NO_WARNINGS. See online help for details. [-Wdeprecated-declarations]
   27 |         const auto* p=std::getenv("SARECOMP_NATIVE_MODEL_PACKETS");
      |                            ^
C:\Program Files (x86)\Windows Kits\10\Include\10.0.26100.0\ucrt\stdlib.h(1183,20): note: 'getenv' has been explicitly marked deprecated here
 1183 |     _Check_return_ _CRT_INSECURE_DEPRECATE(_dupenv_s)
      |                    ^
C:\Program Files (x86)\Microsoft Visual Studio\2022\BuildTools\VC\Tools\MSVC\14.44.35207\include\vcruntime.h(368,55): note: expanded from macro '_CRT_INSECURE_DEPRECATE'
  368 |         #define _CRT_INSECURE_DEPRECATE(_Replacement) _CRT_DEPRECATE_TEXT(    \
      |                                                       ^
C:\Program Files (x86)\Microsoft Visual Studio\2022\BuildTools\VC\Tools\MSVC\14.44.35207\include\vcruntime.h(358,47): note: expanded from macro '_CRT_DEPRECATE_TEXT'
  358 | #define _CRT_DEPRECATE_TEXT(_Text) __declspec(deprecated(_Text))
      |                                               ^
In file included from C:\Users\ultim\Desktop\Sonic Adventure Recompiled\src\native_title_adapter.cpp:55:
C:\Users\ultim\Desktop\Sonic Adventure Recompiled\src\sonic_fpu_scratch.hpp(24,94): warning: missing field 'last_memory_fault_provenance' initializer [-Wmissing-designated-field-initializers]
   24 |                 nested_.emplace(CpuState{.memory=Memory{0u,MemoryAlignmentPolicy::Permissive}});
      |                                                                                              ^
C:\Users\ultim\Desktop\Sonic Adventure Recompiled\src\sonic_fpu_scratch.hpp(28,100): warning: missing field 'last_memory_fault_provenance' initializer [-Wmissing-designated-field-initializers]
   28 |                     slot.cpu_.emplace(CpuState{.memory=Memory{0u,MemoryAlignmentPolicy::Permissive}});
      |                                                                                                    ^
C:\Users\ultim\Desktop\Sonic Adventure Recompiled\src\sonic_fpu_scratch.hpp(31,66): warning: missing field 'last_memory_fault_provenance' initializer [-Wmissing-designated-field-initializers]
   31 |                     *slot.cpu_=CpuState{.memory=std::move(memory)};
      |                                                                  ^
In file included from C:\Users\ultim\Desktop\Sonic Adventure Recompiled\src\native_title_adapter.cpp:61:
C:\Users\ultim\Desktop\Sonic Adventure Recompiled\src\sonic_internal_diagnostics.hpp(28,67): warning: 'getenv' is deprecated: This function or variable may be unsafe. Consider using _dupenv_s instead. To disable deprecation, use _CRT_SECURE_NO_WARNINGS. See online help for details. [-Wdeprecated-declarations]
   28 |     internal_runtime_enabled = read_internal_policy(program, std::getenv("SARECOMP_INTERNAL_DIAGNOSTICS"));
      |                                                                   ^
C:\Program Files (x86)\Windows Kits\10\Include\10.0.26100.0\ucrt\stdlib.h(1183,20): note: 'getenv' has been explicitly marked deprecated here
 1183 |     _Check_return_ _CRT_INSECURE_DEPRECATE(_dupenv_s)
      |                    ^
C:\Program Files (x86)\Microsoft Visual Studio\2022\BuildTools\VC\Tools\MSVC\14.44.35207\include\vcruntime.h(368,55): note: expanded from macro '_CRT_INSECURE_DEPRECATE'
  368 |         #define _CRT_INSECURE_DEPRECATE(_Replacement) _CRT_DEPRECATE_TEXT(    \
      |                                                       ^
C:\Program Files (x86)\Microsoft Visual Studio\2022\BuildTools\VC\Tools\MSVC\14.44.35207\include\vcruntime.h(358,47): note: expanded from macro '_CRT_DEPRECATE_TEXT'
  358 | #define _CRT_DEPRECATE_TEXT(_Text) __declspec(deprecated(_Text))
      |                                               ^
In file included from C:\Users\ultim\Desktop\Sonic Adventure Recompiled\src\native_title_adapter.cpp:62:
C:\Users\ultim\Desktop\Sonic Adventure Recompiled\src\sonic_native_cpu_policy.hpp(11,30): warning: 'getenv' is deprecated: This function or variable may be unsafe. Consider using _dupenv_s instead. To disable deprecation, use _CRT_SECURE_NO_WARNINGS. See online help for details. [-Wdeprecated-declarations]
   11 |     const char* group = std::getenv("SARECOMP_NATIVE_CPU_PATHS");
      |                              ^
C:\Program Files (x86)\Windows Kits\10\Include\10.0.26100.0\ucrt\stdlib.h(1183,20): note: 'getenv' has been explicitly marked deprecated here
 1183 |     _Check_return_ _CRT_INSECURE_DEPRECATE(_dupenv_s)
      |                    ^
C:\Program Files (x86)\Microsoft Visual Studio\2022\BuildTools\VC\Tools\MSVC\14.44.35207\include\vcruntime.h(368,55): note: expanded from macro '_CRT_INSECURE_DEPRECATE'
  368 |         #define _CRT_INSECURE_DEPRECATE(_Replacement) _CRT_DEPRECATE_TEXT(    \
      |                                                       ^
C:\Program Files (x86)\Microsoft Visual Studio\2022\BuildTools\VC\Tools\MSVC\14.44.35207\include\vcruntime.h(358,47): note: expanded from macro '_CRT_DEPRECATE_TEXT'
  358 | #define _CRT_DEPRECATE_TEXT(_Text) __declspec(deprecated(_Text))
      |                                               ^
In file included from C:\Users\ultim\Desktop\Sonic Adventure Recompiled\src\native_title_adapter.cpp:62:
C:\Users\ultim\Desktop\Sonic Adventure Recompiled\src\sonic_native_cpu_policy.hpp(13,30): warning: 'getenv' is deprecated: This function or variable may be unsafe. Consider using _dupenv_s instead. To disable deprecation, use _CRT_SECURE_NO_WARNINGS. See online help for details. [-Wdeprecated-declarations]
   13 |     const char* value = std::getenv(option);
      |                              ^
C:\Program Files (x86)\Windows Kits\10\Include\10.0.26100.0\ucrt\stdlib.h(1183,20): note: 'getenv' has been explicitly marked deprecated here
 1183 |     _Check_return_ _CRT_INSECURE_DEPRECATE(_dupenv_s)
      |                    ^
C:\Program Files (x86)\Microsoft Visual Studio\2022\BuildTools\VC\Tools\MSVC\14.44.35207\include\vcruntime.h(368,55): note: expanded from macro '_CRT_INSECURE_DEPRECATE'
  368 |         #define _CRT_INSECURE_DEPRECATE(_Replacement) _CRT_DEPRECATE_TEXT(    \
      |                                                       ^
C:\Program Files (x86)\Microsoft Visual Studio\2022\BuildTools\VC\Tools\MSVC\14.44.35207\include\vcruntime.h(358,47): note: expanded from macro '_CRT_DEPRECATE_TEXT'
  358 | #define _CRT_DEPRECATE_TEXT(_Text) __declspec(deprecated(_Text))
      |                                               ^
In file included from C:\Users\ultim\Desktop\Sonic Adventure Recompiled\src\native_title_adapter.cpp:67:
C:\Users\ultim\Desktop\Sonic Adventure Recompiled\src\sonic_movement_resolver.hpp(11,49): warning: 'getenv' is deprecated: This function or variable may be unsafe. Consider using _dupenv_s instead. To disable deprecation, use _CRT_SECURE_NO_WARNINGS. See online help for details. [-Wdeprecated-declarations]
   11 |     static const bool on=[] {const auto* v=std::getenv("SARECOMP_NATIVE_MOVEMENT");
      |                                                 ^
C:\Program Files (x86)\Windows Kits\10\Include\10.0.26100.0\ucrt\stdlib.h(1183,20): note: 'getenv' has been explicitly marked deprecated here
 1183 |     _Check_return_ _CRT_INSECURE_DEPRECATE(_dupenv_s)
      |                    ^
C:\Program Files (x86)\Microsoft Visual Studio\2022\BuildTools\VC\Tools\MSVC\14.44.35207\include\vcruntime.h(368,55): note: expanded from macro '_CRT_INSECURE_DEPRECATE'
  368 |         #define _CRT_INSECURE_DEPRECATE(_Replacement) _CRT_DEPRECATE_TEXT(    \
      |                                                       ^
C:\Program Files (x86)\Microsoft Visual Studio\2022\BuildTools\VC\Tools\MSVC\14.44.35207\include\vcruntime.h(358,47): note: expanded from macro '_CRT_DEPRECATE_TEXT'
  358 | #define _CRT_DEPRECATE_TEXT(_Text) __declspec(deprecated(_Text))
      |                                               ^
In file included from C:\Users\ultim\Desktop\Sonic Adventure Recompiled\src\native_title_adapter.cpp:68:
C:\Users\ultim\Desktop\Sonic Adventure Recompiled\src\sonic_movement_contact.hpp(14,49): warning: 'getenv' is deprecated: This function or variable may be unsafe. Consider using _dupenv_s instead. To disable deprecation, use _CRT_SECURE_NO_WARNINGS. See online help for details. [-Wdeprecated-declarations]
   14 |     static const bool on=[] {const auto* v=std::getenv("SARECOMP_NATIVE_MOVEMENT_CONTACT");
      |                                                 ^
C:\Program Files (x86)\Windows Kits\10\Include\10.0.26100.0\ucrt\stdlib.h(1183,20): note: 'getenv' has been explicitly marked deprecated here
 1183 |     _Check_return_ _CRT_INSECURE_DEPRECATE(_dupenv_s)
      |                    ^
C:\Program Files (x86)\Microsoft Visual Studio\2022\BuildTools\VC\Tools\MSVC\14.44.35207\include\vcruntime.h(368,55): note: expanded from macro '_CRT_INSECURE_DEPRECATE'
  368 |         #define _CRT_INSECURE_DEPRECATE(_Replacement) _CRT_DEPRECATE_TEXT(    \
      |                                                       ^
C:\Program Files (x86)\Microsoft Visual Studio\2022\BuildTools\VC\Tools\MSVC\14.44.35207\include\vcruntime.h(358,47): note: expanded from macro '_CRT_DEPRECATE_TEXT'
  358 | #define _CRT_DEPRECATE_TEXT(_Text) __declspec(deprecated(_Text))
      |                                               ^
In file included from C:\Users\ultim\Desktop\Sonic Adventure Recompiled\src\native_title_adapter.cpp:68:
C:\Users\ultim\Desktop\Sonic Adventure Recompiled\src\sonic_movement_contact.hpp(20,49): warning: 'getenv' is deprecated: This function or variable may be unsafe. Consider using _dupenv_s instead. To disable deprecation, use _CRT_SECURE_NO_WARNINGS. See online help for details. [-Wdeprecated-declarations]
   20 |     static const bool on=[] {const auto* v=std::getenv("SARECOMP_NATIVE_OBJECT_CONTACT");
      |                                                 ^
C:\Program Files (x86)\Windows Kits\10\Include\10.0.26100.0\ucrt\stdlib.h(1183,20): note: 'getenv' has been explicitly marked deprecated here
 1183 |     _Check_return_ _CRT_INSECURE_DEPRECATE(_dupenv_s)
      |                    ^
C:\Program Files (x86)\Microsoft Visual Studio\2022\BuildTools\VC\Tools\MSVC\14.44.35207\include\vcruntime.h(368,55): note: expanded from macro '_CRT_INSECURE_DEPRECATE'
  368 |         #define _CRT_INSECURE_DEPRECATE(_Replacement) _CRT_DEPRECATE_TEXT(    \
      |                                                       ^
C:\Program Files (x86)\Microsoft Visual Studio\2022\BuildTools\VC\Tools\MSVC\14.44.35207\include\vcruntime.h(358,47): note: expanded from macro '_CRT_DEPRECATE_TEXT'
  358 | #define _CRT_DEPRECATE_TEXT(_Text) __declspec(deprecated(_Text))
      |                                               ^
In file included from C:\Users\ultim\Desktop\Sonic Adventure Recompiled\src\native_title_adapter.cpp:68:
C:\Users\ultim\Desktop\Sonic Adventure Recompiled\src\sonic_movement_contact.hpp(26,49): warning: 'getenv' is deprecated: This function or variable may be unsafe. Consider using _dupenv_s instead. To disable deprecation, use _CRT_SECURE_NO_WARNINGS. See online help for details. [-Wdeprecated-declarations]
   26 |     static const bool on=[] {const auto* v=std::getenv("SARECOMP_NATIVE_CAMERA_OPERATION");
      |                                                 ^
C:\Program Files (x86)\Windows Kits\10\Include\10.0.26100.0\ucrt\stdlib.h(1183,20): note: 'getenv' has been explicitly marked deprecated here
 1183 |     _Check_return_ _CRT_INSECURE_DEPRECATE(_dupenv_s)
      |                    ^
C:\Program Files (x86)\Microsoft Visual Studio\2022\BuildTools\VC\Tools\MSVC\14.44.35207\include\vcruntime.h(368,55): note: expanded from macro '_CRT_INSECURE_DEPRECATE'
  368 |         #define _CRT_INSECURE_DEPRECATE(_Replacement) _CRT_DEPRECATE_TEXT(    \
      |                                                       ^
C:\Program Files (x86)\Microsoft Visual Studio\2022\BuildTools\VC\Tools\MSVC\14.44.35207\include\vcruntime.h(358,47): note: expanded from macro '_CRT_DEPRECATE_TEXT'
  358 | #define _CRT_DEPRECATE_TEXT(_Text) __declspec(deprecated(_Text))
      |                                               ^
In file included from C:\Users\ultim\Desktop\Sonic Adventure Recompiled\src\native_title_adapter.cpp:69:
C:\Users\ultim\Desktop\Sonic Adventure Recompiled\src\sonic_collision_world.hpp(13,53): warning: 'getenv' is deprecated: This function or variable may be unsafe. Consider using _dupenv_s instead. To disable deprecation, use _CRT_SECURE_NO_WARNINGS. See online help for details. [-Wdeprecated-declarations]
   13 |     static const bool on=[] {const auto* value=std::getenv("SARECOMP_NATIVE_WORLD_SDK");
      |                                                     ^
C:\Program Files (x86)\Windows Kits\10\Include\10.0.26100.0\ucrt\stdlib.h(1183,20): note: 'getenv' has been explicitly marked deprecated here
 1183 |     _Check_return_ _CRT_INSECURE_DEPRECATE(_dupenv_s)
      |                    ^
C:\Program Files (x86)\Microsoft Visual Studio\2022\BuildTools\VC\Tools\MSVC\14.44.35207\include\vcruntime.h(368,55): note: expanded from macro '_CRT_INSECURE_DEPRECATE'
  368 |         #define _CRT_INSECURE_DEPRECATE(_Replacement) _CRT_DEPRECATE_TEXT(    \
      |                                                       ^
C:\Program Files (x86)\Microsoft Visual Studio\2022\BuildTools\VC\Tools\MSVC\14.44.35207\include\vcruntime.h(358,47): note: expanded from macro '_CRT_DEPRECATE_TEXT'
  358 | #define _CRT_DEPRECATE_TEXT(_Text) __declspec(deprecated(_Text))
      |                                               ^
In file included from C:\Users\ultim\Desktop\Sonic Adventure Recompiled\src\native_title_adapter.cpp:70:
C:\Users\ultim\Desktop\Sonic Adventure Recompiled\src\sonic_render_hierarchy.hpp(18,49): warning: 'getenv' is deprecated: This function or variable may be unsafe. Consider using _dupenv_s instead. To disable deprecation, use _CRT_SECURE_NO_WARNINGS. See online help for details. [-Wdeprecated-declarations]
   18 |     static const bool on=[] {const auto* v=std::getenv("SARECOMP_NATIVE_RENDER_LOCAL_PROOFS");
      |                                                 ^
C:\Program Files (x86)\Windows Kits\10\Include\10.0.26100.0\ucrt\stdlib.h(1183,20): note: 'getenv' has been explicitly marked deprecated here
 1183 |     _Check_return_ _CRT_INSECURE_DEPRECATE(_dupenv_s)
      |                    ^
C:\Program Files (x86)\Microsoft Visual Studio\2022\BuildTools\VC\Tools\MSVC\14.44.35207\include\vcruntime.h(368,55): note: expanded from macro '_CRT_INSECURE_DEPRECATE'
  368 |         #define _CRT_INSECURE_DEPRECATE(_Replacement) _CRT_DEPRECATE_TEXT(    \
      |                                                       ^
C:\Program Files (x86)\Microsoft Visual Studio\2022\BuildTools\VC\Tools\MSVC\14.44.35207\include\vcruntime.h(358,47): note: expanded from macro '_CRT_DEPRECATE_TEXT'
  358 | #define _CRT_DEPRECATE_TEXT(_Text) __declspec(deprecated(_Text))
      |                                               ^
In file included from C:\Users\ultim\Desktop\Sonic Adventure Recompiled\src\native_title_adapter.cpp:70:
C:\Users\ultim\Desktop\Sonic Adventure Recompiled\src\sonic_render_hierarchy.hpp(36,49): warning: 'getenv' is deprecated: This function or variable may be unsafe. Consider using _dupenv_s instead. To disable deprecation, use _CRT_SECURE_NO_WARNINGS. See online help for details. [-Wdeprecated-declarations]
   36 |     static const bool on=[] {const auto* v=std::getenv("SARECOMP_NATIVE_MORPH_HIERARCHY");
      |                                                 ^
C:\Program Files (x86)\Windows Kits\10\Include\10.0.26100.0\ucrt\stdlib.h(1183,20): note: 'getenv' has been explicitly marked deprecated here
 1183 |     _Check_return_ _CRT_INSECURE_DEPRECATE(_dupenv_s)
      |                    ^
C:\Program Files (x86)\Microsoft Visual Studio\2022\BuildTools\VC\Tools\MSVC\14.44.35207\include\vcruntime.h(368,55): note: expanded from macro '_CRT_INSECURE_DEPRECATE'
  368 |         #define _CRT_INSECURE_DEPRECATE(_Replacement) _CRT_DEPRECATE_TEXT(    \
      |                                                       ^
C:\Program Files (x86)\Microsoft Visual Studio\2022\BuildTools\VC\Tools\MSVC\14.44.35207\include\vcruntime.h(358,47): note: expanded from macro '_CRT_DEPRECATE_TEXT'
  358 | #define _CRT_DEPRECATE_TEXT(_Text) __declspec(deprecated(_Text))
      |                                               ^
In file included from C:\Users\ultim\Desktop\Sonic Adventure Recompiled\src\native_title_adapter.cpp:70:
C:\Users\ultim\Desktop\Sonic Adventure Recompiled\src\sonic_render_hierarchy.hpp(42,49): warning: 'getenv' is deprecated: This function or variable may be unsafe. Consider using _dupenv_s instead. To disable deprecation, use _CRT_SECURE_NO_WARNINGS. See online help for details. [-Wdeprecated-declarations]
   42 |     static const bool on=[] {const auto* v=std::getenv("SARECOMP_NATIVE_LAND_RENDER");
      |                                                 ^
C:\Program Files (x86)\Windows Kits\10\Include\10.0.26100.0\ucrt\stdlib.h(1183,20): note: 'getenv' has been explicitly marked deprecated here
 1183 |     _Check_return_ _CRT_INSECURE_DEPRECATE(_dupenv_s)
      |                    ^
C:\Program Files (x86)\Microsoft Visual Studio\2022\BuildTools\VC\Tools\MSVC\14.44.35207\include\vcruntime.h(368,55): note: expanded from macro '_CRT_INSECURE_DEPRECATE'
  368 |         #define _CRT_INSECURE_DEPRECATE(_Replacement) _CRT_DEPRECATE_TEXT(    \
      |                                                       ^
C:\Program Files (x86)\Microsoft Visual Studio\2022\BuildTools\VC\Tools\MSVC\14.44.35207\include\vcruntime.h(358,47): note: expanded from macro '_CRT_DEPRECATE_TEXT'
  358 | #define _CRT_DEPRECATE_TEXT(_Text) __declspec(deprecated(_Text))
      |                                               ^
In file included from C:\Users\ultim\Desktop\Sonic Adventure Recompiled\src\native_title_adapter.cpp:71:
In file included from C:\Users\ultim\Desktop\Sonic Adventure Recompiled\src\sonic_native_model_memory.hpp:2:
C:\Users\ultim\Desktop\Sonic Adventure Recompiled\src\sonic_scalar_write_view.hpp(30,30): warning: 'getenv' is deprecated: This function or variable may be unsafe. Consider using _dupenv_s instead. To disable deprecation, use _CRT_SECURE_NO_WARNINGS. See online help for details. [-Wdeprecated-declarations]
   30 |         const char* p = std::getenv("SARECOMP_SCALAR_WRITES");
      |                              ^
C:\Program Files (x86)\Windows Kits\10\Include\10.0.26100.0\ucrt\stdlib.h(1183,20): note: 'getenv' has been explicitly marked deprecated here
 1183 |     _Check_return_ _CRT_INSECURE_DEPRECATE(_dupenv_s)
      |                    ^
C:\Program Files (x86)\Microsoft Visual Studio\2022\BuildTools\VC\Tools\MSVC\14.44.35207\include\vcruntime.h(368,55): note: expanded from macro '_CRT_INSECURE_DEPRECATE'
  368 |         #define _CRT_INSECURE_DEPRECATE(_Replacement) _CRT_DEPRECATE_TEXT(    \
      |                                                       ^
C:\Program Files (x86)\Microsoft Visual Studio\2022\BuildTools\VC\Tools\MSVC\14.44.35207\include\vcruntime.h(358,47): note: expanded from macro '_CRT_DEPRECATE_TEXT'
  358 | #define _CRT_DEPRECATE_TEXT(_Text) __declspec(deprecated(_Text))
      |                                               ^
In file included from C:\Users\ultim\Desktop\Sonic Adventure Recompiled\src\native_title_adapter.cpp:71:
In file included from C:\Users\ultim\Desktop\Sonic Adventure Recompiled\src\sonic_native_model_memory.hpp:2:
C:\Users\ultim\Desktop\Sonic Adventure Recompiled\src\sonic_scalar_write_view.hpp(38,30): warning: 'getenv' is deprecated: This function or variable may be unsafe. Consider using _dupenv_s instead. To disable deprecation, use _CRT_SECURE_NO_WARNINGS. See online help for details. [-Wdeprecated-declarations]
   38 |         const char* p = std::getenv("SARECOMP_STACK_FRAMES");
      |                              ^
C:\Program Files (x86)\Windows Kits\10\Include\10.0.26100.0\ucrt\stdlib.h(1183,20): note: 'getenv' has been explicitly marked deprecated here
 1183 |     _Check_return_ _CRT_INSECURE_DEPRECATE(_dupenv_s)
      |                    ^
C:\Program Files (x86)\Microsoft Visual Studio\2022\BuildTools\VC\Tools\MSVC\14.44.35207\include\vcruntime.h(368,55): note: expanded from macro '_CRT_INSECURE_DEPRECATE'
  368 |         #define _CRT_INSECURE_DEPRECATE(_Replacement) _CRT_DEPRECATE_TEXT(    \
      |                                                       ^
C:\Program Files (x86)\Microsoft Visual Studio\2022\BuildTools\VC\Tools\MSVC\14.44.35207\include\vcruntime.h(358,47): note: expanded from macro '_CRT_DEPRECATE_TEXT'
  358 | #define _CRT_DEPRECATE_TEXT(_Text) __declspec(deprecated(_Text))
      |                                               ^
In file included from C:\Users\ultim\Desktop\Sonic Adventure Recompiled\src\native_title_adapter.cpp:71:
In file included from C:\Users\ultim\Desktop\Sonic Adventure Recompiled\src\sonic_native_model_memory.hpp:2:
C:\Users\ultim\Desktop\Sonic Adventure Recompiled\src\sonic_scalar_write_view.hpp(46,30): warning: 'getenv' is deprecated: This function or variable may be unsafe. Consider using _dupenv_s instead. To disable deprecation, use _CRT_SECURE_NO_WARNINGS. See online help for details. [-Wdeprecated-declarations]
   46 |         const char* p = std::getenv("SARECOMP_RAM_REGIONS");
      |                              ^
C:\Program Files (x86)\Windows Kits\10\Include\10.0.26100.0\ucrt\stdlib.h(1183,20): note: 'getenv' has been explicitly marked deprecated here
 1183 |     _Check_return_ _CRT_INSECURE_DEPRECATE(_dupenv_s)
      |                    ^
C:\Program Files (x86)\Microsoft Visual Studio\2022\BuildTools\VC\Tools\MSVC\14.44.35207\include\vcruntime.h(368,55): note: expanded from macro '_CRT_INSECURE_DEPRECATE'
  368 |         #define _CRT_INSECURE_DEPRECATE(_Replacement) _CRT_DEPRECATE_TEXT(    \
      |                                                       ^
C:\Program Files (x86)\Microsoft Visual Studio\2022\BuildTools\VC\Tools\MSVC\14.44.35207\include\vcruntime.h(358,47): note: expanded from macro '_CRT_DEPRECATE_TEXT'
  358 | #define _CRT_DEPRECATE_TEXT(_Text) __declspec(deprecated(_Text))
      |                                               ^
In file included from C:\Users\ultim\Desktop\Sonic Adventure Recompiled\src\native_title_adapter.cpp:72:
C:\Users\ultim\Desktop\Sonic Adventure Recompiled\src\sonic_native_collision_memory.hpp(7,28): warning: 'getenv' is deprecated: This function or variable may be unsafe. Consider using _dupenv_s instead. To disable deprecation, use _CRT_SECURE_NO_WARNINGS. See online help for details. [-Wdeprecated-declarations]
    7 |         const char* p=std::getenv("SARECOMP_NATIVE_COLLISION_MEMORY");
      |                            ^
C:\Program Files (x86)\Windows Kits\10\Include\10.0.26100.0\ucrt\stdlib.h(1183,20): note: 'getenv' has been explicitly marked deprecated here
 1183 |     _Check_return_ _CRT_INSECURE_DEPRECATE(_dupenv_s)
      |                    ^
C:\Program Files (x86)\Microsoft Visual Studio\2022\BuildTools\VC\Tools\MSVC\14.44.35207\include\vcruntime.h(368,55): note: expanded from macro '_CRT_INSECURE_DEPRECATE'
  368 |         #define _CRT_INSECURE_DEPRECATE(_Replacement) _CRT_DEPRECATE_TEXT(    \
      |                                                       ^
C:\Program Files (x86)\Microsoft Visual Studio\2022\BuildTools\VC\Tools\MSVC\14.44.35207\include\vcruntime.h(358,47): note: expanded from macro '_CRT_DEPRECATE_TEXT'
  358 | #define _CRT_DEPRECATE_TEXT(_Text) __declspec(deprecated(_Text))
      |                                               ^
In file included from C:\Users\ultim\Desktop\Sonic Adventure Recompiled\src\native_title_adapter.cpp:72:
C:\Users\ultim\Desktop\Sonic Adventure Recompiled\src\sonic_native_collision_memory.hpp(14,28): warning: 'getenv' is deprecated: This function or variable may be unsafe. Consider using _dupenv_s instead. To disable deprecation, use _CRT_SECURE_NO_WARNINGS. See online help for details. [-Wdeprecated-declarations]
   14 |         const char* p=std::getenv("SARECOMP_NATIVE_COLLISION_CLOSURE");
      |                            ^
C:\Program Files (x86)\Windows Kits\10\Include\10.0.26100.0\ucrt\stdlib.h(1183,20): note: 'getenv' has been explicitly marked deprecated here
 1183 |     _Check_return_ _CRT_INSECURE_DEPRECATE(_dupenv_s)
      |                    ^
C:\Program Files (x86)\Microsoft Visual Studio\2022\BuildTools\VC\Tools\MSVC\14.44.35207\include\vcruntime.h(368,55): note: expanded from macro '_CRT_INSECURE_DEPRECATE'
  368 |         #define _CRT_INSECURE_DEPRECATE(_Replacement) _CRT_DEPRECATE_TEXT(    \
      |                                                       ^
C:\Program Files (x86)\Microsoft Visual Studio\2022\BuildTools\VC\Tools\MSVC\14.44.35207\include\vcruntime.h(358,47): note: expanded from macro '_CRT_DEPRECATE_TEXT'
  358 | #define _CRT_DEPRECATE_TEXT(_Text) __declspec(deprecated(_Text))
      |                                               ^
In file included from C:\Users\ultim\Desktop\Sonic Adventure Recompiled\src\native_title_adapter.cpp:88:
C:\Users\ultim\Desktop\Sonic Adventure Recompiled\src\sonic_atan_math.hpp(42,49): warning: 'getenv' is deprecated: This function or variable may be unsafe. Consider using _dupenv_s instead. To disable deprecation, use _CRT_SECURE_NO_WARNINGS. See online help for details. [-Wdeprecated-declarations]
   42 |     static const bool on=[] {const auto* v=std::getenv("SARECOMP_NATIVE_INVERSE_MEMORY");
      |                                                 ^
C:\Program Files (x86)\Windows Kits\10\Include\10.0.26100.0\ucrt\stdlib.h(1183,20): note: 'getenv' has been explicitly marked deprecated here
 1183 |     _Check_return_ _CRT_INSECURE_DEPRECATE(_dupenv_s)
      |                    ^
C:\Program Files (x86)\Microsoft Visual Studio\2022\BuildTools\VC\Tools\MSVC\14.44.35207\include\vcruntime.h(368,55): note: expanded from macro '_CRT_INSECURE_DEPRECATE'
  368 |         #define _CRT_INSECURE_DEPRECATE(_Replacement) _CRT_DEPRECATE_TEXT(    \
      |                                                       ^
C:\Program Files (x86)\Microsoft Visual Studio\2022\BuildTools\VC\Tools\MSVC\14.44.35207\include\vcruntime.h(358,47): note: expanded from macro '_CRT_DEPRECATE_TEXT'
  358 | #define _CRT_DEPRECATE_TEXT(_Text) __declspec(deprecated(_Text))
      |                                               ^
In file included from C:\Users\ultim\Desktop\Sonic Adventure Recompiled\src\native_title_adapter.cpp:90:
C:\Users\ultim\Desktop\Sonic Adventure Recompiled\src\renderer/sonic_motion.hpp(41,58): warning: 'getenv' is deprecated: This function or variable may be unsafe. Consider using _dupenv_s instead. To disable deprecation, use _CRT_SECURE_NO_WARNINGS. See online help for details. [-Wdeprecated-declarations]
   41 |     static const bool enabled=[] {const auto* value=std::getenv("SARECOMP_MOTION_TRACE");return value&&std::string_view(value)=="1";}();
      |                                                          ^
C:\Program Files (x86)\Windows Kits\10\Include\10.0.26100.0\ucrt\stdlib.h(1183,20): note: 'getenv' has been explicitly marked deprecated here
 1183 |     _Check_return_ _CRT_INSECURE_DEPRECATE(_dupenv_s)
      |                    ^
C:\Program Files (x86)\Microsoft Visual Studio\2022\BuildTools\VC\Tools\MSVC\14.44.35207\include\vcruntime.h(368,55): note: expanded from macro '_CRT_INSECURE_DEPRECATE'
  368 |         #define _CRT_INSECURE_DEPRECATE(_Replacement) _CRT_DEPRECATE_TEXT(    \
      |                                                       ^
C:\Program Files (x86)\Microsoft Visual Studio\2022\BuildTools\VC\Tools\MSVC\14.44.35207\include\vcruntime.h(358,47): note: expanded from macro '_CRT_DEPRECATE_TEXT'
  358 | #define _CRT_DEPRECATE_TEXT(_Text) __declspec(deprecated(_Text))
      |                                               ^
C:\Users\ultim\Desktop\Sonic Adventure Recompiled\src\native_title_adapter.cpp(1869,35): warning: 'getenv' is deprecated: This function or variable may be unsafe. Consider using _dupenv_s instead. To disable deprecation, use _CRT_SECURE_NO_WARNINGS. See online help for details. [-Wdeprecated-declarations]
 1869 |         const auto* hidden = std::getenv("KATANA_PORT_BACKGROUND_TEST");
      |                                   ^
C:\Program Files (x86)\Windows Kits\10\Include\10.0.26100.0\ucrt\stdlib.h(1183,20): note: 'getenv' has been explicitly marked deprecated here
 1183 |     _Check_return_ _CRT_INSECURE_DEPRECATE(_dupenv_s)
      |                    ^
C:\Program Files (x86)\Microsoft Visual Studio\2022\BuildTools\VC\Tools\MSVC\14.44.35207\include\vcruntime.h(368,55): note: expanded from macro '_CRT_INSECURE_DEPRECATE'
  368 |         #define _CRT_INSECURE_DEPRECATE(_Replacement) _CRT_DEPRECATE_TEXT(    \
      |                                                       ^
C:\Program Files (x86)\Microsoft Visual Studio\2022\BuildTools\VC\Tools\MSVC\14.44.35207\include\vcruntime.h(358,47): note: expanded from macro '_CRT_DEPRECATE_TEXT'
  358 | #define _CRT_DEPRECATE_TEXT(_Text) __declspec(deprecated(_Text))
      |                                               ^
C:\Users\ultim\Desktop\Sonic Adventure Recompiled\src\native_title_adapter.cpp(1870,37): warning: 'getenv' is deprecated: This function or variable may be unsafe. Consider using _dupenv_s instead. To disable deprecation, use _CRT_SECURE_NO_WARNINGS. See online help for details. [-Wdeprecated-declarations]
 1870 |         const auto* isolated = std::getenv("SARECOMP_BENCHMARK_ISOLATED_INPUT");
      |                                     ^
C:\Program Files (x86)\Windows Kits\10\Include\10.0.26100.0\ucrt\stdlib.h(1183,20): note: 'getenv' has been explicitly marked deprecated here
 1183 |     _Check_return_ _CRT_INSECURE_DEPRECATE(_dupenv_s)
      |                    ^
C:\Program Files (x86)\Microsoft Visual Studio\2022\BuildTools\VC\Tools\MSVC\14.44.35207\include\vcruntime.h(368,55): note: expanded from macro '_CRT_INSECURE_DEPRECATE'
  368 |         #define _CRT_INSECURE_DEPRECATE(_Replacement) _CRT_DEPRECATE_TEXT(    \
      |                                                       ^
C:\Program Files (x86)\Microsoft Visual Studio\2022\BuildTools\VC\Tools\MSVC\14.44.35207\include\vcruntime.h(358,47): note: expanded from macro '_CRT_DEPRECATE_TEXT'
  358 | #define _CRT_DEPRECATE_TEXT(_Text) __declspec(deprecated(_Text))
      |                                               ^
C:\Users\ultim\Desktop\Sonic Adventure Recompiled\src\native_title_adapter.cpp(1871,34): warning: 'getenv' is deprecated: This function or variable may be unsafe. Consider using _dupenv_s instead. To disable deprecation, use _CRT_SECURE_NO_WARNINGS. See online help for details. [-Wdeprecated-declarations]
 1871 |         const auto* saves = std::getenv("KATANA_USER_DATA_ROOT");
      |                                  ^
C:\Program Files (x86)\Windows Kits\10\Include\10.0.26100.0\ucrt\stdlib.h(1183,20): note: 'getenv' has been explicitly marked deprecated here
 1183 |     _Check_return_ _CRT_INSECURE_DEPRECATE(_dupenv_s)
      |                    ^
C:\Program Files (x86)\Microsoft Visual Studio\2022\BuildTools\VC\Tools\MSVC\14.44.35207\include\vcruntime.h(368,55): note: expanded from macro '_CRT_INSECURE_DEPRECATE'
  368 |         #define _CRT_INSECURE_DEPRECATE(_Replacement) _CRT_DEPRECATE_TEXT(    \
      |                                                       ^
C:\Program Files (x86)\Microsoft Visual Studio\2022\BuildTools\VC\Tools\MSVC\14.44.35207\include\vcruntime.h(358,47): note: expanded from macro '_CRT_DEPRECATE_TEXT'
  358 | #define _CRT_DEPRECATE_TEXT(_Text) __declspec(deprecated(_Text))
      |                                               ^
C:\Users\ultim\Desktop\Sonic Adventure Recompiled\src\native_title_adapter.cpp(1875,37): warning: 'getenv' is deprecated: This function or variable may be unsafe. Consider using _dupenv_s instead. To disable deprecation, use _CRT_SECURE_NO_WARNINGS. See online help for details. [-Wdeprecated-declarations]
 1875 |             const auto* text = std::getenv(name);
      |                                     ^
C:\Program Files (x86)\Windows Kits\10\Include\10.0.26100.0\ucrt\stdlib.h(1183,20): note: 'getenv' has been explicitly marked deprecated here
 1183 |     _Check_return_ _CRT_INSECURE_DEPRECATE(_dupenv_s)
      |                    ^
C:\Program Files (x86)\Microsoft Visual Studio\2022\BuildTools\VC\Tools\MSVC\14.44.35207\include\vcruntime.h(368,55): note: expanded from macro '_CRT_INSECURE_DEPRECATE'
  368 |         #define _CRT_INSECURE_DEPRECATE(_Replacement) _CRT_DEPRECATE_TEXT(    \
      |                                                       ^
C:\Program Files (x86)\Microsoft Visual Studio\2022\BuildTools\VC\Tools\MSVC\14.44.35207\include\vcruntime.h(358,47): note: expanded from macro '_CRT_DEPRECATE_TEXT'
  358 | #define _CRT_DEPRECATE_TEXT(_Text) __declspec(deprecated(_Text))
      |                                               ^
C:\Users\ultim\Desktop\Sonic Adventure Recompiled\src\native_title_adapter.cpp(2314,33): warning: 'getenv' is deprecated: This function or variable may be unsafe. Consider using _dupenv_s instead. To disable deprecation, use _CRT_SECURE_NO_WARNINGS. See online help for details. [-Wdeprecated-declarations]
 2314 |         const auto* flag = std::getenv("SARECOMP_RENDER_COMPLETION_EXPERIMENT");
      |                                 ^
C:\Program Files (x86)\Windows Kits\10\Include\10.0.26100.0\ucrt\stdlib.h(1183,20): note: 'getenv' has been explicitly marked deprecated here
 1183 |     _Check_return_ _CRT_INSECURE_DEPRECATE(_dupenv_s)
      |                    ^
C:\Program Files (x86)\Microsoft Visual Studio\2022\BuildTools\VC\Tools\MSVC\14.44.35207\include\vcruntime.h(368,55): note: expanded from macro '_CRT_INSECURE_DEPRECATE'
  368 |         #define _CRT_INSECURE_DEPRECATE(_Replacement) _CRT_DEPRECATE_TEXT(    \
      |                                                       ^
C:\Program Files (x86)\Microsoft Visual Studio\2022\BuildTools\VC\Tools\MSVC\14.44.35207\include\vcruntime.h(358,47): note: expanded from macro '_CRT_DEPRECATE_TEXT'
  358 | #define _CRT_DEPRECATE_TEXT(_Text) __declspec(deprecated(_Text))
      |                                               ^
C:\Users\ultim\Desktop\Sonic Adventure Recompiled\src\native_title_adapter.cpp(2315,39): warning: 'getenv' is deprecated: This function or variable may be unsafe. Consider using _dupenv_s instead. To disable deprecation, use _CRT_SECURE_NO_WARNINGS. See online help for details. [-Wdeprecated-declarations]
 2315 |         const auto* background = std::getenv("KATANA_PORT_BACKGROUND_TEST");
      |                                       ^
C:\Program Files (x86)\Windows Kits\10\Include\10.0.26100.0\ucrt\stdlib.h(1183,20): note: 'getenv' has been explicitly marked deprecated here
 1183 |     _Check_return_ _CRT_INSECURE_DEPRECATE(_dupenv_s)
      |                    ^
C:\Program Files (x86)\Microsoft Visual Studio\2022\BuildTools\VC\Tools\MSVC\14.44.35207\include\vcruntime.h(368,55): note: expanded from macro '_CRT_INSECURE_DEPRECATE'
  368 |         #define _CRT_INSECURE_DEPRECATE(_Replacement) _CRT_DEPRECATE_TEXT(    \
      |                                                       ^
C:\Program Files (x86)\Microsoft Visual Studio\2022\BuildTools\VC\Tools\MSVC\14.44.35207\include\vcruntime.h(358,47): note: expanded from macro '_CRT_DEPRECATE_TEXT'
  358 | #define _CRT_DEPRECATE_TEXT(_Text) __declspec(deprecated(_Text))
      |                                               ^
C:\Users\ultim\Desktop\Sonic Adventure Recompiled\src\native_title_adapter.cpp(2324,31): warning: 'getenv' is deprecated: This function or variable may be unsafe. Consider using _dupenv_s instead. To disable deprecation, use _CRT_SECURE_NO_WARNINGS. See online help for details. [-Wdeprecated-declarations]
 2324 |         const auto* flag=std::getenv("SARECOMP_SIXTY_FRAME_INTERACTIVE");
      |                               ^
C:\Program Files (x86)\Windows Kits\10\Include\10.0.26100.0\ucrt\stdlib.h(1183,20): note: 'getenv' has been explicitly marked deprecated here
 1183 |     _Check_return_ _CRT_INSECURE_DEPRECATE(_dupenv_s)
      |                    ^
C:\Program Files (x86)\Microsoft Visual Studio\2022\BuildTools\VC\Tools\MSVC\14.44.35207\include\vcruntime.h(368,55): note: expanded from macro '_CRT_INSECURE_DEPRECATE'
  368 |         #define _CRT_INSECURE_DEPRECATE(_Replacement) _CRT_DEPRECATE_TEXT(    \
      |                                                       ^
C:\Program Files (x86)\Microsoft Visual Studio\2022\BuildTools\VC\Tools\MSVC\14.44.35207\include\vcruntime.h(358,47): note: expanded from macro '_CRT_DEPRECATE_TEXT'
  358 | #define _CRT_DEPRECATE_TEXT(_Text) __declspec(deprecated(_Text))
      |                                               ^
C:\Users\ultim\Desktop\Sonic Adventure Recompiled\src\native_title_adapter.cpp(2325,32): warning: 'getenv' is deprecated: This function or variable may be unsafe. Consider using _dupenv_s instead. To disable deprecation, use _CRT_SECURE_NO_WARNINGS. See online help for details. [-Wdeprecated-declarations]
 2325 |         const auto* saves=std::getenv("KATANA_USER_DATA_ROOT");
      |                                ^
C:\Program Files (x86)\Windows Kits\10\Include\10.0.26100.0\ucrt\stdlib.h(1183,20): note: 'getenv' has been explicitly marked deprecated here
 1183 |     _Check_return_ _CRT_INSECURE_DEPRECATE(_dupenv_s)
      |                    ^
C:\Program Files (x86)\Microsoft Visual Studio\2022\BuildTools\VC\Tools\MSVC\14.44.35207\include\vcruntime.h(368,55): note: expanded from macro '_CRT_INSECURE_DEPRECATE'
  368 |         #define _CRT_INSECURE_DEPRECATE(_Replacement) _CRT_DEPRECATE_TEXT(    \
      |                                                       ^
C:\Program Files (x86)\Microsoft Visual Studio\2022\BuildTools\VC\Tools\MSVC\14.44.35207\include\vcruntime.h(358,47): note: expanded from macro '_CRT_DEPRECATE_TEXT'
  358 | #define _CRT_DEPRECATE_TEXT(_Text) __declspec(deprecated(_Text))
      |                                               ^
C:\Users\ultim\Desktop\Sonic Adventure Recompiled\src\native_title_adapter.cpp(2333,31): warning: 'getenv' is deprecated: This function or variable may be unsafe. Consider using _dupenv_s instead. To disable deprecation, use _CRT_SECURE_NO_WARNINGS. See online help for details. [-Wdeprecated-declarations]
 2333 |         const auto* flag=std::getenv("SARECOMP_SIXTY_FRAME_MATRIX");
      |                               ^
C:\Program Files (x86)\Windows Kits\10\Include\10.0.26100.0\ucrt\stdlib.h(1183,20): note: 'getenv' has been explicitly marked deprecated here
 1183 |     _Check_return_ _CRT_INSECURE_DEPRECATE(_dupenv_s)
      |                    ^
C:\Program Files (x86)\Microsoft Visual Studio\2022\BuildTools\VC\Tools\MSVC\14.44.35207\include\vcruntime.h(368,55): note: expanded from macro '_CRT_INSECURE_DEPRECATE'
  368 |         #define _CRT_INSECURE_DEPRECATE(_Replacement) _CRT_DEPRECATE_TEXT(    \
      |                                                       ^
C:\Program Files (x86)\Microsoft Visual Studio\2022\BuildTools\VC\Tools\MSVC\14.44.35207\include\vcruntime.h(358,47): note: expanded from macro '_CRT_DEPRECATE_TEXT'
  358 | #define _CRT_DEPRECATE_TEXT(_Text) __declspec(deprecated(_Text))
      |                                               ^
C:\Users\ultim\Desktop\Sonic Adventure Recompiled\src\native_title_adapter.cpp(2334,33): warning: 'getenv' is deprecated: This function or variable may be unsafe. Consider using _dupenv_s instead. To disable deprecation, use _CRT_SECURE_NO_WARNINGS. See online help for details. [-Wdeprecated-declarations]
 2334 |         const auto* hidden=std::getenv("KATANA_PORT_BACKGROUND_TEST");
      |                                 ^
C:\Program Files (x86)\Windows Kits\10\Include\10.0.26100.0\ucrt\stdlib.h(1183,20): note: 'getenv' has been explicitly marked deprecated here
 1183 |     _Check_return_ _CRT_INSECURE_DEPRECATE(_dupenv_s)
      |                    ^
C:\Program Files (x86)\Microsoft Visual Studio\2022\BuildTools\VC\Tools\MSVC\14.44.35207\include\vcruntime.h(368,55): note: expanded from macro '_CRT_INSECURE_DEPRECATE'
  368 |         #define _CRT_INSECURE_DEPRECATE(_Replacement) _CRT_DEPRECATE_TEXT(    \
      |                                                       ^
C:\Program Files (x86)\Microsoft Visual Studio\2022\BuildTools\VC\Tools\MSVC\14.44.35207\include\vcruntime.h(358,47): note: expanded from macro '_CRT_DEPRECATE_TEXT'
  358 | #define _CRT_DEPRECATE_TEXT(_Text) __declspec(deprecated(_Text))
      |                                               ^
C:\Users\ultim\Desktop\Sonic Adventure Recompiled\src\native_title_adapter.cpp(2342,33): warning: 'getenv' is deprecated: This function or variable may be unsafe. Consider using _dupenv_s instead. To disable deprecation, use _CRT_SECURE_NO_WARNINGS. See online help for details. [-Wdeprecated-declarations]
 2342 |         const auto* flag = std::getenv("SARECOMP_SIXTY_FRAME_FIXTURE");
      |                                 ^
C:\Program Files (x86)\Windows Kits\10\Include\10.0.26100.0\ucrt\stdlib.h(1183,20): note: 'getenv' has been explicitly marked deprecated here
 1183 |     _Check_return_ _CRT_INSECURE_DEPRECATE(_dupenv_s)
      |                    ^
C:\Program Files (x86)\Microsoft Visual Studio\2022\BuildTools\VC\Tools\MSVC\14.44.35207\include\vcruntime.h(368,55): note: expanded from macro '_CRT_INSECURE_DEPRECATE'
  368 |         #define _CRT_INSECURE_DEPRECATE(_Replacement) _CRT_DEPRECATE_TEXT(    \
      |                                                       ^
C:\Program Files (x86)\Microsoft Visual Studio\2022\BuildTools\VC\Tools\MSVC\14.44.35207\include\vcruntime.h(358,47): note: expanded from macro '_CRT_DEPRECATE_TEXT'
  358 | #define _CRT_DEPRECATE_TEXT(_Text) __declspec(deprecated(_Text))
      |                                               ^
C:\Users\ultim\Desktop\Sonic Adventure Recompiled\src\native_title_adapter.cpp(2343,39): warning: 'getenv' is deprecated: This function or variable may be unsafe. Consider using _dupenv_s instead. To disable deprecation, use _CRT_SECURE_NO_WARNINGS. See online help for details. [-Wdeprecated-declarations]
 2343 |         const auto* background = std::getenv("KATANA_PORT_BACKGROUND_TEST");
      |                                       ^
C:\Program Files (x86)\Windows Kits\10\Include\10.0.26100.0\ucrt\stdlib.h(1183,20): note: 'getenv' has been explicitly marked deprecated here
 1183 |     _Check_return_ _CRT_INSECURE_DEPRECATE(_dupenv_s)
      |                    ^
C:\Program Files (x86)\Microsoft Visual Studio\2022\BuildTools\VC\Tools\MSVC\14.44.35207\include\vcruntime.h(368,55): note: expanded from macro '_CRT_INSECURE_DEPRECATE'
  368 |         #define _CRT_INSECURE_DEPRECATE(_Replacement) _CRT_DEPRECATE_TEXT(    \
      |                                                       ^
C:\Program Files (x86)\Microsoft Visual Studio\2022\BuildTools\VC\Tools\MSVC\14.44.35207\include\vcruntime.h(358,47): note: expanded from macro '_CRT_DEPRECATE_TEXT'
  358 | #define _CRT_DEPRECATE_TEXT(_Text) __declspec(deprecated(_Text))
      |                                               ^
C:\Users\ultim\Desktop\Sonic Adventure Recompiled\src\native_title_adapter.cpp(2344,34): warning: 'getenv' is deprecated: This function or variable may be unsafe. Consider using _dupenv_s instead. To disable deprecation, use _CRT_SECURE_NO_WARNINGS. See online help for details. [-Wdeprecated-declarations]
 2344 |         const auto* probe = std::getenv("KATANA_SONIC_GAMEPLAY_PROBE");
      |                                  ^
C:\Program Files (x86)\Windows Kits\10\Include\10.0.26100.0\ucrt\stdlib.h(1183,20): note: 'getenv' has been explicitly marked deprecated here
 1183 |     _Check_return_ _CRT_INSECURE_DEPRECATE(_dupenv_s)
      |                    ^
C:\Program Files (x86)\Microsoft Visual Studio\2022\BuildTools\VC\Tools\MSVC\14.44.35207\include\vcruntime.h(368,55): note: expanded from macro '_CRT_INSECURE_DEPRECATE'
  368 |         #define _CRT_INSECURE_DEPRECATE(_Replacement) _CRT_DEPRECATE_TEXT(    \
      |                                                       ^
C:\Program Files (x86)\Microsoft Visual Studio\2022\BuildTools\VC\Tools\MSVC\14.44.35207\include\vcruntime.h(358,47): note: expanded from macro '_CRT_DEPRECATE_TEXT'
  358 | #define _CRT_DEPRECATE_TEXT(_Text) __declspec(deprecated(_Text))
      |                                               ^
C:\Users\ultim\Desktop\Sonic Adventure Recompiled\src\native_title_adapter.cpp(2345,37): warning: 'getenv' is deprecated: This function or variable may be unsafe. Consider using _dupenv_s instead. To disable deprecation, use _CRT_SECURE_NO_WARNINGS. See online help for details. [-Wdeprecated-declarations]
 2345 |         const auto* scenario = std::getenv("KATANA_SONIC_PRIVATE_SCENARIO");
      |                                     ^
C:\Program Files (x86)\Windows Kits\10\Include\10.0.26100.0\ucrt\stdlib.h(1183,20): note: 'getenv' has been explicitly marked deprecated here
 1183 |     _Check_return_ _CRT_INSECURE_DEPRECATE(_dupenv_s)
      |                    ^
C:\Program Files (x86)\Microsoft Visual Studio\2022\BuildTools\VC\Tools\MSVC\14.44.35207\include\vcruntime.h(368,55): note: expanded from macro '_CRT_INSECURE_DEPRECATE'
  368 |         #define _CRT_INSECURE_DEPRECATE(_Replacement) _CRT_DEPRECATE_TEXT(    \
      |                                                       ^
C:\Program Files (x86)\Microsoft Visual Studio\2022\BuildTools\VC\Tools\MSVC\14.44.35207\include\vcruntime.h(358,47): note: expanded from macro '_CRT_DEPRECATE_TEXT'
  358 | #define _CRT_DEPRECATE_TEXT(_Text) __declspec(deprecated(_Text))
      |                                               ^
C:\Users\ultim\Desktop\Sonic Adventure Recompiled\src\native_title_adapter.cpp(2361,35): warning: 'getenv' is deprecated: This function or variable may be unsafe. Consider using _dupenv_s instead. To disable deprecation, use _CRT_SECURE_NO_WARNINGS. See online help for details. [-Wdeprecated-declarations]
 2361 |         const auto* original=std::getenv("SARECOMP_ORIGINAL_CADENCE");
      |                                   ^
C:\Program Files (x86)\Windows Kits\10\Include\10.0.26100.0\ucrt\stdlib.h(1183,20): note: 'getenv' has been explicitly marked deprecated here
 1183 |     _Check_return_ _CRT_INSECURE_DEPRECATE(_dupenv_s)
      |                    ^
C:\Program Files (x86)\Microsoft Visual Studio\2022\BuildTools\VC\Tools\MSVC\14.44.35207\include\vcruntime.h(368,55): note: expanded from macro '_CRT_INSECURE_DEPRECATE'
  368 |         #define _CRT_INSECURE_DEPRECATE(_Replacement) _CRT_DEPRECATE_TEXT(    \
      |                                                       ^
C:\Program Files (x86)\Microsoft Visual Studio\2022\BuildTools\VC\Tools\MSVC\14.44.35207\include\vcruntime.h(358,47): note: expanded from macro '_CRT_DEPRECATE_TEXT'
  358 | #define _CRT_DEPRECATE_TEXT(_Text) __declspec(deprecated(_Text))
      |                                               ^
C:\Users\ultim\Desktop\Sonic Adventure Recompiled\src\native_title_adapter.cpp(2409,32): warning: 'getenv' is deprecated: This function or variable may be unsafe. Consider using _dupenv_s instead. To disable deprecation, use _CRT_SECURE_NO_WARNINGS. See online help for details. [-Wdeprecated-declarations]
 2409 |         const auto* value=std::getenv("SARECOMP_HIDDEN_TRANSITION_TEST");
      |                                ^
C:\Program Files (x86)\Windows Kits\10\Include\10.0.26100.0\ucrt\stdlib.h(1183,20): note: 'getenv' has been explicitly marked deprecated here
 1183 |     _Check_return_ _CRT_INSECURE_DEPRECATE(_dupenv_s)
      |                    ^
C:\Program Files (x86)\Microsoft Visual Studio\2022\BuildTools\VC\Tools\MSVC\14.44.35207\include\vcruntime.h(368,55): note: expanded from macro '_CRT_INSECURE_DEPRECATE'
  368 |         #define _CRT_INSECURE_DEPRECATE(_Replacement) _CRT_DEPRECATE_TEXT(    \
      |                                                       ^
C:\Program Files (x86)\Microsoft Visual Studio\2022\BuildTools\VC\Tools\MSVC\14.44.35207\include\vcruntime.h(358,47): note: expanded from macro '_CRT_DEPRECATE_TEXT'
  358 | #define _CRT_DEPRECATE_TEXT(_Text) __declspec(deprecated(_Text))
      |                                               ^
C:\Users\ultim\Desktop\Sonic Adventure Recompiled\src\native_title_adapter.cpp(2410,33): warning: 'getenv' is deprecated: This function or variable may be unsafe. Consider using _dupenv_s instead. To disable deprecation, use _CRT_SECURE_NO_WARNINGS. See online help for details. [-Wdeprecated-declarations]
 2410 |         const auto* hidden=std::getenv("KATANA_PORT_BACKGROUND_TEST");
      |                                 ^
C:\Program Files (x86)\Windows Kits\10\Include\10.0.26100.0\ucrt\stdlib.h(1183,20): note: 'getenv' has been explicitly marked deprecated here
 1183 |     _Check_return_ _CRT_INSECURE_DEPRECATE(_dupenv_s)
      |                    ^
C:\Program Files (x86)\Microsoft Visual Studio\2022\BuildTools\VC\Tools\MSVC\14.44.35207\include\vcruntime.h(368,55): note: expanded from macro '_CRT_INSECURE_DEPRECATE'
  368 |         #define _CRT_INSECURE_DEPRECATE(_Replacement) _CRT_DEPRECATE_TEXT(    \
      |                                                       ^
C:\Program Files (x86)\Microsoft Visual Studio\2022\BuildTools\VC\Tools\MSVC\14.44.35207\include\vcruntime.h(358,47): note: expanded from macro '_CRT_DEPRECATE_TEXT'
  358 | #define _CRT_DEPRECATE_TEXT(_Text) __declspec(deprecated(_Text))
      |                                               ^
C:\Users\ultim\Desktop\Sonic Adventure Recompiled\src\native_title_adapter.cpp(2411,35): warning: 'getenv' is deprecated: This function or variable may be unsafe. Consider using _dupenv_s instead. To disable deprecation, use _CRT_SECURE_NO_WARNINGS. See online help for details. [-Wdeprecated-declarations]
 2411 |         const auto* isolated=std::getenv("SARECOMP_BENCHMARK_ISOLATED_INPUT");
      |                                   ^
C:\Program Files (x86)\Windows Kits\10\Include\10.0.26100.0\ucrt\stdlib.h(1183,20): note: 'getenv' has been explicitly marked deprecated here
 1183 |     _Check_return_ _CRT_INSECURE_DEPRECATE(_dupenv_s)
      |                    ^
C:\Program Files (x86)\Microsoft Visual Studio\2022\BuildTools\VC\Tools\MSVC\14.44.35207\include\vcruntime.h(368,55): note: expanded from macro '_CRT_INSECURE_DEPRECATE'
  368 |         #define _CRT_INSECURE_DEPRECATE(_Replacement) _CRT_DEPRECATE_TEXT(    \
      |                                                       ^
C:\Program Files (x86)\Microsoft Visual Studio\2022\BuildTools\VC\Tools\MSVC\14.44.35207\include\vcruntime.h(358,47): note: expanded from macro '_CRT_DEPRECATE_TEXT'
  358 | #define _CRT_DEPRECATE_TEXT(_Text) __declspec(deprecated(_Text))
      |                                               ^
C:\Users\ultim\Desktop\Sonic Adventure Recompiled\src\native_title_adapter.cpp(2412,32): warning: 'getenv' is deprecated: This function or variable may be unsafe. Consider using _dupenv_s instead. To disable deprecation, use _CRT_SECURE_NO_WARNINGS. See online help for details. [-Wdeprecated-declarations]
 2412 |         const auto* saves=std::getenv("KATANA_USER_DATA_ROOT");
      |                                ^
C:\Program Files (x86)\Windows Kits\10\Include\10.0.26100.0\ucrt\stdlib.h(1183,20): note: 'getenv' has been explicitly marked deprecated here
 1183 |     _Check_return_ _CRT_INSECURE_DEPRECATE(_dupenv_s)
      |                    ^
C:\Program Files (x86)\Microsoft Visual Studio\2022\BuildTools\VC\Tools\MSVC\14.44.35207\include\vcruntime.h(368,55): note: expanded from macro '_CRT_INSECURE_DEPRECATE'
  368 |         #define _CRT_INSECURE_DEPRECATE(_Replacement) _CRT_DEPRECATE_TEXT(    \
      |                                                       ^
C:\Program Files (x86)\Microsoft Visual Studio\2022\BuildTools\VC\Tools\MSVC\14.44.35207\include\vcruntime.h(358,47): note: expanded from macro '_CRT_DEPRECATE_TEXT'
  358 | #define _CRT_DEPRECATE_TEXT(_Text) __declspec(deprecated(_Text))
      |                                               ^
C:\Users\ultim\Desktop\Sonic Adventure Recompiled\src\native_title_adapter.cpp(3884,66): warning: missing field 'instruction' initializer [-Wmissing-field-initializers]
 3884 |                 katana::runtime::GuestMemoryAccessContext{address});
      |                                                                  ^
C:\Users\ultim\Desktop\Sonic Adventure Recompiled\src\native_title_adapter.cpp(15606,40): warning: missing field 'per_texture_catalog_indices' initializer [-Wmissing-field-initializers]
 15606 |                  catalog->catalog_index});
       |                                        ^
C:\Users\ultim\Desktop\Sonic Adventure Recompiled\src\native_title_adapter.cpp(21209,42): warning: '&&' within '||' [-Wlogical-op-parentheses]
 21209 |         if (value == ':' || value == '.' && component_is_empty)
       |                          ~~ ~~~~~~~~~~~~~^~~~~~~~~~~~~~~~~~~~~
C:\Users\ultim\Desktop\Sonic Adventure Recompiled\src\native_title_adapter.cpp(21209,42): note: place parentheses around the '&&' expression to silence this warning
 21209 |         if (value == ':' || value == '.' && component_is_empty)
       |                                          ^
       |                             (                                 )
C:\Users\ultim\Desktop\Sonic Adventure Recompiled\src\native_title_adapter.cpp(21901,1): warning: 'sonic_native_sixty_frame_cadence' has C-linkage specified, but returns user-defined type 'katana::runtime::NativePortHookResult' which is incompatible with C [-Wreturn-type-c-linkage]
 21901 | sonic_native_sixty_frame_cadence(katana::runtime::NativePortContext& context) noexcept {
       | ^
C:\Users\ultim\Desktop\Sonic Adventure Recompiled\src\native_title_adapter.cpp(21943,1): warning: 'sonic_native_rumble_capability' has C-linkage specified, but returns user-defined type 'katana::runtime::NativePortHookResult' which is incompatible with C [-Wreturn-type-c-linkage]
 21943 | sonic_native_rumble_capability(katana::runtime::NativePortContext& context) noexcept {
       | ^
C:\Users\ultim\Desktop\Sonic Adventure Recompiled\src\native_title_adapter.cpp(21949,1): warning: 'sonic_native_rumble_configure' has C-linkage specified, but returns user-defined type 'katana::runtime::NativePortHookResult' which is incompatible with C [-Wreturn-type-c-linkage]
 21949 | sonic_native_rumble_configure(katana::runtime::NativePortContext& context) noexcept {
       | ^
C:\Users\ultim\Desktop\Sonic Adventure Recompiled\src\native_title_adapter.cpp(21955,1): warning: 'sonic_native_rumble_request' has C-linkage specified, but returns user-defined type 'katana::runtime::NativePortHookResult' which is incompatible with C [-Wreturn-type-c-linkage]
 21955 | sonic_native_rumble_request(katana::runtime::NativePortContext& context) noexcept {
       | ^
C:\Users\ultim\Desktop\Sonic Adventure Recompiled\src\native_title_adapter.cpp(21967,1): warning: 'sonic_native_rumble_stop' has C-linkage specified, but returns user-defined type 'katana::runtime::NativePortHookResult' which is incompatible with C [-Wreturn-type-c-linkage]
 21967 | sonic_native_rumble_stop(katana::runtime::NativePortContext& context) noexcept {
       | ^
C:\Users\ultim\Desktop\Sonic Adventure Recompiled\src\native_title_adapter.cpp(21974,1): warning: 'sonic_native_private_stage_tuple_override' has C-linkage specified, but returns user-defined type 'katana::runtime::NativePortHookResult' which is incompatible with C [-Wreturn-type-c-linkage]
 21974 | sonic_native_private_stage_tuple_override(
       | ^
C:\Users\ultim\Desktop\Sonic Adventure Recompiled\src\native_title_adapter.cpp(21980,1): warning: 'sonic_native_character_task_update_entry_observe' has C-linkage specified, but returns user-defined type 'katana::runtime::NativePortHookResult' which is incompatible with C [-Wreturn-type-c-linkage]
 21980 | sonic_native_character_task_update_entry_observe(
       | ^
C:\Users\ultim\Desktop\Sonic Adventure Recompiled\src\native_title_adapter.cpp(21988,1): warning: 'sonic_native_character_task_update_exit_observe' has C-linkage specified, but returns user-defined type 'katana::runtime::NativePortHookResult' which is incompatible with C [-Wreturn-type-c-linkage]
 21988 | sonic_native_character_task_update_exit_observe(
       | ^
C:\Users\ultim\Desktop\Sonic Adventure Recompiled\src\native_title_adapter.cpp(21996,1): warning: 'sonic_native_character_task_display_entry_observe' has C-linkage specified, but returns user-defined type 'katana::runtime::NativePortHookResult' which is incompatible with C [-Wreturn-type-c-linkage]
 21996 | sonic_native_character_task_display_entry_observe(
       | ^
C:\Users\ultim\Desktop\Sonic Adventure Recompiled\src\native_title_adapter.cpp(22004,1): warning: 'sonic_native_character_task_display_exit_observe' has C-linkage specified, but returns user-defined type 'katana::runtime::NativePortHookResult' which is incompatible with C [-Wreturn-type-c-linkage]
 22004 | sonic_native_character_task_display_exit_observe(
       | ^
C:\Users\ultim\Desktop\Sonic Adventure Recompiled\src\native_title_adapter.cpp(22012,1): warning: 'sonic_native_input_consumer_8c04d5f0' has C-linkage specified, but returns user-defined type 'katana::runtime::NativePortHookResult' which is incompatible with C [-Wreturn-type-c-linkage]
 22012 | sonic_native_input_consumer_8c04d5f0(
       | ^
C:\Users\ultim\Desktop\Sonic Adventure Recompiled\src\native_title_adapter.cpp(22022,1): warning: 'sonic_native_input_consumer_8c04e19e' has C-linkage specified, but returns user-defined type 'katana::runtime::NativePortHookResult' which is incompatible with C [-Wreturn-type-c-linkage]
 22022 | sonic_native_input_consumer_8c04e19e(
       | ^
C:\Users\ultim\Desktop\Sonic Adventure Recompiled\src\native_title_adapter.cpp(22032,1): warning: 'sonic_native_input_consumer_8c04ebf2' has C-linkage specified, but returns user-defined type 'katana::runtime::NativePortHookResult' which is incompatible with C [-Wreturn-type-c-linkage]
 22032 | sonic_native_input_consumer_8c04ebf2(
       | ^
C:\Users\ultim\Desktop\Sonic Adventure Recompiled\src\native_title_adapter.cpp(22042,1): warning: 'sonic_native_input_consumer_8c04ec20' has C-linkage specified, but returns user-defined type 'katana::runtime::NativePortHookResult' which is incompatible with C [-Wreturn-type-c-linkage]
 22042 | sonic_native_input_consumer_8c04ec20(
       | ^
C:\Users\ultim\Desktop\Sonic Adventure Recompiled\src\native_title_adapter.cpp(22052,1): warning: 'sonic_native_input_consumer_8c0a1258' has C-linkage specified, but returns user-defined type 'katana::runtime::NativePortHookResult' which is incompatible with C [-Wreturn-type-c-linkage]
 22052 | sonic_native_input_consumer_8c0a1258(
       | ^
C:\Users\ultim\Desktop\Sonic Adventure Recompiled\src\native_title_adapter.cpp(22062,1): warning: 'sonic_native_input_consumer_8c0a6264' has C-linkage specified, but returns user-defined type 'katana::runtime::NativePortHookResult' which is incompatible with C [-Wreturn-type-c-linkage]
 22062 | sonic_native_input_consumer_8c0a6264(
       | ^
C:\Users\ultim\Desktop\Sonic Adventure Recompiled\src\native_title_adapter.cpp(22072,1): warning: 'sonic_native_input_consumer_8c0a6388' has C-linkage specified, but returns user-defined type 'katana::runtime::NativePortHookResult' which is incompatible with C [-Wreturn-type-c-linkage]
 22072 | sonic_native_input_consumer_8c0a6388(
       | ^
C:\Users\ultim\Desktop\Sonic Adventure Recompiled\src\native_title_adapter.cpp(22082,1): warning: 'sonic_native_operand_cache_invalidate_range' has C-linkage specified, but returns user-defined type 'katana::runtime::NativePortHookResult' which is incompatible with C [-Wreturn-type-c-linkage]
 22082 | sonic_native_operand_cache_invalidate_range(
       | ^
C:\Users\ultim\Desktop\Sonic Adventure Recompiled\src\native_title_adapter.cpp(22091,1): warning: 'sonic_native_operand_cache_purge_range' has C-linkage specified, but returns user-defined type 'katana::runtime::NativePortHookResult' which is incompatible with C [-Wreturn-type-c-linkage]
 22091 | sonic_native_operand_cache_purge_range(
       | ^
C:\Users\ultim\Desktop\Sonic Adventure Recompiled\src\native_title_adapter.cpp(22100,1): warning: 'sonic_native_operand_cache_writeback_range' has C-linkage specified, but returns user-defined type 'katana::runtime::NativePortHookResult' which is incompatible with C [-Wreturn-type-c-linkage]
 22100 | sonic_native_operand_cache_writeback_range(
       | ^
C:\Users\ultim\Desktop\Sonic Adventure Recompiled\src\native_title_adapter.cpp(22109,1): warning: 'sonic_native_operand_cache_invalidate_all' has C-linkage specified, but returns user-defined type 'katana::runtime::NativePortHookResult' which is incompatible with C [-Wreturn-type-c-linkage]
 22109 | sonic_native_operand_cache_invalidate_all(
       | ^
C:\Users\ultim\Desktop\Sonic Adventure Recompiled\src\native_title_adapter.cpp(22118,1): warning: 'sonic_native_ninja_border_color' has C-linkage specified, but returns user-defined type 'katana::runtime::NativePortHookResult' which is incompatible with C [-Wreturn-type-c-linkage]
 22118 | sonic_native_ninja_border_color(
       | ^
C:\Users\ultim\Desktop\Sonic Adventure Recompiled\src\native_title_adapter.cpp(22140,1): warning: 'sonic_native_ninja_fog_table_color' has C-linkage specified, but returns user-defined type 'katana::runtime::NativePortHookResult' which is incompatible with C [-Wreturn-type-c-linkage]
 22140 | sonic_native_ninja_fog_table_color(
       | ^
C:\Users\ultim\Desktop\Sonic Adventure Recompiled\src\native_title_adapter.cpp(22156,1): warning: 'sonic_native_ninja_fog_density' has C-linkage specified, but returns user-defined type 'katana::runtime::NativePortHookResult' which is incompatible with C [-Wreturn-type-c-linkage]
 22156 | sonic_native_ninja_fog_density(
       | ^
C:\Users\ultim\Desktop\Sonic Adventure Recompiled\src\native_title_adapter.cpp(22214,1): warning: 'sonic_native_ninja_fog_table' has C-linkage specified, but returns user-defined type 'katana::runtime::NativePortHookResult' which is incompatible with C [-Wreturn-type-c-linkage]
 22214 | sonic_native_ninja_fog_table(
       | ^
C:\Users\ultim\Desktop\Sonic Adventure Recompiled\src\native_title_adapter.cpp(22258,1): warning: 'sonic_native_ninja_fog_table_color_direct' has C-linkage specified, but returns user-defined type 'katana::runtime::NativePortHookResult' which is incompatible with C [-Wreturn-type-c-linkage]
 22258 | sonic_native_ninja_fog_table_color_direct(
       | ^
C:\Users\ultim\Desktop\Sonic Adventure Recompiled\src\native_title_adapter.cpp(22273,1): warning: 'sonic_native_ninja_fog_vertex_color_direct' has C-linkage specified, but returns user-defined type 'katana::runtime::NativePortHookResult' which is incompatible with C [-Wreturn-type-c-linkage]
 22273 | sonic_native_ninja_fog_vertex_color_direct(
       | ^
C:\Users\ultim\Desktop\Sonic Adventure Recompiled\src\native_title_adapter.cpp(22288,1): warning: 'sonic_native_ninja_fog_table_direct' has C-linkage specified, but returns user-defined type 'katana::runtime::NativePortHookResult' which is incompatible with C [-Wreturn-type-c-linkage]
 22288 | sonic_native_ninja_fog_table_direct(
       | ^
C:\Users\ultim\Desktop\Sonic Adventure Recompiled\src\native_title_adapter.cpp(22294,1): warning: 'sonic_native_ninja_fog_density_direct' has C-linkage specified, but returns user-defined type 'katana::runtime::NativePortHookResult' which is incompatible with C [-Wreturn-type-c-linkage]
 22294 | sonic_native_ninja_fog_density_direct(
       | ^
C:\Users\ultim\Desktop\Sonic Adventure Recompiled\src\native_title_adapter.cpp(22300,1): warning: 'sonic_native_ninja_cull_value' has C-linkage specified, but returns user-defined type 'katana::runtime::NativePortHookResult' which is incompatible with C [-Wreturn-type-c-linkage]
 22300 | sonic_native_ninja_cull_value(
       | ^
C:\Users\ultim\Desktop\Sonic Adventure Recompiled\src\native_title_adapter.cpp(22498,1): warning: 'sonic_native_transfer_ring_initialize' has C-linkage specified, but returns user-defined type 'katana::runtime::NativePortHookResult' which is incompatible with C [-Wreturn-type-c-linkage]
 22498 | sonic_native_transfer_ring_initialize(
       | ^
C:\Users\ultim\Desktop\Sonic Adventure Recompiled\src\native_title_adapter.cpp(22578,1): warning: 'sonic_native_transfer_ring_reset' has C-linkage specified, but returns user-defined type 'katana::runtime::NativePortHookResult' which is incompatible with C [-Wreturn-type-c-linkage]
 22578 | sonic_native_transfer_ring_reset(
       | ^
C:\Users\ultim\Desktop\Sonic Adventure Recompiled\src\native_title_adapter.cpp(22633,1): warning: 'sonic_native_transfer_ring_submit' has C-linkage specified, but returns user-defined type 'katana::runtime::NativePortHookResult' which is incompatible with C [-Wreturn-type-c-linkage]
 22633 | sonic_native_transfer_ring_submit(
       | ^
C:\Users\ultim\Desktop\Sonic Adventure Recompiled\src\native_title_adapter.cpp(22761,1): warning: 'sonic_native_transfer_ring_drain' has C-linkage specified, but returns user-defined type 'katana::runtime::NativePortHookResult' which is incompatible with C [-Wreturn-type-c-linkage]
 22761 | sonic_native_transfer_ring_drain(
       | ^
C:\Users\ultim\Desktop\Sonic Adventure Recompiled\src\native_title_adapter.cpp(22927,1): warning: 'sonic_native_transfer_resume_all' has C-linkage specified, but returns user-defined type 'katana::runtime::NativePortHookResult' which is incompatible with C [-Wreturn-type-c-linkage]
 22927 | sonic_native_transfer_resume_all(
       | ^
C:\Users\ultim\Desktop\Sonic Adventure Recompiled\src\native_title_adapter.cpp(22933,1): warning: 'sonic_native_transfer_suspend_all' has C-linkage specified, but returns user-defined type 'katana::runtime::NativePortHookResult' which is incompatible with C [-Wreturn-type-c-linkage]
 22933 | sonic_native_transfer_suspend_all(
       | ^
C:\Users\ultim\Desktop\Sonic Adventure Recompiled\src\native_title_adapter.cpp(22982,1): warning: 'sonic_native_transfer_fifo_ready_raw' has C-linkage specified, but returns user-defined type 'katana::runtime::NativePortHookResult' which is incompatible with C [-Wreturn-type-c-linkage]
 22982 | sonic_native_transfer_fifo_ready_raw(
       | ^
C:\Users\ultim\Desktop\Sonic Adventure Recompiled\src\native_title_adapter.cpp(22988,1): warning: 'sonic_native_transfer_audio_fifo_ready' has C-linkage specified, but returns user-defined type 'katana::runtime::NativePortHookResult' which is incompatible with C [-Wreturn-type-c-linkage]
 22988 | sonic_native_transfer_audio_fifo_ready(
       | ^
C:\Users\ultim\Desktop\Sonic Adventure Recompiled\src\native_title_adapter.cpp(22994,1): warning: 'sonic_native_transfer_fifo_ready' has C-linkage specified, but returns user-defined type 'katana::runtime::NativePortHookResult' which is incompatible with C [-Wreturn-type-c-linkage]
 22994 | sonic_native_transfer_fifo_ready(
       | ^
C:\Users\ultim\Desktop\Sonic Adventure Recompiled\src\native_title_adapter.cpp(23416,1): warning: 'sonic_native_audio_foundation_initialize' has C-linkage specified, but returns user-defined type 'katana::runtime::NativePortHookResult' which is incompatible with C [-Wreturn-type-c-linkage]
 23416 | sonic_native_audio_foundation_initialize(
       | ^
C:\Users\ultim\Desktop\Sonic Adventure Recompiled\src\native_title_adapter.cpp(23461,1): warning: 'sonic_native_audio_foundation_shutdown' has C-linkage specified, but returns user-defined type 'katana::runtime::NativePortHookResult' which is incompatible with C [-Wreturn-type-c-linkage]
 23461 | sonic_native_audio_foundation_shutdown(
       | ^
C:\Users\ultim\Desktop\Sonic Adventure Recompiled\src\native_title_adapter.cpp(23491,1): warning: 'sonic_native_sound_driver_initialize' has C-linkage specified, but returns user-defined type 'katana::runtime::NativePortHookResult' which is incompatible with C [-Wreturn-type-c-linkage]
 23491 | sonic_native_sound_driver_initialize(
       | ^
C:\Users\ultim\Desktop\Sonic Adventure Recompiled\src\native_title_adapter.cpp(23518,1): warning: 'sonic_native_sound_output_mode_initialize' has C-linkage specified, but returns user-defined type 'katana::runtime::NativePortHookResult' which is incompatible with C [-Wreturn-type-c-linkage]
 23518 | sonic_native_sound_output_mode_initialize(
       | ^
C:\Users\ultim\Desktop\Sonic Adventure Recompiled\src\native_title_adapter.cpp(23550,1): warning: 'sonic_native_sound_port_table_initialize' has C-linkage specified, but returns user-defined type 'katana::runtime::NativePortHookResult' which is incompatible with C [-Wreturn-type-c-linkage]
 23550 | sonic_native_sound_port_table_initialize(
       | ^
C:\Users\ultim\Desktop\Sonic Adventure Recompiled\src\native_title_adapter.cpp(23576,1): warning: 'sonic_native_audio_defaults' has C-linkage specified, but returns user-defined type 'katana::runtime::NativePortHookResult' which is incompatible with C [-Wreturn-type-c-linkage]
 23576 | sonic_native_audio_defaults(
       | ^
C:\Users\ultim\Desktop\Sonic Adventure Recompiled\src\native_title_adapter.cpp(23616,1): warning: 'sonic_native_audio_service' has C-linkage specified, but returns user-defined type 'katana::runtime::NativePortHookResult' which is incompatible with C [-Wreturn-type-c-linkage]
 23616 | sonic_native_audio_service(
       | ^
C:\Users\ultim\Desktop\Sonic Adventure Recompiled\src\native_title_adapter.cpp(23655,1): warning: 'sonic_native_sound_frame_service' has C-linkage specified, but returns user-defined type 'katana::runtime::NativePortHookResult' which is incompatible with C [-Wreturn-type-c-linkage]
 23655 | sonic_native_sound_frame_service(
       | ^
C:\Users\ultim\Desktop\Sonic Adventure Recompiled\src\native_title_adapter.cpp(24164,1): warning: 'sonic_native_sound_collection_load' has C-linkage specified, but returns user-defined type 'katana::runtime::NativePortHookResult' which is incompatible with C [-Wreturn-type-c-linkage]
 24164 | sonic_native_sound_collection_load(
       | ^
C:\Users\ultim\Desktop\Sonic Adventure Recompiled\src\native_title_adapter.cpp(24189,1): warning: 'sonic_native_adxt_start_file' has C-linkage specified, but returns user-defined type 'katana::runtime::NativePortHookResult' which is incompatible with C [-Wreturn-type-c-linkage]
 24189 | sonic_native_adxt_start_file(
       | ^
C:\Users\ultim\Desktop\Sonic Adventure Recompiled\src\native_title_adapter.cpp(24359,1): warning: 'sonic_native_adxt_start_afs' has C-linkage specified, but returns user-defined type 'katana::runtime::NativePortHookResult' which is incompatible with C [-Wreturn-type-c-linkage]
 24359 | sonic_native_adxt_start_afs(
       | ^
C:\Users\ultim\Desktop\Sonic Adventure Recompiled\src\native_title_adapter.cpp(24502,50): warning: 'sonic_native_adxt_status' has C-linkage specified, but returns user-defined type 'katana::runtime::NativePortHookResult' which is incompatible with C [-Wreturn-type-c-linkage]
 24502 | extern "C" katana::runtime::NativePortHookResult sonic_native_adxt_status(
       |                                                  ^
C:\Users\ultim\Desktop\Sonic Adventure Recompiled\src\native_title_adapter.cpp(24533,50): warning: 'sonic_native_adxt_time' has C-linkage specified, but returns user-defined type 'katana::runtime::NativePortHookResult' which is incompatible with C [-Wreturn-type-c-linkage]
 24533 | extern "C" katana::runtime::NativePortHookResult sonic_native_adxt_time(
       |                                                  ^
C:\Users\ultim\Desktop\Sonic Adventure Recompiled\src\native_title_adapter.cpp(24605,50): warning: 'sonic_native_adxt_stop' has C-linkage specified, but returns user-defined type 'katana::runtime::NativePortHookResult' which is incompatible with C [-Wreturn-type-c-linkage]
 24605 | extern "C" katana::runtime::NativePortHookResult sonic_native_adxt_stop(
       |                                                  ^
C:\Users\ultim\Desktop\Sonic Adventure Recompiled\src\native_title_adapter.cpp(24658,50): warning: 'sonic_native_adxt_destroy' has C-linkage specified, but returns user-defined type 'katana::runtime::NativePortHookResult' which is incompatible with C [-Wreturn-type-c-linkage]
 24658 | extern "C" katana::runtime::NativePortHookResult sonic_native_adxt_destroy(
       |                                                  ^
C:\Users\ultim\Desktop\Sonic Adventure Recompiled\src\native_title_adapter.cpp(24734,1): warning: 'sonic_native_adxt_output_volume' has C-linkage specified, but returns user-defined type 'katana::runtime::NativePortHookResult' which is incompatible with C [-Wreturn-type-c-linkage]
 24734 | sonic_native_adxt_output_volume(
       | ^
C:\Users\ultim\Desktop\Sonic Adventure Recompiled\src\native_title_adapter.cpp(25082,1): warning: 'sonic_native_sound_bank_chunk_register' has C-linkage specified, but returns user-defined type 'katana::runtime::NativePortHookResult' which is incompatible with C [-Wreturn-type-c-linkage]
 25082 | sonic_native_sound_bank_chunk_register(
       | ^
C:\Users\ultim\Desktop\Sonic Adventure Recompiled\src\native_title_adapter.cpp(25257,1): warning: 'sonic_native_midi_initialize' has C-linkage specified, but returns user-defined type 'katana::runtime::NativePortHookResult' which is incompatible with C [-Wreturn-type-c-linkage]
 25257 | sonic_native_midi_initialize(
       | ^
C:\Users\ultim\Desktop\Sonic Adventure Recompiled\src\native_title_adapter.cpp(25281,50): warning: 'sonic_native_midi_volume' has C-linkage specified, but returns user-defined type 'katana::runtime::NativePortHookResult' which is incompatible with C [-Wreturn-type-c-linkage]
 25281 | extern "C" katana::runtime::NativePortHookResult sonic_native_midi_volume(
       |                                                  ^
C:\Users\ultim\Desktop\Sonic Adventure Recompiled\src\native_title_adapter.cpp(25302,50): warning: 'sonic_native_midi_pan' has C-linkage specified, but returns user-defined type 'katana::runtime::NativePortHookResult' which is incompatible with C [-Wreturn-type-c-linkage]
 25302 | extern "C" katana::runtime::NativePortHookResult sonic_native_midi_pan(
       |                                                  ^
C:\Users\ultim\Desktop\Sonic Adventure Recompiled\src\native_title_adapter.cpp(25330,50): warning: 'sonic_native_midi_pitch' has C-linkage specified, but returns user-defined type 'katana::runtime::NativePortHookResult' which is incompatible with C [-Wreturn-type-c-linkage]
 25330 | extern "C" katana::runtime::NativePortHookResult sonic_native_midi_pitch(
       |                                                  ^
C:\Users\ultim\Desktop\Sonic Adventure Recompiled\src\native_title_adapter.cpp(25355,50): warning: 'sonic_native_midi_note_on' has C-linkage specified, but returns user-defined type 'katana::runtime::NativePortHookResult' which is incompatible with C [-Wreturn-type-c-linkage]
 25355 | extern "C" katana::runtime::NativePortHookResult sonic_native_midi_note_on(
       |                                                  ^
C:\Users\ultim\Desktop\Sonic Adventure Recompiled\src\native_title_adapter.cpp(25377,50): warning: 'sonic_native_midi_note_off' has C-linkage specified, but returns user-defined type 'katana::runtime::NativePortHookResult' which is incompatible with C [-Wreturn-type-c-linkage]
 25377 | extern "C" katana::runtime::NativePortHookResult sonic_native_midi_note_off(
       |                                                  ^
C:\Users\ultim\Desktop\Sonic Adventure Recompiled\src\native_title_adapter.cpp(25488,50): warning: 'sonic_native_sound_play' has C-linkage specified, but returns user-defined type 'katana::runtime::NativePortHookResult' which is incompatible with C [-Wreturn-type-c-linkage]
 25488 | extern "C" katana::runtime::NativePortHookResult sonic_native_sound_play(
       |                                                  ^
C:\Users\ultim\Desktop\Sonic Adventure Recompiled\src\native_title_adapter.cpp(25698,50): warning: 'sonic_native_sound_stop' has C-linkage specified, but returns user-defined type 'katana::runtime::NativePortHookResult' which is incompatible with C [-Wreturn-type-c-linkage]
 25698 | extern "C" katana::runtime::NativePortHookResult sonic_native_sound_stop(
       |                                                  ^
C:\Users\ultim\Desktop\Sonic Adventure Recompiled\src\native_title_adapter.cpp(25732,50): warning: 'sonic_native_sound_volume' has C-linkage specified, but returns user-defined type 'katana::runtime::NativePortHookResult' which is incompatible with C [-Wreturn-type-c-linkage]
 25732 | extern "C" katana::runtime::NativePortHookResult sonic_native_sound_volume(
       |                                                  ^
C:\Users\ultim\Desktop\Sonic Adventure Recompiled\src\native_title_adapter.cpp(25771,50): warning: 'sonic_native_sound_pan' has C-linkage specified, but returns user-defined type 'katana::runtime::NativePortHookResult' which is incompatible with C [-Wreturn-type-c-linkage]
 25771 | extern "C" katana::runtime::NativePortHookResult sonic_native_sound_pan(
       |                                                  ^
C:\Users\ultim\Desktop\Sonic Adventure Recompiled\src\native_title_adapter.cpp(25805,50): warning: 'sonic_native_sound_pitch' has C-linkage specified, but returns user-defined type 'katana::runtime::NativePortHookResult' which is incompatible with C [-Wreturn-type-c-linkage]
 25805 | extern "C" katana::runtime::NativePortHookResult sonic_native_sound_pitch(
       |                                                  ^
C:\Users\ultim\Desktop\Sonic Adventure Recompiled\src\native_title_adapter.cpp(25836,1): warning: 'sonic_native_sound_close_sequence_ports' has C-linkage specified, but returns user-defined type 'katana::runtime::NativePortHookResult' which is incompatible with C [-Wreturn-type-c-linkage]
 25836 | sonic_native_sound_close_sequence_ports(
       | ^
C:\Users\ultim\Desktop\Sonic Adventure Recompiled\src\native_title_adapter.cpp(25870,1): warning: 'sonic_native_audio_control_transaction' has C-linkage specified, but returns user-defined type 'katana::runtime::NativePortHookResult' which is incompatible with C [-Wreturn-type-c-linkage]
 25870 | sonic_native_audio_control_transaction(
       | ^
C:\Users\ultim\Desktop\Sonic Adventure Recompiled\src\native_title_adapter.cpp(25963,1): warning: 'sonic_native_audio_output_control' has C-linkage specified, but returns user-defined type 'katana::runtime::NativePortHookResult' which is incompatible with C [-Wreturn-type-c-linkage]
 25963 | sonic_native_audio_output_control(
       | ^
C:\Users\ultim\Desktop\Sonic Adventure Recompiled\src\native_title_adapter.cpp(26054,1): warning: 'sonic_native_audio_processor_stop' has C-linkage specified, but returns user-defined type 'katana::runtime::NativePortHookResult' which is incompatible with C [-Wreturn-type-c-linkage]
 26054 | sonic_native_audio_processor_stop(
       | ^
C:\Users\ultim\Desktop\Sonic Adventure Recompiled\src\native_title_adapter.cpp(26060,1): warning: 'sonic_native_audio_processor_start' has C-linkage specified, but returns user-defined type 'katana::runtime::NativePortHookResult' which is incompatible with C [-Wreturn-type-c-linkage]
 26060 | sonic_native_audio_processor_start(
       | ^
C:\Users\ultim\Desktop\Sonic Adventure Recompiled\src\native_title_adapter.cpp(26066,1): warning: 'sonic_native_video_mode_apply' has C-linkage specified, but returns user-defined type 'katana::runtime::NativePortHookResult' which is incompatible with C [-Wreturn-type-c-linkage]
 26066 | sonic_native_video_mode_apply(
       | ^
C:\Users\ultim\Desktop\Sonic Adventure Recompiled\src\native_title_adapter.cpp(26203,1): warning: 'sonic_native_video_mode_60hz' has C-linkage specified, but returns user-defined type 'katana::runtime::NativePortHookResult' which is incompatible with C [-Wreturn-type-c-linkage]
 26203 | sonic_native_video_mode_60hz(
       | ^
C:\Users\ultim\Desktop\Sonic Adventure Recompiled\src\native_title_adapter.cpp(26253,1): warning: 'sonic_native_video_output_commit' has C-linkage specified, but returns user-defined type 'katana::runtime::NativePortHookResult' which is incompatible with C [-Wreturn-type-c-linkage]
 26253 | sonic_native_video_output_commit(
       | ^
C:\Users\ultim\Desktop\Sonic Adventure Recompiled\src\native_title_adapter.cpp(26324,5): warning: 'sonic_native_video_scanout_r_sof1_a' has C-linkage specified, but returns user-defined type 'katana::runtime::NativePortHookResult' which is incompatible with C [-Wreturn-type-c-linkage]
 26324 |     sonic_native_video_scanout_r_sof1_a, 0x50u, 0x8C641C2Eu)
       |     ^
C:\Users\ultim\Desktop\Sonic Adventure Recompiled\src\native_title_adapter.cpp(26326,5): warning: 'sonic_native_video_scanout_r_sof2_a' has C-linkage specified, but returns user-defined type 'katana::runtime::NativePortHookResult' which is incompatible with C [-Wreturn-type-c-linkage]
 26326 |     sonic_native_video_scanout_r_sof2_a, 0x54u, 0x8C641C36u)
       |     ^
C:\Users\ultim\Desktop\Sonic Adventure Recompiled\src\native_title_adapter.cpp(26328,5): warning: 'sonic_native_video_scanout_w_sof1' has C-linkage specified, but returns user-defined type 'katana::runtime::NativePortHookResult' which is incompatible with C [-Wreturn-type-c-linkage]
 26328 |     sonic_native_video_scanout_w_sof1, 0x60u, 0x8C641C3Eu)
       |     ^
C:\Users\ultim\Desktop\Sonic Adventure Recompiled\src\native_title_adapter.cpp(26330,5): warning: 'sonic_native_video_scanout_w_sof2' has C-linkage specified, but returns user-defined type 'katana::runtime::NativePortHookResult' which is incompatible with C [-Wreturn-type-c-linkage]
 26330 |     sonic_native_video_scanout_w_sof2, 0x64u, 0x8C641C46u)
       |     ^
C:\Users\ultim\Desktop\Sonic Adventure Recompiled\src\native_title_adapter.cpp(26332,5): warning: 'sonic_native_video_scanout_r_sof1_b' has C-linkage specified, but returns user-defined type 'katana::runtime::NativePortHookResult' which is incompatible with C [-Wreturn-type-c-linkage]
 26332 |     sonic_native_video_scanout_r_sof1_b, 0x50u, 0x8C641C6Cu)
       |     ^
C:\Users\ultim\Desktop\Sonic Adventure Recompiled\src\native_title_adapter.cpp(26334,5): warning: 'sonic_native_video_scanout_r_sof1_c' has C-linkage specified, but returns user-defined type 'katana::runtime::NativePortHookResult' which is incompatible with C [-Wreturn-type-c-linkage]
 26334 |     sonic_native_video_scanout_r_sof1_c, 0x50u, 0x8C641C7Au)
       |     ^
C:\Users\ultim\Desktop\Sonic Adventure Recompiled\src\native_title_adapter.cpp(26336,5): warning: 'sonic_native_video_scanout_r_sof2_b' has C-linkage specified, but returns user-defined type 'katana::runtime::NativePortHookResult' which is incompatible with C [-Wreturn-type-c-linkage]
 26336 |     sonic_native_video_scanout_r_sof2_b, 0x54u, 0x8C641C82u)
       |     ^
C:\Users\ultim\Desktop\Sonic Adventure Recompiled\src\native_title_adapter.cpp(26347,5): warning: 'sonic_native_video_timing_reset_a' has C-linkage specified, but returns user-defined type 'katana::runtime::NativePortHookResult' which is incompatible with C [-Wreturn-type-c-linkage]
 26347 |     sonic_native_video_timing_reset_a, 0x8C6630D0u)
       |     ^
C:\Users\ultim\Desktop\Sonic Adventure Recompiled\src\native_title_adapter.cpp(26349,5): warning: 'sonic_native_video_timing_reset_b' has C-linkage specified, but returns user-defined type 'katana::runtime::NativePortHookResult' which is incompatible with C [-Wreturn-type-c-linkage]
 26349 |     sonic_native_video_timing_reset_b, 0x8C6630ECu)
       |     ^
C:\Users\ultim\Desktop\Sonic Adventure Recompiled\src\native_title_adapter.cpp(26351,5): warning: 'sonic_native_video_timing_reset_c' has C-linkage specified, but returns user-defined type 'katana::runtime::NativePortHookResult' which is incompatible with C [-Wreturn-type-c-linkage]
 26351 |     sonic_native_video_timing_reset_c, 0x8C663188u)
       |     ^
C:\Users\ultim\Desktop\Sonic Adventure Recompiled\src\native_title_adapter.cpp(26353,5): warning: 'sonic_native_video_timing_reset_d' has C-linkage specified, but returns user-defined type 'katana::runtime::NativePortHookResult' which is incompatible with C [-Wreturn-type-c-linkage]
 26353 |     sonic_native_video_timing_reset_d, 0x8C6631A6u)
       |     ^
C:\Users\ultim\Desktop\Sonic Adventure Recompiled\src\native_title_adapter.cpp(29353,44): warning: 'u8path<std::basic_string<char>, 0>' is deprecated: warning STL4021: The std::filesystem::u8path() overloads are deprecated in C++20. The constructors of std::filesystem::path provide equivalent functionality via construction from u8string, u8string_view, or iterators with value_type char8_t. You can define _SILENCE_CXX20_U8PATH_DEPRECATION_WARNING or _SILENCE_ALL_CXX20_DEPRECATION_WARNINGS to suppress this warning. [-Wdeprecated-declarations]
 29353 |         const auto path = std::filesystem::u8path(request.path);
       |                                            ^
C:\Program Files (x86)\Microsoft Visual Studio\2022\BuildTools\VC\Tools\MSVC\14.44.35207\include\filesystem(1412,5): note: 'u8path<std::basic_string<char>, 0>' has been explicitly marked deprecated here
 1412 |     _CXX20_DEPRECATE_U8PATH _NODISCARD path u8path(const _Src& _Source) { // construct a path from UTF-8 _Source
      |     ^
C:\Program Files (x86)\Microsoft Visual Studio\2022\BuildTools\VC\Tools\MSVC\14.44.35207\include\yvals_core.h(1261,7): note: expanded from macro '_CXX20_DEPRECATE_U8PATH'
 1261 |     [[deprecated("warning STL4021: "                                                                                 \
      |       ^
C:\Users\ultim\Desktop\Sonic Adventure Recompiled\src\native_title_adapter.cpp(29448,1): warning: 'sonic_native_collision_work_allocation_failure' has C-linkage specified, but returns user-defined type 'katana::runtime::NativePortHookResult' which is incompatible with C [-Wreturn-type-c-linkage]
 29448 | sonic_native_collision_work_allocation_failure(
       | ^
C:\Users\ultim\Desktop\Sonic Adventure Recompiled\src\native_title_adapter.cpp(29466,1): warning: 'sonic_native_render_command_arena_configure' has C-linkage specified, but returns user-defined type 'katana::runtime::NativePortHookResult' which is incompatible with C [-Wreturn-type-c-linkage]
 29466 | sonic_native_render_command_arena_configure(
       | ^
C:\Users\ultim\Desktop\Sonic Adventure Recompiled\src\native_title_adapter.cpp(29573,1): warning: 'sonic_native_bootstrap' has C-linkage specified, but returns user-defined type 'katana::runtime::NativePortBootstrapResult' which is incompatible with C [-Wreturn-type-c-linkage]
 29573 | sonic_native_bootstrap(
       | ^
C:\Users\ultim\Desktop\Sonic Adventure Recompiled\src\native_title_adapter.cpp(29773,1): warning: 'sonic_native_standalone_texture_list_load' has C-linkage specified, but returns user-defined type 'katana::runtime::NativePortHookResult' which is incompatible with C [-Wreturn-type-c-linkage]
 29773 | sonic_native_standalone_texture_list_load(
       | ^
C:\Users\ultim\Desktop\Sonic Adventure Recompiled\src\native_title_adapter.cpp(29818,1): warning: 'sonic_native_trial_character_list_guard' has C-linkage specified, but returns user-defined type 'katana::runtime::NativePortHookResult' which is incompatible with C [-Wreturn-type-c-linkage]
 29818 | sonic_native_trial_character_list_guard(
       | ^
C:\Users\ultim\Desktop\Sonic Adventure Recompiled\src\native_title_adapter.cpp(29847,1): warning: 'sonic_native_trial_minigame_list_guard' has C-linkage specified, but returns user-defined type 'katana::runtime::NativePortHookResult' which is incompatible with C [-Wreturn-type-c-linkage]
 29847 | sonic_native_trial_minigame_list_guard(
       | ^
C:\Users\ultim\Desktop\Sonic Adventure Recompiled\src\native_title_adapter.cpp(29853,1): warning: 'sonic_native_main_texture_set_load' has C-linkage specified, but returns user-defined type 'katana::runtime::NativePortHookResult' which is incompatible with C [-Wreturn-type-c-linkage]
 29853 | sonic_native_main_texture_set_load(
       | ^
C:\Users\ultim\Desktop\Sonic Adventure Recompiled\src\native_title_adapter.cpp(29876,1): warning: 'sonic_native_named_texture_archive_load' has C-linkage specified, but returns user-defined type 'katana::runtime::NativePortHookResult' which is incompatible with C [-Wreturn-type-c-linkage]
 29876 | sonic_native_named_texture_archive_load(
       | ^
C:\Users\ultim\Desktop\Sonic Adventure Recompiled\src\native_title_adapter.cpp(30311,1): warning: 'sonic_native_named_texture_archive_release' has C-linkage specified, but returns user-defined type 'katana::runtime::NativePortHookResult' which is incompatible with C [-Wreturn-type-c-linkage]
 30311 | sonic_native_named_texture_archive_release(
       | ^
C:\Users\ultim\Desktop\Sonic Adventure Recompiled\src\native_title_adapter.cpp(30355,1): warning: 'sonic_native_character_texture_set_load' has C-linkage specified, but returns user-defined type 'katana::runtime::NativePortHookResult' which is incompatible with C [-Wreturn-type-c-linkage]
 30355 | sonic_native_character_texture_set_load(
       | ^
C:\Users\ultim\Desktop\Sonic Adventure Recompiled\src\native_title_adapter.cpp(30381,1): warning: 'sonic_native_character_texture_set_release' has C-linkage specified, but returns user-defined type 'katana::runtime::NativePortHookResult' which is incompatible with C [-Wreturn-type-c-linkage]
 30381 | sonic_native_character_texture_set_release(
       | ^
C:\Users\ultim\Desktop\Sonic Adventure Recompiled\src\native_title_adapter.cpp(30402,1): warning: 'sonic_native_character_texture_sets_release_all' has C-linkage specified, but returns user-defined type 'katana::runtime::NativePortHookResult' which is incompatible with C [-Wreturn-type-c-linkage]
 30402 | sonic_native_character_texture_sets_release_all(
       | ^
C:\Users\ultim\Desktop\Sonic Adventure Recompiled\src\native_title_adapter.cpp(30750,1): warning: 'sonic_native_system_bus_revision_read_8c604852' has C-linkage specified, but returns user-defined type 'katana::runtime::NativePortHookResult' which is incompatible with C [-Wreturn-type-c-linkage]
 30750 | sonic_native_system_bus_revision_read_8c604852(
       | ^
C:\Users\ultim\Desktop\Sonic Adventure Recompiled\src\native_title_adapter.cpp(30757,1): warning: 'sonic_native_system_bus_revision_read_8c65f56c' has C-linkage specified, but returns user-defined type 'katana::runtime::NativePortHookResult' which is incompatible with C [-Wreturn-type-c-linkage]
 30757 | sonic_native_system_bus_revision_read_8c65f56c(
       | ^
C:\Users\ultim\Desktop\Sonic Adventure Recompiled\src\native_title_adapter.cpp(30764,1): warning: 'sonic_native_system_bus_revision_read_8c6656b8' has C-linkage specified, but returns user-defined type 'katana::runtime::NativePortHookResult' which is incompatible with C [-Wreturn-type-c-linkage]
 30764 | sonic_native_system_bus_revision_read_8c6656b8(
       | ^
C:\Users\ultim\Desktop\Sonic Adventure Recompiled\src\native_title_adapter.cpp(30838,1): warning: 'sonic_native_platform_interrupt_iml4_nrm_read_8c646750' has C-linkage specified, but returns user-defined type 'katana::runtime::NativePortHookResult' which is incompatible with C [-Wreturn-type-c-linkage]
 30838 | sonic_native_platform_interrupt_iml4_nrm_read_8c646750(
       | ^
C:\Users\ultim\Desktop\Sonic Adventure Recompiled\src\native_title_adapter.cpp(30845,1): warning: 'sonic_native_platform_interrupt_iml4_nrm_write_8c646754' has C-linkage specified, but returns user-defined type 'katana::runtime::NativePortHookResult' which is incompatible with C [-Wreturn-type-c-linkage]
 30845 | sonic_native_platform_interrupt_iml4_nrm_write_8c646754(
       | ^
C:\Users\ultim\Desktop\Sonic Adventure Recompiled\src\native_title_adapter.cpp(30951,1): warning: 'sonic_native_platform_interrupt_register' has C-linkage specified, but returns user-defined type 'katana::runtime::NativePortHookResult' which is incompatible with C [-Wreturn-type-c-linkage]
 30951 | sonic_native_platform_interrupt_register(
       | ^
C:\Users\ultim\Desktop\Sonic Adventure Recompiled\src\native_title_adapter.cpp(31086,1): warning: 'sonic_native_platform_interrupt_release' has C-linkage specified, but returns user-defined type 'katana::runtime::NativePortHookResult' which is incompatible with C [-Wreturn-type-c-linkage]
 31086 | sonic_native_platform_interrupt_release(
       | ^
C:\Users\ultim\Desktop\Sonic Adventure Recompiled\src\native_title_adapter.cpp(31187,1): warning: 'sonic_native_platform_interrupt_state_owner_8c653580' has C-linkage specified, but returns user-defined type 'katana::runtime::NativePortHookResult' which is incompatible with C [-Wreturn-type-c-linkage]
 31187 | sonic_native_platform_interrupt_state_owner_8c653580(
       | ^
C:\Users\ultim\Desktop\Sonic Adventure Recompiled\src\native_title_adapter.cpp(31339,1): warning: 'sonic_native_platform_interrupt_state_owner_8c6024b0' has C-linkage specified, but returns user-defined type 'katana::runtime::NativePortHookResult' which is incompatible with C [-Wreturn-type-c-linkage]
 31339 | sonic_native_platform_interrupt_state_owner_8c6024b0(
       | ^
C:\Users\ultim\Desktop\Sonic Adventure Recompiled\src\native_title_adapter.cpp(31450,1): warning: 'sonic_native_platform_interrupt_state_owner_8c645ace' has C-linkage specified, but returns user-defined type 'katana::runtime::NativePortHookResult' which is incompatible with C [-Wreturn-type-c-linkage]
 31450 | sonic_native_platform_interrupt_state_owner_8c645ace(
       | ^
C:\Users\ultim\Desktop\Sonic Adventure Recompiled\src\native_title_adapter.cpp(31678,1): warning: 'sonic_native_save_unit_ready' has C-linkage specified, but returns user-defined type 'katana::runtime::NativePortHookResult' which is incompatible with C [-Wreturn-type-c-linkage]
 31678 | sonic_native_save_unit_ready(
       | ^
C:\Users\ultim\Desktop\Sonic Adventure Recompiled\src\native_title_adapter.cpp(31686,1): warning: 'sonic_native_save_sdk_file_exists' has C-linkage specified, but returns user-defined type 'katana::runtime::NativePortHookResult' which is incompatible with C [-Wreturn-type-c-linkage]
 31686 | sonic_native_save_sdk_file_exists(
       | ^
C:\Users\ultim\Desktop\Sonic Adventure Recompiled\src\native_title_adapter.cpp(31694,1): warning: 'sonic_native_save_file_exists' has C-linkage specified, but returns user-defined type 'katana::runtime::NativePortHookResult' which is incompatible with C [-Wreturn-type-c-linkage]
 31694 | sonic_native_save_file_exists(
       | ^
C:\Users\ultim\Desktop\Sonic Adventure Recompiled\src\native_title_adapter.cpp(31739,1): warning: 'sonic_native_save_highest_slot' has C-linkage specified, but returns user-defined type 'katana::runtime::NativePortHookResult' which is incompatible with C [-Wreturn-type-c-linkage]
 31739 | sonic_native_save_highest_slot(
       | ^
C:\Users\ultim\Desktop\Sonic Adventure Recompiled\src\native_title_adapter.cpp(31892,1): warning: 'sonic_native_save_unit_query' has C-linkage specified, but returns user-defined type 'katana::runtime::NativePortHookResult' which is incompatible with C [-Wreturn-type-c-linkage]
 31892 | sonic_native_save_unit_query(
       | ^
C:\Users\ultim\Desktop\Sonic Adventure Recompiled\src\native_title_adapter.cpp(31935,1): warning: 'sonic_native_save_status' has C-linkage specified, but returns user-defined type 'katana::runtime::NativePortHookResult' which is incompatible with C [-Wreturn-type-c-linkage]
 31935 | sonic_native_save_status(
       | ^
C:\Users\ultim\Desktop\Sonic Adventure Recompiled\src\native_title_adapter.cpp(32025,1): warning: 'sonic_native_save_free_blocks' has C-linkage specified, but returns user-defined type 'katana::runtime::NativePortHookResult' which is incompatible with C [-Wreturn-type-c-linkage]
 32025 | sonic_native_save_free_blocks(katana::runtime::NativePortContext& context) noexcept {
       | ^
C:\Users\ultim\Desktop\Sonic Adventure Recompiled\src\native_title_adapter.cpp(32045,1): warning: 'sonic_native_save_file_blocks' has C-linkage specified, but returns user-defined type 'katana::runtime::NativePortHookResult' which is incompatible with C [-Wreturn-type-c-linkage]
 32045 | sonic_native_save_file_blocks(
       | ^
C:\Users\ultim\Desktop\Sonic Adventure Recompiled\src\native_title_adapter.cpp(32120,1): warning: 'sonic_native_save_read' has C-linkage specified, but returns user-defined type 'katana::runtime::NativePortHookResult' which is incompatible with C [-Wreturn-type-c-linkage]
 32120 | sonic_native_save_read(
       | ^
C:\Users\ultim\Desktop\Sonic Adventure Recompiled\src\native_title_adapter.cpp(32128,1): warning: 'sonic_native_save_read_blocks' has C-linkage specified, but returns user-defined type 'katana::runtime::NativePortHookResult' which is incompatible with C [-Wreturn-type-c-linkage]
 32128 | sonic_native_save_read_blocks(katana::runtime::NativePortContext& context) noexcept {
       | ^
C:\Users\ultim\Desktop\Sonic Adventure Recompiled\src\native_title_adapter.cpp(32183,1): warning: 'sonic_native_save_write' has C-linkage specified, but returns user-defined type 'katana::runtime::NativePortHookResult' which is incompatible with C [-Wreturn-type-c-linkage]
 32183 | sonic_native_save_write(
       | ^
C:\Users\ultim\Desktop\Sonic Adventure Recompiled\src\native_title_adapter.cpp(32191,1): warning: 'sonic_native_save_write_game' has C-linkage specified, but returns user-defined type 'katana::runtime::NativePortHookResult' which is incompatible with C [-Wreturn-type-c-linkage]
 32191 | sonic_native_save_write_game(katana::runtime::NativePortContext& context) noexcept {
       | ^
C:\Users\ultim\Desktop\Sonic Adventure Recompiled\src\native_title_adapter.cpp(32198,1): warning: 'sonic_native_timer_initialize' has C-linkage specified, but returns user-defined type 'katana::runtime::NativePortHookResult' which is incompatible with C [-Wreturn-type-c-linkage]
 32198 | sonic_native_timer_initialize(
       | ^
C:\Users\ultim\Desktop\Sonic Adventure Recompiled\src\native_title_adapter.cpp(32212,1): warning: 'sonic_native_video_cable_bits' has C-linkage specified, but returns user-defined type 'katana::runtime::NativePortHookResult' which is incompatible with C [-Wreturn-type-c-linkage]
 32212 | sonic_native_video_cable_bits(
       | ^
C:\Users\ultim\Desktop\Sonic Adventure Recompiled\src\native_title_adapter.cpp(32229,1): warning: 'sonic_native_frame_boundary_wait' has C-linkage specified, but returns user-defined type 'katana::runtime::NativePortHookResult' which is incompatible with C [-Wreturn-type-c-linkage]
 32229 | sonic_native_frame_boundary_wait(
       | ^
C:\Users\ultim\Desktop\Sonic Adventure Recompiled\src\native_title_adapter.cpp(32250,1): warning: 'sonic_native_play_movie' has C-linkage specified, but returns user-defined type 'katana::runtime::NativePortHookResult' which is incompatible with C [-Wreturn-type-c-linkage]
 32250 | sonic_native_play_movie(
       | ^
C:\Users\ultim\Desktop\Sonic Adventure Recompiled\src\native_title_adapter.cpp(32312,63): warning: missing field 'callback_failure' initializer [-Wmissing-field-initializers]
 32312 |             SonicNativeMoviePlayback playback{context.graphics};
       |                                                               ^
C:\Users\ultim\Desktop\Sonic Adventure Recompiled\src\native_title_adapter.cpp(32503,1): warning: 'sonic_native_lighting_content_load' has C-linkage specified, but returns user-defined type 'katana::runtime::NativePortHookResult' which is incompatible with C [-Wreturn-type-c-linkage]
 32503 | sonic_native_lighting_content_load(
       | ^
C:\Users\ultim\Desktop\Sonic Adventure Recompiled\src\native_title_adapter.cpp(32623,1): warning: 'sonic_native_content_range_read' has C-linkage specified, but returns user-defined type 'katana::runtime::NativePortHookResult' which is incompatible with C [-Wreturn-type-c-linkage]
 32623 | sonic_native_content_range_read(
       | ^
C:\Users\ultim\Desktop\Sonic Adventure Recompiled\src\native_title_adapter.cpp(32770,1): warning: 'sonic_native_load_movie_overlay' has C-linkage specified, but returns user-defined type 'katana::runtime::NativePortHookResult' which is incompatible with C [-Wreturn-type-c-linkage]
 32770 | sonic_native_load_movie_overlay(
       | ^
C:\Users\ultim\Desktop\Sonic Adventure Recompiled\src\native_title_adapter.cpp(32974,1): warning: 'sonic_native_event_arena_prepare' has C-linkage specified, but returns user-defined type 'katana::runtime::NativePortHookResult' which is incompatible with C [-Wreturn-type-c-linkage]
 32974 | sonic_native_event_arena_prepare(
       | ^
C:\Users\ultim\Desktop\Sonic Adventure Recompiled\src\native_title_adapter.cpp(33009,1): warning: 'sonic_native_prs_transform_guard' has C-linkage specified, but returns user-defined type 'katana::runtime::NativePortHookResult' which is incompatible with C [-Wreturn-type-c-linkage]
 33009 | sonic_native_prs_transform_guard(
       | ^
C:\Users\ultim\Desktop\Sonic Adventure Recompiled\src\native_title_adapter.cpp(33178,1): warning: 'sonic_native_timer_count' has C-linkage specified, but returns user-defined type 'katana::runtime::NativePortHookResult' which is incompatible with C [-Wreturn-type-c-linkage]
 33178 | sonic_native_timer_count(
       | ^
C:\Users\ultim\Desktop\Sonic Adventure Recompiled\src\native_title_adapter.cpp(33189,1): warning: 'sonic_native_host_timing_owner_8c06c000' has C-linkage specified, but returns user-defined type 'katana::runtime::NativePortHookResult' which is incompatible with C [-Wreturn-type-c-linkage]
 33189 | sonic_native_host_timing_owner_8c06c000(
       | ^
C:\Users\ultim\Desktop\Sonic Adventure Recompiled\src\native_title_adapter.cpp(33265,1): warning: 'sonic_native_periodic_delta' has C-linkage specified, but returns user-defined type 'katana::runtime::NativePortHookResult' which is incompatible with C [-Wreturn-type-c-linkage]
 33265 | sonic_native_periodic_delta(
       | ^
C:\Users\ultim\Desktop\Sonic Adventure Recompiled\src\native_title_adapter.cpp(33335,1): warning: 'sonic_native_periodic_sample' has C-linkage specified, but returns user-defined type 'katana::runtime::NativePortHookResult' which is incompatible with C [-Wreturn-type-c-linkage]
 33335 | sonic_native_periodic_sample(
       | ^
C:\Users\ultim\Desktop\Sonic Adventure Recompiled\src\native_title_adapter.cpp(33378,1): warning: 'sonic_native_periodic_elapsed' has C-linkage specified, but returns user-defined type 'katana::runtime::NativePortHookResult' which is incompatible with C [-Wreturn-type-c-linkage]
 33378 | sonic_native_periodic_elapsed(
       | ^
C:\Users\ultim\Desktop\Sonic Adventure Recompiled\src\native_title_adapter.cpp(33429,1): warning: 'sonic_native_registered_texture_key_select' has C-linkage specified, but returns user-defined type 'katana::runtime::NativePortHookResult' which is incompatible with C [-Wreturn-type-c-linkage]
 33429 | sonic_native_registered_texture_key_select(
       | ^
C:\Users\ultim\Desktop\Sonic Adventure Recompiled\src\native_title_adapter.cpp(33499,1): warning: 'sonic_native_texture_list_bind' has C-linkage specified, but returns user-defined type 'katana::runtime::NativePortHookResult' which is incompatible with C [-Wreturn-type-c-linkage]
 33499 | sonic_native_texture_list_bind(
       | ^
C:\Users\ultim\Desktop\Sonic Adventure Recompiled\src\native_title_adapter.cpp(33542,1): warning: 'sonic_native_texture_index_failure_observe' has C-linkage specified, but returns user-defined type 'katana::runtime::NativePortHookResult' which is incompatible with C [-Wreturn-type-c-linkage]
 33542 | sonic_native_texture_index_failure_observe(
       | ^
C:\Users\ultim\Desktop\Sonic Adventure Recompiled\src\native_title_adapter.cpp(33665,1): warning: 'sonic_native_sdk_texture_allocation_guard' has C-linkage specified, but returns user-defined type 'katana::runtime::NativePortHookResult' which is incompatible with C [-Wreturn-type-c-linkage]
 33665 | sonic_native_sdk_texture_allocation_guard(
       | ^
C:\Users\ultim\Desktop\Sonic Adventure Recompiled\src\native_title_adapter.cpp(33713,1): warning: 'sonic_native_texture_number_observe' has C-linkage specified, but returns user-defined type 'katana::runtime::NativePortHookResult' which is incompatible with C [-Wreturn-type-c-linkage]
 33713 | sonic_native_texture_number_observe(
       | ^
C:\Users\ultim\Desktop\Sonic Adventure Recompiled\src\native_title_adapter.cpp(33734,1): warning: 'sonic_native_texture_backing_word_copy' has C-linkage specified, but returns user-defined type 'katana::runtime::NativePortHookResult' which is incompatible with C [-Wreturn-type-c-linkage]
 33734 | sonic_native_texture_backing_word_copy(
       | ^
C:\Users\ultim\Desktop\Sonic Adventure Recompiled\src\native_title_adapter.cpp(33800,1): warning: 'sonic_native_texture_backing_upload' has C-linkage specified, but returns user-defined type 'katana::runtime::NativePortHookResult' which is incompatible with C [-Wreturn-type-c-linkage]
 33800 | sonic_native_texture_backing_upload(
       | ^
C:\Users\ultim\Desktop\Sonic Adventure Recompiled\src\native_title_adapter.cpp(33911,1): warning: 'sonic_native_texture_backing_completion' has C-linkage specified, but returns user-defined type 'katana::runtime::NativePortHookResult' which is incompatible with C [-Wreturn-type-c-linkage]
 33911 | sonic_native_texture_backing_completion(
       | ^
C:\Users\ultim\Desktop\Sonic Adventure Recompiled\src\native_title_adapter.cpp(34063,1): warning: 'sonic_native_font_surface_upload' has C-linkage specified, but returns user-defined type 'katana::runtime::NativePortHookResult' which is incompatible with C [-Wreturn-type-c-linkage]
 34063 | sonic_native_font_surface_upload(
       | ^
C:\Users\ultim\Desktop\Sonic Adventure Recompiled\src\native_title_adapter.cpp(34239,1): warning: 'katana_native_hook_8C037460' has C-linkage specified, but returns user-defined type 'katana::runtime::NativePortHookResult' which is incompatible with C [-Wreturn-type-c-linkage]
 34239 | katana_native_hook_8C037460(
       | ^
C:\Users\ultim\Desktop\Sonic Adventure Recompiled\src\native_title_adapter.cpp(34258,1): warning: 'katana_native_hook_8C0374D4' has C-linkage specified, but returns user-defined type 'katana::runtime::NativePortHookResult' which is incompatible with C [-Wreturn-type-c-linkage]
 34258 | katana_native_hook_8C0374D4(
       | ^
C:\Users\ultim\Desktop\Sonic Adventure Recompiled\src\native_title_adapter.cpp(34276,1): warning: 'katana_native_hook_8C0375B0' has C-linkage specified, but returns user-defined type 'katana::runtime::NativePortHookResult' which is incompatible with C [-Wreturn-type-c-linkage]
 34276 | katana_native_hook_8C0375B0(
       | ^
C:\Users\ultim\Desktop\Sonic Adventure Recompiled\src\native_title_adapter.cpp(34294,1): warning: 'katana_native_hook_8C037538' has C-linkage specified, but returns user-defined type 'katana::runtime::NativePortHookResult' which is incompatible with C [-Wreturn-type-c-linkage]
 34294 | katana_native_hook_8C037538(
       | ^
C:\Users\ultim\Desktop\Sonic Adventure Recompiled\src\native_title_adapter.cpp(34317,1): warning: 'katana_native_hook_8C605DA8' has C-linkage specified, but returns user-defined type 'katana::runtime::NativePortHookResult' which is incompatible with C [-Wreturn-type-c-linkage]
 34317 | katana_native_hook_8C605DA8(
       | ^
C:\Users\ultim\Desktop\Sonic Adventure Recompiled\src\native_title_adapter.cpp(34339,1): warning: 'katana_native_hook_8C605E7C' has C-linkage specified, but returns user-defined type 'katana::runtime::NativePortHookResult' which is incompatible with C [-Wreturn-type-c-linkage]
 34339 | katana_native_hook_8C605E7C(
       | ^
C:\Users\ultim\Desktop\Sonic Adventure Recompiled\src\native_title_adapter.cpp(34361,1): warning: 'katana_native_hook_8C605F0A' has C-linkage specified, but returns user-defined type 'katana::runtime::NativePortHookResult' which is incompatible with C [-Wreturn-type-c-linkage]
 34361 | katana_native_hook_8C605F0A(
       | ^
C:\Users\ultim\Desktop\Sonic Adventure Recompiled\src\native_title_adapter.cpp(34383,1): warning: 'katana_native_hook_8C6063F0' has C-linkage specified, but returns user-defined type 'katana::runtime::NativePortHookResult' which is incompatible with C [-Wreturn-type-c-linkage]
 34383 | katana_native_hook_8C6063F0(
       | ^
C:\Users\ultim\Desktop\Sonic Adventure Recompiled\src\native_title_adapter.cpp(34407,1): warning: 'katana_native_hook_8C605FBA' has C-linkage specified, but returns user-defined type 'katana::runtime::NativePortHookResult' which is incompatible with C [-Wreturn-type-c-linkage]
 34407 | katana_native_hook_8C605FBA(
       | ^
C:\Users\ultim\Desktop\Sonic Adventure Recompiled\src\native_title_adapter.cpp(34432,1): warning: 'katana_native_hook_8C6061EC' has C-linkage specified, but returns user-defined type 'katana::runtime::NativePortHookResult' which is incompatible with C [-Wreturn-type-c-linkage]
 34432 | katana_native_hook_8C6061EC(
       | ^
C:\Users\ultim\Desktop\Sonic Adventure Recompiled\src\native_title_adapter.cpp(34456,1): warning: 'katana_native_hook_8C6062DA' has C-linkage specified, but returns user-defined type 'katana::runtime::NativePortHookResult' which is incompatible with C [-Wreturn-type-c-linkage]
 34456 | katana_native_hook_8C6062DA(
       | ^
C:\Users\ultim\Desktop\Sonic Adventure Recompiled\src\native_title_adapter.cpp(34480,1): warning: 'katana_native_hook_8C6064F0' has C-linkage specified, but returns user-defined type 'katana::runtime::NativePortHookResult' which is incompatible with C [-Wreturn-type-c-linkage]
 34480 | katana_native_hook_8C6064F0(
       | ^
C:\Users\ultim\Desktop\Sonic Adventure Recompiled\src\native_title_adapter.cpp(34504,1): warning: 'sonic_native_palette_lighting' has C-linkage specified, but returns user-defined type 'katana::runtime::NativePortHookResult' which is incompatible with C [-Wreturn-type-c-linkage]
 34504 | sonic_native_palette_lighting(
       | ^
C:\Users\ultim\Desktop\Sonic Adventure Recompiled\src\native_title_adapter.cpp(34510,33): warning: 'getenv' is deprecated: This function or variable may be unsafe. Consider using _dupenv_s instead. To disable deprecation, use _CRT_SECURE_NO_WARNINGS. See online help for details. [-Wdeprecated-declarations]
 34510 |         const auto* flag = std::getenv("SARECOMP_NATIVE_PALETTE_LIGHTING");
       |                                 ^
C:\Program Files (x86)\Windows Kits\10\Include\10.0.26100.0\ucrt\stdlib.h(1183,20): note: 'getenv' has been explicitly marked deprecated here
 1183 |     _Check_return_ _CRT_INSECURE_DEPRECATE(_dupenv_s)
      |                    ^
C:\Program Files (x86)\Microsoft Visual Studio\2022\BuildTools\VC\Tools\MSVC\14.44.35207\include\vcruntime.h(368,55): note: expanded from macro '_CRT_INSECURE_DEPRECATE'
  368 |         #define _CRT_INSECURE_DEPRECATE(_Replacement) _CRT_DEPRECATE_TEXT(    \
      |                                                       ^
C:\Program Files (x86)\Microsoft Visual Studio\2022\BuildTools\VC\Tools\MSVC\14.44.35207\include\vcruntime.h(358,47): note: expanded from macro '_CRT_DEPRECATE_TEXT'
  358 | #define _CRT_DEPRECATE_TEXT(_Text) __declspec(deprecated(_Text))
      |                                               ^
C:\Users\ultim\Desktop\Sonic Adventure Recompiled\src\native_title_adapter.cpp(34532,1): warning: 'sonic_native_vertex_normals' has C-linkage specified, but returns user-defined type 'katana::runtime::NativePortHookResult' which is incompatible with C [-Wreturn-type-c-linkage]
 34532 | sonic_native_vertex_normals(
       | ^
C:\Users\ultim\Desktop\Sonic Adventure Recompiled\src\native_title_adapter.cpp(34538,33): warning: 'getenv' is deprecated: This function or variable may be unsafe. Consider using _dupenv_s instead. To disable deprecation, use _CRT_SECURE_NO_WARNINGS. See online help for details. [-Wdeprecated-declarations]
 34538 |         const auto* flag = std::getenv("SARECOMP_NATIVE_VERTEX_NORMALS");
       |                                 ^
C:\Program Files (x86)\Windows Kits\10\Include\10.0.26100.0\ucrt\stdlib.h(1183,20): note: 'getenv' has been explicitly marked deprecated here
 1183 |     _Check_return_ _CRT_INSECURE_DEPRECATE(_dupenv_s)
      |                    ^
C:\Program Files (x86)\Microsoft Visual Studio\2022\BuildTools\VC\Tools\MSVC\14.44.35207\include\vcruntime.h(368,55): note: expanded from macro '_CRT_INSECURE_DEPRECATE'
  368 |         #define _CRT_INSECURE_DEPRECATE(_Replacement) _CRT_DEPRECATE_TEXT(    \
      |                                                       ^
C:\Program Files (x86)\Microsoft Visual Studio\2022\BuildTools\VC\Tools\MSVC\14.44.35207\include\vcruntime.h(358,47): note: expanded from macro '_CRT_DEPRECATE_TEXT'
  358 | #define _CRT_DEPRECATE_TEXT(_Text) __declspec(deprecated(_Text))
      |                                               ^
C:\Users\ultim\Desktop\Sonic Adventure Recompiled\src\native_title_adapter.cpp(34584,1): warning: 'sonic_native_amy_hammer_effect' has C-linkage specified, but returns user-defined type 'katana::runtime::NativePortHookResult' which is incompatible with C [-Wreturn-type-c-linkage]
 34584 | sonic_native_amy_hammer_effect(katana::runtime::NativePortContext& context) noexcept {
       | ^
C:\Users\ultim\Desktop\Sonic Adventure Recompiled\src\native_title_adapter.cpp(34653,1): warning: 'sonic_native_triangle_contacts' has C-linkage specified, but returns user-defined type 'katana::runtime::NativePortHookResult' which is incompatible with C [-Wreturn-type-c-linkage]
 34653 | sonic_native_triangle_contacts(katana::runtime::NativePortContext& context) noexcept {
       | ^
C:\Users\ultim\Desktop\Sonic Adventure Recompiled\src\native_title_adapter.cpp(34663,31): warning: 'getenv' is deprecated: This function or variable may be unsafe. Consider using _dupenv_s instead. To disable deprecation, use _CRT_SECURE_NO_WARNINGS. See online help for details. [-Wdeprecated-declarations]
 34663 |         const auto* flag=std::getenv("SARECOMP_NATIVE_TRIANGLE_CONTACTS");
       |                               ^
C:\Program Files (x86)\Windows Kits\10\Include\10.0.26100.0\ucrt\stdlib.h(1183,20): note: 'getenv' has been explicitly marked deprecated here
 1183 |     _Check_return_ _CRT_INSECURE_DEPRECATE(_dupenv_s)
      |                    ^
C:\Program Files (x86)\Microsoft Visual Studio\2022\BuildTools\VC\Tools\MSVC\14.44.35207\include\vcruntime.h(368,55): note: expanded from macro '_CRT_INSECURE_DEPRECATE'
  368 |         #define _CRT_INSECURE_DEPRECATE(_Replacement) _CRT_DEPRECATE_TEXT(    \
      |                                                       ^
C:\Program Files (x86)\Microsoft Visual Studio\2022\BuildTools\VC\Tools\MSVC\14.44.35207\include\vcruntime.h(358,47): note: expanded from macro '_CRT_DEPRECATE_TEXT'
  358 | #define _CRT_DEPRECATE_TEXT(_Text) __declspec(deprecated(_Text))
      |                                               ^
C:\Users\ultim\Desktop\Sonic Adventure Recompiled\src\native_title_adapter.cpp(34724,1): warning: 'sonic_native_collision_candidates' has C-linkage specified, but returns user-defined type 'katana::runtime::NativePortHookResult' which is incompatible with C [-Wreturn-type-c-linkage]
 34724 | sonic_native_collision_candidates(katana::runtime::NativePortContext& context) noexcept {
       | ^
C:\Users\ultim\Desktop\Sonic Adventure Recompiled\src\native_title_adapter.cpp(34733,31): warning: 'getenv' is deprecated: This function or variable may be unsafe. Consider using _dupenv_s instead. To disable deprecation, use _CRT_SECURE_NO_WARNINGS. See online help for details. [-Wdeprecated-declarations]
 34733 |         const auto* flag=std::getenv("SARECOMP_NATIVE_COLLISION_CANDIDATES");
       |                               ^
C:\Program Files (x86)\Windows Kits\10\Include\10.0.26100.0\ucrt\stdlib.h(1183,20): note: 'getenv' has been explicitly marked deprecated here
 1183 |     _Check_return_ _CRT_INSECURE_DEPRECATE(_dupenv_s)
      |                    ^
C:\Program Files (x86)\Microsoft Visual Studio\2022\BuildTools\VC\Tools\MSVC\14.44.35207\include\vcruntime.h(368,55): note: expanded from macro '_CRT_INSECURE_DEPRECATE'
  368 |         #define _CRT_INSECURE_DEPRECATE(_Replacement) _CRT_DEPRECATE_TEXT(    \
      |                                                       ^
C:\Program Files (x86)\Microsoft Visual Studio\2022\BuildTools\VC\Tools\MSVC\14.44.35207\include\vcruntime.h(358,47): note: expanded from macro '_CRT_DEPRECATE_TEXT'
  358 | #define _CRT_DEPRECATE_TEXT(_Text) __declspec(deprecated(_Text))
      |                                               ^
C:\Users\ultim\Desktop\Sonic Adventure Recompiled\src\native_title_adapter.cpp(34759,31): warning: 'getenv' is deprecated: This function or variable may be unsafe. Consider using _dupenv_s instead. To disable deprecation, use _CRT_SECURE_NO_WARNINGS. See online help for details. [-Wdeprecated-declarations]
 34759 |         const auto* flag=std::getenv("SARECOMP_NATIVE_MOTION_SAMPLING");
       |                               ^
C:\Program Files (x86)\Windows Kits\10\Include\10.0.26100.0\ucrt\stdlib.h(1183,20): note: 'getenv' has been explicitly marked deprecated here
 1183 |     _Check_return_ _CRT_INSECURE_DEPRECATE(_dupenv_s)
      |                    ^
C:\Program Files (x86)\Microsoft Visual Studio\2022\BuildTools\VC\Tools\MSVC\14.44.35207\include\vcruntime.h(368,55): note: expanded from macro '_CRT_INSECURE_DEPRECATE'
  368 |         #define _CRT_INSECURE_DEPRECATE(_Replacement) _CRT_DEPRECATE_TEXT(    \
      |                                                       ^
C:\Program Files (x86)\Microsoft Visual Studio\2022\BuildTools\VC\Tools\MSVC\14.44.35207\include\vcruntime.h(358,47): note: expanded from macro '_CRT_DEPRECATE_TEXT'
  358 | #define _CRT_DEPRECATE_TEXT(_Text) __declspec(deprecated(_Text))
      |                                               ^
C:\Users\ultim\Desktop\Sonic Adventure Recompiled\src\native_title_adapter.cpp(34776,1): warning: 'sonic_native_motion_position' has C-linkage specified, but returns user-defined type 'katana::runtime::NativePortHookResult' which is incompatible with C [-Wreturn-type-c-linkage]
 34776 | sonic_native_motion_position(katana::runtime::NativePortContext& c) noexcept {return sonic_native_motion_sampling_impl(c);}
       | ^
C:\Users\ultim\Desktop\Sonic Adventure Recompiled\src\native_title_adapter.cpp(34778,1): warning: 'sonic_native_motion_scale' has C-linkage specified, but returns user-defined type 'katana::runtime::NativePortHookResult' which is incompatible with C [-Wreturn-type-c-linkage]
 34778 | sonic_native_motion_scale(katana::runtime::NativePortContext& c) noexcept {return sonic_native_motion_sampling_impl(c);}
       | ^
C:\Users\ultim\Desktop\Sonic Adventure Recompiled\src\native_title_adapter.cpp(34780,1): warning: 'sonic_native_motion_rotate_zyx' has C-linkage specified, but returns user-defined type 'katana::runtime::NativePortHookResult' which is incompatible with C [-Wreturn-type-c-linkage]
 34780 | sonic_native_motion_rotate_zyx(katana::runtime::NativePortContext& c) noexcept {return sonic_native_motion_sampling_impl(c);}
       | ^
C:\Users\ultim\Desktop\Sonic Adventure Recompiled\src\native_title_adapter.cpp(34782,1): warning: 'sonic_native_motion_rotate_yxz' has C-linkage specified, but returns user-defined type 'katana::runtime::NativePortHookResult' which is incompatible with C [-Wreturn-type-c-linkage]
 34782 | sonic_native_motion_rotate_yxz(katana::runtime::NativePortContext& c) noexcept {return sonic_native_motion_sampling_impl(c);}
       | ^
C:\Users\ultim\Desktop\Sonic Adventure Recompiled\src\native_title_adapter.cpp(34791,31): warning: 'getenv' is deprecated: This function or variable may be unsafe. Consider using _dupenv_s instead. To disable deprecation, use _CRT_SECURE_NO_WARNINGS. See online help for details. [-Wdeprecated-declarations]
 34791 |         const auto* flag=std::getenv("SARECOMP_NATIVE_ATAN_MATH");
       |                               ^
C:\Program Files (x86)\Windows Kits\10\Include\10.0.26100.0\ucrt\stdlib.h(1183,20): note: 'getenv' has been explicitly marked deprecated here
 1183 |     _Check_return_ _CRT_INSECURE_DEPRECATE(_dupenv_s)
      |                    ^
C:\Program Files (x86)\Microsoft Visual Studio\2022\BuildTools\VC\Tools\MSVC\14.44.35207\include\vcruntime.h(368,55): note: expanded from macro '_CRT_INSECURE_DEPRECATE'
  368 |         #define _CRT_INSECURE_DEPRECATE(_Replacement) _CRT_DEPRECATE_TEXT(    \
      |                                                       ^
C:\Program Files (x86)\Microsoft Visual Studio\2022\BuildTools\VC\Tools\MSVC\14.44.35207\include\vcruntime.h(358,47): note: expanded from macro '_CRT_DEPRECATE_TEXT'
  358 | #define _CRT_DEPRECATE_TEXT(_Text) __declspec(deprecated(_Text))
      |                                               ^
C:\Users\ultim\Desktop\Sonic Adventure Recompiled\src\native_title_adapter.cpp(34812,1): warning: 'sonic_native_atan' has C-linkage specified, but returns user-defined type 'katana::runtime::NativePortHookResult' which is incompatible with C [-Wreturn-type-c-linkage]
 34812 | sonic_native_atan(katana::runtime::NativePortContext& context) noexcept {
       | ^
C:\Users\ultim\Desktop\Sonic Adventure Recompiled\src\native_title_adapter.cpp(34816,1): warning: 'sonic_native_atan_quotient' has C-linkage specified, but returns user-defined type 'katana::runtime::NativePortHookResult' which is incompatible with C [-Wreturn-type-c-linkage]
 34816 | sonic_native_atan_quotient(katana::runtime::NativePortContext& context) noexcept {
       | ^
C:\Users\ultim\Desktop\Sonic Adventure Recompiled\src\native_title_adapter.cpp(34820,1): warning: 'sonic_native_atan_polynomial' has C-linkage specified, but returns user-defined type 'katana::runtime::NativePortHookResult' which is incompatible with C [-Wreturn-type-c-linkage]
 34820 | sonic_native_atan_polynomial(katana::runtime::NativePortContext& context) noexcept {
       | ^
C:\Users\ultim\Desktop\Sonic Adventure Recompiled\src\native_title_adapter.cpp(34824,1): warning: 'sonic_native_atan_scale' has C-linkage specified, but returns user-defined type 'katana::runtime::NativePortHookResult' which is incompatible with C [-Wreturn-type-c-linkage]
 34824 | sonic_native_atan_scale(katana::runtime::NativePortContext& context) noexcept {
       | ^
C:\Users\ultim\Desktop\Sonic Adventure Recompiled\src\native_title_adapter.cpp(34834,33): warning: 'getenv' is deprecated: This function or variable may be unsafe. Consider using _dupenv_s instead. To disable deprecation, use _CRT_SECURE_NO_WARNINGS. See online help for details. [-Wdeprecated-declarations]
 34834 |         const auto* flag = std::getenv("SARECOMP_NATIVE_MATRIX_INVERSE");
       |                                 ^
C:\Program Files (x86)\Windows Kits\10\Include\10.0.26100.0\ucrt\stdlib.h(1183,20): note: 'getenv' has been explicitly marked deprecated here
 1183 |     _Check_return_ _CRT_INSECURE_DEPRECATE(_dupenv_s)
      |                    ^
C:\Program Files (x86)\Microsoft Visual Studio\2022\BuildTools\VC\Tools\MSVC\14.44.35207\include\vcruntime.h(368,55): note: expanded from macro '_CRT_INSECURE_DEPRECATE'
  368 |         #define _CRT_INSECURE_DEPRECATE(_Replacement) _CRT_DEPRECATE_TEXT(    \
      |                                                       ^
C:\Program Files (x86)\Microsoft Visual Studio\2022\BuildTools\VC\Tools\MSVC\14.44.35207\include\vcruntime.h(358,47): note: expanded from macro '_CRT_DEPRECATE_TEXT'
  358 | #define _CRT_DEPRECATE_TEXT(_Text) __declspec(deprecated(_Text))
      |                                               ^
C:\Users\ultim\Desktop\Sonic Adventure Recompiled\src\native_title_adapter.cpp(34854,1): warning: 'sonic_native_matrix_inverse' has C-linkage specified, but returns user-defined type 'katana::runtime::NativePortHookResult' which is incompatible with C [-Wreturn-type-c-linkage]
 34854 | sonic_native_matrix_inverse(katana::runtime::NativePortContext& context) noexcept {
       | ^
C:\Users\ultim\Desktop\Sonic Adventure Recompiled\src\native_title_adapter.cpp(34858,1): warning: 'sonic_native_matrix_determinant' has C-linkage specified, but returns user-defined type 'katana::runtime::NativePortHookResult' which is incompatible with C [-Wreturn-type-c-linkage]
 34858 | sonic_native_matrix_determinant(katana::runtime::NativePortContext& context) noexcept {
       | ^
C:\Users\ultim\Desktop\Sonic Adventure Recompiled\src\native_title_adapter.cpp(34867,31): warning: 'getenv' is deprecated: This function or variable may be unsafe. Consider using _dupenv_s instead. To disable deprecation, use _CRT_SECURE_NO_WARNINGS. See online help for details. [-Wdeprecated-declarations]
 34867 |         const auto* flag=std::getenv("SARECOMP_NATIVE_MATRIX_VECTORS");
       |                               ^
C:\Program Files (x86)\Windows Kits\10\Include\10.0.26100.0\ucrt\stdlib.h(1183,20): note: 'getenv' has been explicitly marked deprecated here
 1183 |     _Check_return_ _CRT_INSECURE_DEPRECATE(_dupenv_s)
      |                    ^
C:\Program Files (x86)\Microsoft Visual Studio\2022\BuildTools\VC\Tools\MSVC\14.44.35207\include\vcruntime.h(368,55): note: expanded from macro '_CRT_INSECURE_DEPRECATE'
  368 |         #define _CRT_INSECURE_DEPRECATE(_Replacement) _CRT_DEPRECATE_TEXT(    \
      |                                                       ^
C:\Program Files (x86)\Microsoft Visual Studio\2022\BuildTools\VC\Tools\MSVC\14.44.35207\include\vcruntime.h(358,47): note: expanded from macro '_CRT_DEPRECATE_TEXT'
  358 | #define _CRT_DEPRECATE_TEXT(_Text) __declspec(deprecated(_Text))
      |                                               ^
C:\Users\ultim\Desktop\Sonic Adventure Recompiled\src\native_title_adapter.cpp(34882,1): warning: 'sonic_native_matrix_vector_point' has C-linkage specified, but returns user-defined type 'katana::runtime::NativePortHookResult' which is incompatible with C [-Wreturn-type-c-linkage]
 34882 | sonic_native_matrix_vector_point(katana::runtime::NativePortContext& context) noexcept {
       | ^
C:\Users\ultim\Desktop\Sonic Adventure Recompiled\src\native_title_adapter.cpp(34886,1): warning: 'sonic_native_matrix_vector_direction' has C-linkage specified, but returns user-defined type 'katana::runtime::NativePortHookResult' which is incompatible with C [-Wreturn-type-c-linkage]
 34886 | sonic_native_matrix_vector_direction(katana::runtime::NativePortContext& context) noexcept {
       | ^
C:\Users\ultim\Desktop\Sonic Adventure Recompiled\src\native_title_adapter.cpp(34890,1): warning: 'sonic_native_matrix_vector_store' has C-linkage specified, but returns user-defined type 'katana::runtime::NativePortHookResult' which is incompatible with C [-Wreturn-type-c-linkage]
 34890 | sonic_native_matrix_vector_store(katana::runtime::NativePortContext& context) noexcept {
       | ^
C:\Users\ultim\Desktop\Sonic Adventure Recompiled\src\native_title_adapter.cpp(34894,1): warning: 'sonic_native_matrix_vector_translation' has C-linkage specified, but returns user-defined type 'katana::runtime::NativePortHookResult' which is incompatible with C [-Wreturn-type-c-linkage]
 34894 | sonic_native_matrix_vector_translation(katana::runtime::NativePortContext& context) noexcept {
       | ^
C:\Users\ultim\Desktop\Sonic Adventure Recompiled\src\native_title_adapter.cpp(34904,33): warning: 'getenv' is deprecated: This function or variable may be unsafe. Consider using _dupenv_s instead. To disable deprecation, use _CRT_SECURE_NO_WARNINGS. See online help for details. [-Wdeprecated-declarations]
 34904 |         const auto* flag = std::getenv("SARECOMP_NATIVE_COLLISION_MATH");
       |                                 ^
C:\Program Files (x86)\Windows Kits\10\Include\10.0.26100.0\ucrt\stdlib.h(1183,20): note: 'getenv' has been explicitly marked deprecated here
 1183 |     _Check_return_ _CRT_INSECURE_DEPRECATE(_dupenv_s)
      |                    ^
C:\Program Files (x86)\Microsoft Visual Studio\2022\BuildTools\VC\Tools\MSVC\14.44.35207\include\vcruntime.h(368,55): note: expanded from macro '_CRT_INSECURE_DEPRECATE'
  368 |         #define _CRT_INSECURE_DEPRECATE(_Replacement) _CRT_DEPRECATE_TEXT(    \
      |                                                       ^
C:\Program Files (x86)\Microsoft Visual Studio\2022\BuildTools\VC\Tools\MSVC\14.44.35207\include\vcruntime.h(358,47): note: expanded from macro '_CRT_DEPRECATE_TEXT'
  358 | #define _CRT_DEPRECATE_TEXT(_Text) __declspec(deprecated(_Text))
      |                                               ^
C:\Users\ultim\Desktop\Sonic Adventure Recompiled\src\native_title_adapter.cpp(34924,1): warning: 'sonic_native_collision_cross' has C-linkage specified, but returns user-defined type 'katana::runtime::NativePortHookResult' which is incompatible with C [-Wreturn-type-c-linkage]
 34924 | sonic_native_collision_cross(katana::runtime::NativePortContext& context) noexcept {
       | ^
C:\Users\ultim\Desktop\Sonic Adventure Recompiled\src\native_title_adapter.cpp(34928,1): warning: 'sonic_native_collision_length' has C-linkage specified, but returns user-defined type 'katana::runtime::NativePortHookResult' which is incompatible with C [-Wreturn-type-c-linkage]
 34928 | sonic_native_collision_length(katana::runtime::NativePortContext& context) noexcept {
       | ^
C:\Users\ultim\Desktop\Sonic Adventure Recompiled\src\native_title_adapter.cpp(34932,1): warning: 'sonic_native_collision_normalize' has C-linkage specified, but returns user-defined type 'katana::runtime::NativePortHookResult' which is incompatible with C [-Wreturn-type-c-linkage]
 34932 | sonic_native_collision_normalize(katana::runtime::NativePortContext& context) noexcept {
       | ^
C:\Users\ultim\Desktop\Sonic Adventure Recompiled\src\native_title_adapter.cpp(34943,33): warning: 'getenv' is deprecated: This function or variable may be unsafe. Consider using _dupenv_s instead. To disable deprecation, use _CRT_SECURE_NO_WARNINGS. See online help for details. [-Wdeprecated-declarations]
 34943 |         const auto* flag = std::getenv("SARECOMP_NATIVE_MATRIX_STACK");
       |                                 ^
C:\Program Files (x86)\Windows Kits\10\Include\10.0.26100.0\ucrt\stdlib.h(1183,20): note: 'getenv' has been explicitly marked deprecated here
 1183 |     _Check_return_ _CRT_INSECURE_DEPRECATE(_dupenv_s)
      |                    ^
C:\Program Files (x86)\Microsoft Visual Studio\2022\BuildTools\VC\Tools\MSVC\14.44.35207\include\vcruntime.h(368,55): note: expanded from macro '_CRT_INSECURE_DEPRECATE'
  368 |         #define _CRT_INSECURE_DEPRECATE(_Replacement) _CRT_DEPRECATE_TEXT(    \
      |                                                       ^
C:\Program Files (x86)\Microsoft Visual Studio\2022\BuildTools\VC\Tools\MSVC\14.44.35207\include\vcruntime.h(358,47): note: expanded from macro '_CRT_DEPRECATE_TEXT'
  358 | #define _CRT_DEPRECATE_TEXT(_Text) __declspec(deprecated(_Text))
      |                                               ^
C:\Users\ultim\Desktop\Sonic Adventure Recompiled\src\native_title_adapter.cpp(34947,33): warning: 'getenv' is deprecated: This function or variable may be unsafe. Consider using _dupenv_s instead. To disable deprecation, use _CRT_SECURE_NO_WARNINGS. See online help for details. [-Wdeprecated-declarations]
 34947 |         const auto* flag = std::getenv("SARECOMP_NATIVE_MATRIX_WRITE_BATCH");
       |                                 ^
C:\Program Files (x86)\Windows Kits\10\Include\10.0.26100.0\ucrt\stdlib.h(1183,20): note: 'getenv' has been explicitly marked deprecated here
 1183 |     _Check_return_ _CRT_INSECURE_DEPRECATE(_dupenv_s)
      |                    ^
C:\Program Files (x86)\Microsoft Visual Studio\2022\BuildTools\VC\Tools\MSVC\14.44.35207\include\vcruntime.h(368,55): note: expanded from macro '_CRT_INSECURE_DEPRECATE'
  368 |         #define _CRT_INSECURE_DEPRECATE(_Replacement) _CRT_DEPRECATE_TEXT(    \
      |                                                       ^
C:\Program Files (x86)\Microsoft Visual Studio\2022\BuildTools\VC\Tools\MSVC\14.44.35207\include\vcruntime.h(358,47): note: expanded from macro '_CRT_DEPRECATE_TEXT'
  358 | #define _CRT_DEPRECATE_TEXT(_Text) __declspec(deprecated(_Text))
      |                                               ^
C:\Users\ultim\Desktop\Sonic Adventure Recompiled\src\native_title_adapter.cpp(34974,1): warning: 'sonic_native_matrix_stack_push' has C-linkage specified, but returns user-defined type 'katana::runtime::NativePortHookResult' which is incompatible with C [-Wreturn-type-c-linkage]
 34974 | sonic_native_matrix_stack_push(katana::runtime::NativePortContext& context) noexcept {
       | ^
C:\Users\ultim\Desktop\Sonic Adventure Recompiled\src\native_title_adapter.cpp(34978,1): warning: 'sonic_native_matrix_stack_pop' has C-linkage specified, but returns user-defined type 'katana::runtime::NativePortHookResult' which is incompatible with C [-Wreturn-type-c-linkage]
 34978 | sonic_native_matrix_stack_pop(katana::runtime::NativePortContext& context) noexcept {
       | ^
C:\Users\ultim\Desktop\Sonic Adventure Recompiled\src\native_title_adapter.cpp(34983,1): warning: 'sonic_native_ninja_model_transform' has C-linkage specified, but returns user-defined type 'katana::runtime::NativePortHookResult' which is incompatible with C [-Wreturn-type-c-linkage]
 34983 | sonic_native_ninja_model_transform(
       | ^
C:\Users\ultim\Desktop\Sonic Adventure Recompiled\src\native_title_adapter.cpp(35130,36): warning: 'getenv' is deprecated: This function or variable may be unsafe. Consider using _dupenv_s instead. To disable deprecation, use _CRT_SECURE_NO_WARNINGS. See online help for details. [-Wdeprecated-declarations]
 35130 |             const auto* value=std::getenv("SARECOMP_NATIVE_PROJECTION_BATCH_VERIFY");
       |                                    ^
C:\Program Files (x86)\Windows Kits\10\Include\10.0.26100.0\ucrt\stdlib.h(1183,20): note: 'getenv' has been explicitly marked deprecated here
 1183 |     _Check_return_ _CRT_INSECURE_DEPRECATE(_dupenv_s)
      |                    ^
C:\Program Files (x86)\Microsoft Visual Studio\2022\BuildTools\VC\Tools\MSVC\14.44.35207\include\vcruntime.h(368,55): note: expanded from macro '_CRT_INSECURE_DEPRECATE'
  368 |         #define _CRT_INSECURE_DEPRECATE(_Replacement) _CRT_DEPRECATE_TEXT(    \
      |                                                       ^
C:\Program Files (x86)\Microsoft Visual Studio\2022\BuildTools\VC\Tools\MSVC\14.44.35207\include\vcruntime.h(358,47): note: expanded from macro '_CRT_DEPRECATE_TEXT'
  358 | #define _CRT_DEPRECATE_TEXT(_Text) __declspec(deprecated(_Text))
      |                                               ^
C:\Users\ultim\Desktop\Sonic Adventure Recompiled\src\native_title_adapter.cpp(37301,41): warning: 'getenv' is deprecated: This function or variable may be unsafe. Consider using _dupenv_s instead. To disable deprecation, use _CRT_SECURE_NO_WARNINGS. See online help for details. [-Wdeprecated-declarations]
 37301 |                 const auto* flag = std::getenv("SARECOMP_INDEXED_CORNERS");
       |                                         ^
C:\Program Files (x86)\Windows Kits\10\Include\10.0.26100.0\ucrt\stdlib.h(1183,20): note: 'getenv' has been explicitly marked deprecated here
 1183 |     _Check_return_ _CRT_INSECURE_DEPRECATE(_dupenv_s)
      |                    ^
C:\Program Files (x86)\Microsoft Visual Studio\2022\BuildTools\VC\Tools\MSVC\14.44.35207\include\vcruntime.h(368,55): note: expanded from macro '_CRT_INSECURE_DEPRECATE'
  368 |         #define _CRT_INSECURE_DEPRECATE(_Replacement) _CRT_DEPRECATE_TEXT(    \
      |                                                       ^
C:\Program Files (x86)\Microsoft Visual Studio\2022\BuildTools\VC\Tools\MSVC\14.44.35207\include\vcruntime.h(358,47): note: expanded from macro '_CRT_DEPRECATE_TEXT'
  358 | #define _CRT_DEPRECATE_TEXT(_Text) __declspec(deprecated(_Text))
      |                                               ^
C:\Users\ultim\Desktop\Sonic Adventure Recompiled\src\native_title_adapter.cpp(37318,39): warning: 'getenv' is deprecated: This function or variable may be unsafe. Consider using _dupenv_s instead. To disable deprecation, use _CRT_SECURE_NO_WARNINGS. See online help for details. [-Wdeprecated-declarations]
 37318 |                 const auto* flag=std::getenv("SARECOMP_MESH_SOURCE_PLAN");
       |                                       ^
C:\Program Files (x86)\Windows Kits\10\Include\10.0.26100.0\ucrt\stdlib.h(1183,20): note: 'getenv' has been explicitly marked deprecated here
 1183 |     _Check_return_ _CRT_INSECURE_DEPRECATE(_dupenv_s)
      |                    ^
C:\Program Files (x86)\Microsoft Visual Studio\2022\BuildTools\VC\Tools\MSVC\14.44.35207\include\vcruntime.h(368,55): note: expanded from macro '_CRT_INSECURE_DEPRECATE'
  368 |         #define _CRT_INSECURE_DEPRECATE(_Replacement) _CRT_DEPRECATE_TEXT(    \
      |                                                       ^
C:\Program Files (x86)\Microsoft Visual Studio\2022\BuildTools\VC\Tools\MSVC\14.44.35207\include\vcruntime.h(358,47): note: expanded from macro '_CRT_DEPRECATE_TEXT'
  358 | #define _CRT_DEPRECATE_TEXT(_Text) __declspec(deprecated(_Text))
      |                                               ^
C:\Users\ultim\Desktop\Sonic Adventure Recompiled\src\native_title_adapter.cpp(37348,39): warning: 'getenv' is deprecated: This function or variable may be unsafe. Consider using _dupenv_s instead. To disable deprecation, use _CRT_SECURE_NO_WARNINGS. See online help for details. [-Wdeprecated-declarations]
 37348 |                 const auto* flag=std::getenv("SARECOMP_MESH_SHARED_CORNERS");
       |                                       ^
C:\Program Files (x86)\Windows Kits\10\Include\10.0.26100.0\ucrt\stdlib.h(1183,20): note: 'getenv' has been explicitly marked deprecated here
 1183 |     _Check_return_ _CRT_INSECURE_DEPRECATE(_dupenv_s)
      |                    ^
C:\Program Files (x86)\Microsoft Visual Studio\2022\BuildTools\VC\Tools\MSVC\14.44.35207\include\vcruntime.h(368,55): note: expanded from macro '_CRT_INSECURE_DEPRECATE'
  368 |         #define _CRT_INSECURE_DEPRECATE(_Replacement) _CRT_DEPRECATE_TEXT(    \
      |                                                       ^
C:\Program Files (x86)\Microsoft Visual Studio\2022\BuildTools\VC\Tools\MSVC\14.44.35207\include\vcruntime.h(358,47): note: expanded from macro '_CRT_DEPRECATE_TEXT'
  358 | #define _CRT_DEPRECATE_TEXT(_Text) __declspec(deprecated(_Text))
      |                                               ^
C:\Users\ultim\Desktop\Sonic Adventure Recompiled\src\native_title_adapter.cpp(37990,65): warning: 'getenv' is deprecated: This function or variable may be unsafe. Consider using _dupenv_s instead. To disable deprecation, use _CRT_SECURE_NO_WARNINGS. See online help for details. [-Wdeprecated-declarations]
 37990 |                 static const bool verify=[] {const auto* p=std::getenv("SARECOMP_NATIVE_MODEL_PACKETS_VERIFY");
       |                                                                 ^
C:\Program Files (x86)\Windows Kits\10\Include\10.0.26100.0\ucrt\stdlib.h(1183,20): note: 'getenv' has been explicitly marked deprecated here
 1183 |     _Check_return_ _CRT_INSECURE_DEPRECATE(_dupenv_s)
      |                    ^
C:\Program Files (x86)\Microsoft Visual Studio\2022\BuildTools\VC\Tools\MSVC\14.44.35207\include\vcruntime.h(368,55): note: expanded from macro '_CRT_INSECURE_DEPRECATE'
  368 |         #define _CRT_INSECURE_DEPRECATE(_Replacement) _CRT_DEPRECATE_TEXT(    \
      |                                                       ^
C:\Program Files (x86)\Microsoft Visual Studio\2022\BuildTools\VC\Tools\MSVC\14.44.35207\include\vcruntime.h(358,47): note: expanded from macro '_CRT_DEPRECATE_TEXT'
  358 | #define _CRT_DEPRECATE_TEXT(_Text) __declspec(deprecated(_Text))
      |                                               ^
C:\Users\ultim\Desktop\Sonic Adventure Recompiled\src\native_title_adapter.cpp(38578,1): warning: 'sonic_native_ninja_model_draw' has C-linkage specified, but returns user-defined type 'katana::runtime::NativePortHookResult' which is incompatible with C [-Wreturn-type-c-linkage]
 38578 | sonic_native_ninja_model_draw(
       | ^
C:\Users\ultim\Desktop\Sonic Adventure Recompiled\src\native_title_adapter.cpp(38584,1): warning: 'sonic_native_widescreen_model_cull' has C-linkage specified, but returns user-defined type 'katana::runtime::NativePortHookResult' which is incompatible with C [-Wreturn-type-c-linkage]
 38584 | sonic_native_widescreen_model_cull(katana::runtime::NativePortContext&) noexcept;
       | ^
C:\Users\ultim\Desktop\Sonic Adventure Recompiled\src\native_title_adapter.cpp(38762,1): warning: 'sonic_native_model_pipeline' has C-linkage specified, but returns user-defined type 'katana::runtime::NativePortHookResult' which is incompatible with C [-Wreturn-type-c-linkage]
 38762 | sonic_native_model_pipeline(katana::runtime::NativePortContext& context) noexcept {
       | ^
C:\Users\ultim\Desktop\Sonic Adventure Recompiled\src\native_title_adapter.cpp(38777,1): warning: 'sonic_native_model_pipeline_8c037098' has C-linkage specified, but returns user-defined type 'katana::runtime::NativePortHookResult' which is incompatible with C [-Wreturn-type-c-linkage]
 38777 | sonic_native_model_pipeline_8c037098(katana::runtime::NativePortContext& context) noexcept {return sonic_native_model_pipeline(context);}
       | ^
C:\Users\ultim\Desktop\Sonic Adventure Recompiled\src\native_title_adapter.cpp(38779,1): warning: 'sonic_native_model_pipeline_8c037108' has C-linkage specified, but returns user-defined type 'katana::runtime::NativePortHookResult' which is incompatible with C [-Wreturn-type-c-linkage]
 38779 | sonic_native_model_pipeline_8c037108(katana::runtime::NativePortContext& context) noexcept {return sonic_native_model_pipeline(context);}
       | ^
C:\Users\ultim\Desktop\Sonic Adventure Recompiled\src\native_title_adapter.cpp(38784,1): warning: 'sonic_native_draw_polygon' has C-linkage specified, but returns user-defined type 'katana::runtime::NativePortHookResult' which is incompatible with C [-Wreturn-type-c-linkage]
 38784 | sonic_native_draw_polygon(
       | ^
C:\Users\ultim\Desktop\Sonic Adventure Recompiled\src\native_title_adapter.cpp(38790,1): warning: 'sonic_native_draw_texture' has C-linkage specified, but returns user-defined type 'katana::runtime::NativePortHookResult' which is incompatible with C [-Wreturn-type-c-linkage]
 38790 | sonic_native_draw_texture(
       | ^
C:\Users\ultim\Desktop\Sonic Adventure Recompiled\src\native_title_adapter.cpp(38796,1): warning: 'sonic_native_draw_textureh' has C-linkage specified, but returns user-defined type 'katana::runtime::NativePortHookResult' which is incompatible with C [-Wreturn-type-c-linkage]
 38796 | sonic_native_draw_textureh(
       | ^
C:\Users\ultim\Desktop\Sonic Adventure Recompiled\src\native_title_adapter.cpp(38802,1): warning: 'sonic_native_draw_pretransformed_dispatch' has C-linkage specified, but returns user-defined type 'katana::runtime::NativePortHookResult' which is incompatible with C [-Wreturn-type-c-linkage]
 38802 | sonic_native_draw_pretransformed_dispatch(
       | ^
C:\Users\ultim\Desktop\Sonic Adventure Recompiled\src\native_title_adapter.cpp(39160,1): warning: 'sonic_native_draw_pretransformed_line_dispatch' has C-linkage specified, but returns user-defined type 'katana::runtime::NativePortHookResult' which is incompatible with C [-Wreturn-type-c-linkage]
 39160 | sonic_native_draw_pretransformed_line_dispatch(
       | ^
C:\Users\ultim\Desktop\Sonic Adventure Recompiled\src\native_title_adapter.cpp(39716,1): warning: 'sonic_native_draw_pretransformed_colored' has C-linkage specified, but returns user-defined type 'katana::runtime::NativePortHookResult' which is incompatible with C [-Wreturn-type-c-linkage]
 39716 | sonic_native_draw_pretransformed_colored(
       | ^
C:\Users\ultim\Desktop\Sonic Adventure Recompiled\src\native_title_adapter.cpp(39722,1): warning: 'sonic_native_draw_pretransformed_textured' has C-linkage specified, but returns user-defined type 'katana::runtime::NativePortHookResult' which is incompatible with C [-Wreturn-type-c-linkage]
 39722 | sonic_native_draw_pretransformed_textured(
       | ^
C:\Users\ultim\Desktop\Sonic Adventure Recompiled\src\native_title_adapter.cpp(41066,1): warning: 'sonic_native_draw_sprite_2d' has C-linkage specified, but returns user-defined type 'katana::runtime::NativePortHookResult' which is incompatible with C [-Wreturn-type-c-linkage]
 41066 | sonic_native_draw_sprite_2d(
       | ^
C:\Users\ultim\Desktop\Sonic Adventure Recompiled\src\native_title_adapter.cpp(41072,1): warning: 'sonic_native_draw_sprite_3d' has C-linkage specified, but returns user-defined type 'katana::runtime::NativePortHookResult' which is incompatible with C [-Wreturn-type-c-linkage]
 41072 | sonic_native_draw_sprite_3d(
       | ^
C:\Users\ultim\Desktop\Sonic Adventure Recompiled\src\native_title_adapter.cpp(41078,1): warning: 'sonic_native_draw_route_sprite_3d' has C-linkage specified, but returns user-defined type 'katana::runtime::NativePortHookResult' which is incompatible with C [-Wreturn-type-c-linkage]
 41078 | sonic_native_draw_route_sprite_3d(
       | ^
C:\Users\ultim\Desktop\Sonic Adventure Recompiled\src\native_title_adapter.cpp(41529,1): warning: 'sonic_native_draw_glyph_text' has C-linkage specified, but returns user-defined type 'katana::runtime::NativePortHookResult' which is incompatible with C [-Wreturn-type-c-linkage]
 41529 | sonic_native_draw_glyph_text(
       | ^
C:\Users\ultim\Desktop\Sonic Adventure Recompiled\src\native_title_adapter.cpp(41535,1): warning: 'sonic_native_draw_glyph_decimal' has C-linkage specified, but returns user-defined type 'katana::runtime::NativePortHookResult' which is incompatible with C [-Wreturn-type-c-linkage]
 41535 | sonic_native_draw_glyph_decimal(
       | ^
C:\Users\ultim\Desktop\Sonic Adventure Recompiled\src\native_title_adapter.cpp(41541,1): warning: 'sonic_native_draw_glyph_nibbles' has C-linkage specified, but returns user-defined type 'katana::runtime::NativePortHookResult' which is incompatible with C [-Wreturn-type-c-linkage]
 41541 | sonic_native_draw_glyph_nibbles(
       | ^
C:\Users\ultim\Desktop\Sonic Adventure Recompiled\src\native_title_adapter.cpp(41547,1): warning: 'sonic_native_draw_resident_glyph_text' has C-linkage specified, but returns user-defined type 'katana::runtime::NativePortHookResult' which is incompatible with C [-Wreturn-type-c-linkage]
 41547 | sonic_native_draw_resident_glyph_text(
       | ^
C:\Users\ultim\Desktop\Sonic Adventure Recompiled\src\native_title_adapter.cpp(41554,1): warning: 'sonic_native_draw_resident_glyph_foreground' has C-linkage specified, but returns user-defined type 'katana::runtime::NativePortHookResult' which is incompatible with C [-Wreturn-type-c-linkage]
 41554 | sonic_native_draw_resident_glyph_foreground(
       | ^
C:\Users\ultim\Desktop\Sonic Adventure Recompiled\src\native_title_adapter.cpp(41561,1): warning: 'sonic_native_draw_resident_glyph_decimal' has C-linkage specified, but returns user-defined type 'katana::runtime::NativePortHookResult' which is incompatible with C [-Wreturn-type-c-linkage]
 41561 | sonic_native_draw_resident_glyph_decimal(
       | ^
C:\Users\ultim\Desktop\Sonic Adventure Recompiled\src\native_title_adapter.cpp(41568,1): warning: 'sonic_native_draw_resident_glyph_binary' has C-linkage specified, but returns user-defined type 'katana::runtime::NativePortHookResult' which is incompatible with C [-Wreturn-type-c-linkage]
 41568 | sonic_native_draw_resident_glyph_binary(
       | ^
C:\Users\ultim\Desktop\Sonic Adventure Recompiled\src\native_title_adapter.cpp(41575,1): warning: 'sonic_native_draw_resident_glyph_nibbles' has C-linkage specified, but returns user-defined type 'katana::runtime::NativePortHookResult' which is incompatible with C [-Wreturn-type-c-linkage]
 41575 | sonic_native_draw_resident_glyph_nibbles(
       | ^
C:\Users\ultim\Desktop\Sonic Adventure Recompiled\src\native_title_adapter.cpp(41582,1): warning: 'sonic_native_draw_resident_glyph_float' has C-linkage specified, but returns user-defined type 'katana::runtime::NativePortHookResult' which is incompatible with C [-Wreturn-type-c-linkage]
 41582 | sonic_native_draw_resident_glyph_float(
       | ^
C:\Users\ultim\Desktop\Sonic Adventure Recompiled\src\native_title_adapter.cpp(41898,1): warning: 'sonic_native_frame_begin' has C-linkage specified, but returns user-defined type 'katana::runtime::NativePortHookResult' which is incompatible with C [-Wreturn-type-c-linkage]
 41898 | sonic_native_frame_begin(
       | ^
C:\Users\ultim\Desktop\Sonic Adventure Recompiled\src\native_title_adapter.cpp(42231,1): warning: 'sonic_native_frame_producer_complete' has C-linkage specified, but returns user-defined type 'katana::runtime::NativePortHookResult' which is incompatible with C [-Wreturn-type-c-linkage]
 42231 | sonic_native_frame_producer_complete(
       | ^
C:\Users\ultim\Desktop\Sonic Adventure Recompiled\src\native_title_adapter.cpp(42263,1): warning: 'sonic_native_frame_producer_wait' has C-linkage specified, but returns user-defined type 'katana::runtime::NativePortHookResult' which is incompatible with C [-Wreturn-type-c-linkage]
 42263 | sonic_native_frame_producer_wait(
       | ^
C:\Users\ultim\Desktop\Sonic Adventure Recompiled\src\native_title_adapter.cpp(42299,1): warning: 'sonic_native_scene_begin' has C-linkage specified, but returns user-defined type 'katana::runtime::NativePortHookResult' which is incompatible with C [-Wreturn-type-c-linkage]
 42299 | sonic_native_scene_begin(
       | ^
C:\Users\ultim\Desktop\Sonic Adventure Recompiled\src\native_title_adapter.cpp(42360,1): warning: 'sonic_native_frame_turnover' has C-linkage specified, but returns user-defined type 'katana::runtime::NativePortHookResult' which is incompatible with C [-Wreturn-type-c-linkage]
 42360 | sonic_native_frame_turnover(
       | ^
C:\Users\ultim\Desktop\Sonic Adventure Recompiled\src\native_title_adapter.cpp(42484,1): warning: 'sonic_native_kamui_present_drain' has C-linkage specified, but returns user-defined type 'katana::runtime::NativePortHookResult' which is incompatible with C [-Wreturn-type-c-linkage]
 42484 | sonic_native_kamui_present_drain(
       | ^
C:\Users\ultim\Desktop\Sonic Adventure Recompiled\src\native_title_adapter.cpp(42532,1): warning: 'sonic_native_waypoint_probe' has C-linkage specified, but returns user-defined type 'katana::runtime::NativePortHookResult' which is incompatible with C [-Wreturn-type-c-linkage]
 42532 | sonic_native_waypoint_probe(
       | ^
C:\Users\ultim\Desktop\Sonic Adventure Recompiled\src\native_title_adapter.cpp(42559,1): warning: 'sonic_native_waypoint_title_dispatch' has C-linkage specified, but returns user-defined type 'katana::runtime::NativePortHookResult' which is incompatible with C [-Wreturn-type-c-linkage]
 42559 | sonic_native_waypoint_title_dispatch(
       | ^
C:\Users\ultim\Desktop\Sonic Adventure Recompiled\src\native_title_adapter.cpp(42565,1): warning: 'sonic_native_waypoint_frame_dispatch' has C-linkage specified, but returns user-defined type 'katana::runtime::NativePortHookResult' which is incompatible with C [-Wreturn-type-c-linkage]
 42565 | sonic_native_waypoint_frame_dispatch(
       | ^
C:\Users\ultim\Desktop\Sonic Adventure Recompiled\src\native_title_adapter.cpp(42728,1): warning: 'sonic_native_pvr_asic_interrupt_normal_acknowledge_8_8c6047ba' has C-linkage specified, but returns user-defined type 'katana::runtime::NativePortHookResult' which is incompatible with C [-Wreturn-type-c-linkage]
 42728 | sonic_native_pvr_asic_interrupt_normal_acknowledge_8_8c6047ba(
       | ^
C:\Users\ultim\Desktop\Sonic Adventure Recompiled\src\native_title_adapter.cpp(42735,1): warning: 'sonic_native_pvr_softreset_write_1_8c653388' has C-linkage specified, but returns user-defined type 'katana::runtime::NativePortHookResult' which is incompatible with C [-Wreturn-type-c-linkage]
 42735 | sonic_native_pvr_softreset_write_1_8c653388(
       | ^
C:\Users\ultim\Desktop\Sonic Adventure Recompiled\src\native_title_adapter.cpp(42804,1): warning: 'sonic_native_pvr_asic_interrupt_error_acknowledge_4' has C-linkage specified, but returns user-defined type 'katana::runtime::NativePortHookResult' which is incompatible with C [-Wreturn-type-c-linkage]
 42804 | sonic_native_pvr_asic_interrupt_error_acknowledge_4(
       | ^
C:\Users\ultim\Desktop\Sonic Adventure Recompiled\src\native_title_adapter.cpp(42811,1): warning: 'sonic_native_pvr_asic_interrupt_error_acknowledge_8' has C-linkage specified, but returns user-defined type 'katana::runtime::NativePortHookResult' which is incompatible with C [-Wreturn-type-c-linkage]
 42811 | sonic_native_pvr_asic_interrupt_error_acknowledge_8(
       | ^
C:\Users\ultim\Desktop\Sonic Adventure Recompiled\src\native_title_adapter.cpp(42818,1): warning: 'sonic_native_pvr_asic_error_acknowledge' has C-linkage specified, but returns user-defined type 'katana::runtime::NativePortHookResult' which is incompatible with C [-Wreturn-type-c-linkage]
 42818 | sonic_native_pvr_asic_error_acknowledge(
       | ^
C:\Users\ultim\Desktop\Sonic Adventure Recompiled\src\native_title_adapter.cpp(42899,1): warning: 'sonic_native_platform_interrupt_normal_mask_seed' has C-linkage specified, but returns user-defined type 'katana::runtime::NativePortHookResult' which is incompatible with C [-Wreturn-type-c-linkage]
 42899 | sonic_native_platform_interrupt_normal_mask_seed(
       | ^
C:\Users\ultim\Desktop\Sonic Adventure Recompiled\src\native_title_adapter.cpp(42960,1): warning: 'sonic_native_platform_interrupt_normal_mask_initialize' has C-linkage specified, but returns user-defined type 'katana::runtime::NativePortHookResult' which is incompatible with C [-Wreturn-type-c-linkage]
 42960 | sonic_native_platform_interrupt_normal_mask_initialize(
       | ^
C:\Users\ultim\Desktop\Sonic Adventure Recompiled\src\native_title_adapter.cpp(43101,1): warning: 'sonic_native_pvr_asic_channel_setup' has C-linkage specified, but returns user-defined type 'katana::runtime::NativePortHookResult' which is incompatible with C [-Wreturn-type-c-linkage]
 43101 | sonic_native_pvr_asic_channel_setup(
       | ^
C:\Users\ultim\Desktop\Sonic Adventure Recompiled\src\native_title_adapter.cpp(43218,1): warning: 'sonic_native_pvr_asic_service' has C-linkage specified, but returns user-defined type 'katana::runtime::NativePortHookResult' which is incompatible with C [-Wreturn-type-c-linkage]
 43218 | sonic_native_pvr_asic_service(
       | ^
C:\Users\ultim\Desktop\Sonic Adventure Recompiled\src\native_title_adapter.cpp(43273,1): warning: 'sonic_native_pvr_asic_scheduler' has C-linkage specified, but returns user-defined type 'katana::runtime::NativePortHookResult' which is incompatible with C [-Wreturn-type-c-linkage]
 43273 | sonic_native_pvr_asic_scheduler(
       | ^
C:\Users\ultim\Desktop\Sonic Adventure Recompiled\src\native_title_adapter.cpp(43305,1): warning: 'sonic_native_pvr_asic_dispatch' has C-linkage specified, but returns user-defined type 'katana::runtime::NativePortHookResult' which is incompatible with C [-Wreturn-type-c-linkage]
 43305 | sonic_native_pvr_asic_dispatch(
       | ^
C:\Users\ultim\Desktop\Sonic Adventure Recompiled\src\native_title_adapter.cpp(43339,1): warning: 'sonic_native_g2_bus_configure' has C-linkage specified, but returns user-defined type 'katana::runtime::NativePortHookResult' which is incompatible with C [-Wreturn-type-c-linkage]
 43339 | sonic_native_g2_bus_configure(
       | ^
C:\Users\ultim\Desktop\Sonic Adventure Recompiled\src\native_title_adapter.cpp(43819,1): warning: 'sonic_native_ninja_resident_model_draw_8c6107f0' has C-linkage specified, but returns user-defined type 'katana::runtime::NativePortHookResult' which is incompatible with C [-Wreturn-type-c-linkage]
 43819 | sonic_native_ninja_resident_model_draw_8c6107f0(
       | ^
C:\Users\ultim\Desktop\Sonic Adventure Recompiled\src\native_title_adapter.cpp(43826,1): warning: 'sonic_native_ninja_basic_model_draw_8c6214fa' has C-linkage specified, but returns user-defined type 'katana::runtime::NativePortHookResult' which is incompatible with C [-Wreturn-type-c-linkage]
 43826 | sonic_native_ninja_basic_model_draw_8c6214fa(
       | ^
C:\Users\ultim\Desktop\Sonic Adventure Recompiled\src\native_title_adapter.cpp(43833,1): warning: 'sonic_native_ninja_basic_model_draw_8c638d72' has C-linkage specified, but returns user-defined type 'katana::runtime::NativePortHookResult' which is incompatible with C [-Wreturn-type-c-linkage]
 43833 | sonic_native_ninja_basic_model_draw_8c638d72(
       | ^
C:\Users\ultim\Desktop\Sonic Adventure Recompiled\src\native_title_adapter.cpp(154,25): warning: unused variable 'sonic_native_graphics_error_pretransformed' [-Wunused-const-variable]
  154 | constexpr std::uint32_t sonic_native_graphics_error_pretransformed = 0x53414708u;
      |                         ^~~~~~~~~~~~~~~~~~~~~~~~~~~~~~~~~~~~~~~~~~
C:\Users\ultim\Desktop\Sonic Adventure Recompiled\src\native_title_adapter.cpp(155,25): warning: unused variable 'sonic_native_graphics_error_border_color' [-Wunused-const-variable]
  155 | constexpr std::uint32_t sonic_native_graphics_error_border_color = 0x53414709u;
      |                         ^~~~~~~~~~~~~~~~~~~~~~~~~~~~~~~~~~~~~~~~
C:\Users\ultim\Desktop\Sonic Adventure Recompiled\src\native_title_adapter.cpp(164,25): warning: unused variable 'sonic_native_frame_error_producer' [-Wunused-const-variable]
  164 | constexpr std::uint32_t sonic_native_frame_error_producer = 0x53414602u;
      |                         ^~~~~~~~~~~~~~~~~~~~~~~~~~~~~~~~~
C:\Users\ultim\Desktop\Sonic Adventure Recompiled\src\native_title_adapter.cpp(190,25): warning: unused variable 'sonic_native_movie_error_shutdown' [-Wunused-const-variable]
  190 | constexpr std::uint32_t sonic_native_movie_error_shutdown = 0x53414D06u;
      |                         ^~~~~~~~~~~~~~~~~~~~~~~~~~~~~~~~~
C:\Users\ultim\Desktop\Sonic Adventure Recompiled\src\native_title_adapter.cpp(220,25): warning: unused variable 'sonic_native_transfer_error_queue' [-Wunused-const-variable]
  220 | constexpr std::uint32_t sonic_native_transfer_error_queue = 0x53415804u;
      |                         ^~~~~~~~~~~~~~~~~~~~~~~~~~~~~~~~~
C:\Users\ultim\Desktop\Sonic Adventure Recompiled\src\native_title_adapter.cpp(373,25): warning: unused variable 'sonic_native_pvr_asic_dma_status' [-Wunused-const-variable]
  373 | constexpr std::uint32_t sonic_native_pvr_asic_dma_status = 0xA05F810Cu;
      |                         ^~~~~~~~~~~~~~~~~~~~~~~~~~~~~~~~
C:\Users\ultim\Desktop\Sonic Adventure Recompiled\src\native_title_adapter.cpp(374,25): warning: unused variable 'sonic_native_pvr_asic_dma_control' [-Wunused-const-variable]
  374 | constexpr std::uint32_t sonic_native_pvr_asic_dma_control = 0xA05F6900u;
      |                         ^~~~~~~~~~~~~~~~~~~~~~~~~~~~~~~~~
C:\Users\ultim\Desktop\Sonic Adventure Recompiled\src\native_title_adapter.cpp(375,25): warning: unused variable 'sonic_native_pvr_asic_dma_control_secondary' [-Wunused-const-variable]
  375 | constexpr std::uint32_t sonic_native_pvr_asic_dma_control_secondary =
      |                         ^~~~~~~~~~~~~~~~~~~~~~~~~~~~~~~~~~~~~~~~~~~
C:\Users\ultim\Desktop\Sonic Adventure Recompiled\src\native_title_adapter.cpp(1071,25): warning: unused variable 'sonic_ninja_font_surface' [-Wunused-const-variable]
 1071 | constexpr std::uint32_t sonic_ninja_font_surface = 0x8C8904A4u;
      |                         ^~~~~~~~~~~~~~~~~~~~~~~~
C:\Users\ultim\Desktop\Sonic Adventure Recompiled\src\native_title_adapter.cpp(4526,43): warning: unused function 'reader_byte' [-Wunused-function]
 4526 | [[nodiscard]] std::optional<std::uint8_t> reader_byte(
      |                                           ^~~~~~~~~~~
C:\Users\ultim\Desktop\Sonic Adventure Recompiled\src\native_title_adapter.cpp(6583,1): warning: unused function 'sonic_current_ninja_transform' [-Wunused-function]
 6583 | sonic_current_ninja_transform(
      | ^~~~~~~~~~~~~~~~~~~~~~~~~~~~~
C:\Users\ultim\Desktop\Sonic Adventure Recompiled\src\native_title_adapter.cpp(13688,20): warning: unused function 'native_loaded_aot_texture_matches' [-Wunused-function]
 13688 | [[nodiscard]] bool native_loaded_aot_texture_matches(
       |                    ^~~~~~~~~~~~~~~~~~~~~~~~~~~~~~~~~
C:\Users\ultim\Desktop\Sonic Adventure Recompiled\src\native_title_adapter.cpp(20902,20): warning: unused function 'guest_string_equals' [-Wunused-function]
 20902 | [[nodiscard]] bool guest_string_equals(
       |                    ^~~~~~~~~~~~~~~~~~~
C:\Users\ultim\Desktop\Sonic Adventure Recompiled\src\native_title_adapter.cpp(21035,20): warning: unused function 'sonic_native_save_publish' [-Wunused-function]
 21035 | [[nodiscard]] bool sonic_native_save_publish(
       |                    ^~~~~~~~~~~~~~~~~~~~~~~~~
C:\Users\ultim\Desktop\Sonic Adventure Recompiled\src\native_title_adapter.cpp(23001,24): warning: unused variable 'sonic_native_adxt_state_preparing' [-Wunused-const-variable]
 23001 | constexpr std::uint8_t sonic_native_adxt_state_preparing = 2u;
       |                        ^~~~~~~~~~~~~~~~~~~~~~~~~~~~~~~~~
315 warnings generated.
[7/23] Generating generated/movement-contact-bridge/private-original.cpp
SONIC_MOVEMENT_CONTACT_BRIDGE_READY owners=147 public=0
[8/23] Building CXX object CMakeFiles\katana_native_title_adapter.dir\src\sonic_movement_contact.cpp.obj
In file included from C:\Users\ultim\Desktop\Sonic Adventure Recompiled\src\sonic_movement_contact.cpp:1:
In file included from C:\Users\ultim\Desktop\Sonic Adventure Recompiled\src\sonic_movement_contact.hpp:3:
C:\Users\ultim\Desktop\Sonic Adventure Recompiled\src\sonic_internal_diagnostics.hpp(28,67): warning: 'getenv' is deprecated: This function or variable may be unsafe. Consider using _dupenv_s instead. To disable deprecation, use _CRT_SECURE_NO_WARNINGS. See online help for details. [-Wdeprecated-declarations]
   28 |     internal_runtime_enabled = read_internal_policy(program, std::getenv("SARECOMP_INTERNAL_DIAGNOSTICS"));
      |                                                                   ^
C:\Program Files (x86)\Windows Kits\10\Include\10.0.26100.0\ucrt\stdlib.h(1183,20): note: 'getenv' has been explicitly marked deprecated here
 1183 |     _Check_return_ _CRT_INSECURE_DEPRECATE(_dupenv_s)
      |                    ^
C:\Program Files (x86)\Microsoft Visual Studio\2022\BuildTools\VC\Tools\MSVC\14.44.35207\include\vcruntime.h(368,55): note: expanded from macro '_CRT_INSECURE_DEPRECATE'
  368 |         #define _CRT_INSECURE_DEPRECATE(_Replacement) _CRT_DEPRECATE_TEXT(    \
      |                                                       ^
C:\Program Files (x86)\Microsoft Visual Studio\2022\BuildTools\VC\Tools\MSVC\14.44.35207\include\vcruntime.h(358,47): note: expanded from macro '_CRT_DEPRECATE_TEXT'
  358 | #define _CRT_DEPRECATE_TEXT(_Text) __declspec(deprecated(_Text))
      |                                               ^
In file included from C:\Users\ultim\Desktop\Sonic Adventure Recompiled\src\sonic_movement_contact.cpp:1:
In file included from C:\Users\ultim\Desktop\Sonic Adventure Recompiled\src\sonic_movement_contact.hpp:4:
C:\Users\ultim\Desktop\Sonic Adventure Recompiled\src\sonic_native_cpu_policy.hpp(11,30): warning: 'getenv' is deprecated: This function or variable may be unsafe. Consider using _dupenv_s instead. To disable deprecation, use _CRT_SECURE_NO_WARNINGS. See online help for details. [-Wdeprecated-declarations]
   11 |     const char* group = std::getenv("SARECOMP_NATIVE_CPU_PATHS");
      |                              ^
C:\Program Files (x86)\Windows Kits\10\Include\10.0.26100.0\ucrt\stdlib.h(1183,20): note: 'getenv' has been explicitly marked deprecated here
 1183 |     _Check_return_ _CRT_INSECURE_DEPRECATE(_dupenv_s)
      |                    ^
C:\Program Files (x86)\Microsoft Visual Studio\2022\BuildTools\VC\Tools\MSVC\14.44.35207\include\vcruntime.h(368,55): note: expanded from macro '_CRT_INSECURE_DEPRECATE'
  368 |         #define _CRT_INSECURE_DEPRECATE(_Replacement) _CRT_DEPRECATE_TEXT(    \
      |                                                       ^
C:\Program Files (x86)\Microsoft Visual Studio\2022\BuildTools\VC\Tools\MSVC\14.44.35207\include\vcruntime.h(358,47): note: expanded from macro '_CRT_DEPRECATE_TEXT'
  358 | #define _CRT_DEPRECATE_TEXT(_Text) __declspec(deprecated(_Text))
      |                                               ^
In file included from C:\Users\ultim\Desktop\Sonic Adventure Recompiled\src\sonic_movement_contact.cpp:1:
In file included from C:\Users\ultim\Desktop\Sonic Adventure Recompiled\src\sonic_movement_contact.hpp:4:
C:\Users\ultim\Desktop\Sonic Adventure Recompiled\src\sonic_native_cpu_policy.hpp(13,30): warning: 'getenv' is deprecated: This function or variable may be unsafe. Consider using _dupenv_s instead. To disable deprecation, use _CRT_SECURE_NO_WARNINGS. See online help for details. [-Wdeprecated-declarations]
   13 |     const char* value = std::getenv(option);
      |                              ^
C:\Program Files (x86)\Windows Kits\10\Include\10.0.26100.0\ucrt\stdlib.h(1183,20): note: 'getenv' has been explicitly marked deprecated here
 1183 |     _Check_return_ _CRT_INSECURE_DEPRECATE(_dupenv_s)
      |                    ^
C:\Program Files (x86)\Microsoft Visual Studio\2022\BuildTools\VC\Tools\MSVC\14.44.35207\include\vcruntime.h(368,55): note: expanded from macro '_CRT_INSECURE_DEPRECATE'
  368 |         #define _CRT_INSECURE_DEPRECATE(_Replacement) _CRT_DEPRECATE_TEXT(    \
      |                                                       ^
C:\Program Files (x86)\Microsoft Visual Studio\2022\BuildTools\VC\Tools\MSVC\14.44.35207\include\vcruntime.h(358,47): note: expanded from macro '_CRT_DEPRECATE_TEXT'
  358 | #define _CRT_DEPRECATE_TEXT(_Text) __declspec(deprecated(_Text))
      |                                               ^
In file included from C:\Users\ultim\Desktop\Sonic Adventure Recompiled\src\sonic_movement_contact.cpp:1:
C:\Users\ultim\Desktop\Sonic Adventure Recompiled\src\sonic_movement_contact.hpp(14,49): warning: 'getenv' is deprecated: This function or variable may be unsafe. Consider using _dupenv_s instead. To disable deprecation, use _CRT_SECURE_NO_WARNINGS. See online help for details. [-Wdeprecated-declarations]
   14 |     static const bool on=[] {const auto* v=std::getenv("SARECOMP_NATIVE_MOVEMENT_CONTACT");
      |                                                 ^
C:\Program Files (x86)\Windows Kits\10\Include\10.0.26100.0\ucrt\stdlib.h(1183,20): note: 'getenv' has been explicitly marked deprecated here
 1183 |     _Check_return_ _CRT_INSECURE_DEPRECATE(_dupenv_s)
      |                    ^
C:\Program Files (x86)\Microsoft Visual Studio\2022\BuildTools\VC\Tools\MSVC\14.44.35207\include\vcruntime.h(368,55): note: expanded from macro '_CRT_INSECURE_DEPRECATE'
  368 |         #define _CRT_INSECURE_DEPRECATE(_Replacement) _CRT_DEPRECATE_TEXT(    \
      |                                                       ^
C:\Program Files (x86)\Microsoft Visual Studio\2022\BuildTools\VC\Tools\MSVC\14.44.35207\include\vcruntime.h(358,47): note: expanded from macro '_CRT_DEPRECATE_TEXT'
  358 | #define _CRT_DEPRECATE_TEXT(_Text) __declspec(deprecated(_Text))
      |                                               ^
In file included from C:\Users\ultim\Desktop\Sonic Adventure Recompiled\src\sonic_movement_contact.cpp:1:
C:\Users\ultim\Desktop\Sonic Adventure Recompiled\src\sonic_movement_contact.hpp(20,49): warning: 'getenv' is deprecated: This function or variable may be unsafe. Consider using _dupenv_s instead. To disable deprecation, use _CRT_SECURE_NO_WARNINGS. See online help for details. [-Wdeprecated-declarations]
   20 |     static const bool on=[] {const auto* v=std::getenv("SARECOMP_NATIVE_OBJECT_CONTACT");
      |                                                 ^
C:\Program Files (x86)\Windows Kits\10\Include\10.0.26100.0\ucrt\stdlib.h(1183,20): note: 'getenv' has been explicitly marked deprecated here
 1183 |     _Check_return_ _CRT_INSECURE_DEPRECATE(_dupenv_s)
      |                    ^
C:\Program Files (x86)\Microsoft Visual Studio\2022\BuildTools\VC\Tools\MSVC\14.44.35207\include\vcruntime.h(368,55): note: expanded from macro '_CRT_INSECURE_DEPRECATE'
  368 |         #define _CRT_INSECURE_DEPRECATE(_Replacement) _CRT_DEPRECATE_TEXT(    \
      |                                                       ^
C:\Program Files (x86)\Microsoft Visual Studio\2022\BuildTools\VC\Tools\MSVC\14.44.35207\include\vcruntime.h(358,47): note: expanded from macro '_CRT_DEPRECATE_TEXT'
  358 | #define _CRT_DEPRECATE_TEXT(_Text) __declspec(deprecated(_Text))
      |                                               ^
In file included from C:\Users\ultim\Desktop\Sonic Adventure Recompiled\src\sonic_movement_contact.cpp:1:
C:\Users\ultim\Desktop\Sonic Adventure Recompiled\src\sonic_movement_contact.hpp(26,49): warning: 'getenv' is deprecated: This function or variable may be unsafe. Consider using _dupenv_s instead. To disable deprecation, use _CRT_SECURE_NO_WARNINGS. See online help for details. [-Wdeprecated-declarations]
   26 |     static const bool on=[] {const auto* v=std::getenv("SARECOMP_NATIVE_CAMERA_OPERATION");
      |                                                 ^
C:\Program Files (x86)\Windows Kits\10\Include\10.0.26100.0\ucrt\stdlib.h(1183,20): note: 'getenv' has been explicitly marked deprecated here
 1183 |     _Check_return_ _CRT_INSECURE_DEPRECATE(_dupenv_s)
      |                    ^
C:\Program Files (x86)\Microsoft Visual Studio\2022\BuildTools\VC\Tools\MSVC\14.44.35207\include\vcruntime.h(368,55): note: expanded from macro '_CRT_INSECURE_DEPRECATE'
  368 |         #define _CRT_INSECURE_DEPRECATE(_Replacement) _CRT_DEPRECATE_TEXT(    \
      |                                                       ^
C:\Program Files (x86)\Microsoft Visual Studio\2022\BuildTools\VC\Tools\MSVC\14.44.35207\include\vcruntime.h(358,47): note: expanded from macro '_CRT_DEPRECATE_TEXT'
  358 | #define _CRT_DEPRECATE_TEXT(_Text) __declspec(deprecated(_Text))
      |                                               ^
In file included from C:\Users\ultim\Desktop\Sonic Adventure Recompiled\src\sonic_movement_contact.cpp:2:
C:\Users\ultim\Desktop\Sonic Adventure Recompiled\src\sonic_scalar_write_view.hpp(30,30): warning: 'getenv' is deprecated: This function or variable may be unsafe. Consider using _dupenv_s instead. To disable deprecation, use _CRT_SECURE_NO_WARNINGS. See online help for details. [-Wdeprecated-declarations]
   30 |         const char* p = std::getenv("SARECOMP_SCALAR_WRITES");
      |                              ^
C:\Program Files (x86)\Windows Kits\10\Include\10.0.26100.0\ucrt\stdlib.h(1183,20): note: 'getenv' has been explicitly marked deprecated here
 1183 |     _Check_return_ _CRT_INSECURE_DEPRECATE(_dupenv_s)
      |                    ^
C:\Program Files (x86)\Microsoft Visual Studio\2022\BuildTools\VC\Tools\MSVC\14.44.35207\include\vcruntime.h(368,55): note: expanded from macro '_CRT_INSECURE_DEPRECATE'
  368 |         #define _CRT_INSECURE_DEPRECATE(_Replacement) _CRT_DEPRECATE_TEXT(    \
      |                                                       ^
C:\Program Files (x86)\Microsoft Visual Studio\2022\BuildTools\VC\Tools\MSVC\14.44.35207\include\vcruntime.h(358,47): note: expanded from macro '_CRT_DEPRECATE_TEXT'
  358 | #define _CRT_DEPRECATE_TEXT(_Text) __declspec(deprecated(_Text))
      |                                               ^
In file included from C:\Users\ultim\Desktop\Sonic Adventure Recompiled\src\sonic_movement_contact.cpp:2:
C:\Users\ultim\Desktop\Sonic Adventure Recompiled\src\sonic_scalar_write_view.hpp(38,30): warning: 'getenv' is deprecated: This function or variable may be unsafe. Consider using _dupenv_s instead. To disable deprecation, use _CRT_SECURE_NO_WARNINGS. See online help for details. [-Wdeprecated-declarations]
   38 |         const char* p = std::getenv("SARECOMP_STACK_FRAMES");
      |                              ^
C:\Program Files (x86)\Windows Kits\10\Include\10.0.26100.0\ucrt\stdlib.h(1183,20): note: 'getenv' has been explicitly marked deprecated here
 1183 |     _Check_return_ _CRT_INSECURE_DEPRECATE(_dupenv_s)
      |                    ^
C:\Program Files (x86)\Microsoft Visual Studio\2022\BuildTools\VC\Tools\MSVC\14.44.35207\include\vcruntime.h(368,55): note: expanded from macro '_CRT_INSECURE_DEPRECATE'
  368 |         #define _CRT_INSECURE_DEPRECATE(_Replacement) _CRT_DEPRECATE_TEXT(    \
      |                                                       ^
C:\Program Files (x86)\Microsoft Visual Studio\2022\BuildTools\VC\Tools\MSVC\14.44.35207\include\vcruntime.h(358,47): note: expanded from macro '_CRT_DEPRECATE_TEXT'
  358 | #define _CRT_DEPRECATE_TEXT(_Text) __declspec(deprecated(_Text))
      |                                               ^
In file included from C:\Users\ultim\Desktop\Sonic Adventure Recompiled\src\sonic_movement_contact.cpp:2:
C:\Users\ultim\Desktop\Sonic Adventure Recompiled\src\sonic_scalar_write_view.hpp(46,30): warning: 'getenv' is deprecated: This function or variable may be unsafe. Consider using _dupenv_s instead. To disable deprecation, use _CRT_SECURE_NO_WARNINGS. See online help for details. [-Wdeprecated-declarations]
   46 |         const char* p = std::getenv("SARECOMP_RAM_REGIONS");
      |                              ^
C:\Program Files (x86)\Windows Kits\10\Include\10.0.26100.0\ucrt\stdlib.h(1183,20): note: 'getenv' has been explicitly marked deprecated here
 1183 |     _Check_return_ _CRT_INSECURE_DEPRECATE(_dupenv_s)
      |                    ^
C:\Program Files (x86)\Microsoft Visual Studio\2022\BuildTools\VC\Tools\MSVC\14.44.35207\include\vcruntime.h(368,55): note: expanded from macro '_CRT_INSECURE_DEPRECATE'
  368 |         #define _CRT_INSECURE_DEPRECATE(_Replacement) _CRT_DEPRECATE_TEXT(    \
      |                                                       ^
C:\Program Files (x86)\Microsoft Visual Studio\2022\BuildTools\VC\Tools\MSVC\14.44.35207\include\vcruntime.h(358,47): note: expanded from macro '_CRT_DEPRECATE_TEXT'
  358 | #define _CRT_DEPRECATE_TEXT(_Text) __declspec(deprecated(_Text))
      |                                               ^
C:\Users\ultim\Desktop\Sonic Adventure Recompiled\src\sonic_movement_contact.cpp(31,6): warning: unused function 'nonnegative' [-Wunused-function]
   31 | bool nonnegative(std::uint32_t value) noexcept {return !(value&0x80000000u);}
      |      ^~~~~~~~~~~
C:\Users\ultim\Desktop\Sonic Adventure Recompiled\src\sonic_movement_contact.cpp(33,15): warning: unused function 'signed16' [-Wunused-function]
   33 | std::uint32_t signed16(std::uint16_t v) noexcept {return std::uint32_t(std::int32_t(std::bit_cast<std::int16_t>(v)));}
      |               ^~~~~~~~
11 warnings generated.
[9/23] Building CXX object CMakeFiles\sonic_dispatch.dir\generated\movement-contact-bridge\unit-v8C074214-8C075154-1bc56e9d4bd882fb.cpp.obj
In file included from C:\Users\ultim\Desktop\Sonic Adventure Recompiled\build-performance\generated\movement-contact-bridge\unit-v8C074214-8C075154-1bc56e9d4bd882fb.cpp:1:
In file included from C:\Users\ultim\Desktop\Sonic Adventure Recompiled\src\sonic_movement_contact.hpp:3:
C:\Users\ultim\Desktop\Sonic Adventure Recompiled\src\sonic_internal_diagnostics.hpp(28,67): warning: 'getenv' is deprecated: This function or variable may be unsafe. Consider using _dupenv_s instead. To disable deprecation, use _CRT_SECURE_NO_WARNINGS. See online help for details. [-Wdeprecated-declarations]
   28 |     internal_runtime_enabled = read_internal_policy(program, std::getenv("SARECOMP_INTERNAL_DIAGNOSTICS"));
      |                                                                   ^
C:\Program Files (x86)\Windows Kits\10\Include\10.0.26100.0\ucrt\stdlib.h(1183,20): note: 'getenv' has been explicitly marked deprecated here
 1183 |     _Check_return_ _CRT_INSECURE_DEPRECATE(_dupenv_s)
      |                    ^
C:\Program Files (x86)\Microsoft Visual Studio\2022\BuildTools\VC\Tools\MSVC\14.44.35207\include\vcruntime.h(368,55): note: expanded from macro '_CRT_INSECURE_DEPRECATE'
  368 |         #define _CRT_INSECURE_DEPRECATE(_Replacement) _CRT_DEPRECATE_TEXT(    \
      |                                                       ^
C:\Program Files (x86)\Microsoft Visual Studio\2022\BuildTools\VC\Tools\MSVC\14.44.35207\include\vcruntime.h(358,47): note: expanded from macro '_CRT_DEPRECATE_TEXT'
  358 | #define _CRT_DEPRECATE_TEXT(_Text) __declspec(deprecated(_Text))
      |                                               ^
In file included from C:\Users\ultim\Desktop\Sonic Adventure Recompiled\build-performance\generated\movement-contact-bridge\unit-v8C074214-8C075154-1bc56e9d4bd882fb.cpp:1:
In file included from C:\Users\ultim\Desktop\Sonic Adventure Recompiled\src\sonic_movement_contact.hpp:4:
C:\Users\ultim\Desktop\Sonic Adventure Recompiled\src\sonic_native_cpu_policy.hpp(11,30): warning: 'getenv' is deprecated: This function or variable may be unsafe. Consider using _dupenv_s instead. To disable deprecation, use _CRT_SECURE_NO_WARNINGS. See online help for details. [-Wdeprecated-declarations]
   11 |     const char* group = std::getenv("SARECOMP_NATIVE_CPU_PATHS");
      |                              ^
C:\Program Files (x86)\Windows Kits\10\Include\10.0.26100.0\ucrt\stdlib.h(1183,20): note: 'getenv' has been explicitly marked deprecated here
 1183 |     _Check_return_ _CRT_INSECURE_DEPRECATE(_dupenv_s)
      |                    ^
C:\Program Files (x86)\Microsoft Visual Studio\2022\BuildTools\VC\Tools\MSVC\14.44.35207\include\vcruntime.h(368,55): note: expanded from macro '_CRT_INSECURE_DEPRECATE'
  368 |         #define _CRT_INSECURE_DEPRECATE(_Replacement) _CRT_DEPRECATE_TEXT(    \
      |                                                       ^
C:\Program Files (x86)\Microsoft Visual Studio\2022\BuildTools\VC\Tools\MSVC\14.44.35207\include\vcruntime.h(358,47): note: expanded from macro '_CRT_DEPRECATE_TEXT'
  358 | #define _CRT_DEPRECATE_TEXT(_Text) __declspec(deprecated(_Text))
      |                                               ^
In file included from C:\Users\ultim\Desktop\Sonic Adventure Recompiled\build-performance\generated\movement-contact-bridge\unit-v8C074214-8C075154-1bc56e9d4bd882fb.cpp:1:
In file included from C:\Users\ultim\Desktop\Sonic Adventure Recompiled\src\sonic_movement_contact.hpp:4:
C:\Users\ultim\Desktop\Sonic Adventure Recompiled\src\sonic_native_cpu_policy.hpp(13,30): warning: 'getenv' is deprecated: This function or variable may be unsafe. Consider using _dupenv_s instead. To disable deprecation, use _CRT_SECURE_NO_WARNINGS. See online help for details. [-Wdeprecated-declarations]
   13 |     const char* value = std::getenv(option);
      |                              ^
C:\Program Files (x86)\Windows Kits\10\Include\10.0.26100.0\ucrt\stdlib.h(1183,20): note: 'getenv' has been explicitly marked deprecated here
 1183 |     _Check_return_ _CRT_INSECURE_DEPRECATE(_dupenv_s)
      |                    ^
C:\Program Files (x86)\Microsoft Visual Studio\2022\BuildTools\VC\Tools\MSVC\14.44.35207\include\vcruntime.h(368,55): note: expanded from macro '_CRT_INSECURE_DEPRECATE'
  368 |         #define _CRT_INSECURE_DEPRECATE(_Replacement) _CRT_DEPRECATE_TEXT(    \
      |                                                       ^
C:\Program Files (x86)\Microsoft Visual Studio\2022\BuildTools\VC\Tools\MSVC\14.44.35207\include\vcruntime.h(358,47): note: expanded from macro '_CRT_DEPRECATE_TEXT'
  358 | #define _CRT_DEPRECATE_TEXT(_Text) __declspec(deprecated(_Text))
      |                                               ^
In file included from C:\Users\ultim\Desktop\Sonic Adventure Recompiled\build-performance\generated\movement-contact-bridge\unit-v8C074214-8C075154-1bc56e9d4bd882fb.cpp:1:
C:\Users\ultim\Desktop\Sonic Adventure Recompiled\src\sonic_movement_contact.hpp(14,49): warning: 'getenv' is deprecated: This function or variable may be unsafe. Consider using _dupenv_s instead. To disable deprecation, use _CRT_SECURE_NO_WARNINGS. See online help for details. [-Wdeprecated-declarations]
   14 |     static const bool on=[] {const auto* v=std::getenv("SARECOMP_NATIVE_MOVEMENT_CONTACT");
      |                                                 ^
C:\Program Files (x86)\Windows Kits\10\Include\10.0.26100.0\ucrt\stdlib.h(1183,20): note: 'getenv' has been explicitly marked deprecated here
 1183 |     _Check_return_ _CRT_INSECURE_DEPRECATE(_dupenv_s)
      |                    ^
C:\Program Files (x86)\Microsoft Visual Studio\2022\BuildTools\VC\Tools\MSVC\14.44.35207\include\vcruntime.h(368,55): note: expanded from macro '_CRT_INSECURE_DEPRECATE'
  368 |         #define _CRT_INSECURE_DEPRECATE(_Replacement) _CRT_DEPRECATE_TEXT(    \
      |                                                       ^
C:\Program Files (x86)\Microsoft Visual Studio\2022\BuildTools\VC\Tools\MSVC\14.44.35207\include\vcruntime.h(358,47): note: expanded from macro '_CRT_DEPRECATE_TEXT'
  358 | #define _CRT_DEPRECATE_TEXT(_Text) __declspec(deprecated(_Text))
      |                                               ^
In file included from C:\Users\ultim\Desktop\Sonic Adventure Recompiled\build-performance\generated\movement-contact-bridge\unit-v8C074214-8C075154-1bc56e9d4bd882fb.cpp:1:
C:\Users\ultim\Desktop\Sonic Adventure Recompiled\src\sonic_movement_contact.hpp(20,49): warning: 'getenv' is deprecated: This function or variable may be unsafe. Consider using _dupenv_s instead. To disable deprecation, use _CRT_SECURE_NO_WARNINGS. See online help for details. [-Wdeprecated-declarations]
   20 |     static const bool on=[] {const auto* v=std::getenv("SARECOMP_NATIVE_OBJECT_CONTACT");
      |                                                 ^
C:\Program Files (x86)\Windows Kits\10\Include\10.0.26100.0\ucrt\stdlib.h(1183,20): note: 'getenv' has been explicitly marked deprecated here
 1183 |     _Check_return_ _CRT_INSECURE_DEPRECATE(_dupenv_s)
      |                    ^
C:\Program Files (x86)\Microsoft Visual Studio\2022\BuildTools\VC\Tools\MSVC\14.44.35207\include\vcruntime.h(368,55): note: expanded from macro '_CRT_INSECURE_DEPRECATE'
  368 |         #define _CRT_INSECURE_DEPRECATE(_Replacement) _CRT_DEPRECATE_TEXT(    \
      |                                                       ^
C:\Program Files (x86)\Microsoft Visual Studio\2022\BuildTools\VC\Tools\MSVC\14.44.35207\include\vcruntime.h(358,47): note: expanded from macro '_CRT_DEPRECATE_TEXT'
  358 | #define _CRT_DEPRECATE_TEXT(_Text) __declspec(deprecated(_Text))
      |                                               ^
In file included from C:\Users\ultim\Desktop\Sonic Adventure Recompiled\build-performance\generated\movement-contact-bridge\unit-v8C074214-8C075154-1bc56e9d4bd882fb.cpp:1:
C:\Users\ultim\Desktop\Sonic Adventure Recompiled\src\sonic_movement_contact.hpp(26,49): warning: 'getenv' is deprecated: This function or variable may be unsafe. Consider using _dupenv_s instead. To disable deprecation, use _CRT_SECURE_NO_WARNINGS. See online help for details. [-Wdeprecated-declarations]
   26 |     static const bool on=[] {const auto* v=std::getenv("SARECOMP_NATIVE_CAMERA_OPERATION");
      |                                                 ^
C:\Program Files (x86)\Windows Kits\10\Include\10.0.26100.0\ucrt\stdlib.h(1183,20): note: 'getenv' has been explicitly marked deprecated here
 1183 |     _Check_return_ _CRT_INSECURE_DEPRECATE(_dupenv_s)
      |                    ^
C:\Program Files (x86)\Microsoft Visual Studio\2022\BuildTools\VC\Tools\MSVC\14.44.35207\include\vcruntime.h(368,55): note: expanded from macro '_CRT_INSECURE_DEPRECATE'
  368 |         #define _CRT_INSECURE_DEPRECATE(_Replacement) _CRT_DEPRECATE_TEXT(    \
      |                                                       ^
C:\Program Files (x86)\Microsoft Visual Studio\2022\BuildTools\VC\Tools\MSVC\14.44.35207\include\vcruntime.h(358,47): note: expanded from macro '_CRT_DEPRECATE_TEXT'
  358 | #define _CRT_DEPRECATE_TEXT(_Text) __declspec(deprecated(_Text))
      |                                               ^
6 warnings generated.
[10/23] Building CXX object CMakeFiles\sonic_dispatch.dir\generated\movement-contact-bridge\unit-v8C073018-8C073018-457a60bdbd02a56b.cpp.obj
In file included from C:\Users\ultim\Desktop\Sonic Adventure Recompiled\build-performance\generated\movement-contact-bridge\unit-v8C073018-8C073018-457a60bdbd02a56b.cpp:1:
In file included from C:\Users\ultim\Desktop\Sonic Adventure Recompiled\src\sonic_movement_contact.hpp:3:
C:\Users\ultim\Desktop\Sonic Adventure Recompiled\src\sonic_internal_diagnostics.hpp(28,67): warning: 'getenv' is deprecated: This function or variable may be unsafe. Consider using _dupenv_s instead. To disable deprecation, use _CRT_SECURE_NO_WARNINGS. See online help for details. [-Wdeprecated-declarations]
   28 |     internal_runtime_enabled = read_internal_policy(program, std::getenv("SARECOMP_INTERNAL_DIAGNOSTICS"));
      |                                                                   ^
C:\Program Files (x86)\Windows Kits\10\Include\10.0.26100.0\ucrt\stdlib.h(1183,20): note: 'getenv' has been explicitly marked deprecated here
 1183 |     _Check_return_ _CRT_INSECURE_DEPRECATE(_dupenv_s)
      |                    ^
C:\Program Files (x86)\Microsoft Visual Studio\2022\BuildTools\VC\Tools\MSVC\14.44.35207\include\vcruntime.h(368,55): note: expanded from macro '_CRT_INSECURE_DEPRECATE'
  368 |         #define _CRT_INSECURE_DEPRECATE(_Replacement) _CRT_DEPRECATE_TEXT(    \
      |                                                       ^
C:\Program Files (x86)\Microsoft Visual Studio\2022\BuildTools\VC\Tools\MSVC\14.44.35207\include\vcruntime.h(358,47): note: expanded from macro '_CRT_DEPRECATE_TEXT'
  358 | #define _CRT_DEPRECATE_TEXT(_Text) __declspec(deprecated(_Text))
      |                                               ^
In file included from C:\Users\ultim\Desktop\Sonic Adventure Recompiled\build-performance\generated\movement-contact-bridge\unit-v8C073018-8C073018-457a60bdbd02a56b.cpp:1:
In file included from C:\Users\ultim\Desktop\Sonic Adventure Recompiled\src\sonic_movement_contact.hpp:4:
C:\Users\ultim\Desktop\Sonic Adventure Recompiled\src\sonic_native_cpu_policy.hpp(11,30): warning: 'getenv' is deprecated: This function or variable may be unsafe. Consider using _dupenv_s instead. To disable deprecation, use _CRT_SECURE_NO_WARNINGS. See online help for details. [-Wdeprecated-declarations]
   11 |     const char* group = std::getenv("SARECOMP_NATIVE_CPU_PATHS");
      |                              ^
C:\Program Files (x86)\Windows Kits\10\Include\10.0.26100.0\ucrt\stdlib.h(1183,20): note: 'getenv' has been explicitly marked deprecated here
 1183 |     _Check_return_ _CRT_INSECURE_DEPRECATE(_dupenv_s)
      |                    ^
C:\Program Files (x86)\Microsoft Visual Studio\2022\BuildTools\VC\Tools\MSVC\14.44.35207\include\vcruntime.h(368,55): note: expanded from macro '_CRT_INSECURE_DEPRECATE'
  368 |         #define _CRT_INSECURE_DEPRECATE(_Replacement) _CRT_DEPRECATE_TEXT(    \
      |                                                       ^
C:\Program Files (x86)\Microsoft Visual Studio\2022\BuildTools\VC\Tools\MSVC\14.44.35207\include\vcruntime.h(358,47): note: expanded from macro '_CRT_DEPRECATE_TEXT'
  358 | #define _CRT_DEPRECATE_TEXT(_Text) __declspec(deprecated(_Text))
      |                                               ^
In file included from C:\Users\ultim\Desktop\Sonic Adventure Recompiled\build-performance\generated\movement-contact-bridge\unit-v8C073018-8C073018-457a60bdbd02a56b.cpp:1:
In file included from C:\Users\ultim\Desktop\Sonic Adventure Recompiled\src\sonic_movement_contact.hpp:4:
C:\Users\ultim\Desktop\Sonic Adventure Recompiled\src\sonic_native_cpu_policy.hpp(13,30): warning: 'getenv' is deprecated: This function or variable may be unsafe. Consider using _dupenv_s instead. To disable deprecation, use _CRT_SECURE_NO_WARNINGS. See online help for details. [-Wdeprecated-declarations]
   13 |     const char* value = std::getenv(option);
      |                              ^
C:\Program Files (x86)\Windows Kits\10\Include\10.0.26100.0\ucrt\stdlib.h(1183,20): note: 'getenv' has been explicitly marked deprecated here
 1183 |     _Check_return_ _CRT_INSECURE_DEPRECATE(_dupenv_s)
      |                    ^
C:\Program Files (x86)\Microsoft Visual Studio\2022\BuildTools\VC\Tools\MSVC\14.44.35207\include\vcruntime.h(368,55): note: expanded from macro '_CRT_INSECURE_DEPRECATE'
  368 |         #define _CRT_INSECURE_DEPRECATE(_Replacement) _CRT_DEPRECATE_TEXT(    \
      |                                                       ^
C:\Program Files (x86)\Microsoft Visual Studio\2022\BuildTools\VC\Tools\MSVC\14.44.35207\include\vcruntime.h(358,47): note: expanded from macro '_CRT_DEPRECATE_TEXT'
  358 | #define _CRT_DEPRECATE_TEXT(_Text) __declspec(deprecated(_Text))
      |                                               ^
In file included from C:\Users\ultim\Desktop\Sonic Adventure Recompiled\build-performance\generated\movement-contact-bridge\unit-v8C073018-8C073018-457a60bdbd02a56b.cpp:1:
C:\Users\ultim\Desktop\Sonic Adventure Recompiled\src\sonic_movement_contact.hpp(14,49): warning: 'getenv' is deprecated: This function or variable may be unsafe. Consider using _dupenv_s instead. To disable deprecation, use _CRT_SECURE_NO_WARNINGS. See online help for details. [-Wdeprecated-declarations]
   14 |     static const bool on=[] {const auto* v=std::getenv("SARECOMP_NATIVE_MOVEMENT_CONTACT");
      |                                                 ^
C:\Program Files (x86)\Windows Kits\10\Include\10.0.26100.0\ucrt\stdlib.h(1183,20): note: 'getenv' has been explicitly marked deprecated here
 1183 |     _Check_return_ _CRT_INSECURE_DEPRECATE(_dupenv_s)
      |                    ^
C:\Program Files (x86)\Microsoft Visual Studio\2022\BuildTools\VC\Tools\MSVC\14.44.35207\include\vcruntime.h(368,55): note: expanded from macro '_CRT_INSECURE_DEPRECATE'
  368 |         #define _CRT_INSECURE_DEPRECATE(_Replacement) _CRT_DEPRECATE_TEXT(    \
      |                                                       ^
C:\Program Files (x86)\Microsoft Visual Studio\2022\BuildTools\VC\Tools\MSVC\14.44.35207\include\vcruntime.h(358,47): note: expanded from macro '_CRT_DEPRECATE_TEXT'
  358 | #define _CRT_DEPRECATE_TEXT(_Text) __declspec(deprecated(_Text))
      |                                               ^
In file included from C:\Users\ultim\Desktop\Sonic Adventure Recompiled\build-performance\generated\movement-contact-bridge\unit-v8C073018-8C073018-457a60bdbd02a56b.cpp:1:
C:\Users\ultim\Desktop\Sonic Adventure Recompiled\src\sonic_movement_contact.hpp(20,49): warning: 'getenv' is deprecated: This function or variable may be unsafe. Consider using _dupenv_s instead. To disable deprecation, use _CRT_SECURE_NO_WARNINGS. See online help for details. [-Wdeprecated-declarations]
   20 |     static const bool on=[] {const auto* v=std::getenv("SARECOMP_NATIVE_OBJECT_CONTACT");
      |                                                 ^
C:\Program Files (x86)\Windows Kits\10\Include\10.0.26100.0\ucrt\stdlib.h(1183,20): note: 'getenv' has been explicitly marked deprecated here
 1183 |     _Check_return_ _CRT_INSECURE_DEPRECATE(_dupenv_s)
      |                    ^
C:\Program Files (x86)\Microsoft Visual Studio\2022\BuildTools\VC\Tools\MSVC\14.44.35207\include\vcruntime.h(368,55): note: expanded from macro '_CRT_INSECURE_DEPRECATE'
  368 |         #define _CRT_INSECURE_DEPRECATE(_Replacement) _CRT_DEPRECATE_TEXT(    \
      |                                                       ^
C:\Program Files (x86)\Microsoft Visual Studio\2022\BuildTools\VC\Tools\MSVC\14.44.35207\include\vcruntime.h(358,47): note: expanded from macro '_CRT_DEPRECATE_TEXT'
  358 | #define _CRT_DEPRECATE_TEXT(_Text) __declspec(deprecated(_Text))
      |                                               ^
In file included from C:\Users\ultim\Desktop\Sonic Adventure Recompiled\build-performance\generated\movement-contact-bridge\unit-v8C073018-8C073018-457a60bdbd02a56b.cpp:1:
C:\Users\ultim\Desktop\Sonic Adventure Recompiled\src\sonic_movement_contact.hpp(26,49): warning: 'getenv' is deprecated: This function or variable may be unsafe. Consider using _dupenv_s instead. To disable deprecation, use _CRT_SECURE_NO_WARNINGS. See online help for details. [-Wdeprecated-declarations]
   26 |     static const bool on=[] {const auto* v=std::getenv("SARECOMP_NATIVE_CAMERA_OPERATION");
      |                                                 ^
C:\Program Files (x86)\Windows Kits\10\Include\10.0.26100.0\ucrt\stdlib.h(1183,20): note: 'getenv' has been explicitly marked deprecated here
 1183 |     _Check_return_ _CRT_INSECURE_DEPRECATE(_dupenv_s)
      |                    ^
C:\Program Files (x86)\Microsoft Visual Studio\2022\BuildTools\VC\Tools\MSVC\14.44.35207\include\vcruntime.h(368,55): note: expanded from macro '_CRT_INSECURE_DEPRECATE'
  368 |         #define _CRT_INSECURE_DEPRECATE(_Replacement) _CRT_DEPRECATE_TEXT(    \
      |                                                       ^
C:\Program Files (x86)\Microsoft Visual Studio\2022\BuildTools\VC\Tools\MSVC\14.44.35207\include\vcruntime.h(358,47): note: expanded from macro '_CRT_DEPRECATE_TEXT'
  358 | #define _CRT_DEPRECATE_TEXT(_Text) __declspec(deprecated(_Text))
      |                                               ^
In file included from C:\Users\ultim\Desktop\Sonic Adventure Recompiled\build-performance\generated\movement-contact-bridge\unit-v8C073018-8C073018-457a60bdbd02a56b.cpp:2:
C:\Users\ultim\Desktop\Sonic Adventure Recompiled\src\sonic_movement_resolver.hpp(11,49): warning: 'getenv' is deprecated: This function or variable may be unsafe. Consider using _dupenv_s instead. To disable deprecation, use _CRT_SECURE_NO_WARNINGS. See online help for details. [-Wdeprecated-declarations]
   11 |     static const bool on=[] {const auto* v=std::getenv("SARECOMP_NATIVE_MOVEMENT");
      |                                                 ^
C:\Program Files (x86)\Windows Kits\10\Include\10.0.26100.0\ucrt\stdlib.h(1183,20): note: 'getenv' has been explicitly marked deprecated here
 1183 |     _Check_return_ _CRT_INSECURE_DEPRECATE(_dupenv_s)
      |                    ^
C:\Program Files (x86)\Microsoft Visual Studio\2022\BuildTools\VC\Tools\MSVC\14.44.35207\include\vcruntime.h(368,55): note: expanded from macro '_CRT_INSECURE_DEPRECATE'
  368 |         #define _CRT_INSECURE_DEPRECATE(_Replacement) _CRT_DEPRECATE_TEXT(    \
      |                                                       ^
C:\Program Files (x86)\Microsoft Visual Studio\2022\BuildTools\VC\Tools\MSVC\14.44.35207\include\vcruntime.h(358,47): note: expanded from macro '_CRT_DEPRECATE_TEXT'
  358 | #define _CRT_DEPRECATE_TEXT(_Text) __declspec(deprecated(_Text))
      |                                               ^
7 warnings generated.
[11/23] Building CXX object CMakeFiles\sonic_dispatch.dir\generated\movement-contact-bridge\unit-v8C033122-8C0342E0-7edcb8468a2b4534.cpp.obj
In file included from C:\Users\ultim\Desktop\Sonic Adventure Recompiled\build-performance\generated\movement-contact-bridge\unit-v8C033122-8C0342E0-7edcb8468a2b4534.cpp:1:
In file included from C:\Users\ultim\Desktop\Sonic Adventure Recompiled\src\sonic_movement_contact.hpp:3:
C:\Users\ultim\Desktop\Sonic Adventure Recompiled\src\sonic_internal_diagnostics.hpp(28,67): warning: 'getenv' is deprecated: This function or variable may be unsafe. Consider using _dupenv_s instead. To disable deprecation, use _CRT_SECURE_NO_WARNINGS. See online help for details. [-Wdeprecated-declarations]
   28 |     internal_runtime_enabled = read_internal_policy(program, std::getenv("SARECOMP_INTERNAL_DIAGNOSTICS"));
      |                                                                   ^
C:\Program Files (x86)\Windows Kits\10\Include\10.0.26100.0\ucrt\stdlib.h(1183,20): note: 'getenv' has been explicitly marked deprecated here
 1183 |     _Check_return_ _CRT_INSECURE_DEPRECATE(_dupenv_s)
      |                    ^
C:\Program Files (x86)\Microsoft Visual Studio\2022\BuildTools\VC\Tools\MSVC\14.44.35207\include\vcruntime.h(368,55): note: expanded from macro '_CRT_INSECURE_DEPRECATE'
  368 |         #define _CRT_INSECURE_DEPRECATE(_Replacement) _CRT_DEPRECATE_TEXT(    \
      |                                                       ^
C:\Program Files (x86)\Microsoft Visual Studio\2022\BuildTools\VC\Tools\MSVC\14.44.35207\include\vcruntime.h(358,47): note: expanded from macro '_CRT_DEPRECATE_TEXT'
  358 | #define _CRT_DEPRECATE_TEXT(_Text) __declspec(deprecated(_Text))
      |                                               ^
In file included from C:\Users\ultim\Desktop\Sonic Adventure Recompiled\build-performance\generated\movement-contact-bridge\unit-v8C033122-8C0342E0-7edcb8468a2b4534.cpp:1:
In file included from C:\Users\ultim\Desktop\Sonic Adventure Recompiled\src\sonic_movement_contact.hpp:4:
C:\Users\ultim\Desktop\Sonic Adventure Recompiled\src\sonic_native_cpu_policy.hpp(11,30): warning: 'getenv' is deprecated: This function or variable may be unsafe. Consider using _dupenv_s instead. To disable deprecation, use _CRT_SECURE_NO_WARNINGS. See online help for details. [-Wdeprecated-declarations]
   11 |     const char* group = std::getenv("SARECOMP_NATIVE_CPU_PATHS");
      |                              ^
C:\Program Files (x86)\Windows Kits\10\Include\10.0.26100.0\ucrt\stdlib.h(1183,20): note: 'getenv' has been explicitly marked deprecated here
 1183 |     _Check_return_ _CRT_INSECURE_DEPRECATE(_dupenv_s)
      |                    ^
C:\Program Files (x86)\Microsoft Visual Studio\2022\BuildTools\VC\Tools\MSVC\14.44.35207\include\vcruntime.h(368,55): note: expanded from macro '_CRT_INSECURE_DEPRECATE'
  368 |         #define _CRT_INSECURE_DEPRECATE(_Replacement) _CRT_DEPRECATE_TEXT(    \
      |                                                       ^
C:\Program Files (x86)\Microsoft Visual Studio\2022\BuildTools\VC\Tools\MSVC\14.44.35207\include\vcruntime.h(358,47): note: expanded from macro '_CRT_DEPRECATE_TEXT'
  358 | #define _CRT_DEPRECATE_TEXT(_Text) __declspec(deprecated(_Text))
      |                                               ^
In file included from C:\Users\ultim\Desktop\Sonic Adventure Recompiled\build-performance\generated\movement-contact-bridge\unit-v8C033122-8C0342E0-7edcb8468a2b4534.cpp:1:
In file included from C:\Users\ultim\Desktop\Sonic Adventure Recompiled\src\sonic_movement_contact.hpp:4:
C:\Users\ultim\Desktop\Sonic Adventure Recompiled\src\sonic_native_cpu_policy.hpp(13,30): warning: 'getenv' is deprecated: This function or variable may be unsafe. Consider using _dupenv_s instead. To disable deprecation, use _CRT_SECURE_NO_WARNINGS. See online help for details. [-Wdeprecated-declarations]
   13 |     const char* value = std::getenv(option);
      |                              ^
C:\Program Files (x86)\Windows Kits\10\Include\10.0.26100.0\ucrt\stdlib.h(1183,20): note: 'getenv' has been explicitly marked deprecated here
 1183 |     _Check_return_ _CRT_INSECURE_DEPRECATE(_dupenv_s)
      |                    ^
C:\Program Files (x86)\Microsoft Visual Studio\2022\BuildTools\VC\Tools\MSVC\14.44.35207\include\vcruntime.h(368,55): note: expanded from macro '_CRT_INSECURE_DEPRECATE'
  368 |         #define _CRT_INSECURE_DEPRECATE(_Replacement) _CRT_DEPRECATE_TEXT(    \
      |                                                       ^
C:\Program Files (x86)\Microsoft Visual Studio\2022\BuildTools\VC\Tools\MSVC\14.44.35207\include\vcruntime.h(358,47): note: expanded from macro '_CRT_DEPRECATE_TEXT'
  358 | #define _CRT_DEPRECATE_TEXT(_Text) __declspec(deprecated(_Text))
      |                                               ^
In file included from C:\Users\ultim\Desktop\Sonic Adventure Recompiled\build-performance\generated\movement-contact-bridge\unit-v8C033122-8C0342E0-7edcb8468a2b4534.cpp:1:
C:\Users\ultim\Desktop\Sonic Adventure Recompiled\src\sonic_movement_contact.hpp(14,49): warning: 'getenv' is deprecated: This function or variable may be unsafe. Consider using _dupenv_s instead. To disable deprecation, use _CRT_SECURE_NO_WARNINGS. See online help for details. [-Wdeprecated-declarations]
   14 |     static const bool on=[] {const auto* v=std::getenv("SARECOMP_NATIVE_MOVEMENT_CONTACT");
      |                                                 ^
C:\Program Files (x86)\Windows Kits\10\Include\10.0.26100.0\ucrt\stdlib.h(1183,20): note: 'getenv' has been explicitly marked deprecated here
 1183 |     _Check_return_ _CRT_INSECURE_DEPRECATE(_dupenv_s)
      |                    ^
C:\Program Files (x86)\Microsoft Visual Studio\2022\BuildTools\VC\Tools\MSVC\14.44.35207\include\vcruntime.h(368,55): note: expanded from macro '_CRT_INSECURE_DEPRECATE'
  368 |         #define _CRT_INSECURE_DEPRECATE(_Replacement) _CRT_DEPRECATE_TEXT(    \
      |                                                       ^
C:\Program Files (x86)\Microsoft Visual Studio\2022\BuildTools\VC\Tools\MSVC\14.44.35207\include\vcruntime.h(358,47): note: expanded from macro '_CRT_DEPRECATE_TEXT'
  358 | #define _CRT_DEPRECATE_TEXT(_Text) __declspec(deprecated(_Text))
      |                                               ^
In file included from C:\Users\ultim\Desktop\Sonic Adventure Recompiled\build-performance\generated\movement-contact-bridge\unit-v8C033122-8C0342E0-7edcb8468a2b4534.cpp:1:
C:\Users\ultim\Desktop\Sonic Adventure Recompiled\src\sonic_movement_contact.hpp(20,49): warning: 'getenv' is deprecated: This function or variable may be unsafe. Consider using _dupenv_s instead. To disable deprecation, use _CRT_SECURE_NO_WARNINGS. See online help for details. [-Wdeprecated-declarations]
   20 |     static const bool on=[] {const auto* v=std::getenv("SARECOMP_NATIVE_OBJECT_CONTACT");
      |                                                 ^
C:\Program Files (x86)\Windows Kits\10\Include\10.0.26100.0\ucrt\stdlib.h(1183,20): note: 'getenv' has been explicitly marked deprecated here
 1183 |     _Check_return_ _CRT_INSECURE_DEPRECATE(_dupenv_s)
      |                    ^
C:\Program Files (x86)\Microsoft Visual Studio\2022\BuildTools\VC\Tools\MSVC\14.44.35207\include\vcruntime.h(368,55): note: expanded from macro '_CRT_INSECURE_DEPRECATE'
  368 |         #define _CRT_INSECURE_DEPRECATE(_Replacement) _CRT_DEPRECATE_TEXT(    \
      |                                                       ^
C:\Program Files (x86)\Microsoft Visual Studio\2022\BuildTools\VC\Tools\MSVC\14.44.35207\include\vcruntime.h(358,47): note: expanded from macro '_CRT_DEPRECATE_TEXT'
  358 | #define _CRT_DEPRECATE_TEXT(_Text) __declspec(deprecated(_Text))
      |                                               ^
In file included from C:\Users\ultim\Desktop\Sonic Adventure Recompiled\build-performance\generated\movement-contact-bridge\unit-v8C033122-8C0342E0-7edcb8468a2b4534.cpp:1:
C:\Users\ultim\Desktop\Sonic Adventure Recompiled\src\sonic_movement_contact.hpp(26,49): warning: 'getenv' is deprecated: This function or variable may be unsafe. Consider using _dupenv_s instead. To disable deprecation, use _CRT_SECURE_NO_WARNINGS. See online help for details. [-Wdeprecated-declarations]
   26 |     static const bool on=[] {const auto* v=std::getenv("SARECOMP_NATIVE_CAMERA_OPERATION");
      |                                                 ^
C:\Program Files (x86)\Windows Kits\10\Include\10.0.26100.0\ucrt\stdlib.h(1183,20): note: 'getenv' has been explicitly marked deprecated here
 1183 |     _Check_return_ _CRT_INSECURE_DEPRECATE(_dupenv_s)
      |                    ^
C:\Program Files (x86)\Microsoft Visual Studio\2022\BuildTools\VC\Tools\MSVC\14.44.35207\include\vcruntime.h(368,55): note: expanded from macro '_CRT_INSECURE_DEPRECATE'
  368 |         #define _CRT_INSECURE_DEPRECATE(_Replacement) _CRT_DEPRECATE_TEXT(    \
      |                                                       ^
C:\Program Files (x86)\Microsoft Visual Studio\2022\BuildTools\VC\Tools\MSVC\14.44.35207\include\vcruntime.h(358,47): note: expanded from macro '_CRT_DEPRECATE_TEXT'
  358 | #define _CRT_DEPRECATE_TEXT(_Text) __declspec(deprecated(_Text))
      |                                               ^
6 warnings generated.
[12/23] Building CXX object CMakeFiles\sonic_dispatch.dir\generated\movement-contact-bridge\unit-v8C01995E-8C01AAE0-6cf3d8aa9df0e7a3.cpp.obj
In file included from C:\Users\ultim\Desktop\Sonic Adventure Recompiled\build-performance\generated\movement-contact-bridge\unit-v8C01995E-8C01AAE0-6cf3d8aa9df0e7a3.cpp:1:
In file included from C:\Users\ultim\Desktop\Sonic Adventure Recompiled\src\sonic_movement_contact.hpp:3:
C:\Users\ultim\Desktop\Sonic Adventure Recompiled\src\sonic_internal_diagnostics.hpp(28,67): warning: 'getenv' is deprecated: This function or variable may be unsafe. Consider using _dupenv_s instead. To disable deprecation, use _CRT_SECURE_NO_WARNINGS. See online help for details. [-Wdeprecated-declarations]
   28 |     internal_runtime_enabled = read_internal_policy(program, std::getenv("SARECOMP_INTERNAL_DIAGNOSTICS"));
      |                                                                   ^
C:\Program Files (x86)\Windows Kits\10\Include\10.0.26100.0\ucrt\stdlib.h(1183,20): note: 'getenv' has been explicitly marked deprecated here
 1183 |     _Check_return_ _CRT_INSECURE_DEPRECATE(_dupenv_s)
      |                    ^
C:\Program Files (x86)\Microsoft Visual Studio\2022\BuildTools\VC\Tools\MSVC\14.44.35207\include\vcruntime.h(368,55): note: expanded from macro '_CRT_INSECURE_DEPRECATE'
  368 |         #define _CRT_INSECURE_DEPRECATE(_Replacement) _CRT_DEPRECATE_TEXT(    \
      |                                                       ^
C:\Program Files (x86)\Microsoft Visual Studio\2022\BuildTools\VC\Tools\MSVC\14.44.35207\include\vcruntime.h(358,47): note: expanded from macro '_CRT_DEPRECATE_TEXT'
  358 | #define _CRT_DEPRECATE_TEXT(_Text) __declspec(deprecated(_Text))
      |                                               ^
In file included from C:\Users\ultim\Desktop\Sonic Adventure Recompiled\build-performance\generated\movement-contact-bridge\unit-v8C01995E-8C01AAE0-6cf3d8aa9df0e7a3.cpp:1:
In file included from C:\Users\ultim\Desktop\Sonic Adventure Recompiled\src\sonic_movement_contact.hpp:4:
C:\Users\ultim\Desktop\Sonic Adventure Recompiled\src\sonic_native_cpu_policy.hpp(11,30): warning: 'getenv' is deprecated: This function or variable may be unsafe. Consider using _dupenv_s instead. To disable deprecation, use _CRT_SECURE_NO_WARNINGS. See online help for details. [-Wdeprecated-declarations]
   11 |     const char* group = std::getenv("SARECOMP_NATIVE_CPU_PATHS");
      |                              ^
C:\Program Files (x86)\Windows Kits\10\Include\10.0.26100.0\ucrt\stdlib.h(1183,20): note: 'getenv' has been explicitly marked deprecated here
 1183 |     _Check_return_ _CRT_INSECURE_DEPRECATE(_dupenv_s)
      |                    ^
C:\Program Files (x86)\Microsoft Visual Studio\2022\BuildTools\VC\Tools\MSVC\14.44.35207\include\vcruntime.h(368,55): note: expanded from macro '_CRT_INSECURE_DEPRECATE'
  368 |         #define _CRT_INSECURE_DEPRECATE(_Replacement) _CRT_DEPRECATE_TEXT(    \
      |                                                       ^
C:\Program Files (x86)\Microsoft Visual Studio\2022\BuildTools\VC\Tools\MSVC\14.44.35207\include\vcruntime.h(358,47): note: expanded from macro '_CRT_DEPRECATE_TEXT'
  358 | #define _CRT_DEPRECATE_TEXT(_Text) __declspec(deprecated(_Text))
      |                                               ^
In file included from C:\Users\ultim\Desktop\Sonic Adventure Recompiled\build-performance\generated\movement-contact-bridge\unit-v8C01995E-8C01AAE0-6cf3d8aa9df0e7a3.cpp:1:
In file included from C:\Users\ultim\Desktop\Sonic Adventure Recompiled\src\sonic_movement_contact.hpp:4:
C:\Users\ultim\Desktop\Sonic Adventure Recompiled\src\sonic_native_cpu_policy.hpp(13,30): warning: 'getenv' is deprecated: This function or variable may be unsafe. Consider using _dupenv_s instead. To disable deprecation, use _CRT_SECURE_NO_WARNINGS. See online help for details. [-Wdeprecated-declarations]
   13 |     const char* value = std::getenv(option);
      |                              ^
C:\Program Files (x86)\Windows Kits\10\Include\10.0.26100.0\ucrt\stdlib.h(1183,20): note: 'getenv' has been explicitly marked deprecated here
 1183 |     _Check_return_ _CRT_INSECURE_DEPRECATE(_dupenv_s)
      |                    ^
C:\Program Files (x86)\Microsoft Visual Studio\2022\BuildTools\VC\Tools\MSVC\14.44.35207\include\vcruntime.h(368,55): note: expanded from macro '_CRT_INSECURE_DEPRECATE'
  368 |         #define _CRT_INSECURE_DEPRECATE(_Replacement) _CRT_DEPRECATE_TEXT(    \
      |                                                       ^
C:\Program Files (x86)\Microsoft Visual Studio\2022\BuildTools\VC\Tools\MSVC\14.44.35207\include\vcruntime.h(358,47): note: expanded from macro '_CRT_DEPRECATE_TEXT'
  358 | #define _CRT_DEPRECATE_TEXT(_Text) __declspec(deprecated(_Text))
      |                                               ^
In file included from C:\Users\ultim\Desktop\Sonic Adventure Recompiled\build-performance\generated\movement-contact-bridge\unit-v8C01995E-8C01AAE0-6cf3d8aa9df0e7a3.cpp:1:
C:\Users\ultim\Desktop\Sonic Adventure Recompiled\src\sonic_movement_contact.hpp(14,49): warning: 'getenv' is deprecated: This function or variable may be unsafe. Consider using _dupenv_s instead. To disable deprecation, use _CRT_SECURE_NO_WARNINGS. See online help for details. [-Wdeprecated-declarations]
   14 |     static const bool on=[] {const auto* v=std::getenv("SARECOMP_NATIVE_MOVEMENT_CONTACT");
      |                                                 ^
C:\Program Files (x86)\Windows Kits\10\Include\10.0.26100.0\ucrt\stdlib.h(1183,20): note: 'getenv' has been explicitly marked deprecated here
 1183 |     _Check_return_ _CRT_INSECURE_DEPRECATE(_dupenv_s)
      |                    ^
C:\Program Files (x86)\Microsoft Visual Studio\2022\BuildTools\VC\Tools\MSVC\14.44.35207\include\vcruntime.h(368,55): note: expanded from macro '_CRT_INSECURE_DEPRECATE'
  368 |         #define _CRT_INSECURE_DEPRECATE(_Replacement) _CRT_DEPRECATE_TEXT(    \
      |                                                       ^
C:\Program Files (x86)\Microsoft Visual Studio\2022\BuildTools\VC\Tools\MSVC\14.44.35207\include\vcruntime.h(358,47): note: expanded from macro '_CRT_DEPRECATE_TEXT'
  358 | #define _CRT_DEPRECATE_TEXT(_Text) __declspec(deprecated(_Text))
      |                                               ^
In file included from C:\Users\ultim\Desktop\Sonic Adventure Recompiled\build-performance\generated\movement-contact-bridge\unit-v8C01995E-8C01AAE0-6cf3d8aa9df0e7a3.cpp:1:
C:\Users\ultim\Desktop\Sonic Adventure Recompiled\src\sonic_movement_contact.hpp(20,49): warning: 'getenv' is deprecated: This function or variable may be unsafe. Consider using _dupenv_s instead. To disable deprecation, use _CRT_SECURE_NO_WARNINGS. See online help for details. [-Wdeprecated-declarations]
   20 |     static const bool on=[] {const auto* v=std::getenv("SARECOMP_NATIVE_OBJECT_CONTACT");
      |                                                 ^
C:\Program Files (x86)\Windows Kits\10\Include\10.0.26100.0\ucrt\stdlib.h(1183,20): note: 'getenv' has been explicitly marked deprecated here
 1183 |     _Check_return_ _CRT_INSECURE_DEPRECATE(_dupenv_s)
      |                    ^
C:\Program Files (x86)\Microsoft Visual Studio\2022\BuildTools\VC\Tools\MSVC\14.44.35207\include\vcruntime.h(368,55): note: expanded from macro '_CRT_INSECURE_DEPRECATE'
  368 |         #define _CRT_INSECURE_DEPRECATE(_Replacement) _CRT_DEPRECATE_TEXT(    \
      |                                                       ^
C:\Program Files (x86)\Microsoft Visual Studio\2022\BuildTools\VC\Tools\MSVC\14.44.35207\include\vcruntime.h(358,47): note: expanded from macro '_CRT_DEPRECATE_TEXT'
  358 | #define _CRT_DEPRECATE_TEXT(_Text) __declspec(deprecated(_Text))
      |                                               ^
In file included from C:\Users\ultim\Desktop\Sonic Adventure Recompiled\build-performance\generated\movement-contact-bridge\unit-v8C01995E-8C01AAE0-6cf3d8aa9df0e7a3.cpp:1:
C:\Users\ultim\Desktop\Sonic Adventure Recompiled\src\sonic_movement_contact.hpp(26,49): warning: 'getenv' is deprecated: This function or variable may be unsafe. Consider using _dupenv_s instead. To disable deprecation, use _CRT_SECURE_NO_WARNINGS. See online help for details. [-Wdeprecated-declarations]
   26 |     static const bool on=[] {const auto* v=std::getenv("SARECOMP_NATIVE_CAMERA_OPERATION");
      |                                                 ^
C:\Program Files (x86)\Windows Kits\10\Include\10.0.26100.0\ucrt\stdlib.h(1183,20): note: 'getenv' has been explicitly marked deprecated here
 1183 |     _Check_return_ _CRT_INSECURE_DEPRECATE(_dupenv_s)
      |                    ^
C:\Program Files (x86)\Microsoft Visual Studio\2022\BuildTools\VC\Tools\MSVC\14.44.35207\include\vcruntime.h(368,55): note: expanded from macro '_CRT_INSECURE_DEPRECATE'
  368 |         #define _CRT_INSECURE_DEPRECATE(_Replacement) _CRT_DEPRECATE_TEXT(    \
      |                                                       ^
C:\Program Files (x86)\Microsoft Visual Studio\2022\BuildTools\VC\Tools\MSVC\14.44.35207\include\vcruntime.h(358,47): note: expanded from macro '_CRT_DEPRECATE_TEXT'
  358 | #define _CRT_DEPRECATE_TEXT(_Text) __declspec(deprecated(_Text))
      |                                               ^
6 warnings generated.
[13/23] Linking CXX static library katana_native_title_adapter.lib
[14/23] Building CXX object CMakeFiles\game.dir\launcher\main.cpp.obj
In file included from C:\Users\ultim\Desktop\Sonic Adventure Recompiled\launcher\main.cpp:1:
C:\Users\ultim\Desktop\Sonic Adventure Recompiled\.local\working-product\generated\include\katana_port.hpp(15,1): warning: 'katana_native_invoke_original' has C-linkage specified, but returns user-defined type 'katana::runtime::NativePortHookResult' which is incompatible with C [-Wreturn-type-c-linkage]
   15 | katana_native_invoke_original(
      | ^
C:\Users\ultim\Desktop\Sonic Adventure Recompiled\.local\working-product\generated\include\katana_port.hpp(19,1): warning: 'katana_native_invoke_callback' has C-linkage specified, but returns user-defined type 'katana::runtime::NativePortHookResult' which is incompatible with C [-Wreturn-type-c-linkage]
   19 | katana_native_invoke_callback(
      | ^
In file included from C:\Users\ultim\Desktop\Sonic Adventure Recompiled\launcher\main.cpp:13:
C:\Users\ultim\Desktop\Sonic Adventure Recompiled\src\sonic_internal_diagnostics.hpp(28,67): warning: 'getenv' is deprecated: This function or variable may be unsafe. Consider using _dupenv_s instead. To disable deprecation, use _CRT_SECURE_NO_WARNINGS. See online help for details. [-Wdeprecated-declarations]
   28 |     internal_runtime_enabled = read_internal_policy(program, std::getenv("SARECOMP_INTERNAL_DIAGNOSTICS"));
      |                                                                   ^
C:\Program Files (x86)\Windows Kits\10\Include\10.0.26100.0\ucrt\stdlib.h(1183,20): note: 'getenv' has been explicitly marked deprecated here
 1183 |     _Check_return_ _CRT_INSECURE_DEPRECATE(_dupenv_s)
      |                    ^
C:\Program Files (x86)\Microsoft Visual Studio\2022\BuildTools\VC\Tools\MSVC\14.44.35207\include\vcruntime.h(368,55): note: expanded from macro '_CRT_INSECURE_DEPRECATE'
  368 |         #define _CRT_INSECURE_DEPRECATE(_Replacement) _CRT_DEPRECATE_TEXT(    \
      |                                                       ^
C:\Program Files (x86)\Microsoft Visual Studio\2022\BuildTools\VC\Tools\MSVC\14.44.35207\include\vcruntime.h(358,47): note: expanded from macro '_CRT_DEPRECATE_TEXT'
  358 | #define _CRT_DEPRECATE_TEXT(_Text) __declspec(deprecated(_Text))
      |                                               ^
In file included from C:\Users\ultim\Desktop\Sonic Adventure Recompiled\launcher\main.cpp:15:
C:\Users\ultim\Desktop\Sonic Adventure Recompiled\launcher\sonic_configuration.hpp(14,29): warning: 'getenv' is deprecated: This function or variable may be unsafe. Consider using _dupenv_s instead. To disable deprecation, use _CRT_SECURE_NO_WARNINGS. See online help for details. [-Wdeprecated-declarations]
   14 |     const auto* hidden=std::getenv("KATANA_PORT_BACKGROUND_TEST");
      |                             ^
C:\Program Files (x86)\Windows Kits\10\Include\10.0.26100.0\ucrt\stdlib.h(1183,20): note: 'getenv' has been explicitly marked deprecated here
 1183 |     _Check_return_ _CRT_INSECURE_DEPRECATE(_dupenv_s)
      |                    ^
C:\Program Files (x86)\Microsoft Visual Studio\2022\BuildTools\VC\Tools\MSVC\14.44.35207\include\vcruntime.h(368,55): note: expanded from macro '_CRT_INSECURE_DEPRECATE'
  368 |         #define _CRT_INSECURE_DEPRECATE(_Replacement) _CRT_DEPRECATE_TEXT(    \
      |                                                       ^
C:\Program Files (x86)\Microsoft Visual Studio\2022\BuildTools\VC\Tools\MSVC\14.44.35207\include\vcruntime.h(358,47): note: expanded from macro '_CRT_DEPRECATE_TEXT'
  358 | #define _CRT_DEPRECATE_TEXT(_Text) __declspec(deprecated(_Text))
      |                                               ^
In file included from C:\Users\ultim\Desktop\Sonic Adventure Recompiled\launcher\main.cpp:15:
C:\Users\ultim\Desktop\Sonic Adventure Recompiled\launcher\sonic_configuration.hpp(21,41): warning: missing field 'lpReserved' initializer [-Wmissing-field-initializers]
   21 |     STARTUPINFOW startup{sizeof(startup)};PROCESS_INFORMATION process{};
      |                                         ^
In file included from C:\Users\ultim\Desktop\Sonic Adventure Recompiled\launcher\main.cpp:16:
C:\Users\ultim\Desktop\Sonic Adventure Recompiled\launcher\sonic_errors.hpp(50,31): warning: 'getenv' is deprecated: This function or variable may be unsafe. Consider using _dupenv_s instead. To disable deprecation, use _CRT_SECURE_NO_WARNINGS. See online help for details. [-Wdeprecated-declarations]
   50 |     if(const auto hidden=std::getenv("KATANA_PORT_BACKGROUND_TEST");hidden&&std::string_view(hidden)=="1")return;
      |                               ^
C:\Program Files (x86)\Windows Kits\10\Include\10.0.26100.0\ucrt\stdlib.h(1183,20): note: 'getenv' has been explicitly marked deprecated here
 1183 |     _Check_return_ _CRT_INSECURE_DEPRECATE(_dupenv_s)
      |                    ^
C:\Program Files (x86)\Microsoft Visual Studio\2022\BuildTools\VC\Tools\MSVC\14.44.35207\include\vcruntime.h(368,55): note: expanded from macro '_CRT_INSECURE_DEPRECATE'
  368 |         #define _CRT_INSECURE_DEPRECATE(_Replacement) _CRT_DEPRECATE_TEXT(    \
      |                                                       ^
C:\Program Files (x86)\Microsoft Visual Studio\2022\BuildTools\VC\Tools\MSVC\14.44.35207\include\vcruntime.h(358,47): note: expanded from macro '_CRT_DEPRECATE_TEXT'
  358 | #define _CRT_DEPRECATE_TEXT(_Text) __declspec(deprecated(_Text))
      |                                               ^
C:\Users\ultim\Desktop\Sonic Adventure Recompiled\launcher\main.cpp(488,14): warning: 'getenv' is deprecated: This function or variable may be unsafe. Consider using _dupenv_s instead. To disable deprecation, use _CRT_SECURE_NO_WARNINGS. See online help for details. [-Wdeprecated-declarations]
  488 |         std::getenv("KATANA_NATIVE_PERFORMANCE_TELEMETRY");
      |              ^
C:\Program Files (x86)\Windows Kits\10\Include\10.0.26100.0\ucrt\stdlib.h(1183,20): note: 'getenv' has been explicitly marked deprecated here
 1183 |     _Check_return_ _CRT_INSECURE_DEPRECATE(_dupenv_s)
      |                    ^
C:\Program Files (x86)\Microsoft Visual Studio\2022\BuildTools\VC\Tools\MSVC\14.44.35207\include\vcruntime.h(368,55): note: expanded from macro '_CRT_INSECURE_DEPRECATE'
  368 |         #define _CRT_INSECURE_DEPRECATE(_Replacement) _CRT_DEPRECATE_TEXT(    \
      |                                                       ^
C:\Program Files (x86)\Microsoft Visual Studio\2022\BuildTools\VC\Tools\MSVC\14.44.35207\include\vcruntime.h(358,47): note: expanded from macro '_CRT_DEPRECATE_TEXT'
  358 | #define _CRT_DEPRECATE_TEXT(_Text) __declspec(deprecated(_Text))
      |                                               ^
C:\Users\ultim\Desktop\Sonic Adventure Recompiled\launcher\main.cpp(770,46): warning: 'getenv' is deprecated: This function or variable may be unsafe. Consider using _dupenv_s instead. To disable deprecation, use _CRT_SECURE_NO_WARNINGS. See online help for details. [-Wdeprecated-declarations]
  770 |         if (const auto* initial_state = std::getenv(
      |                                              ^
C:\Program Files (x86)\Windows Kits\10\Include\10.0.26100.0\ucrt\stdlib.h(1183,20): note: 'getenv' has been explicitly marked deprecated here
 1183 |     _Check_return_ _CRT_INSECURE_DEPRECATE(_dupenv_s)
      |                    ^
C:\Program Files (x86)\Microsoft Visual Studio\2022\BuildTools\VC\Tools\MSVC\14.44.35207\include\vcruntime.h(368,55): note: expanded from macro '_CRT_INSECURE_DEPRECATE'
  368 |         #define _CRT_INSECURE_DEPRECATE(_Replacement) _CRT_DEPRECATE_TEXT(    \
      |                                                       ^
C:\Program Files (x86)\Microsoft Visual Studio\2022\BuildTools\VC\Tools\MSVC\14.44.35207\include\vcruntime.h(358,47): note: expanded from macro '_CRT_DEPRECATE_TEXT'
  358 | #define _CRT_DEPRECATE_TEXT(_Text) __declspec(deprecated(_Text))
      |                                               ^
C:\Users\ultim\Desktop\Sonic Adventure Recompiled\launcher\main.cpp(774,34): warning: 'u8path<const char *, 0>' is deprecated: warning STL4021: The std::filesystem::u8path() overloads are deprecated in C++20. The constructors of std::filesystem::path provide equivalent functionality via construction from u8string, u8string_view, or iterators with value_type char8_t. You can define _SILENCE_CXX20_U8PATH_DEPRECATION_WARNING or _SILENCE_ALL_CXX20_DEPRECATION_WARNINGS to suppress this warning. [-Wdeprecated-declarations]
  774 |                 std::filesystem::u8path(initial_state);
      |                                  ^
C:\Program Files (x86)\Microsoft Visual Studio\2022\BuildTools\VC\Tools\MSVC\14.44.35207\include\filesystem(1412,5): note: 'u8path<const char *, 0>' has been explicitly marked deprecated here
 1412 |     _CXX20_DEPRECATE_U8PATH _NODISCARD path u8path(const _Src& _Source) { // construct a path from UTF-8 _Source
      |     ^
C:\Program Files (x86)\Microsoft Visual Studio\2022\BuildTools\VC\Tools\MSVC\14.44.35207\include\yvals_core.h(1261,7): note: expanded from macro '_CXX20_DEPRECATE_U8PATH'
 1261 |     [[deprecated("warning STL4021: "                                                                                 \
      |       ^
C:\Users\ultim\Desktop\Sonic Adventure Recompiled\launcher\main.cpp(879,40): warning: 'getenv' is deprecated: This function or variable may be unsafe. Consider using _dupenv_s instead. To disable deprecation, use _CRT_SECURE_NO_WARNINGS. See online help for details. [-Wdeprecated-declarations]
  879 |         if (const auto* timeout = std::getenv(
      |                                        ^
C:\Program Files (x86)\Windows Kits\10\Include\10.0.26100.0\ucrt\stdlib.h(1183,20): note: 'getenv' has been explicitly marked deprecated here
 1183 |     _Check_return_ _CRT_INSECURE_DEPRECATE(_dupenv_s)
      |                    ^
C:\Program Files (x86)\Microsoft Visual Studio\2022\BuildTools\VC\Tools\MSVC\14.44.35207\include\vcruntime.h(368,55): note: expanded from macro '_CRT_INSECURE_DEPRECATE'
  368 |         #define _CRT_INSECURE_DEPRECATE(_Replacement) _CRT_DEPRECATE_TEXT(    \
      |                                                       ^
C:\Program Files (x86)\Microsoft Visual Studio\2022\BuildTools\VC\Tools\MSVC\14.44.35207\include\vcruntime.h(358,47): note: expanded from macro '_CRT_DEPRECATE_TEXT'
  358 | #define _CRT_DEPRECATE_TEXT(_Text) __declspec(deprecated(_Text))
      |                                               ^
10 warnings generated.
[15/23] Building CXX object CMakeFiles\sonic-camera-operation-tests.dir\tools\test_camera_operation.cpp.obj
In file included from C:\Users\ultim\Desktop\Sonic Adventure Recompiled\tools\test_camera_operation.cpp:4:
In file included from C:\Users\ultim\Desktop\Sonic Adventure Recompiled\tools\test_movement_contact_aot.cpp:3:
In file included from C:\Users\ultim\Desktop\Sonic Adventure Recompiled\tools\test_movement_contact.cpp:1:
In file included from C:\Users\ultim\Desktop\Sonic Adventure Recompiled\src\sonic_movement_contact.hpp:3:
C:\Users\ultim\Desktop\Sonic Adventure Recompiled\src\sonic_internal_diagnostics.hpp(28,67): warning: 'getenv' is deprecated: This function or variable may be unsafe. Consider using _dupenv_s instead. To disable deprecation, use _CRT_SECURE_NO_WARNINGS. See online help for details. [-Wdeprecated-declarations]
   28 |     internal_runtime_enabled = read_internal_policy(program, std::getenv("SARECOMP_INTERNAL_DIAGNOSTICS"));
      |                                                                   ^
C:\Program Files (x86)\Windows Kits\10\Include\10.0.26100.0\ucrt\stdlib.h(1183,20): note: 'getenv' has been explicitly marked deprecated here
 1183 |     _Check_return_ _CRT_INSECURE_DEPRECATE(_dupenv_s)
      |                    ^
C:\Program Files (x86)\Microsoft Visual Studio\2022\BuildTools\VC\Tools\MSVC\14.44.35207\include\vcruntime.h(368,55): note: expanded from macro '_CRT_INSECURE_DEPRECATE'
  368 |         #define _CRT_INSECURE_DEPRECATE(_Replacement) _CRT_DEPRECATE_TEXT(    \
      |                                                       ^
C:\Program Files (x86)\Microsoft Visual Studio\2022\BuildTools\VC\Tools\MSVC\14.44.35207\include\vcruntime.h(358,47): note: expanded from macro '_CRT_DEPRECATE_TEXT'
  358 | #define _CRT_DEPRECATE_TEXT(_Text) __declspec(deprecated(_Text))
      |                                               ^
In file included from C:\Users\ultim\Desktop\Sonic Adventure Recompiled\tools\test_camera_operation.cpp:4:
In file included from C:\Users\ultim\Desktop\Sonic Adventure Recompiled\tools\test_movement_contact_aot.cpp:3:
In file included from C:\Users\ultim\Desktop\Sonic Adventure Recompiled\tools\test_movement_contact.cpp:1:
In file included from C:\Users\ultim\Desktop\Sonic Adventure Recompiled\src\sonic_movement_contact.hpp:4:
C:\Users\ultim\Desktop\Sonic Adventure Recompiled\src\sonic_native_cpu_policy.hpp(11,30): warning: 'getenv' is deprecated: This function or variable may be unsafe. Consider using _dupenv_s instead. To disable deprecation, use _CRT_SECURE_NO_WARNINGS. See online help for details. [-Wdeprecated-declarations]
   11 |     const char* group = std::getenv("SARECOMP_NATIVE_CPU_PATHS");
      |                              ^
C:\Program Files (x86)\Windows Kits\10\Include\10.0.26100.0\ucrt\stdlib.h(1183,20): note: 'getenv' has been explicitly marked deprecated here
 1183 |     _Check_return_ _CRT_INSECURE_DEPRECATE(_dupenv_s)
      |                    ^
C:\Program Files (x86)\Microsoft Visual Studio\2022\BuildTools\VC\Tools\MSVC\14.44.35207\include\vcruntime.h(368,55): note: expanded from macro '_CRT_INSECURE_DEPRECATE'
  368 |         #define _CRT_INSECURE_DEPRECATE(_Replacement) _CRT_DEPRECATE_TEXT(    \
      |                                                       ^
C:\Program Files (x86)\Microsoft Visual Studio\2022\BuildTools\VC\Tools\MSVC\14.44.35207\include\vcruntime.h(358,47): note: expanded from macro '_CRT_DEPRECATE_TEXT'
  358 | #define _CRT_DEPRECATE_TEXT(_Text) __declspec(deprecated(_Text))
      |                                               ^
In file included from C:\Users\ultim\Desktop\Sonic Adventure Recompiled\tools\test_camera_operation.cpp:4:
In file included from C:\Users\ultim\Desktop\Sonic Adventure Recompiled\tools\test_movement_contact_aot.cpp:3:
In file included from C:\Users\ultim\Desktop\Sonic Adventure Recompiled\tools\test_movement_contact.cpp:1:
In file included from C:\Users\ultim\Desktop\Sonic Adventure Recompiled\src\sonic_movement_contact.hpp:4:
C:\Users\ultim\Desktop\Sonic Adventure Recompiled\src\sonic_native_cpu_policy.hpp(13,30): warning: 'getenv' is deprecated: This function or variable may be unsafe. Consider using _dupenv_s instead. To disable deprecation, use _CRT_SECURE_NO_WARNINGS. See online help for details. [-Wdeprecated-declarations]
   13 |     const char* value = std::getenv(option);
      |                              ^
C:\Program Files (x86)\Windows Kits\10\Include\10.0.26100.0\ucrt\stdlib.h(1183,20): note: 'getenv' has been explicitly marked deprecated here
 1183 |     _Check_return_ _CRT_INSECURE_DEPRECATE(_dupenv_s)
      |                    ^
C:\Program Files (x86)\Microsoft Visual Studio\2022\BuildTools\VC\Tools\MSVC\14.44.35207\include\vcruntime.h(368,55): note: expanded from macro '_CRT_INSECURE_DEPRECATE'
  368 |         #define _CRT_INSECURE_DEPRECATE(_Replacement) _CRT_DEPRECATE_TEXT(    \
      |                                                       ^
C:\Program Files (x86)\Microsoft Visual Studio\2022\BuildTools\VC\Tools\MSVC\14.44.35207\include\vcruntime.h(358,47): note: expanded from macro '_CRT_DEPRECATE_TEXT'
  358 | #define _CRT_DEPRECATE_TEXT(_Text) __declspec(deprecated(_Text))
      |                                               ^
In file included from C:\Users\ultim\Desktop\Sonic Adventure Recompiled\tools\test_camera_operation.cpp:4:
In file included from C:\Users\ultim\Desktop\Sonic Adventure Recompiled\tools\test_movement_contact_aot.cpp:3:
In file included from C:\Users\ultim\Desktop\Sonic Adventure Recompiled\tools\test_movement_contact.cpp:1:
C:\Users\ultim\Desktop\Sonic Adventure Recompiled\src\sonic_movement_contact.hpp(14,49): warning: 'getenv' is deprecated: This function or variable may be unsafe. Consider using _dupenv_s instead. To disable deprecation, use _CRT_SECURE_NO_WARNINGS. See online help for details. [-Wdeprecated-declarations]
   14 |     static const bool on=[] {const auto* v=std::getenv("SARECOMP_NATIVE_MOVEMENT_CONTACT");
      |                                                 ^
C:\Program Files (x86)\Windows Kits\10\Include\10.0.26100.0\ucrt\stdlib.h(1183,20): note: 'getenv' has been explicitly marked deprecated here
 1183 |     _Check_return_ _CRT_INSECURE_DEPRECATE(_dupenv_s)
      |                    ^
C:\Program Files (x86)\Microsoft Visual Studio\2022\BuildTools\VC\Tools\MSVC\14.44.35207\include\vcruntime.h(368,55): note: expanded from macro '_CRT_INSECURE_DEPRECATE'
  368 |         #define _CRT_INSECURE_DEPRECATE(_Replacement) _CRT_DEPRECATE_TEXT(    \
      |                                                       ^
C:\Program Files (x86)\Microsoft Visual Studio\2022\BuildTools\VC\Tools\MSVC\14.44.35207\include\vcruntime.h(358,47): note: expanded from macro '_CRT_DEPRECATE_TEXT'
  358 | #define _CRT_DEPRECATE_TEXT(_Text) __declspec(deprecated(_Text))
      |                                               ^
In file included from C:\Users\ultim\Desktop\Sonic Adventure Recompiled\tools\test_camera_operation.cpp:4:
In file included from C:\Users\ultim\Desktop\Sonic Adventure Recompiled\tools\test_movement_contact_aot.cpp:3:
In file included from C:\Users\ultim\Desktop\Sonic Adventure Recompiled\tools\test_movement_contact.cpp:1:
C:\Users\ultim\Desktop\Sonic Adventure Recompiled\src\sonic_movement_contact.hpp(20,49): warning: 'getenv' is deprecated: This function or variable may be unsafe. Consider using _dupenv_s instead. To disable deprecation, use _CRT_SECURE_NO_WARNINGS. See online help for details. [-Wdeprecated-declarations]
   20 |     static const bool on=[] {const auto* v=std::getenv("SARECOMP_NATIVE_OBJECT_CONTACT");
      |                                                 ^
C:\Program Files (x86)\Windows Kits\10\Include\10.0.26100.0\ucrt\stdlib.h(1183,20): note: 'getenv' has been explicitly marked deprecated here
 1183 |     _Check_return_ _CRT_INSECURE_DEPRECATE(_dupenv_s)
      |                    ^
C:\Program Files (x86)\Microsoft Visual Studio\2022\BuildTools\VC\Tools\MSVC\14.44.35207\include\vcruntime.h(368,55): note: expanded from macro '_CRT_INSECURE_DEPRECATE'
  368 |         #define _CRT_INSECURE_DEPRECATE(_Replacement) _CRT_DEPRECATE_TEXT(    \
      |                                                       ^
C:\Program Files (x86)\Microsoft Visual Studio\2022\BuildTools\VC\Tools\MSVC\14.44.35207\include\vcruntime.h(358,47): note: expanded from macro '_CRT_DEPRECATE_TEXT'
  358 | #define _CRT_DEPRECATE_TEXT(_Text) __declspec(deprecated(_Text))
      |                                               ^
In file included from C:\Users\ultim\Desktop\Sonic Adventure Recompiled\tools\test_camera_operation.cpp:4:
In file included from C:\Users\ultim\Desktop\Sonic Adventure Recompiled\tools\test_movement_contact_aot.cpp:3:
In file included from C:\Users\ultim\Desktop\Sonic Adventure Recompiled\tools\test_movement_contact.cpp:1:
C:\Users\ultim\Desktop\Sonic Adventure Recompiled\src\sonic_movement_contact.hpp(26,49): warning: 'getenv' is deprecated: This function or variable may be unsafe. Consider using _dupenv_s instead. To disable deprecation, use _CRT_SECURE_NO_WARNINGS. See online help for details. [-Wdeprecated-declarations]
   26 |     static const bool on=[] {const auto* v=std::getenv("SARECOMP_NATIVE_CAMERA_OPERATION");
      |                                                 ^
C:\Program Files (x86)\Windows Kits\10\Include\10.0.26100.0\ucrt\stdlib.h(1183,20): note: 'getenv' has been explicitly marked deprecated here
 1183 |     _Check_return_ _CRT_INSECURE_DEPRECATE(_dupenv_s)
      |                    ^
C:\Program Files (x86)\Microsoft Visual Studio\2022\BuildTools\VC\Tools\MSVC\14.44.35207\include\vcruntime.h(368,55): note: expanded from macro '_CRT_INSECURE_DEPRECATE'
  368 |         #define _CRT_INSECURE_DEPRECATE(_Replacement) _CRT_DEPRECATE_TEXT(    \
      |                                                       ^
C:\Program Files (x86)\Microsoft Visual Studio\2022\BuildTools\VC\Tools\MSVC\14.44.35207\include\vcruntime.h(358,47): note: expanded from macro '_CRT_DEPRECATE_TEXT'
  358 | #define _CRT_DEPRECATE_TEXT(_Text) __declspec(deprecated(_Text))
      |                                               ^
In file included from C:\Users\ultim\Desktop\Sonic Adventure Recompiled\tools\test_camera_operation.cpp:4:
In file included from C:\Users\ultim\Desktop\Sonic Adventure Recompiled\tools\test_movement_contact_aot.cpp:3:
In file included from C:\Users\ultim\Desktop\Sonic Adventure Recompiled\tools\test_movement_contact.cpp:2:
C:\Users\ultim\Desktop\Sonic Adventure Recompiled\src\sonic_scalar_write_view.hpp(30,30): warning: 'getenv' is deprecated: This function or variable may be unsafe. Consider using _dupenv_s instead. To disable deprecation, use _CRT_SECURE_NO_WARNINGS. See online help for details. [-Wdeprecated-declarations]
   30 |         const char* p = std::getenv("SARECOMP_SCALAR_WRITES");
      |                              ^
C:\Program Files (x86)\Windows Kits\10\Include\10.0.26100.0\ucrt\stdlib.h(1183,20): note: 'getenv' has been explicitly marked deprecated here
 1183 |     _Check_return_ _CRT_INSECURE_DEPRECATE(_dupenv_s)
      |                    ^
C:\Program Files (x86)\Microsoft Visual Studio\2022\BuildTools\VC\Tools\MSVC\14.44.35207\include\vcruntime.h(368,55): note: expanded from macro '_CRT_INSECURE_DEPRECATE'
  368 |         #define _CRT_INSECURE_DEPRECATE(_Replacement) _CRT_DEPRECATE_TEXT(    \
      |                                                       ^
C:\Program Files (x86)\Microsoft Visual Studio\2022\BuildTools\VC\Tools\MSVC\14.44.35207\include\vcruntime.h(358,47): note: expanded from macro '_CRT_DEPRECATE_TEXT'
  358 | #define _CRT_DEPRECATE_TEXT(_Text) __declspec(deprecated(_Text))
      |                                               ^
In file included from C:\Users\ultim\Desktop\Sonic Adventure Recompiled\tools\test_camera_operation.cpp:4:
In file included from C:\Users\ultim\Desktop\Sonic Adventure Recompiled\tools\test_movement_contact_aot.cpp:3:
In file included from C:\Users\ultim\Desktop\Sonic Adventure Recompiled\tools\test_movement_contact.cpp:2:
C:\Users\ultim\Desktop\Sonic Adventure Recompiled\src\sonic_scalar_write_view.hpp(38,30): warning: 'getenv' is deprecated: This function or variable may be unsafe. Consider using _dupenv_s instead. To disable deprecation, use _CRT_SECURE_NO_WARNINGS. See online help for details. [-Wdeprecated-declarations]
   38 |         const char* p = std::getenv("SARECOMP_STACK_FRAMES");
      |                              ^
C:\Program Files (x86)\Windows Kits\10\Include\10.0.26100.0\ucrt\stdlib.h(1183,20): note: 'getenv' has been explicitly marked deprecated here
 1183 |     _Check_return_ _CRT_INSECURE_DEPRECATE(_dupenv_s)
      |                    ^
C:\Program Files (x86)\Microsoft Visual Studio\2022\BuildTools\VC\Tools\MSVC\14.44.35207\include\vcruntime.h(368,55): note: expanded from macro '_CRT_INSECURE_DEPRECATE'
  368 |         #define _CRT_INSECURE_DEPRECATE(_Replacement) _CRT_DEPRECATE_TEXT(    \
      |                                                       ^
C:\Program Files (x86)\Microsoft Visual Studio\2022\BuildTools\VC\Tools\MSVC\14.44.35207\include\vcruntime.h(358,47): note: expanded from macro '_CRT_DEPRECATE_TEXT'
  358 | #define _CRT_DEPRECATE_TEXT(_Text) __declspec(deprecated(_Text))
      |                                               ^
In file included from C:\Users\ultim\Desktop\Sonic Adventure Recompiled\tools\test_camera_operation.cpp:4:
In file included from C:\Users\ultim\Desktop\Sonic Adventure Recompiled\tools\test_movement_contact_aot.cpp:3:
In file included from C:\Users\ultim\Desktop\Sonic Adventure Recompiled\tools\test_movement_contact.cpp:2:
C:\Users\ultim\Desktop\Sonic Adventure Recompiled\src\sonic_scalar_write_view.hpp(46,30): warning: 'getenv' is deprecated: This function or variable may be unsafe. Consider using _dupenv_s instead. To disable deprecation, use _CRT_SECURE_NO_WARNINGS. See online help for details. [-Wdeprecated-declarations]
   46 |         const char* p = std::getenv("SARECOMP_RAM_REGIONS");
      |                              ^
C:\Program Files (x86)\Windows Kits\10\Include\10.0.26100.0\ucrt\stdlib.h(1183,20): note: 'getenv' has been explicitly marked deprecated here
 1183 |     _Check_return_ _CRT_INSECURE_DEPRECATE(_dupenv_s)
      |                    ^
C:\Program Files (x86)\Microsoft Visual Studio\2022\BuildTools\VC\Tools\MSVC\14.44.35207\include\vcruntime.h(368,55): note: expanded from macro '_CRT_INSECURE_DEPRECATE'
  368 |         #define _CRT_INSECURE_DEPRECATE(_Replacement) _CRT_DEPRECATE_TEXT(    \
      |                                                       ^
C:\Program Files (x86)\Microsoft Visual Studio\2022\BuildTools\VC\Tools\MSVC\14.44.35207\include\vcruntime.h(358,47): note: expanded from macro '_CRT_DEPRECATE_TEXT'
  358 | #define _CRT_DEPRECATE_TEXT(_Text) __declspec(deprecated(_Text))
      |                                               ^
9 warnings generated.
[16/23] Building CXX object CMakeFiles\sonic-camera-operation-tests.dir\src\sonic_movement_contact.cpp.obj
In file included from C:\Users\ultim\Desktop\Sonic Adventure Recompiled\src\sonic_movement_contact.cpp:1:
In file included from C:\Users\ultim\Desktop\Sonic Adventure Recompiled\src\sonic_movement_contact.hpp:3:
C:\Users\ultim\Desktop\Sonic Adventure Recompiled\src\sonic_internal_diagnostics.hpp(28,67): warning: 'getenv' is deprecated: This function or variable may be unsafe. Consider using _dupenv_s instead. To disable deprecation, use _CRT_SECURE_NO_WARNINGS. See online help for details. [-Wdeprecated-declarations]
   28 |     internal_runtime_enabled = read_internal_policy(program, std::getenv("SARECOMP_INTERNAL_DIAGNOSTICS"));
      |                                                                   ^
C:\Program Files (x86)\Windows Kits\10\Include\10.0.26100.0\ucrt\stdlib.h(1183,20): note: 'getenv' has been explicitly marked deprecated here
 1183 |     _Check_return_ _CRT_INSECURE_DEPRECATE(_dupenv_s)
      |                    ^
C:\Program Files (x86)\Microsoft Visual Studio\2022\BuildTools\VC\Tools\MSVC\14.44.35207\include\vcruntime.h(368,55): note: expanded from macro '_CRT_INSECURE_DEPRECATE'
  368 |         #define _CRT_INSECURE_DEPRECATE(_Replacement) _CRT_DEPRECATE_TEXT(    \
      |                                                       ^
C:\Program Files (x86)\Microsoft Visual Studio\2022\BuildTools\VC\Tools\MSVC\14.44.35207\include\vcruntime.h(358,47): note: expanded from macro '_CRT_DEPRECATE_TEXT'
  358 | #define _CRT_DEPRECATE_TEXT(_Text) __declspec(deprecated(_Text))
      |                                               ^
In file included from C:\Users\ultim\Desktop\Sonic Adventure Recompiled\src\sonic_movement_contact.cpp:1:
In file included from C:\Users\ultim\Desktop\Sonic Adventure Recompiled\src\sonic_movement_contact.hpp:4:
C:\Users\ultim\Desktop\Sonic Adventure Recompiled\src\sonic_native_cpu_policy.hpp(11,30): warning: 'getenv' is deprecated: This function or variable may be unsafe. Consider using _dupenv_s instead. To disable deprecation, use _CRT_SECURE_NO_WARNINGS. See online help for details. [-Wdeprecated-declarations]
   11 |     const char* group = std::getenv("SARECOMP_NATIVE_CPU_PATHS");
      |                              ^
C:\Program Files (x86)\Windows Kits\10\Include\10.0.26100.0\ucrt\stdlib.h(1183,20): note: 'getenv' has been explicitly marked deprecated here
 1183 |     _Check_return_ _CRT_INSECURE_DEPRECATE(_dupenv_s)
      |                    ^
C:\Program Files (x86)\Microsoft Visual Studio\2022\BuildTools\VC\Tools\MSVC\14.44.35207\include\vcruntime.h(368,55): note: expanded from macro '_CRT_INSECURE_DEPRECATE'
  368 |         #define _CRT_INSECURE_DEPRECATE(_Replacement) _CRT_DEPRECATE_TEXT(    \
      |                                                       ^
C:\Program Files (x86)\Microsoft Visual Studio\2022\BuildTools\VC\Tools\MSVC\14.44.35207\include\vcruntime.h(358,47): note: expanded from macro '_CRT_DEPRECATE_TEXT'
  358 | #define _CRT_DEPRECATE_TEXT(_Text) __declspec(deprecated(_Text))
      |                                               ^
In file included from C:\Users\ultim\Desktop\Sonic Adventure Recompiled\src\sonic_movement_contact.cpp:1:
In file included from C:\Users\ultim\Desktop\Sonic Adventure Recompiled\src\sonic_movement_contact.hpp:4:
C:\Users\ultim\Desktop\Sonic Adventure Recompiled\src\sonic_native_cpu_policy.hpp(13,30): warning: 'getenv' is deprecated: This function or variable may be unsafe. Consider using _dupenv_s instead. To disable deprecation, use _CRT_SECURE_NO_WARNINGS. See online help for details. [-Wdeprecated-declarations]
   13 |     const char* value = std::getenv(option);
      |                              ^
C:\Program Files (x86)\Windows Kits\10\Include\10.0.26100.0\ucrt\stdlib.h(1183,20): note: 'getenv' has been explicitly marked deprecated here
 1183 |     _Check_return_ _CRT_INSECURE_DEPRECATE(_dupenv_s)
      |                    ^
C:\Program Files (x86)\Microsoft Visual Studio\2022\BuildTools\VC\Tools\MSVC\14.44.35207\include\vcruntime.h(368,55): note: expanded from macro '_CRT_INSECURE_DEPRECATE'
  368 |         #define _CRT_INSECURE_DEPRECATE(_Replacement) _CRT_DEPRECATE_TEXT(    \
      |                                                       ^
C:\Program Files (x86)\Microsoft Visual Studio\2022\BuildTools\VC\Tools\MSVC\14.44.35207\include\vcruntime.h(358,47): note: expanded from macro '_CRT_DEPRECATE_TEXT'
  358 | #define _CRT_DEPRECATE_TEXT(_Text) __declspec(deprecated(_Text))
      |                                               ^
In file included from C:\Users\ultim\Desktop\Sonic Adventure Recompiled\src\sonic_movement_contact.cpp:1:
C:\Users\ultim\Desktop\Sonic Adventure Recompiled\src\sonic_movement_contact.hpp(14,49): warning: 'getenv' is deprecated: This function or variable may be unsafe. Consider using _dupenv_s instead. To disable deprecation, use _CRT_SECURE_NO_WARNINGS. See online help for details. [-Wdeprecated-declarations]
   14 |     static const bool on=[] {const auto* v=std::getenv("SARECOMP_NATIVE_MOVEMENT_CONTACT");
      |                                                 ^
C:\Program Files (x86)\Windows Kits\10\Include\10.0.26100.0\ucrt\stdlib.h(1183,20): note: 'getenv' has been explicitly marked deprecated here
 1183 |     _Check_return_ _CRT_INSECURE_DEPRECATE(_dupenv_s)
      |                    ^
C:\Program Files (x86)\Microsoft Visual Studio\2022\BuildTools\VC\Tools\MSVC\14.44.35207\include\vcruntime.h(368,55): note: expanded from macro '_CRT_INSECURE_DEPRECATE'
  368 |         #define _CRT_INSECURE_DEPRECATE(_Replacement) _CRT_DEPRECATE_TEXT(    \
      |                                                       ^
C:\Program Files (x86)\Microsoft Visual Studio\2022\BuildTools\VC\Tools\MSVC\14.44.35207\include\vcruntime.h(358,47): note: expanded from macro '_CRT_DEPRECATE_TEXT'
  358 | #define _CRT_DEPRECATE_TEXT(_Text) __declspec(deprecated(_Text))
      |                                               ^
In file included from C:\Users\ultim\Desktop\Sonic Adventure Recompiled\src\sonic_movement_contact.cpp:1:
C:\Users\ultim\Desktop\Sonic Adventure Recompiled\src\sonic_movement_contact.hpp(20,49): warning: 'getenv' is deprecated: This function or variable may be unsafe. Consider using _dupenv_s instead. To disable deprecation, use _CRT_SECURE_NO_WARNINGS. See online help for details. [-Wdeprecated-declarations]
   20 |     static const bool on=[] {const auto* v=std::getenv("SARECOMP_NATIVE_OBJECT_CONTACT");
      |                                                 ^
C:\Program Files (x86)\Windows Kits\10\Include\10.0.26100.0\ucrt\stdlib.h(1183,20): note: 'getenv' has been explicitly marked deprecated here
 1183 |     _Check_return_ _CRT_INSECURE_DEPRECATE(_dupenv_s)
      |                    ^
C:\Program Files (x86)\Microsoft Visual Studio\2022\BuildTools\VC\Tools\MSVC\14.44.35207\include\vcruntime.h(368,55): note: expanded from macro '_CRT_INSECURE_DEPRECATE'
  368 |         #define _CRT_INSECURE_DEPRECATE(_Replacement) _CRT_DEPRECATE_TEXT(    \
      |                                                       ^
C:\Program Files (x86)\Microsoft Visual Studio\2022\BuildTools\VC\Tools\MSVC\14.44.35207\include\vcruntime.h(358,47): note: expanded from macro '_CRT_DEPRECATE_TEXT'
  358 | #define _CRT_DEPRECATE_TEXT(_Text) __declspec(deprecated(_Text))
      |                                               ^
In file included from C:\Users\ultim\Desktop\Sonic Adventure Recompiled\src\sonic_movement_contact.cpp:1:
C:\Users\ultim\Desktop\Sonic Adventure Recompiled\src\sonic_movement_contact.hpp(26,49): warning: 'getenv' is deprecated: This function or variable may be unsafe. Consider using _dupenv_s instead. To disable deprecation, use _CRT_SECURE_NO_WARNINGS. See online help for details. [-Wdeprecated-declarations]
   26 |     static const bool on=[] {const auto* v=std::getenv("SARECOMP_NATIVE_CAMERA_OPERATION");
      |                                                 ^
C:\Program Files (x86)\Windows Kits\10\Include\10.0.26100.0\ucrt\stdlib.h(1183,20): note: 'getenv' has been explicitly marked deprecated here
 1183 |     _Check_return_ _CRT_INSECURE_DEPRECATE(_dupenv_s)
      |                    ^
C:\Program Files (x86)\Microsoft Visual Studio\2022\BuildTools\VC\Tools\MSVC\14.44.35207\include\vcruntime.h(368,55): note: expanded from macro '_CRT_INSECURE_DEPRECATE'
  368 |         #define _CRT_INSECURE_DEPRECATE(_Replacement) _CRT_DEPRECATE_TEXT(    \
      |                                                       ^
C:\Program Files (x86)\Microsoft Visual Studio\2022\BuildTools\VC\Tools\MSVC\14.44.35207\include\vcruntime.h(358,47): note: expanded from macro '_CRT_DEPRECATE_TEXT'
  358 | #define _CRT_DEPRECATE_TEXT(_Text) __declspec(deprecated(_Text))
      |                                               ^
In file included from C:\Users\ultim\Desktop\Sonic Adventure Recompiled\src\sonic_movement_contact.cpp:2:
C:\Users\ultim\Desktop\Sonic Adventure Recompiled\src\sonic_scalar_write_view.hpp(30,30): warning: 'getenv' is deprecated: This function or variable may be unsafe. Consider using _dupenv_s instead. To disable deprecation, use _CRT_SECURE_NO_WARNINGS. See online help for details. [-Wdeprecated-declarations]
   30 |         const char* p = std::getenv("SARECOMP_SCALAR_WRITES");
      |                              ^
C:\Program Files (x86)\Windows Kits\10\Include\10.0.26100.0\ucrt\stdlib.h(1183,20): note: 'getenv' has been explicitly marked deprecated here
 1183 |     _Check_return_ _CRT_INSECURE_DEPRECATE(_dupenv_s)
      |                    ^
C:\Program Files (x86)\Microsoft Visual Studio\2022\BuildTools\VC\Tools\MSVC\14.44.35207\include\vcruntime.h(368,55): note: expanded from macro '_CRT_INSECURE_DEPRECATE'
  368 |         #define _CRT_INSECURE_DEPRECATE(_Replacement) _CRT_DEPRECATE_TEXT(    \
      |                                                       ^
C:\Program Files (x86)\Microsoft Visual Studio\2022\BuildTools\VC\Tools\MSVC\14.44.35207\include\vcruntime.h(358,47): note: expanded from macro '_CRT_DEPRECATE_TEXT'
  358 | #define _CRT_DEPRECATE_TEXT(_Text) __declspec(deprecated(_Text))
      |                                               ^
In file included from C:\Users\ultim\Desktop\Sonic Adventure Recompiled\src\sonic_movement_contact.cpp:2:
C:\Users\ultim\Desktop\Sonic Adventure Recompiled\src\sonic_scalar_write_view.hpp(38,30): warning: 'getenv' is deprecated: This function or variable may be unsafe. Consider using _dupenv_s instead. To disable deprecation, use _CRT_SECURE_NO_WARNINGS. See online help for details. [-Wdeprecated-declarations]
   38 |         const char* p = std::getenv("SARECOMP_STACK_FRAMES");
      |                              ^
C:\Program Files (x86)\Windows Kits\10\Include\10.0.26100.0\ucrt\stdlib.h(1183,20): note: 'getenv' has been explicitly marked deprecated here
 1183 |     _Check_return_ _CRT_INSECURE_DEPRECATE(_dupenv_s)
      |                    ^
C:\Program Files (x86)\Microsoft Visual Studio\2022\BuildTools\VC\Tools\MSVC\14.44.35207\include\vcruntime.h(368,55): note: expanded from macro '_CRT_INSECURE_DEPRECATE'
  368 |         #define _CRT_INSECURE_DEPRECATE(_Replacement) _CRT_DEPRECATE_TEXT(    \
      |                                                       ^
C:\Program Files (x86)\Microsoft Visual Studio\2022\BuildTools\VC\Tools\MSVC\14.44.35207\include\vcruntime.h(358,47): note: expanded from macro '_CRT_DEPRECATE_TEXT'
  358 | #define _CRT_DEPRECATE_TEXT(_Text) __declspec(deprecated(_Text))
      |                                               ^
In file included from C:\Users\ultim\Desktop\Sonic Adventure Recompiled\src\sonic_movement_contact.cpp:2:
C:\Users\ultim\Desktop\Sonic Adventure Recompiled\src\sonic_scalar_write_view.hpp(46,30): warning: 'getenv' is deprecated: This function or variable may be unsafe. Consider using _dupenv_s instead. To disable deprecation, use _CRT_SECURE_NO_WARNINGS. See online help for details. [-Wdeprecated-declarations]
   46 |         const char* p = std::getenv("SARECOMP_RAM_REGIONS");
      |                              ^
C:\Program Files (x86)\Windows Kits\10\Include\10.0.26100.0\ucrt\stdlib.h(1183,20): note: 'getenv' has been explicitly marked deprecated here
 1183 |     _Check_return_ _CRT_INSECURE_DEPRECATE(_dupenv_s)
      |                    ^
C:\Program Files (x86)\Microsoft Visual Studio\2022\BuildTools\VC\Tools\MSVC\14.44.35207\include\vcruntime.h(368,55): note: expanded from macro '_CRT_INSECURE_DEPRECATE'
  368 |         #define _CRT_INSECURE_DEPRECATE(_Replacement) _CRT_DEPRECATE_TEXT(    \
      |                                                       ^
C:\Program Files (x86)\Microsoft Visual Studio\2022\BuildTools\VC\Tools\MSVC\14.44.35207\include\vcruntime.h(358,47): note: expanded from macro '_CRT_DEPRECATE_TEXT'
  358 | #define _CRT_DEPRECATE_TEXT(_Text) __declspec(deprecated(_Text))
      |                                               ^
9 warnings generated.
[17/23] Building CXX object CMakeFiles\sonic-camera-operation-tests.dir\generated\motion-sampling\motion-reference-interpreter.cpp.obj
[18/23] Building CXX object CMakeFiles\sonic_dispatch.dir\generated\movement-contact-bridge\private-original.cpp.obj
In file included from C:\Users\ultim\Desktop\Sonic Adventure Recompiled\build-performance\generated\movement-contact-bridge\private-original.cpp:1:
In file included from C:\Users\ultim\Desktop\Sonic Adventure Recompiled\src\sonic_movement_contact.hpp:3:
C:\Users\ultim\Desktop\Sonic Adventure Recompiled\src\sonic_internal_diagnostics.hpp(28,67): warning: 'getenv' is deprecated: This function or variable may be unsafe. Consider using _dupenv_s instead. To disable deprecation, use _CRT_SECURE_NO_WARNINGS. See online help for details. [-Wdeprecated-declarations]
   28 |     internal_runtime_enabled = read_internal_policy(program, std::getenv("SARECOMP_INTERNAL_DIAGNOSTICS"));
      |                                                                   ^
C:\Program Files (x86)\Windows Kits\10\Include\10.0.26100.0\ucrt\stdlib.h(1183,20): note: 'getenv' has been explicitly marked deprecated here
 1183 |     _Check_return_ _CRT_INSECURE_DEPRECATE(_dupenv_s)
      |                    ^
C:\Program Files (x86)\Microsoft Visual Studio\2022\BuildTools\VC\Tools\MSVC\14.44.35207\include\vcruntime.h(368,55): note: expanded from macro '_CRT_INSECURE_DEPRECATE'
  368 |         #define _CRT_INSECURE_DEPRECATE(_Replacement) _CRT_DEPRECATE_TEXT(    \
      |                                                       ^
C:\Program Files (x86)\Microsoft Visual Studio\2022\BuildTools\VC\Tools\MSVC\14.44.35207\include\vcruntime.h(358,47): note: expanded from macro '_CRT_DEPRECATE_TEXT'
  358 | #define _CRT_DEPRECATE_TEXT(_Text) __declspec(deprecated(_Text))
      |                                               ^
In file included from C:\Users\ultim\Desktop\Sonic Adventure Recompiled\build-performance\generated\movement-contact-bridge\private-original.cpp:1:
In file included from C:\Users\ultim\Desktop\Sonic Adventure Recompiled\src\sonic_movement_contact.hpp:4:
C:\Users\ultim\Desktop\Sonic Adventure Recompiled\src\sonic_native_cpu_policy.hpp(11,30): warning: 'getenv' is deprecated: This function or variable may be unsafe. Consider using _dupenv_s instead. To disable deprecation, use _CRT_SECURE_NO_WARNINGS. See online help for details. [-Wdeprecated-declarations]
   11 |     const char* group = std::getenv("SARECOMP_NATIVE_CPU_PATHS");
      |                              ^
C:\Program Files (x86)\Windows Kits\10\Include\10.0.26100.0\ucrt\stdlib.h(1183,20): note: 'getenv' has been explicitly marked deprecated here
 1183 |     _Check_return_ _CRT_INSECURE_DEPRECATE(_dupenv_s)
      |                    ^
C:\Program Files (x86)\Microsoft Visual Studio\2022\BuildTools\VC\Tools\MSVC\14.44.35207\include\vcruntime.h(368,55): note: expanded from macro '_CRT_INSECURE_DEPRECATE'
  368 |         #define _CRT_INSECURE_DEPRECATE(_Replacement) _CRT_DEPRECATE_TEXT(    \
      |                                                       ^
C:\Program Files (x86)\Microsoft Visual Studio\2022\BuildTools\VC\Tools\MSVC\14.44.35207\include\vcruntime.h(358,47): note: expanded from macro '_CRT_DEPRECATE_TEXT'
  358 | #define _CRT_DEPRECATE_TEXT(_Text) __declspec(deprecated(_Text))
      |                                               ^
In file included from C:\Users\ultim\Desktop\Sonic Adventure Recompiled\build-performance\generated\movement-contact-bridge\private-original.cpp:1:
In file included from C:\Users\ultim\Desktop\Sonic Adventure Recompiled\src\sonic_movement_contact.hpp:4:
C:\Users\ultim\Desktop\Sonic Adventure Recompiled\src\sonic_native_cpu_policy.hpp(13,30): warning: 'getenv' is deprecated: This function or variable may be unsafe. Consider using _dupenv_s instead. To disable deprecation, use _CRT_SECURE_NO_WARNINGS. See online help for details. [-Wdeprecated-declarations]
   13 |     const char* value = std::getenv(option);
      |                              ^
C:\Program Files (x86)\Windows Kits\10\Include\10.0.26100.0\ucrt\stdlib.h(1183,20): note: 'getenv' has been explicitly marked deprecated here
 1183 |     _Check_return_ _CRT_INSECURE_DEPRECATE(_dupenv_s)
      |                    ^
C:\Program Files (x86)\Microsoft Visual Studio\2022\BuildTools\VC\Tools\MSVC\14.44.35207\include\vcruntime.h(368,55): note: expanded from macro '_CRT_INSECURE_DEPRECATE'
  368 |         #define _CRT_INSECURE_DEPRECATE(_Replacement) _CRT_DEPRECATE_TEXT(    \
      |                                                       ^
C:\Program Files (x86)\Microsoft Visual Studio\2022\BuildTools\VC\Tools\MSVC\14.44.35207\include\vcruntime.h(358,47): note: expanded from macro '_CRT_DEPRECATE_TEXT'
  358 | #define _CRT_DEPRECATE_TEXT(_Text) __declspec(deprecated(_Text))
      |                                               ^
In file included from C:\Users\ultim\Desktop\Sonic Adventure Recompiled\build-performance\generated\movement-contact-bridge\private-original.cpp:1:
C:\Users\ultim\Desktop\Sonic Adventure Recompiled\src\sonic_movement_contact.hpp(14,49): warning: 'getenv' is deprecated: This function or variable may be unsafe. Consider using _dupenv_s instead. To disable deprecation, use _CRT_SECURE_NO_WARNINGS. See online help for details. [-Wdeprecated-declarations]
   14 |     static const bool on=[] {const auto* v=std::getenv("SARECOMP_NATIVE_MOVEMENT_CONTACT");
      |                                                 ^
C:\Program Files (x86)\Windows Kits\10\Include\10.0.26100.0\ucrt\stdlib.h(1183,20): note: 'getenv' has been explicitly marked deprecated here
 1183 |     _Check_return_ _CRT_INSECURE_DEPRECATE(_dupenv_s)
      |                    ^
C:\Program Files (x86)\Microsoft Visual Studio\2022\BuildTools\VC\Tools\MSVC\14.44.35207\include\vcruntime.h(368,55): note: expanded from macro '_CRT_INSECURE_DEPRECATE'
  368 |         #define _CRT_INSECURE_DEPRECATE(_Replacement) _CRT_DEPRECATE_TEXT(    \
      |                                                       ^
C:\Program Files (x86)\Microsoft Visual Studio\2022\BuildTools\VC\Tools\MSVC\14.44.35207\include\vcruntime.h(358,47): note: expanded from macro '_CRT_DEPRECATE_TEXT'
  358 | #define _CRT_DEPRECATE_TEXT(_Text) __declspec(deprecated(_Text))
      |                                               ^
In file included from C:\Users\ultim\Desktop\Sonic Adventure Recompiled\build-performance\generated\movement-contact-bridge\private-original.cpp:1:
C:\Users\ultim\Desktop\Sonic Adventure Recompiled\src\sonic_movement_contact.hpp(20,49): warning: 'getenv' is deprecated: This function or variable may be unsafe. Consider using _dupenv_s instead. To disable deprecation, use _CRT_SECURE_NO_WARNINGS. See online help for details. [-Wdeprecated-declarations]
   20 |     static const bool on=[] {const auto* v=std::getenv("SARECOMP_NATIVE_OBJECT_CONTACT");
      |                                                 ^
C:\Program Files (x86)\Windows Kits\10\Include\10.0.26100.0\ucrt\stdlib.h(1183,20): note: 'getenv' has been explicitly marked deprecated here
 1183 |     _Check_return_ _CRT_INSECURE_DEPRECATE(_dupenv_s)
      |                    ^
C:\Program Files (x86)\Microsoft Visual Studio\2022\BuildTools\VC\Tools\MSVC\14.44.35207\include\vcruntime.h(368,55): note: expanded from macro '_CRT_INSECURE_DEPRECATE'
  368 |         #define _CRT_INSECURE_DEPRECATE(_Replacement) _CRT_DEPRECATE_TEXT(    \
      |                                                       ^
C:\Program Files (x86)\Microsoft Visual Studio\2022\BuildTools\VC\Tools\MSVC\14.44.35207\include\vcruntime.h(358,47): note: expanded from macro '_CRT_DEPRECATE_TEXT'
  358 | #define _CRT_DEPRECATE_TEXT(_Text) __declspec(deprecated(_Text))
      |                                               ^
In file included from C:\Users\ultim\Desktop\Sonic Adventure Recompiled\build-performance\generated\movement-contact-bridge\private-original.cpp:1:
C:\Users\ultim\Desktop\Sonic Adventure Recompiled\src\sonic_movement_contact.hpp(26,49): warning: 'getenv' is deprecated: This function or variable may be unsafe. Consider using _dupenv_s instead. To disable deprecation, use _CRT_SECURE_NO_WARNINGS. See online help for details. [-Wdeprecated-declarations]
   26 |     static const bool on=[] {const auto* v=std::getenv("SARECOMP_NATIVE_CAMERA_OPERATION");
      |                                                 ^
C:\Program Files (x86)\Windows Kits\10\Include\10.0.26100.0\ucrt\stdlib.h(1183,20): note: 'getenv' has been explicitly marked deprecated here
 1183 |     _Check_return_ _CRT_INSECURE_DEPRECATE(_dupenv_s)
      |                    ^
C:\Program Files (x86)\Microsoft Visual Studio\2022\BuildTools\VC\Tools\MSVC\14.44.35207\include\vcruntime.h(368,55): note: expanded from macro '_CRT_INSECURE_DEPRECATE'
  368 |         #define _CRT_INSECURE_DEPRECATE(_Replacement) _CRT_DEPRECATE_TEXT(    \
      |                                                       ^
C:\Program Files (x86)\Microsoft Visual Studio\2022\BuildTools\VC\Tools\MSVC\14.44.35207\include\vcruntime.h(358,47): note: expanded from macro '_CRT_DEPRECATE_TEXT'
  358 | #define _CRT_DEPRECATE_TEXT(_Text) __declspec(deprecated(_Text))
      |                                               ^
6 warnings generated.
[19/23] Linking CXX static library dispatch\katana_generated.lib
[20/23] Linking CXX executable "C:\Users\ultim\Desktop\Sonic Adventure Recompiled\out\model-submission-windows-20260918\game.exe"
SONIC_FPU_CALLS_LINK_PASS mode=inverse entries=10 original_selected_members=0
SONIC_FPU_RUNTIME_LINK_PASS binary_overloads=2 epoch_symbols=2 original_member=0
KATANA_NATIVE_PORT_LINK_AUDIT_OK binary_bytes=1937141760 map_bytes=811156462
[21/23] Building CXX object CMakeFiles\sonic-camera-operation-tests.dir\generated\movement-contact-bridge\private-original.cpp.obj
In file included from C:\Users\ultim\Desktop\Sonic Adventure Recompiled\build-performance\generated\movement-contact-bridge\private-original.cpp:1:
In file included from C:\Users\ultim\Desktop\Sonic Adventure Recompiled\src\sonic_movement_contact.hpp:3:
C:\Users\ultim\Desktop\Sonic Adventure Recompiled\src\sonic_internal_diagnostics.hpp(28,67): warning: 'getenv' is deprecated: This function or variable may be unsafe. Consider using _dupenv_s instead. To disable deprecation, use _CRT_SECURE_NO_WARNINGS. See online help for details. [-Wdeprecated-declarations]
   28 |     internal_runtime_enabled = read_internal_policy(program, std::getenv("SARECOMP_INTERNAL_DIAGNOSTICS"));
      |                                                                   ^
C:\Program Files (x86)\Windows Kits\10\Include\10.0.26100.0\ucrt\stdlib.h(1183,20): note: 'getenv' has been explicitly marked deprecated here
 1183 |     _Check_return_ _CRT_INSECURE_DEPRECATE(_dupenv_s)
      |                    ^
C:\Program Files (x86)\Microsoft Visual Studio\2022\BuildTools\VC\Tools\MSVC\14.44.35207\include\vcruntime.h(368,55): note: expanded from macro '_CRT_INSECURE_DEPRECATE'
  368 |         #define _CRT_INSECURE_DEPRECATE(_Replacement) _CRT_DEPRECATE_TEXT(    \
      |                                                       ^
C:\Program Files (x86)\Microsoft Visual Studio\2022\BuildTools\VC\Tools\MSVC\14.44.35207\include\vcruntime.h(358,47): note: expanded from macro '_CRT_DEPRECATE_TEXT'
  358 | #define _CRT_DEPRECATE_TEXT(_Text) __declspec(deprecated(_Text))
      |                                               ^
In file included from C:\Users\ultim\Desktop\Sonic Adventure Recompiled\build-performance\generated\movement-contact-bridge\private-original.cpp:1:
In file included from C:\Users\ultim\Desktop\Sonic Adventure Recompiled\src\sonic_movement_contact.hpp:4:
C:\Users\ultim\Desktop\Sonic Adventure Recompiled\src\sonic_native_cpu_policy.hpp(11,30): warning: 'getenv' is deprecated: This function or variable may be unsafe. Consider using _dupenv_s instead. To disable deprecation, use _CRT_SECURE_NO_WARNINGS. See online help for details. [-Wdeprecated-declarations]
   11 |     const char* group = std::getenv("SARECOMP_NATIVE_CPU_PATHS");
      |                              ^
C:\Program Files (x86)\Windows Kits\10\Include\10.0.26100.0\ucrt\stdlib.h(1183,20): note: 'getenv' has been explicitly marked deprecated here
 1183 |     _Check_return_ _CRT_INSECURE_DEPRECATE(_dupenv_s)
      |                    ^
C:\Program Files (x86)\Microsoft Visual Studio\2022\BuildTools\VC\Tools\MSVC\14.44.35207\include\vcruntime.h(368,55): note: expanded from macro '_CRT_INSECURE_DEPRECATE'
  368 |         #define _CRT_INSECURE_DEPRECATE(_Replacement) _CRT_DEPRECATE_TEXT(    \
      |                                                       ^
C:\Program Files (x86)\Microsoft Visual Studio\2022\BuildTools\VC\Tools\MSVC\14.44.35207\include\vcruntime.h(358,47): note: expanded from macro '_CRT_DEPRECATE_TEXT'
  358 | #define _CRT_DEPRECATE_TEXT(_Text) __declspec(deprecated(_Text))
      |                                               ^
In file included from C:\Users\ultim\Desktop\Sonic Adventure Recompiled\build-performance\generated\movement-contact-bridge\private-original.cpp:1:
In file included from C:\Users\ultim\Desktop\Sonic Adventure Recompiled\src\sonic_movement_contact.hpp:4:
C:\Users\ultim\Desktop\Sonic Adventure Recompiled\src\sonic_native_cpu_policy.hpp(13,30): warning: 'getenv' is deprecated: This function or variable may be unsafe. Consider using _dupenv_s instead. To disable deprecation, use _CRT_SECURE_NO_WARNINGS. See online help for details. [-Wdeprecated-declarations]
   13 |     const char* value = std::getenv(option);
      |                              ^
C:\Program Files (x86)\Windows Kits\10\Include\10.0.26100.0\ucrt\stdlib.h(1183,20): note: 'getenv' has been explicitly marked deprecated here
 1183 |     _Check_return_ _CRT_INSECURE_DEPRECATE(_dupenv_s)
      |                    ^
C:\Program Files (x86)\Microsoft Visual Studio\2022\BuildTools\VC\Tools\MSVC\14.44.35207\include\vcruntime.h(368,55): note: expanded from macro '_CRT_INSECURE_DEPRECATE'
  368 |         #define _CRT_INSECURE_DEPRECATE(_Replacement) _CRT_DEPRECATE_TEXT(    \
      |                                                       ^
C:\Program Files (x86)\Microsoft Visual Studio\2022\BuildTools\VC\Tools\MSVC\14.44.35207\include\vcruntime.h(358,47): note: expanded from macro '_CRT_DEPRECATE_TEXT'
  358 | #define _CRT_DEPRECATE_TEXT(_Text) __declspec(deprecated(_Text))
      |                                               ^
In file included from C:\Users\ultim\Desktop\Sonic Adventure Recompiled\build-performance\generated\movement-contact-bridge\private-original.cpp:1:
C:\Users\ultim\Desktop\Sonic Adventure Recompiled\src\sonic_movement_contact.hpp(14,49): warning: 'getenv' is deprecated: This function or variable may be unsafe. Consider using _dupenv_s instead. To disable deprecation, use _CRT_SECURE_NO_WARNINGS. See online help for details. [-Wdeprecated-declarations]
   14 |     static const bool on=[] {const auto* v=std::getenv("SARECOMP_NATIVE_MOVEMENT_CONTACT");
      |                                                 ^
C:\Program Files (x86)\Windows Kits\10\Include\10.0.26100.0\ucrt\stdlib.h(1183,20): note: 'getenv' has been explicitly marked deprecated here
 1183 |     _Check_return_ _CRT_INSECURE_DEPRECATE(_dupenv_s)
      |                    ^
C:\Program Files (x86)\Microsoft Visual Studio\2022\BuildTools\VC\Tools\MSVC\14.44.35207\include\vcruntime.h(368,55): note: expanded from macro '_CRT_INSECURE_DEPRECATE'
  368 |         #define _CRT_INSECURE_DEPRECATE(_Replacement) _CRT_DEPRECATE_TEXT(    \
      |                                                       ^
C:\Program Files (x86)\Microsoft Visual Studio\2022\BuildTools\VC\Tools\MSVC\14.44.35207\include\vcruntime.h(358,47): note: expanded from macro '_CRT_DEPRECATE_TEXT'
  358 | #define _CRT_DEPRECATE_TEXT(_Text) __declspec(deprecated(_Text))
      |                                               ^
In file included from C:\Users\ultim\Desktop\Sonic Adventure Recompiled\build-performance\generated\movement-contact-bridge\private-original.cpp:1:
C:\Users\ultim\Desktop\Sonic Adventure Recompiled\src\sonic_movement_contact.hpp(20,49): warning: 'getenv' is deprecated: This function or variable may be unsafe. Consider using _dupenv_s instead. To disable deprecation, use _CRT_SECURE_NO_WARNINGS. See online help for details. [-Wdeprecated-declarations]
   20 |     static const bool on=[] {const auto* v=std::getenv("SARECOMP_NATIVE_OBJECT_CONTACT");
      |                                                 ^
C:\Program Files (x86)\Windows Kits\10\Include\10.0.26100.0\ucrt\stdlib.h(1183,20): note: 'getenv' has been explicitly marked deprecated here
 1183 |     _Check_return_ _CRT_INSECURE_DEPRECATE(_dupenv_s)
      |                    ^
C:\Program Files (x86)\Microsoft Visual Studio\2022\BuildTools\VC\Tools\MSVC\14.44.35207\include\vcruntime.h(368,55): note: expanded from macro '_CRT_INSECURE_DEPRECATE'
  368 |         #define _CRT_INSECURE_DEPRECATE(_Replacement) _CRT_DEPRECATE_TEXT(    \
      |                                                       ^
C:\Program Files (x86)\Microsoft Visual Studio\2022\BuildTools\VC\Tools\MSVC\14.44.35207\include\vcruntime.h(358,47): note: expanded from macro '_CRT_DEPRECATE_TEXT'
  358 | #define _CRT_DEPRECATE_TEXT(_Text) __declspec(deprecated(_Text))
      |                                               ^
In file included from C:\Users\ultim\Desktop\Sonic Adventure Recompiled\build-performance\generated\movement-contact-bridge\private-original.cpp:1:
C:\Users\ultim\Desktop\Sonic Adventure Recompiled\src\sonic_movement_contact.hpp(26,49): warning: 'getenv' is deprecated: This function or variable may be unsafe. Consider using _dupenv_s instead. To disable deprecation, use _CRT_SECURE_NO_WARNINGS. See online help for details. [-Wdeprecated-declarations]
   26 |     static const bool on=[] {const auto* v=std::getenv("SARECOMP_NATIVE_CAMERA_OPERATION");
      |                                                 ^
C:\Program Files (x86)\Windows Kits\10\Include\10.0.26100.0\ucrt\stdlib.h(1183,20): note: 'getenv' has been explicitly marked deprecated here
 1183 |     _Check_return_ _CRT_INSECURE_DEPRECATE(_dupenv_s)
      |                    ^
C:\Program Files (x86)\Microsoft Visual Studio\2022\BuildTools\VC\Tools\MSVC\14.44.35207\include\vcruntime.h(368,55): note: expanded from macro '_CRT_INSECURE_DEPRECATE'
  368 |         #define _CRT_INSECURE_DEPRECATE(_Replacement) _CRT_DEPRECATE_TEXT(    \
      |                                                       ^
C:\Program Files (x86)\Microsoft Visual Studio\2022\BuildTools\VC\Tools\MSVC\14.44.35207\include\vcruntime.h(358,47): note: expanded from macro '_CRT_DEPRECATE_TEXT'
  358 | #define _CRT_DEPRECATE_TEXT(_Text) __declspec(deprecated(_Text))
      |                                               ^
6 warnings generated.
[22/23] Linking CXX executable sonic-camera-operation-tests.exe
