ninja: Entering directory `C:\Users\ultim\Desktop\Sonic Adventure Recompiled\build-linux'
[0/2] Re-checking globbed directories...
[1/2] Re-running CMake...
-- Could NOT find PkgConfig (missing: PKG_CONFIG_EXECUTABLE)
CMake Warning (policy) at .local/linux-deps/sdl/SDL3-3.4.16/CMakeLists.txt:1789 (check_c_source_compiles):
  Policy CMP0219 is not set: Macro invocations preserve backslashes in
  arguments.  Run "cmake --help-policy CMP0219" for policy details.  Use the
  cmake_policy command to set the policy and suppress this warning.

  Command "CHECK_C_SOURCE_COMPILES" called with arguments containing
  backslashes.

  Since the policy is not set, backslashes in the arguments:

   "    #ifndef __ELF__
        ELF DL notes is only supported on ELF platforms
      #endif
      __attribute__ ((used,aligned(4),section(".note.dlopen"))) static const struct {
        struct { int a; int b; int c; } hdr; char name[4]; __attribute__((aligned(4))) char json[24];
      } dlnote = { { 4, 0x407c0c0aU, 16 }, "FDO", "[\\"a\\":{\\"a\\":\\"1\\",\\"b\\":\\"2\\"}]" };
      int main(int argc, char *argv[]) {
        return argc + dlnote.hdr.a;
      }
      "

  will be interpreted as escape sequences for compatibility.

  Set the policy to NEW to instead pass

   "    #ifndef __ELF__
        ELF DL notes is only supported on ELF platforms
      #endif
      __attribute__ ((used,aligned(4),section(".note.dlopen"))) static const struct {
        struct { int a; int b; int c; } hdr; char name[4]; __attribute__((aligned(4))) char json[24];
      } dlnote = { { 4, 0x407c0c0aU, 16 }, "FDO", "[\\\\"a\\\\":{\\\\"a\\\\":\\\\"1\\\\",\\\\"b\\\\":\\\\"2\\\\"}]" };
      int main(int argc, char *argv[]) {
        return argc + dlnote.hdr.a;
      }
      "

  so that argument parsing will preserve the original values.
This warning is for project developers.  Use -Wno-author or -Wno-policy to
suppress it.

-- dynamic libasound -> libasound.so.2
-- dynamic libX11 -> libX11.so.6
-- dynamic libXext -> libXext.so.6
-- dynamic libXcursor -> libXcursor.so.1
-- dynamic libXi -> libXi.so.6
-- dynamic libXfixes -> libXfixes.so.3
-- dynamic libXrandr -> libXrandr.so.2
-- dynamic libXrender -> libXrender.so.1
-- dynamic libXss -> libXss.so.1
-- dynamic libXtst -> libXtst.so.6
-- Could NOT find LibUSB (missing: LibUSB_LIBRARY LibUSB_INCLUDE_PATH) (found version "LibUSB_VERSION-NOTFOUND")
--
-- SDL3 was configured with the following options:
--
-- Platform: Linux
-- 64-bit:   TRUE
-- Compiler: C:/Users/ultim/Desktop/Sonic Adventure Recompiled/.local/linux-deps/zig/zig-x86_64-windows-0.16.0/zig.exe
-- Revision: SDL-release-3.4.16-0-gfa2c02bb6
-- Vendor:
--
-- Subsystems:
--   Audio:    ON
--   Video:    ON
--   GPU:      ON
--   Render:   ON
--   Camera:   ON
--   Joystick: ON
--   Haptic:   ON
--   Hidapi:   ON
--   Power:    ON
--   Sensor:   ON
--   Dialog:   ON
--   Tray:     ON
--
-- Options:
--   SDL_ALSA                    (Wanted: ON): ON
--   SDL_ALSA_SHARED             (Wanted: ON): ON
--   SDL_ALTIVEC                 (Wanted: OFF): OFF
--   SDL_ARMNEON                 (Wanted: OFF): OFF
--   SDL_ASAN                    (Wanted: OFF): OFF
--   SDL_ASSEMBLY                (Wanted: ON): ON
--   SDL_ASSERTIONS              (Wanted: auto): auto
--   SDL_AVX                     (Wanted: ON): ON
--   SDL_AVX2                    (Wanted: ON): ON
--   SDL_AVX512F                 (Wanted: ON): ON
--   SDL_BACKGROUNDING_SIGNAL    (Wanted: OFF): OFF
--   SDL_CCACHE                  (Wanted: OFF): OFF
--   SDL_CLANG_TIDY              (Wanted: OFF): OFF
--   SDL_CLOCK_GETTIME           (Wanted: ON): ON
--   SDL_COCOA                   (Wanted: OFF): OFF
--   SDL_DBUS                    (Wanted: ON): OFF
--   SDL_DEPS_SHARED             (Wanted: ON): OFF
--   SDL_DIRECTX                 (Wanted: OFF): OFF
--   SDL_DISKAUDIO               (Wanted: ON): ON
--   SDL_DLOPEN_NOTES            (Wanted: ON): ON
--   SDL_DUMMYAUDIO              (Wanted: ON): ON
--   SDL_DUMMYCAMERA             (Wanted: ON): ON
--   SDL_DUMMYVIDEO              (Wanted: ON): ON
--   SDL_EXAMPLES                (Wanted: OFF): OFF
--   SDL_EXAMPLES_LINK_SHARED    (Wanted: ON): OFF
--   SDL_FOREGROUNDING_SIGNAL    (Wanted: OFF): OFF
--   SDL_FRIBIDI                 (Wanted: ON): OFF
--   SDL_FRIBIDI_SHARED          (Wanted: ON): OFF
--   SDL_GCC_ATOMICS             (Wanted: ON): ON
--   SDL_HIDAPI                  (Wanted: ON): ON
--   SDL_HIDAPI_JOYSTICK         (Wanted: ON): ON
--   SDL_HIDAPI_LIBUSB           (Wanted: ON): OFF
--   SDL_HIDAPI_LIBUSB_SHARED    (Wanted: ON): OFF
--   SDL_IBUS                    (Wanted: ON): OFF
--   SDL_INSTALL                 (Wanted: OFF): OFF
--   SDL_INSTALL_TESTS           (Wanted: OFF): OFF
--   SDL_JACK                    (Wanted: ON): OFF
--   SDL_JACK_SHARED             (Wanted: ON): OFF
--   SDL_KMSDRM                  (Wanted: ON): OFF
--   SDL_KMSDRM_SHARED           (Wanted: ON): OFF
--   SDL_LASX                    (Wanted: OFF): OFF
--   SDL_LIBC                    (Wanted: ON): ON
--   SDL_LIBICONV                (Wanted: OFF): OFF
--   SDL_LIBTHAI                 (Wanted: ON): OFF
--   SDL_LIBTHAI_SHARED          (Wanted: ON): OFF
--   SDL_LIBUDEV                 (Wanted: ON): OFF
--   SDL_LIBURING                (Wanted: ON): OFF
--   SDL_LSX                     (Wanted: OFF): OFF
--   SDL_METAL                   (Wanted: OFF): OFF
--   SDL_MMX                     (Wanted: ON): ON
--   SDL_OFFSCREEN               (Wanted: ON): ON
--   SDL_OPENGL                  (Wanted: OFF): OFF
--   SDL_OPENGLES                (Wanted: OFF): OFF
--   SDL_OPENVR                  (Wanted: OFF): OFF
--   SDL_OSS                     (Wanted: OFF): OFF
--   SDL_PIPEWIRE                (Wanted: ON): OFF
--   SDL_PIPEWIRE_SHARED         (Wanted: ON): OFF
--   SDL_PTHREADS                (Wanted: ON): ON
--   SDL_PTHREADS_SEM            (Wanted: ON): ON
--   SDL_PULSEAUDIO              (Wanted: ON): OFF
--   SDL_PULSEAUDIO_SHARED       (Wanted: ON): OFF
--   SDL_RENDER_D3D              (Wanted: OFF): OFF
--   SDL_RENDER_D3D11            (Wanted: OFF): OFF
--   SDL_RENDER_D3D12            (Wanted: OFF): OFF
--   SDL_RENDER_GPU              (Wanted: ON): ON
--   SDL_RENDER_METAL            (Wanted: OFF): OFF
--   SDL_RENDER_VULKAN           (Wanted: ON): ON
--   SDL_ROCKCHIP                (Wanted: OFF): OFF
--   SDL_RPATH                   (Wanted: ON): ON
--   SDL_RPI                     (Wanted: OFF): OFF
--   SDL_SNDIO                   (Wanted: ON): OFF
--   SDL_SNDIO_SHARED            (Wanted: ON): OFF
--   SDL_SSE                     (Wanted: ON): ON
--   SDL_SSE2                    (Wanted: ON): ON
--   SDL_SSE3                    (Wanted: ON): ON
--   SDL_SSE4_1                  (Wanted: ON): ON
--   SDL_SSE4_2                  (Wanted: ON): ON
--   SDL_SYSTEM_ICONV            (Wanted: ON): ON
--   SDL_TESTS                   (Wanted: OFF): OFF
--   SDL_TESTS_LINK_SHARED       (Wanted: ON): OFF
--   SDL_UNINSTALL               (Wanted: OFF): OFF
--   SDL_VIRTUAL_JOYSTICK        (Wanted: ON): ON
--   SDL_VIVANTE                 (Wanted: OFF): OFF
--   SDL_VULKAN                  (Wanted: ON): ON
--   SDL_WASAPI                  (Wanted: OFF): OFF
--   SDL_WAYLAND                 (Wanted: OFF): OFF
--   SDL_WAYLAND_LIBDECOR        (Wanted: OFF): OFF
--   SDL_WAYLAND_LIBDECOR_SHARED (Wanted: OFF): OFF
--   SDL_WAYLAND_SHARED          (Wanted: OFF): OFF
--   SDL_X11                     (Wanted: ON): ON
--   SDL_X11_SHARED              (Wanted: ON): ON
--   SDL_X11_XCURSOR             (Wanted: ON): ON
--   SDL_X11_XDBE                (Wanted: ON): ON
--   SDL_X11_XFIXES              (Wanted: ON): ON
--   SDL_X11_XINPUT              (Wanted: ON): ON
--   SDL_X11_XRANDR              (Wanted: ON): ON
--   SDL_X11_XSCRNSAVER          (Wanted: ON): ON
--   SDL_X11_XSHAPE              (Wanted: ON): ON
--   SDL_X11_XSYNC               (Wanted: ON): ON
--   SDL_X11_XTEST               (Wanted: ON): ON
--   SDL_XINPUT                  (Wanted: OFF): OFF
--
--  Build Shared Library: ON
--  Build Static Library: OFF
--
-- Enabled backends:
--   Video drivers: dummy offscreen x11(dynamic)
--   X11 libraries: xcursor xdbe xfixes xinput2 xrandr xscrnsaver xshape xsync xtest
--   Render drivers: gpu vulkan
--   GPU drivers: vulkan
--   Audio drivers: alsa(dynamic) disk dummy
--   Joystick drivers: hidapi linux virtual
--   Camera drivers: dummy v4l2
--
-- If something was not detected, although the libraries
-- were installed, then make sure you have set the
-- CMAKE_C_FLAGS and CMAKE_PREFIX_PATH CMake variables correctly.
--
-- SONIC_PORT_DISPATCH_READY source_generation_verified=1 retained_aot_unchanged=1 interpolation_instrumentation=0 exact_source_memo=64
SONIC_LINUX_TITLE_INPUTS files=29 windows_objects=0 analysis=0

-- Configuring done (3.3s)
-- Generating done (2.2s)
-- Build files have been written to: C:/Users/ultim/Desktop/Sonic Adventure Recompiled/build-linux
[0/4] Re-checking globbed directories...
[1/27] Generating generated/movement-contact-bridge/unit-v8C074214-8C075154-1bc56e9d4bd882fb.cpp
SONIC_MOVEMENT_CONTACT_BRIDGE_READY owners=0 public=1
[2/27] Generating generated/movement-contact-bridge/unit-v8C073018-8C073018-457a60bdbd02a56b.cpp
SONIC_MOVEMENT_CONTACT_BRIDGE_READY owners=0 public=1
[3/27] Generating generated/movement-contact-bridge/unit-v8C033122-8C0342E0-7edcb8468a2b4534.cpp
SONIC_MOVEMENT_CONTACT_BRIDGE_READY owners=0 public=1
[4/27] Generating generated/movement-contact-bridge/unit-v8C01995E-8C01AAE0-6cf3d8aa9df0e7a3.cpp
SONIC_MOVEMENT_CONTACT_BRIDGE_READY owners=0 public=1
[5/27] Generating generated/movement-contact/contact-identities.inc, generated/movement-contact/contact-switch.inc, generated/movement-contact/contact-members.inc, generated/movement-contact/contact-epochs.inc, generated/movement-contact/contact-owner_8C073018.inc, generated/movement-contact/contact-owner_8C074214.inc, generated/movement-contact/contact-owner_8C074712.inc, generated/movement-contact/contact-owner_8C074A3C.inc, generated/movement-contact/contact-owner_8C074C30.inc, generated/movement-contact/contact-owner_8C074E24.inc, generated/movement-contact/contact-owner_8C074FAE.inc, generated/movement-contact/contact-owner_8C075100.inc, generated/movement-contact/contact-owner_8C075154.inc, generated/movement-contact/contact-owner_8C075356.inc, generated/movement-contact/contact-owner_8C0755C6.inc, generated/movement-contact/contact-owner_8C0757A0.inc, generated/movement-contact/contact-owner_8C075980.inc, generated/movement-contact/contact-owner_8C075ECC.inc, generated/movement-contact/contact-owner_8C0762E0.inc, generated/movement-contact/contact-owner_8C076580.inc, generated/movement-contact/contact-owner_8C078D80.inc, generated/movement-contact/contact-owner_8C078DF0.inc, generated/movement-contact/contact-owner_8C078F40.inc, generated/movement-contact/contact-owner_8C028BFE.inc, generated/movement-contact/contact-owner_8C0522C0.inc, generated/movement-contact/contact-owner_8C029B00.inc, generated/movement-contact/contact-owner_8C029400.inc, generated/movement-contact/contact-owner_8C027360.inc, generated/movement-contact/contact-owner_8C638E0C.inc, generated/movement-contact/contact-owner_8C638FD0.inc, generated/movement-contact/contact-owner_8C639BB0.inc, generated/movement-contact/contact-owner_8C639AD8.inc, generated/movement-contact/contact-owner_8C639E08.inc, generated/movement-contact/contact-owner_8C639E9C.inc, generated/movement-contact/contact-owner_8C63A10C.inc, generated/movement-contact/contact-owner_8C63A820.inc, generated/movement-contact/contact-owner_8C63A69C.inc, generated/movement-contact/contact-owner_8C63A88C.inc, generated/movement-contact/contact-owner_8C63A904.inc, generated/movement-contact/contact-owner_8C63FFC0.inc, generated/movement-contact/contact-owner_8C640068.inc, generated/movement-contact/contact-owner_8C10CD1C.inc, generated/movement-contact/contact-owner_8C10CF48.inc, generated/movement-contact/contact-owner_8C10CF98.inc, generated/movement-contact/contact-owner_8C10CFE8.inc, generated/movement-contact/contact-owner_8C10D038.inc, generated/movement-contact/contact-owner_8C10E4D0.inc, generated/movement-contact/contact-owner_8C10E4EC.inc, generated/movement-contact/contact-owner_8C10E5E0.inc, generated/movement-contact/contact-owner_8C10E6F8.inc, generated/movement-contact/contact-owner_8C10EEC4.inc, generated/movement-contact/contact-owner_8C10FAD4.inc, generated/movement-contact/contact-owner_8C10FAF8.inc, generated/movement-contact/contact-owner_8C638DEC.inc, generated/movement-contact/contact-owner_8C638E68.inc, generated/movement-contact/contact-owner_8C638ED4.inc, generated/movement-contact/contact-owner_8C638FF0.inc, generated/movement-contact/contact-owner_8C639A90.inc, generated/movement-contact/contact-owner_8C63A5DC.inc, generated/movement-contact/contact-owner_8C63A7B8.inc, generated/movement-contact/contact-owner_8C63A8B0.inc, generated/movement-contact/contact-owner_8C63A91C.inc, generated/movement-contact/contact-owner_8C6400AC.inc, generated/movement-contact/contact-owner_8C64F32C.inc, generated/movement-contact/contact-owner_8C650554.inc, generated/movement-contact/contact-owner_8C0342E0.inc, generated/movement-contact/contact-owner_8C02F81A.inc, generated/movement-contact/contact-owner_8C033F00.inc, generated/movement-contact/contact-owner_8C034250.inc, generated/movement-contact/contact-owner_8C03415E.inc, generated/movement-contact/contact-owner_8C033800.inc, generated/movement-contact/contact-owner_8C033A10.inc, generated/movement-contact/contact-owner_8C033CDC.inc, generated/movement-contact/contact-owner_8C0335D4.inc, generated/movement-contact/contact-owner_8C033DAE.inc, generated/movement-contact/contact-owner_8C0332A0.inc, generated/movement-contact/contact-owner_8C030F20.inc, generated/movement-contact/contact-owner_8C030540.inc, generated/movement-contact/contact-owner_8C0315C0.inc, generated/movement-contact/contact-owner_8C031726.inc, generated/movement-contact/contact-owner_8C031B88.inc, generated/movement-contact/contact-owner_8C030634.inc, generated/movement-contact/contact-owner_8C03357A.inc, generated/movement-contact/contact-owner_8C02FF7E.inc, generated/movement-contact/contact-owner_8C0301A0.inc, generated/movement-contact/contact-owner_8C0309E0.inc, generated/movement-contact/contact-owner_8C032406.inc, generated/movement-contact/contact-owner_8C031F88.inc, generated/movement-contact/contact-owner_8C033122.inc, generated/movement-contact/contact-owner_8C032D98.inc, generated/movement-contact/contact-owner_8C031D00.inc, generated/movement-contact/contact-owner_8C02F8A0.inc, generated/movement-contact/contact-owner_8C02FA20.inc, generated/movement-contact/contact-owner_8C63FEC4.inc, generated/movement-contact/contact-owner_8C02F27C.inc, generated/movement-contact/contact-owner_8C030850.inc, generated/movement-contact/contact-owner_8C02FC12.inc, generated/movement-contact/contact-owner_8C02FD32.inc, generated/movement-contact/contact-owner_8C02FB3A.inc, generated/movement-contact/contact-owner_8C031A84.inc, generated/movement-contact/contact-owner_8C02FE5C.inc, generated/movement-contact/contact-owner_8C03339E.inc, generated/movement-contact/contact-owner_8C02FF60.inc, generated/movement-contact/contact-owner_8C63A724.inc, generated/movement-contact/contact-owner_8C63A934.inc, generated/movement-contact/contact-owner_8C0318C0.inc, generated/movement-contact/contact-owner_8C03431C.inc, generated/movement-contact/contact-owner_8C031B20.inc, generated/movement-contact/contact-owner_8C02E980.inc, generated/movement-contact/contact-owner_8C02F0A0.inc, generated/movement-contact/contact-owner_8C02E886.inc, generated/movement-contact/contact-owner_8C02EBCE.inc, generated/movement-contact/contact-owner_8C02EC92.inc, generated/movement-contact/contact-owner_8C02EAD2.inc, generated/movement-contact/contact-owner_8C02E8DA.inc, generated/movement-contact/contact-owner_8C02EE9E.inc, generated/movement-contact/contact-owner_8C63A744.inc, generated/movement-contact/contact-owner_8C02E820.inc, generated/movement-contact/contact-owner_8C019F4A.inc, generated/movement-contact/contact-owner_8C020D60.inc, generated/movement-contact/contact-owner_8C02535E.inc, generated/movement-contact/contact-owner_8C01A680.inc, generated/movement-contact/contact-owner_8C01B308.inc, generated/movement-contact/contact-owner_8C01A60C.inc, generated/movement-contact/contact-owner_8C01DC36.inc, generated/movement-contact/contact-owner_8C01A718.inc, generated/movement-contact/contact-owner_8C023360.inc, generated/movement-contact/contact-owner_8C01B3E0.inc, generated/movement-contact/contact-owner_8C01B782.inc, generated/movement-contact/contact-owner_8C01B684.inc, generated/movement-contact/contact-owner_8C01DDE0.inc, generated/movement-contact/contact-owner_8C01E32A.inc, generated/movement-contact/contact-owner_8C01BD3C.inc, generated/movement-contact/contact-owner_8C025620.inc, generated/movement-contact/contact-owner_8C025482.inc, generated/movement-contact/contact-owner_8C025880.inc, generated/movement-contact/contact-owner_8C025524.inc, generated/movement-contact/contact-owner_8C01B406.inc, generated/movement-contact/contact-owner_8C01E508.inc, generated/movement-contact/contact-owner_8C025790.inc, generated/movement-contact/contact-owner_8C0258F2.inc, generated/movement-contact/contact-owner_8C63A8F8.inc, generated/movement-contact/contact-owner_8C022802.inc, generated/movement-contact/contact-owner_8C01B40E.inc, generated/movement-contact/contact-owner_8C01C28E.inc, generated/movement-contact/contact-owner_8C01B37A.inc, generated/movement-contact/contact-owner_8C01B900.inc, generated/movement-contact/contact-owner_8C01B84E.inc, generated/movement-contact/contact-owner_8C01BBA0.inc, generated/movement-contact/contact-owner_8C63FDEC.inc, generated/movement-contact/contact-owner_8C01B818.inc
SONIC_MOVEMENT_CONTACT_READY owners=147 instructions=23103
[6/27] Building CXX object CMakeFiles/sonic_linux_title.dir/src/native_title_adapter.cpp.o
In file included from C:/Users/ultim/Desktop/Sonic Adventure Recompiled/src/native_title_adapter.cpp:22:
C:/Users/ultim/Desktop/Sonic Adventure Recompiled/src/sonic_qsound_reverb_medium.hpp:329:21: warning: result of comparison of constant 1152921504606846975 with expression of type 'const std::uint32_t' (aka 'const unsigned int') is always false [-Wtautological-constant-out-of-range-compare]
  329 |         frame_count >
      |         ~~~~~~~~~~~ ^
  330 |             std::numeric_limits<std::size_t>::max() / effect_bus_count)
      |             ~~~~~~~~~~~~~~~~~~~~~~~~~~~~~~~~~~~~~~~~~~~~~~~~~~~~~~~~~~
In file included from C:/Users/ultim/Desktop/Sonic Adventure Recompiled/src/native_title_adapter.cpp:35:
C:/Users/ultim/Desktop/Sonic Adventure Recompiled/src/sonic_camera.hpp:15:50: warning: 'sonic_recompiled_camera_publish' has C-linkage specified, but returns user-defined type 'katana::runtime::NativePortHookResult' which is incompatible with C [-Wreturn-type-c-linkage]
   15 | extern "C" katana::runtime::NativePortHookResult sonic_recompiled_camera_publish(
      |                                                  ^
C:/Users/ultim/Desktop/Sonic Adventure Recompiled/src/sonic_camera.hpp:17:50: warning: 'sonic_recompiled_camera_original_step' has C-linkage specified, but returns user-defined type 'katana::runtime::NativePortHookResult' which is incompatible with C [-Wreturn-type-c-linkage]
   17 | extern "C" katana::runtime::NativePortHookResult sonic_recompiled_camera_original_step(
      |                                                  ^
C:/Users/ultim/Desktop/Sonic Adventure Recompiled/src/native_title_adapter.cpp:21901:1: warning: 'sonic_native_sixty_frame_cadence' has C-linkage specified, but returns user-defined type 'katana::runtime::NativePortHookResult' which is incompatible with C [-Wreturn-type-c-linkage]
 21901 | sonic_native_sixty_frame_cadence(katana::runtime::NativePortContext& context) noexcept {
       | ^
C:/Users/ultim/Desktop/Sonic Adventure Recompiled/src/native_title_adapter.cpp:21943:1: warning: 'sonic_native_rumble_capability' has C-linkage specified, but returns user-defined type 'katana::runtime::NativePortHookResult' which is incompatible with C [-Wreturn-type-c-linkage]
 21943 | sonic_native_rumble_capability(katana::runtime::NativePortContext& context) noexcept {
       | ^
C:/Users/ultim/Desktop/Sonic Adventure Recompiled/src/native_title_adapter.cpp:21949:1: warning: 'sonic_native_rumble_configure' has C-linkage specified, but returns user-defined type 'katana::runtime::NativePortHookResult' which is incompatible with C [-Wreturn-type-c-linkage]
 21949 | sonic_native_rumble_configure(katana::runtime::NativePortContext& context) noexcept {
       | ^
C:/Users/ultim/Desktop/Sonic Adventure Recompiled/src/native_title_adapter.cpp:21955:1: warning: 'sonic_native_rumble_request' has C-linkage specified, but returns user-defined type 'katana::runtime::NativePortHookResult' which is incompatible with C [-Wreturn-type-c-linkage]
 21955 | sonic_native_rumble_request(katana::runtime::NativePortContext& context) noexcept {
       | ^
C:/Users/ultim/Desktop/Sonic Adventure Recompiled/src/native_title_adapter.cpp:21967:1: warning: 'sonic_native_rumble_stop' has C-linkage specified, but returns user-defined type 'katana::runtime::NativePortHookResult' which is incompatible with C [-Wreturn-type-c-linkage]
 21967 | sonic_native_rumble_stop(katana::runtime::NativePortContext& context) noexcept {
       | ^
C:/Users/ultim/Desktop/Sonic Adventure Recompiled/src/native_title_adapter.cpp:21974:1: warning: 'sonic_native_private_stage_tuple_override' has C-linkage specified, but returns user-defined type 'katana::runtime::NativePortHookResult' which is incompatible with C [-Wreturn-type-c-linkage]
 21974 | sonic_native_private_stage_tuple_override(
       | ^
C:/Users/ultim/Desktop/Sonic Adventure Recompiled/src/native_title_adapter.cpp:21980:1: warning: 'sonic_native_character_task_update_entry_observe' has C-linkage specified, but returns user-defined type 'katana::runtime::NativePortHookResult' which is incompatible with C [-Wreturn-type-c-linkage]
 21980 | sonic_native_character_task_update_entry_observe(
       | ^
C:/Users/ultim/Desktop/Sonic Adventure Recompiled/src/native_title_adapter.cpp:21988:1: warning: 'sonic_native_character_task_update_exit_observe' has C-linkage specified, but returns user-defined type 'katana::runtime::NativePortHookResult' which is incompatible with C [-Wreturn-type-c-linkage]
 21988 | sonic_native_character_task_update_exit_observe(
       | ^
C:/Users/ultim/Desktop/Sonic Adventure Recompiled/src/native_title_adapter.cpp:21996:1: warning: 'sonic_native_character_task_display_entry_observe' has C-linkage specified, but returns user-defined type 'katana::runtime::NativePortHookResult' which is incompatible with C [-Wreturn-type-c-linkage]
 21996 | sonic_native_character_task_display_entry_observe(
       | ^
C:/Users/ultim/Desktop/Sonic Adventure Recompiled/src/native_title_adapter.cpp:22004:1: warning: 'sonic_native_character_task_display_exit_observe' has C-linkage specified, but returns user-defined type 'katana::runtime::NativePortHookResult' which is incompatible with C [-Wreturn-type-c-linkage]
 22004 | sonic_native_character_task_display_exit_observe(
       | ^
C:/Users/ultim/Desktop/Sonic Adventure Recompiled/src/native_title_adapter.cpp:22012:1: warning: 'sonic_native_input_consumer_8c04d5f0' has C-linkage specified, but returns user-defined type 'katana::runtime::NativePortHookResult' which is incompatible with C [-Wreturn-type-c-linkage]
 22012 | sonic_native_input_consumer_8c04d5f0(
       | ^
C:/Users/ultim/Desktop/Sonic Adventure Recompiled/src/native_title_adapter.cpp:22022:1: warning: 'sonic_native_input_consumer_8c04e19e' has C-linkage specified, but returns user-defined type 'katana::runtime::NativePortHookResult' which is incompatible with C [-Wreturn-type-c-linkage]
 22022 | sonic_native_input_consumer_8c04e19e(
       | ^
C:/Users/ultim/Desktop/Sonic Adventure Recompiled/src/native_title_adapter.cpp:22032:1: warning: 'sonic_native_input_consumer_8c04ebf2' has C-linkage specified, but returns user-defined type 'katana::runtime::NativePortHookResult' which is incompatible with C [-Wreturn-type-c-linkage]
 22032 | sonic_native_input_consumer_8c04ebf2(
       | ^
C:/Users/ultim/Desktop/Sonic Adventure Recompiled/src/native_title_adapter.cpp:22042:1: warning: 'sonic_native_input_consumer_8c04ec20' has C-linkage specified, but returns user-defined type 'katana::runtime::NativePortHookResult' which is incompatible with C [-Wreturn-type-c-linkage]
 22042 | sonic_native_input_consumer_8c04ec20(
       | ^
C:/Users/ultim/Desktop/Sonic Adventure Recompiled/src/native_title_adapter.cpp:22052:1: warning: 'sonic_native_input_consumer_8c0a1258' has C-linkage specified, but returns user-defined type 'katana::runtime::NativePortHookResult' which is incompatible with C [-Wreturn-type-c-linkage]
 22052 | sonic_native_input_consumer_8c0a1258(
       | ^
C:/Users/ultim/Desktop/Sonic Adventure Recompiled/src/native_title_adapter.cpp:22062:1: warning: 'sonic_native_input_consumer_8c0a6264' has C-linkage specified, but returns user-defined type 'katana::runtime::NativePortHookResult' which is incompatible with C [-Wreturn-type-c-linkage]
 22062 | sonic_native_input_consumer_8c0a6264(
       | ^
C:/Users/ultim/Desktop/Sonic Adventure Recompiled/src/native_title_adapter.cpp:22072:1: warning: 'sonic_native_input_consumer_8c0a6388' has C-linkage specified, but returns user-defined type 'katana::runtime::NativePortHookResult' which is incompatible with C [-Wreturn-type-c-linkage]
 22072 | sonic_native_input_consumer_8c0a6388(
       | ^
C:/Users/ultim/Desktop/Sonic Adventure Recompiled/src/native_title_adapter.cpp:22082:1: warning: 'sonic_native_operand_cache_invalidate_range' has C-linkage specified, but returns user-defined type 'katana::runtime::NativePortHookResult' which is incompatible with C [-Wreturn-type-c-linkage]
 22082 | sonic_native_operand_cache_invalidate_range(
       | ^
C:/Users/ultim/Desktop/Sonic Adventure Recompiled/src/native_title_adapter.cpp:22091:1: warning: 'sonic_native_operand_cache_purge_range' has C-linkage specified, but returns user-defined type 'katana::runtime::NativePortHookResult' which is incompatible with C [-Wreturn-type-c-linkage]
 22091 | sonic_native_operand_cache_purge_range(
       | ^
C:/Users/ultim/Desktop/Sonic Adventure Recompiled/src/native_title_adapter.cpp:22100:1: warning: 'sonic_native_operand_cache_writeback_range' has C-linkage specified, but returns user-defined type 'katana::runtime::NativePortHookResult' which is incompatible with C [-Wreturn-type-c-linkage]
 22100 | sonic_native_operand_cache_writeback_range(
       | ^
C:/Users/ultim/Desktop/Sonic Adventure Recompiled/src/native_title_adapter.cpp:22109:1: warning: 'sonic_native_operand_cache_invalidate_all' has C-linkage specified, but returns user-defined type 'katana::runtime::NativePortHookResult' which is incompatible with C [-Wreturn-type-c-linkage]
 22109 | sonic_native_operand_cache_invalidate_all(
       | ^
C:/Users/ultim/Desktop/Sonic Adventure Recompiled/src/native_title_adapter.cpp:22118:1: warning: 'sonic_native_ninja_border_color' has C-linkage specified, but returns user-defined type 'katana::runtime::NativePortHookResult' which is incompatible with C [-Wreturn-type-c-linkage]
 22118 | sonic_native_ninja_border_color(
       | ^
C:/Users/ultim/Desktop/Sonic Adventure Recompiled/src/native_title_adapter.cpp:22140:1: warning: 'sonic_native_ninja_fog_table_color' has C-linkage specified, but returns user-defined type 'katana::runtime::NativePortHookResult' which is incompatible with C [-Wreturn-type-c-linkage]
 22140 | sonic_native_ninja_fog_table_color(
       | ^
C:/Users/ultim/Desktop/Sonic Adventure Recompiled/src/native_title_adapter.cpp:22156:1: warning: 'sonic_native_ninja_fog_density' has C-linkage specified, but returns user-defined type 'katana::runtime::NativePortHookResult' which is incompatible with C [-Wreturn-type-c-linkage]
 22156 | sonic_native_ninja_fog_density(
       | ^
C:/Users/ultim/Desktop/Sonic Adventure Recompiled/src/native_title_adapter.cpp:22214:1: warning: 'sonic_native_ninja_fog_table' has C-linkage specified, but returns user-defined type 'katana::runtime::NativePortHookResult' which is incompatible with C [-Wreturn-type-c-linkage]
 22214 | sonic_native_ninja_fog_table(
       | ^
C:/Users/ultim/Desktop/Sonic Adventure Recompiled/src/native_title_adapter.cpp:22258:1: warning: 'sonic_native_ninja_fog_table_color_direct' has C-linkage specified, but returns user-defined type 'katana::runtime::NativePortHookResult' which is incompatible with C [-Wreturn-type-c-linkage]
 22258 | sonic_native_ninja_fog_table_color_direct(
       | ^
C:/Users/ultim/Desktop/Sonic Adventure Recompiled/src/native_title_adapter.cpp:22273:1: warning: 'sonic_native_ninja_fog_vertex_color_direct' has C-linkage specified, but returns user-defined type 'katana::runtime::NativePortHookResult' which is incompatible with C [-Wreturn-type-c-linkage]
 22273 | sonic_native_ninja_fog_vertex_color_direct(
       | ^
C:/Users/ultim/Desktop/Sonic Adventure Recompiled/src/native_title_adapter.cpp:22288:1: warning: 'sonic_native_ninja_fog_table_direct' has C-linkage specified, but returns user-defined type 'katana::runtime::NativePortHookResult' which is incompatible with C [-Wreturn-type-c-linkage]
 22288 | sonic_native_ninja_fog_table_direct(
       | ^
C:/Users/ultim/Desktop/Sonic Adventure Recompiled/src/native_title_adapter.cpp:22294:1: warning: 'sonic_native_ninja_fog_density_direct' has C-linkage specified, but returns user-defined type 'katana::runtime::NativePortHookResult' which is incompatible with C [-Wreturn-type-c-linkage]
 22294 | sonic_native_ninja_fog_density_direct(
       | ^
C:/Users/ultim/Desktop/Sonic Adventure Recompiled/src/native_title_adapter.cpp:22300:1: warning: 'sonic_native_ninja_cull_value' has C-linkage specified, but returns user-defined type 'katana::runtime::NativePortHookResult' which is incompatible with C [-Wreturn-type-c-linkage]
 22300 | sonic_native_ninja_cull_value(
       | ^
C:/Users/ultim/Desktop/Sonic Adventure Recompiled/src/native_title_adapter.cpp:22498:1: warning: 'sonic_native_transfer_ring_initialize' has C-linkage specified, but returns user-defined type 'katana::runtime::NativePortHookResult' which is incompatible with C [-Wreturn-type-c-linkage]
 22498 | sonic_native_transfer_ring_initialize(
       | ^
C:/Users/ultim/Desktop/Sonic Adventure Recompiled/src/native_title_adapter.cpp:22578:1: warning: 'sonic_native_transfer_ring_reset' has C-linkage specified, but returns user-defined type 'katana::runtime::NativePortHookResult' which is incompatible with C [-Wreturn-type-c-linkage]
 22578 | sonic_native_transfer_ring_reset(
       | ^
C:/Users/ultim/Desktop/Sonic Adventure Recompiled/src/native_title_adapter.cpp:22633:1: warning: 'sonic_native_transfer_ring_submit' has C-linkage specified, but returns user-defined type 'katana::runtime::NativePortHookResult' which is incompatible with C [-Wreturn-type-c-linkage]
 22633 | sonic_native_transfer_ring_submit(
       | ^
C:/Users/ultim/Desktop/Sonic Adventure Recompiled/src/native_title_adapter.cpp:22761:1: warning: 'sonic_native_transfer_ring_drain' has C-linkage specified, but returns user-defined type 'katana::runtime::NativePortHookResult' which is incompatible with C [-Wreturn-type-c-linkage]
 22761 | sonic_native_transfer_ring_drain(
       | ^
C:/Users/ultim/Desktop/Sonic Adventure Recompiled/src/native_title_adapter.cpp:22927:1: warning: 'sonic_native_transfer_resume_all' has C-linkage specified, but returns user-defined type 'katana::runtime::NativePortHookResult' which is incompatible with C [-Wreturn-type-c-linkage]
 22927 | sonic_native_transfer_resume_all(
       | ^
C:/Users/ultim/Desktop/Sonic Adventure Recompiled/src/native_title_adapter.cpp:22933:1: warning: 'sonic_native_transfer_suspend_all' has C-linkage specified, but returns user-defined type 'katana::runtime::NativePortHookResult' which is incompatible with C [-Wreturn-type-c-linkage]
 22933 | sonic_native_transfer_suspend_all(
       | ^
C:/Users/ultim/Desktop/Sonic Adventure Recompiled/src/native_title_adapter.cpp:22982:1: warning: 'sonic_native_transfer_fifo_ready_raw' has C-linkage specified, but returns user-defined type 'katana::runtime::NativePortHookResult' which is incompatible with C [-Wreturn-type-c-linkage]
 22982 | sonic_native_transfer_fifo_ready_raw(
       | ^
C:/Users/ultim/Desktop/Sonic Adventure Recompiled/src/native_title_adapter.cpp:22988:1: warning: 'sonic_native_transfer_audio_fifo_ready' has C-linkage specified, but returns user-defined type 'katana::runtime::NativePortHookResult' which is incompatible with C [-Wreturn-type-c-linkage]
 22988 | sonic_native_transfer_audio_fifo_ready(
       | ^
C:/Users/ultim/Desktop/Sonic Adventure Recompiled/src/native_title_adapter.cpp:22994:1: warning: 'sonic_native_transfer_fifo_ready' has C-linkage specified, but returns user-defined type 'katana::runtime::NativePortHookResult' which is incompatible with C [-Wreturn-type-c-linkage]
 22994 | sonic_native_transfer_fifo_ready(
       | ^
C:/Users/ultim/Desktop/Sonic Adventure Recompiled/src/native_title_adapter.cpp:23416:1: warning: 'sonic_native_audio_foundation_initialize' has C-linkage specified, but returns user-defined type 'katana::runtime::NativePortHookResult' which is incompatible with C [-Wreturn-type-c-linkage]
 23416 | sonic_native_audio_foundation_initialize(
       | ^
C:/Users/ultim/Desktop/Sonic Adventure Recompiled/src/native_title_adapter.cpp:23461:1: warning: 'sonic_native_audio_foundation_shutdown' has C-linkage specified, but returns user-defined type 'katana::runtime::NativePortHookResult' which is incompatible with C [-Wreturn-type-c-linkage]
 23461 | sonic_native_audio_foundation_shutdown(
       | ^
C:/Users/ultim/Desktop/Sonic Adventure Recompiled/src/native_title_adapter.cpp:23491:1: warning: 'sonic_native_sound_driver_initialize' has C-linkage specified, but returns user-defined type 'katana::runtime::NativePortHookResult' which is incompatible with C [-Wreturn-type-c-linkage]
 23491 | sonic_native_sound_driver_initialize(
       | ^
C:/Users/ultim/Desktop/Sonic Adventure Recompiled/src/native_title_adapter.cpp:23518:1: warning: 'sonic_native_sound_output_mode_initialize' has C-linkage specified, but returns user-defined type 'katana::runtime::NativePortHookResult' which is incompatible with C [-Wreturn-type-c-linkage]
 23518 | sonic_native_sound_output_mode_initialize(
       | ^
C:/Users/ultim/Desktop/Sonic Adventure Recompiled/src/native_title_adapter.cpp:23550:1: warning: 'sonic_native_sound_port_table_initialize' has C-linkage specified, but returns user-defined type 'katana::runtime::NativePortHookResult' which is incompatible with C [-Wreturn-type-c-linkage]
 23550 | sonic_native_sound_port_table_initialize(
       | ^
C:/Users/ultim/Desktop/Sonic Adventure Recompiled/src/native_title_adapter.cpp:23576:1: warning: 'sonic_native_audio_defaults' has C-linkage specified, but returns user-defined type 'katana::runtime::NativePortHookResult' which is incompatible with C [-Wreturn-type-c-linkage]
 23576 | sonic_native_audio_defaults(
       | ^
C:/Users/ultim/Desktop/Sonic Adventure Recompiled/src/native_title_adapter.cpp:23616:1: warning: 'sonic_native_audio_service' has C-linkage specified, but returns user-defined type 'katana::runtime::NativePortHookResult' which is incompatible with C [-Wreturn-type-c-linkage]
 23616 | sonic_native_audio_service(
       | ^
C:/Users/ultim/Desktop/Sonic Adventure Recompiled/src/native_title_adapter.cpp:23655:1: warning: 'sonic_native_sound_frame_service' has C-linkage specified, but returns user-defined type 'katana::runtime::NativePortHookResult' which is incompatible with C [-Wreturn-type-c-linkage]
 23655 | sonic_native_sound_frame_service(
       | ^
C:/Users/ultim/Desktop/Sonic Adventure Recompiled/src/native_title_adapter.cpp:24164:1: warning: 'sonic_native_sound_collection_load' has C-linkage specified, but returns user-defined type 'katana::runtime::NativePortHookResult' which is incompatible with C [-Wreturn-type-c-linkage]
 24164 | sonic_native_sound_collection_load(
       | ^
C:/Users/ultim/Desktop/Sonic Adventure Recompiled/src/native_title_adapter.cpp:24189:1: warning: 'sonic_native_adxt_start_file' has C-linkage specified, but returns user-defined type 'katana::runtime::NativePortHookResult' which is incompatible with C [-Wreturn-type-c-linkage]
 24189 | sonic_native_adxt_start_file(
       | ^
C:/Users/ultim/Desktop/Sonic Adventure Recompiled/src/native_title_adapter.cpp:24359:1: warning: 'sonic_native_adxt_start_afs' has C-linkage specified, but returns user-defined type 'katana::runtime::NativePortHookResult' which is incompatible with C [-Wreturn-type-c-linkage]
 24359 | sonic_native_adxt_start_afs(
       | ^
C:/Users/ultim/Desktop/Sonic Adventure Recompiled/src/native_title_adapter.cpp:24502:50: warning: 'sonic_native_adxt_status' has C-linkage specified, but returns user-defined type 'katana::runtime::NativePortHookResult' which is incompatible with C [-Wreturn-type-c-linkage]
 24502 | extern "C" katana::runtime::NativePortHookResult sonic_native_adxt_status(
       |                                                  ^
C:/Users/ultim/Desktop/Sonic Adventure Recompiled/src/native_title_adapter.cpp:24533:50: warning: 'sonic_native_adxt_time' has C-linkage specified, but returns user-defined type 'katana::runtime::NativePortHookResult' which is incompatible with C [-Wreturn-type-c-linkage]
 24533 | extern "C" katana::runtime::NativePortHookResult sonic_native_adxt_time(
       |                                                  ^
C:/Users/ultim/Desktop/Sonic Adventure Recompiled/src/native_title_adapter.cpp:24605:50: warning: 'sonic_native_adxt_stop' has C-linkage specified, but returns user-defined type 'katana::runtime::NativePortHookResult' which is incompatible with C [-Wreturn-type-c-linkage]
 24605 | extern "C" katana::runtime::NativePortHookResult sonic_native_adxt_stop(
       |                                                  ^
C:/Users/ultim/Desktop/Sonic Adventure Recompiled/src/native_title_adapter.cpp:24658:50: warning: 'sonic_native_adxt_destroy' has C-linkage specified, but returns user-defined type 'katana::runtime::NativePortHookResult' which is incompatible with C [-Wreturn-type-c-linkage]
 24658 | extern "C" katana::runtime::NativePortHookResult sonic_native_adxt_destroy(
       |                                                  ^
C:/Users/ultim/Desktop/Sonic Adventure Recompiled/src/native_title_adapter.cpp:24734:1: warning: 'sonic_native_adxt_output_volume' has C-linkage specified, but returns user-defined type 'katana::runtime::NativePortHookResult' which is incompatible with C [-Wreturn-type-c-linkage]
 24734 | sonic_native_adxt_output_volume(
       | ^
C:/Users/ultim/Desktop/Sonic Adventure Recompiled/src/native_title_adapter.cpp:25082:1: warning: 'sonic_native_sound_bank_chunk_register' has C-linkage specified, but returns user-defined type 'katana::runtime::NativePortHookResult' which is incompatible with C [-Wreturn-type-c-linkage]
 25082 | sonic_native_sound_bank_chunk_register(
       | ^
C:/Users/ultim/Desktop/Sonic Adventure Recompiled/src/native_title_adapter.cpp:25257:1: warning: 'sonic_native_midi_initialize' has C-linkage specified, but returns user-defined type 'katana::runtime::NativePortHookResult' which is incompatible with C [-Wreturn-type-c-linkage]
 25257 | sonic_native_midi_initialize(
       | ^
C:/Users/ultim/Desktop/Sonic Adventure Recompiled/src/native_title_adapter.cpp:25281:50: warning: 'sonic_native_midi_volume' has C-linkage specified, but returns user-defined type 'katana::runtime::NativePortHookResult' which is incompatible with C [-Wreturn-type-c-linkage]
 25281 | extern "C" katana::runtime::NativePortHookResult sonic_native_midi_volume(
       |                                                  ^
C:/Users/ultim/Desktop/Sonic Adventure Recompiled/src/native_title_adapter.cpp:25302:50: warning: 'sonic_native_midi_pan' has C-linkage specified, but returns user-defined type 'katana::runtime::NativePortHookResult' which is incompatible with C [-Wreturn-type-c-linkage]
 25302 | extern "C" katana::runtime::NativePortHookResult sonic_native_midi_pan(
       |                                                  ^
C:/Users/ultim/Desktop/Sonic Adventure Recompiled/src/native_title_adapter.cpp:25330:50: warning: 'sonic_native_midi_pitch' has C-linkage specified, but returns user-defined type 'katana::runtime::NativePortHookResult' which is incompatible with C [-Wreturn-type-c-linkage]
 25330 | extern "C" katana::runtime::NativePortHookResult sonic_native_midi_pitch(
       |                                                  ^
C:/Users/ultim/Desktop/Sonic Adventure Recompiled/src/native_title_adapter.cpp:25355:50: warning: 'sonic_native_midi_note_on' has C-linkage specified, but returns user-defined type 'katana::runtime::NativePortHookResult' which is incompatible with C [-Wreturn-type-c-linkage]
 25355 | extern "C" katana::runtime::NativePortHookResult sonic_native_midi_note_on(
       |                                                  ^
C:/Users/ultim/Desktop/Sonic Adventure Recompiled/src/native_title_adapter.cpp:25377:50: warning: 'sonic_native_midi_note_off' has C-linkage specified, but returns user-defined type 'katana::runtime::NativePortHookResult' which is incompatible with C [-Wreturn-type-c-linkage]
 25377 | extern "C" katana::runtime::NativePortHookResult sonic_native_midi_note_off(
       |                                                  ^
C:/Users/ultim/Desktop/Sonic Adventure Recompiled/src/native_title_adapter.cpp:25488:50: warning: 'sonic_native_sound_play' has C-linkage specified, but returns user-defined type 'katana::runtime::NativePortHookResult' which is incompatible with C [-Wreturn-type-c-linkage]
 25488 | extern "C" katana::runtime::NativePortHookResult sonic_native_sound_play(
       |                                                  ^
C:/Users/ultim/Desktop/Sonic Adventure Recompiled/src/native_title_adapter.cpp:25698:50: warning: 'sonic_native_sound_stop' has C-linkage specified, but returns user-defined type 'katana::runtime::NativePortHookResult' which is incompatible with C [-Wreturn-type-c-linkage]
 25698 | extern "C" katana::runtime::NativePortHookResult sonic_native_sound_stop(
       |                                                  ^
C:/Users/ultim/Desktop/Sonic Adventure Recompiled/src/native_title_adapter.cpp:25732:50: warning: 'sonic_native_sound_volume' has C-linkage specified, but returns user-defined type 'katana::runtime::NativePortHookResult' which is incompatible with C [-Wreturn-type-c-linkage]
 25732 | extern "C" katana::runtime::NativePortHookResult sonic_native_sound_volume(
       |                                                  ^
C:/Users/ultim/Desktop/Sonic Adventure Recompiled/src/native_title_adapter.cpp:25771:50: warning: 'sonic_native_sound_pan' has C-linkage specified, but returns user-defined type 'katana::runtime::NativePortHookResult' which is incompatible with C [-Wreturn-type-c-linkage]
 25771 | extern "C" katana::runtime::NativePortHookResult sonic_native_sound_pan(
       |                                                  ^
C:/Users/ultim/Desktop/Sonic Adventure Recompiled/src/native_title_adapter.cpp:25805:50: warning: 'sonic_native_sound_pitch' has C-linkage specified, but returns user-defined type 'katana::runtime::NativePortHookResult' which is incompatible with C [-Wreturn-type-c-linkage]
 25805 | extern "C" katana::runtime::NativePortHookResult sonic_native_sound_pitch(
       |                                                  ^
C:/Users/ultim/Desktop/Sonic Adventure Recompiled/src/native_title_adapter.cpp:25836:1: warning: 'sonic_native_sound_close_sequence_ports' has C-linkage specified, but returns user-defined type 'katana::runtime::NativePortHookResult' which is incompatible with C [-Wreturn-type-c-linkage]
 25836 | sonic_native_sound_close_sequence_ports(
       | ^
C:/Users/ultim/Desktop/Sonic Adventure Recompiled/src/native_title_adapter.cpp:25870:1: warning: 'sonic_native_audio_control_transaction' has C-linkage specified, but returns user-defined type 'katana::runtime::NativePortHookResult' which is incompatible with C [-Wreturn-type-c-linkage]
 25870 | sonic_native_audio_control_transaction(
       | ^
C:/Users/ultim/Desktop/Sonic Adventure Recompiled/src/native_title_adapter.cpp:25963:1: warning: 'sonic_native_audio_output_control' has C-linkage specified, but returns user-defined type 'katana::runtime::NativePortHookResult' which is incompatible with C [-Wreturn-type-c-linkage]
 25963 | sonic_native_audio_output_control(
       | ^
C:/Users/ultim/Desktop/Sonic Adventure Recompiled/src/native_title_adapter.cpp:26054:1: warning: 'sonic_native_audio_processor_stop' has C-linkage specified, but returns user-defined type 'katana::runtime::NativePortHookResult' which is incompatible with C [-Wreturn-type-c-linkage]
 26054 | sonic_native_audio_processor_stop(
       | ^
C:/Users/ultim/Desktop/Sonic Adventure Recompiled/src/native_title_adapter.cpp:26060:1: warning: 'sonic_native_audio_processor_start' has C-linkage specified, but returns user-defined type 'katana::runtime::NativePortHookResult' which is incompatible with C [-Wreturn-type-c-linkage]
 26060 | sonic_native_audio_processor_start(
       | ^
C:/Users/ultim/Desktop/Sonic Adventure Recompiled/src/native_title_adapter.cpp:26066:1: warning: 'sonic_native_video_mode_apply' has C-linkage specified, but returns user-defined type 'katana::runtime::NativePortHookResult' which is incompatible with C [-Wreturn-type-c-linkage]
 26066 | sonic_native_video_mode_apply(
       | ^
C:/Users/ultim/Desktop/Sonic Adventure Recompiled/src/native_title_adapter.cpp:26203:1: warning: 'sonic_native_video_mode_60hz' has C-linkage specified, but returns user-defined type 'katana::runtime::NativePortHookResult' which is incompatible with C [-Wreturn-type-c-linkage]
 26203 | sonic_native_video_mode_60hz(
       | ^
C:/Users/ultim/Desktop/Sonic Adventure Recompiled/src/native_title_adapter.cpp:26253:1: warning: 'sonic_native_video_output_commit' has C-linkage specified, but returns user-defined type 'katana::runtime::NativePortHookResult' which is incompatible with C [-Wreturn-type-c-linkage]
 26253 | sonic_native_video_output_commit(
       | ^
C:/Users/ultim/Desktop/Sonic Adventure Recompiled/src/native_title_adapter.cpp:26324:5: warning: 'sonic_native_video_scanout_r_sof1_a' has C-linkage specified, but returns user-defined type 'katana::runtime::NativePortHookResult' which is incompatible with C [-Wreturn-type-c-linkage]
 26324 |     sonic_native_video_scanout_r_sof1_a, 0x50u, 0x8C641C2Eu)
       |     ^
C:/Users/ultim/Desktop/Sonic Adventure Recompiled/src/native_title_adapter.cpp:26326:5: warning: 'sonic_native_video_scanout_r_sof2_a' has C-linkage specified, but returns user-defined type 'katana::runtime::NativePortHookResult' which is incompatible with C [-Wreturn-type-c-linkage]
 26326 |     sonic_native_video_scanout_r_sof2_a, 0x54u, 0x8C641C36u)
       |     ^
C:/Users/ultim/Desktop/Sonic Adventure Recompiled/src/native_title_adapter.cpp:26328:5: warning: 'sonic_native_video_scanout_w_sof1' has C-linkage specified, but returns user-defined type 'katana::runtime::NativePortHookResult' which is incompatible with C [-Wreturn-type-c-linkage]
 26328 |     sonic_native_video_scanout_w_sof1, 0x60u, 0x8C641C3Eu)
       |     ^
C:/Users/ultim/Desktop/Sonic Adventure Recompiled/src/native_title_adapter.cpp:26330:5: warning: 'sonic_native_video_scanout_w_sof2' has C-linkage specified, but returns user-defined type 'katana::runtime::NativePortHookResult' which is incompatible with C [-Wreturn-type-c-linkage]
 26330 |     sonic_native_video_scanout_w_sof2, 0x64u, 0x8C641C46u)
       |     ^
C:/Users/ultim/Desktop/Sonic Adventure Recompiled/src/native_title_adapter.cpp:26332:5: warning: 'sonic_native_video_scanout_r_sof1_b' has C-linkage specified, but returns user-defined type 'katana::runtime::NativePortHookResult' which is incompatible with C [-Wreturn-type-c-linkage]
 26332 |     sonic_native_video_scanout_r_sof1_b, 0x50u, 0x8C641C6Cu)
       |     ^
C:/Users/ultim/Desktop/Sonic Adventure Recompiled/src/native_title_adapter.cpp:26334:5: warning: 'sonic_native_video_scanout_r_sof1_c' has C-linkage specified, but returns user-defined type 'katana::runtime::NativePortHookResult' which is incompatible with C [-Wreturn-type-c-linkage]
 26334 |     sonic_native_video_scanout_r_sof1_c, 0x50u, 0x8C641C7Au)
       |     ^
C:/Users/ultim/Desktop/Sonic Adventure Recompiled/src/native_title_adapter.cpp:26336:5: warning: 'sonic_native_video_scanout_r_sof2_b' has C-linkage specified, but returns user-defined type 'katana::runtime::NativePortHookResult' which is incompatible with C [-Wreturn-type-c-linkage]
 26336 |     sonic_native_video_scanout_r_sof2_b, 0x54u, 0x8C641C82u)
       |     ^
C:/Users/ultim/Desktop/Sonic Adventure Recompiled/src/native_title_adapter.cpp:26347:5: warning: 'sonic_native_video_timing_reset_a' has C-linkage specified, but returns user-defined type 'katana::runtime::NativePortHookResult' which is incompatible with C [-Wreturn-type-c-linkage]
 26347 |     sonic_native_video_timing_reset_a, 0x8C6630D0u)
       |     ^
C:/Users/ultim/Desktop/Sonic Adventure Recompiled/src/native_title_adapter.cpp:26349:5: warning: 'sonic_native_video_timing_reset_b' has C-linkage specified, but returns user-defined type 'katana::runtime::NativePortHookResult' which is incompatible with C [-Wreturn-type-c-linkage]
 26349 |     sonic_native_video_timing_reset_b, 0x8C6630ECu)
       |     ^
C:/Users/ultim/Desktop/Sonic Adventure Recompiled/src/native_title_adapter.cpp:26351:5: warning: 'sonic_native_video_timing_reset_c' has C-linkage specified, but returns user-defined type 'katana::runtime::NativePortHookResult' which is incompatible with C [-Wreturn-type-c-linkage]
 26351 |     sonic_native_video_timing_reset_c, 0x8C663188u)
       |     ^
C:/Users/ultim/Desktop/Sonic Adventure Recompiled/src/native_title_adapter.cpp:26353:5: warning: 'sonic_native_video_timing_reset_d' has C-linkage specified, but returns user-defined type 'katana::runtime::NativePortHookResult' which is incompatible with C [-Wreturn-type-c-linkage]
 26353 |     sonic_native_video_timing_reset_d, 0x8C6631A6u)
       |     ^
C:/Users/ultim/Desktop/Sonic Adventure Recompiled/src/native_title_adapter.cpp:29353:44: warning: 'u8path<std::string, 0>' is deprecated [-Wdeprecated-declarations]
 29353 |         const auto path = std::filesystem::u8path(request.path);
       |                                            ^
C:\Users\ultim\Desktop\Sonic Adventure Recompiled\.local\linux-deps\zig\zig-x86_64-windows-0.16.0\lib\libcxx\include/__filesystem/u8path.h:73:23: note: 'u8path<std::string, 0>' has been explicitly marked deprecated here
   73 | _LIBCPP_HIDE_FROM_ABI _LIBCPP_DEPRECATED_WITH_CHAR8_T path u8path(const _Source& __s) {
      |                       ^
C:\Users\ultim\Desktop\Sonic Adventure Recompiled\.local\linux-deps\zig\zig-x86_64-windows-0.16.0\lib\libcxx\include/__config:769:45: note: expanded from macro '_LIBCPP_DEPRECATED_WITH_CHAR8_T'
  769 | #    define _LIBCPP_DEPRECATED_WITH_CHAR8_T _LIBCPP_DEPRECATED
      |                                             ^
C:\Users\ultim\Desktop\Sonic Adventure Recompiled\.local\linux-deps\zig\zig-x86_64-windows-0.16.0\lib\libcxx\include/__config:716:49: note: expanded from macro '_LIBCPP_DEPRECATED'
  716 | #      define _LIBCPP_DEPRECATED __attribute__((__deprecated__))
      |                                                 ^
C:/Users/ultim/Desktop/Sonic Adventure Recompiled/src/native_title_adapter.cpp:29448:1: warning: 'sonic_native_collision_work_allocation_failure' has C-linkage specified, but returns user-defined type 'katana::runtime::NativePortHookResult' which is incompatible with C [-Wreturn-type-c-linkage]
 29448 | sonic_native_collision_work_allocation_failure(
       | ^
C:/Users/ultim/Desktop/Sonic Adventure Recompiled/src/native_title_adapter.cpp:29466:1: warning: 'sonic_native_render_command_arena_configure' has C-linkage specified, but returns user-defined type 'katana::runtime::NativePortHookResult' which is incompatible with C [-Wreturn-type-c-linkage]
 29466 | sonic_native_render_command_arena_configure(
       | ^
C:/Users/ultim/Desktop/Sonic Adventure Recompiled/src/native_title_adapter.cpp:29573:1: warning: 'sonic_native_bootstrap' has C-linkage specified, but returns user-defined type 'katana::runtime::NativePortBootstrapResult' which is incompatible with C [-Wreturn-type-c-linkage]
 29573 | sonic_native_bootstrap(
       | ^
C:/Users/ultim/Desktop/Sonic Adventure Recompiled/src/native_title_adapter.cpp:29773:1: warning: 'sonic_native_standalone_texture_list_load' has C-linkage specified, but returns user-defined type 'katana::runtime::NativePortHookResult' which is incompatible with C [-Wreturn-type-c-linkage]
 29773 | sonic_native_standalone_texture_list_load(
       | ^
C:/Users/ultim/Desktop/Sonic Adventure Recompiled/src/native_title_adapter.cpp:29818:1: warning: 'sonic_native_trial_character_list_guard' has C-linkage specified, but returns user-defined type 'katana::runtime::NativePortHookResult' which is incompatible with C [-Wreturn-type-c-linkage]
 29818 | sonic_native_trial_character_list_guard(
       | ^
C:/Users/ultim/Desktop/Sonic Adventure Recompiled/src/native_title_adapter.cpp:29847:1: warning: 'sonic_native_trial_minigame_list_guard' has C-linkage specified, but returns user-defined type 'katana::runtime::NativePortHookResult' which is incompatible with C [-Wreturn-type-c-linkage]
 29847 | sonic_native_trial_minigame_list_guard(
       | ^
C:/Users/ultim/Desktop/Sonic Adventure Recompiled/src/native_title_adapter.cpp:29853:1: warning: 'sonic_native_main_texture_set_load' has C-linkage specified, but returns user-defined type 'katana::runtime::NativePortHookResult' which is incompatible with C [-Wreturn-type-c-linkage]
 29853 | sonic_native_main_texture_set_load(
       | ^
C:/Users/ultim/Desktop/Sonic Adventure Recompiled/src/native_title_adapter.cpp:29876:1: warning: 'sonic_native_named_texture_archive_load' has C-linkage specified, but returns user-defined type 'katana::runtime::NativePortHookResult' which is incompatible with C [-Wreturn-type-c-linkage]
 29876 | sonic_native_named_texture_archive_load(
       | ^
C:/Users/ultim/Desktop/Sonic Adventure Recompiled/src/native_title_adapter.cpp:30311:1: warning: 'sonic_native_named_texture_archive_release' has C-linkage specified, but returns user-defined type 'katana::runtime::NativePortHookResult' which is incompatible with C [-Wreturn-type-c-linkage]
 30311 | sonic_native_named_texture_archive_release(
       | ^
C:/Users/ultim/Desktop/Sonic Adventure Recompiled/src/native_title_adapter.cpp:30355:1: warning: 'sonic_native_character_texture_set_load' has C-linkage specified, but returns user-defined type 'katana::runtime::NativePortHookResult' which is incompatible with C [-Wreturn-type-c-linkage]
 30355 | sonic_native_character_texture_set_load(
       | ^
C:/Users/ultim/Desktop/Sonic Adventure Recompiled/src/native_title_adapter.cpp:30381:1: warning: 'sonic_native_character_texture_set_release' has C-linkage specified, but returns user-defined type 'katana::runtime::NativePortHookResult' which is incompatible with C [-Wreturn-type-c-linkage]
 30381 | sonic_native_character_texture_set_release(
       | ^
C:/Users/ultim/Desktop/Sonic Adventure Recompiled/src/native_title_adapter.cpp:30402:1: warning: 'sonic_native_character_texture_sets_release_all' has C-linkage specified, but returns user-defined type 'katana::runtime::NativePortHookResult' which is incompatible with C [-Wreturn-type-c-linkage]
 30402 | sonic_native_character_texture_sets_release_all(
       | ^
C:/Users/ultim/Desktop/Sonic Adventure Recompiled/src/native_title_adapter.cpp:30750:1: warning: 'sonic_native_system_bus_revision_read_8c604852' has C-linkage specified, but returns user-defined type 'katana::runtime::NativePortHookResult' which is incompatible with C [-Wreturn-type-c-linkage]
 30750 | sonic_native_system_bus_revision_read_8c604852(
       | ^
C:/Users/ultim/Desktop/Sonic Adventure Recompiled/src/native_title_adapter.cpp:30757:1: warning: 'sonic_native_system_bus_revision_read_8c65f56c' has C-linkage specified, but returns user-defined type 'katana::runtime::NativePortHookResult' which is incompatible with C [-Wreturn-type-c-linkage]
 30757 | sonic_native_system_bus_revision_read_8c65f56c(
       | ^
C:/Users/ultim/Desktop/Sonic Adventure Recompiled/src/native_title_adapter.cpp:30764:1: warning: 'sonic_native_system_bus_revision_read_8c6656b8' has C-linkage specified, but returns user-defined type 'katana::runtime::NativePortHookResult' which is incompatible with C [-Wreturn-type-c-linkage]
 30764 | sonic_native_system_bus_revision_read_8c6656b8(
       | ^
C:/Users/ultim/Desktop/Sonic Adventure Recompiled/src/native_title_adapter.cpp:30838:1: warning: 'sonic_native_platform_interrupt_iml4_nrm_read_8c646750' has C-linkage specified, but returns user-defined type 'katana::runtime::NativePortHookResult' which is incompatible with C [-Wreturn-type-c-linkage]
 30838 | sonic_native_platform_interrupt_iml4_nrm_read_8c646750(
       | ^
C:/Users/ultim/Desktop/Sonic Adventure Recompiled/src/native_title_adapter.cpp:30845:1: warning: 'sonic_native_platform_interrupt_iml4_nrm_write_8c646754' has C-linkage specified, but returns user-defined type 'katana::runtime::NativePortHookResult' which is incompatible with C [-Wreturn-type-c-linkage]
 30845 | sonic_native_platform_interrupt_iml4_nrm_write_8c646754(
       | ^
C:/Users/ultim/Desktop/Sonic Adventure Recompiled/src/native_title_adapter.cpp:30951:1: warning: 'sonic_native_platform_interrupt_register' has C-linkage specified, but returns user-defined type 'katana::runtime::NativePortHookResult' which is incompatible with C [-Wreturn-type-c-linkage]
 30951 | sonic_native_platform_interrupt_register(
       | ^
C:/Users/ultim/Desktop/Sonic Adventure Recompiled/src/native_title_adapter.cpp:31086:1: warning: 'sonic_native_platform_interrupt_release' has C-linkage specified, but returns user-defined type 'katana::runtime::NativePortHookResult' which is incompatible with C [-Wreturn-type-c-linkage]
 31086 | sonic_native_platform_interrupt_release(
       | ^
C:/Users/ultim/Desktop/Sonic Adventure Recompiled/src/native_title_adapter.cpp:31187:1: warning: 'sonic_native_platform_interrupt_state_owner_8c653580' has C-linkage specified, but returns user-defined type 'katana::runtime::NativePortHookResult' which is incompatible with C [-Wreturn-type-c-linkage]
 31187 | sonic_native_platform_interrupt_state_owner_8c653580(
       | ^
C:/Users/ultim/Desktop/Sonic Adventure Recompiled/src/native_title_adapter.cpp:31339:1: warning: 'sonic_native_platform_interrupt_state_owner_8c6024b0' has C-linkage specified, but returns user-defined type 'katana::runtime::NativePortHookResult' which is incompatible with C [-Wreturn-type-c-linkage]
 31339 | sonic_native_platform_interrupt_state_owner_8c6024b0(
       | ^
C:/Users/ultim/Desktop/Sonic Adventure Recompiled/src/native_title_adapter.cpp:31450:1: warning: 'sonic_native_platform_interrupt_state_owner_8c645ace' has C-linkage specified, but returns user-defined type 'katana::runtime::NativePortHookResult' which is incompatible with C [-Wreturn-type-c-linkage]
 31450 | sonic_native_platform_interrupt_state_owner_8c645ace(
       | ^
C:/Users/ultim/Desktop/Sonic Adventure Recompiled/src/native_title_adapter.cpp:31678:1: warning: 'sonic_native_save_unit_ready' has C-linkage specified, but returns user-defined type 'katana::runtime::NativePortHookResult' which is incompatible with C [-Wreturn-type-c-linkage]
 31678 | sonic_native_save_unit_ready(
       | ^
C:/Users/ultim/Desktop/Sonic Adventure Recompiled/src/native_title_adapter.cpp:31686:1: warning: 'sonic_native_save_sdk_file_exists' has C-linkage specified, but returns user-defined type 'katana::runtime::NativePortHookResult' which is incompatible with C [-Wreturn-type-c-linkage]
 31686 | sonic_native_save_sdk_file_exists(
       | ^
C:/Users/ultim/Desktop/Sonic Adventure Recompiled/src/native_title_adapter.cpp:31694:1: warning: 'sonic_native_save_file_exists' has C-linkage specified, but returns user-defined type 'katana::runtime::NativePortHookResult' which is incompatible with C [-Wreturn-type-c-linkage]
 31694 | sonic_native_save_file_exists(
       | ^
C:/Users/ultim/Desktop/Sonic Adventure Recompiled/src/native_title_adapter.cpp:31739:1: warning: 'sonic_native_save_highest_slot' has C-linkage specified, but returns user-defined type 'katana::runtime::NativePortHookResult' which is incompatible with C [-Wreturn-type-c-linkage]
 31739 | sonic_native_save_highest_slot(
       | ^
C:/Users/ultim/Desktop/Sonic Adventure Recompiled/src/native_title_adapter.cpp:31892:1: warning: 'sonic_native_save_unit_query' has C-linkage specified, but returns user-defined type 'katana::runtime::NativePortHookResult' which is incompatible with C [-Wreturn-type-c-linkage]
 31892 | sonic_native_save_unit_query(
       | ^
C:/Users/ultim/Desktop/Sonic Adventure Recompiled/src/native_title_adapter.cpp:31935:1: warning: 'sonic_native_save_status' has C-linkage specified, but returns user-defined type 'katana::runtime::NativePortHookResult' which is incompatible with C [-Wreturn-type-c-linkage]
 31935 | sonic_native_save_status(
       | ^
C:/Users/ultim/Desktop/Sonic Adventure Recompiled/src/native_title_adapter.cpp:32025:1: warning: 'sonic_native_save_free_blocks' has C-linkage specified, but returns user-defined type 'katana::runtime::NativePortHookResult' which is incompatible with C [-Wreturn-type-c-linkage]
 32025 | sonic_native_save_free_blocks(katana::runtime::NativePortContext& context) noexcept {
       | ^
C:/Users/ultim/Desktop/Sonic Adventure Recompiled/src/native_title_adapter.cpp:32045:1: warning: 'sonic_native_save_file_blocks' has C-linkage specified, but returns user-defined type 'katana::runtime::NativePortHookResult' which is incompatible with C [-Wreturn-type-c-linkage]
 32045 | sonic_native_save_file_blocks(
       | ^
C:/Users/ultim/Desktop/Sonic Adventure Recompiled/src/native_title_adapter.cpp:32120:1: warning: 'sonic_native_save_read' has C-linkage specified, but returns user-defined type 'katana::runtime::NativePortHookResult' which is incompatible with C [-Wreturn-type-c-linkage]
 32120 | sonic_native_save_read(
       | ^
C:/Users/ultim/Desktop/Sonic Adventure Recompiled/src/native_title_adapter.cpp:32128:1: warning: 'sonic_native_save_read_blocks' has C-linkage specified, but returns user-defined type 'katana::runtime::NativePortHookResult' which is incompatible with C [-Wreturn-type-c-linkage]
 32128 | sonic_native_save_read_blocks(katana::runtime::NativePortContext& context) noexcept {
       | ^
C:/Users/ultim/Desktop/Sonic Adventure Recompiled/src/native_title_adapter.cpp:32183:1: warning: 'sonic_native_save_write' has C-linkage specified, but returns user-defined type 'katana::runtime::NativePortHookResult' which is incompatible with C [-Wreturn-type-c-linkage]
 32183 | sonic_native_save_write(
       | ^
C:/Users/ultim/Desktop/Sonic Adventure Recompiled/src/native_title_adapter.cpp:32191:1: warning: 'sonic_native_save_write_game' has C-linkage specified, but returns user-defined type 'katana::runtime::NativePortHookResult' which is incompatible with C [-Wreturn-type-c-linkage]
 32191 | sonic_native_save_write_game(katana::runtime::NativePortContext& context) noexcept {
       | ^
C:/Users/ultim/Desktop/Sonic Adventure Recompiled/src/native_title_adapter.cpp:32198:1: warning: 'sonic_native_timer_initialize' has C-linkage specified, but returns user-defined type 'katana::runtime::NativePortHookResult' which is incompatible with C [-Wreturn-type-c-linkage]
 32198 | sonic_native_timer_initialize(
       | ^
C:/Users/ultim/Desktop/Sonic Adventure Recompiled/src/native_title_adapter.cpp:32212:1: warning: 'sonic_native_video_cable_bits' has C-linkage specified, but returns user-defined type 'katana::runtime::NativePortHookResult' which is incompatible with C [-Wreturn-type-c-linkage]
 32212 | sonic_native_video_cable_bits(
       | ^
C:/Users/ultim/Desktop/Sonic Adventure Recompiled/src/native_title_adapter.cpp:32229:1: warning: 'sonic_native_frame_boundary_wait' has C-linkage specified, but returns user-defined type 'katana::runtime::NativePortHookResult' which is incompatible with C [-Wreturn-type-c-linkage]
 32229 | sonic_native_frame_boundary_wait(
       | ^
C:/Users/ultim/Desktop/Sonic Adventure Recompiled/src/native_title_adapter.cpp:32250:1: warning: 'sonic_native_play_movie' has C-linkage specified, but returns user-defined type 'katana::runtime::NativePortHookResult' which is incompatible with C [-Wreturn-type-c-linkage]
 32250 | sonic_native_play_movie(
       | ^
C:/Users/ultim/Desktop/Sonic Adventure Recompiled/src/native_title_adapter.cpp:32503:1: warning: 'sonic_native_lighting_content_load' has C-linkage specified, but returns user-defined type 'katana::runtime::NativePortHookResult' which is incompatible with C [-Wreturn-type-c-linkage]
 32503 | sonic_native_lighting_content_load(
       | ^
C:/Users/ultim/Desktop/Sonic Adventure Recompiled/src/native_title_adapter.cpp:32623:1: warning: 'sonic_native_content_range_read' has C-linkage specified, but returns user-defined type 'katana::runtime::NativePortHookResult' which is incompatible with C [-Wreturn-type-c-linkage]
 32623 | sonic_native_content_range_read(
       | ^
C:/Users/ultim/Desktop/Sonic Adventure Recompiled/src/native_title_adapter.cpp:32770:1: warning: 'sonic_native_load_movie_overlay' has C-linkage specified, but returns user-defined type 'katana::runtime::NativePortHookResult' which is incompatible with C [-Wreturn-type-c-linkage]
 32770 | sonic_native_load_movie_overlay(
       | ^
C:/Users/ultim/Desktop/Sonic Adventure Recompiled/src/native_title_adapter.cpp:32974:1: warning: 'sonic_native_event_arena_prepare' has C-linkage specified, but returns user-defined type 'katana::runtime::NativePortHookResult' which is incompatible with C [-Wreturn-type-c-linkage]
 32974 | sonic_native_event_arena_prepare(
       | ^
C:/Users/ultim/Desktop/Sonic Adventure Recompiled/src/native_title_adapter.cpp:33009:1: warning: 'sonic_native_prs_transform_guard' has C-linkage specified, but returns user-defined type 'katana::runtime::NativePortHookResult' which is incompatible with C [-Wreturn-type-c-linkage]
 33009 | sonic_native_prs_transform_guard(
       | ^
C:/Users/ultim/Desktop/Sonic Adventure Recompiled/src/native_title_adapter.cpp:33178:1: warning: 'sonic_native_timer_count' has C-linkage specified, but returns user-defined type 'katana::runtime::NativePortHookResult' which is incompatible with C [-Wreturn-type-c-linkage]
 33178 | sonic_native_timer_count(
       | ^
C:/Users/ultim/Desktop/Sonic Adventure Recompiled/src/native_title_adapter.cpp:33189:1: warning: 'sonic_native_host_timing_owner_8c06c000' has C-linkage specified, but returns user-defined type 'katana::runtime::NativePortHookResult' which is incompatible with C [-Wreturn-type-c-linkage]
 33189 | sonic_native_host_timing_owner_8c06c000(
       | ^
C:/Users/ultim/Desktop/Sonic Adventure Recompiled/src/native_title_adapter.cpp:33265:1: warning: 'sonic_native_periodic_delta' has C-linkage specified, but returns user-defined type 'katana::runtime::NativePortHookResult' which is incompatible with C [-Wreturn-type-c-linkage]
 33265 | sonic_native_periodic_delta(
       | ^
C:/Users/ultim/Desktop/Sonic Adventure Recompiled/src/native_title_adapter.cpp:33335:1: warning: 'sonic_native_periodic_sample' has C-linkage specified, but returns user-defined type 'katana::runtime::NativePortHookResult' which is incompatible with C [-Wreturn-type-c-linkage]
 33335 | sonic_native_periodic_sample(
       | ^
C:/Users/ultim/Desktop/Sonic Adventure Recompiled/src/native_title_adapter.cpp:33378:1: warning: 'sonic_native_periodic_elapsed' has C-linkage specified, but returns user-defined type 'katana::runtime::NativePortHookResult' which is incompatible with C [-Wreturn-type-c-linkage]
 33378 | sonic_native_periodic_elapsed(
       | ^
C:/Users/ultim/Desktop/Sonic Adventure Recompiled/src/native_title_adapter.cpp:33429:1: warning: 'sonic_native_registered_texture_key_select' has C-linkage specified, but returns user-defined type 'katana::runtime::NativePortHookResult' which is incompatible with C [-Wreturn-type-c-linkage]
 33429 | sonic_native_registered_texture_key_select(
       | ^
C:/Users/ultim/Desktop/Sonic Adventure Recompiled/src/native_title_adapter.cpp:33499:1: warning: 'sonic_native_texture_list_bind' has C-linkage specified, but returns user-defined type 'katana::runtime::NativePortHookResult' which is incompatible with C [-Wreturn-type-c-linkage]
 33499 | sonic_native_texture_list_bind(
       | ^
C:/Users/ultim/Desktop/Sonic Adventure Recompiled/src/native_title_adapter.cpp:33542:1: warning: 'sonic_native_texture_index_failure_observe' has C-linkage specified, but returns user-defined type 'katana::runtime::NativePortHookResult' which is incompatible with C [-Wreturn-type-c-linkage]
 33542 | sonic_native_texture_index_failure_observe(
       | ^
C:/Users/ultim/Desktop/Sonic Adventure Recompiled/src/native_title_adapter.cpp:33665:1: warning: 'sonic_native_sdk_texture_allocation_guard' has C-linkage specified, but returns user-defined type 'katana::runtime::NativePortHookResult' which is incompatible with C [-Wreturn-type-c-linkage]
 33665 | sonic_native_sdk_texture_allocation_guard(
       | ^
C:/Users/ultim/Desktop/Sonic Adventure Recompiled/src/native_title_adapter.cpp:33713:1: warning: 'sonic_native_texture_number_observe' has C-linkage specified, but returns user-defined type 'katana::runtime::NativePortHookResult' which is incompatible with C [-Wreturn-type-c-linkage]
 33713 | sonic_native_texture_number_observe(
       | ^
C:/Users/ultim/Desktop/Sonic Adventure Recompiled/src/native_title_adapter.cpp:33734:1: warning: 'sonic_native_texture_backing_word_copy' has C-linkage specified, but returns user-defined type 'katana::runtime::NativePortHookResult' which is incompatible with C [-Wreturn-type-c-linkage]
 33734 | sonic_native_texture_backing_word_copy(
       | ^
C:/Users/ultim/Desktop/Sonic Adventure Recompiled/src/native_title_adapter.cpp:33800:1: warning: 'sonic_native_texture_backing_upload' has C-linkage specified, but returns user-defined type 'katana::runtime::NativePortHookResult' which is incompatible with C [-Wreturn-type-c-linkage]
 33800 | sonic_native_texture_backing_upload(
       | ^
C:/Users/ultim/Desktop/Sonic Adventure Recompiled/src/native_title_adapter.cpp:33911:1: warning: 'sonic_native_texture_backing_completion' has C-linkage specified, but returns user-defined type 'katana::runtime::NativePortHookResult' which is incompatible with C [-Wreturn-type-c-linkage]
 33911 | sonic_native_texture_backing_completion(
       | ^
C:/Users/ultim/Desktop/Sonic Adventure Recompiled/src/native_title_adapter.cpp:34063:1: warning: 'sonic_native_font_surface_upload' has C-linkage specified, but returns user-defined type 'katana::runtime::NativePortHookResult' which is incompatible with C [-Wreturn-type-c-linkage]
 34063 | sonic_native_font_surface_upload(
       | ^
C:/Users/ultim/Desktop/Sonic Adventure Recompiled/src/native_title_adapter.cpp:34239:1: warning: 'katana_native_hook_8C037460' has C-linkage specified, but returns user-defined type 'katana::runtime::NativePortHookResult' which is incompatible with C [-Wreturn-type-c-linkage]
 34239 | katana_native_hook_8C037460(
       | ^
C:/Users/ultim/Desktop/Sonic Adventure Recompiled/src/native_title_adapter.cpp:34258:1: warning: 'katana_native_hook_8C0374D4' has C-linkage specified, but returns user-defined type 'katana::runtime::NativePortHookResult' which is incompatible with C [-Wreturn-type-c-linkage]
 34258 | katana_native_hook_8C0374D4(
       | ^
C:/Users/ultim/Desktop/Sonic Adventure Recompiled/src/native_title_adapter.cpp:34276:1: warning: 'katana_native_hook_8C0375B0' has C-linkage specified, but returns user-defined type 'katana::runtime::NativePortHookResult' which is incompatible with C [-Wreturn-type-c-linkage]
 34276 | katana_native_hook_8C0375B0(
       | ^
C:/Users/ultim/Desktop/Sonic Adventure Recompiled/src/native_title_adapter.cpp:34294:1: warning: 'katana_native_hook_8C037538' has C-linkage specified, but returns user-defined type 'katana::runtime::NativePortHookResult' which is incompatible with C [-Wreturn-type-c-linkage]
 34294 | katana_native_hook_8C037538(
       | ^
C:/Users/ultim/Desktop/Sonic Adventure Recompiled/src/native_title_adapter.cpp:34317:1: warning: 'katana_native_hook_8C605DA8' has C-linkage specified, but returns user-defined type 'katana::runtime::NativePortHookResult' which is incompatible with C [-Wreturn-type-c-linkage]
 34317 | katana_native_hook_8C605DA8(
       | ^
C:/Users/ultim/Desktop/Sonic Adventure Recompiled/src/native_title_adapter.cpp:34339:1: warning: 'katana_native_hook_8C605E7C' has C-linkage specified, but returns user-defined type 'katana::runtime::NativePortHookResult' which is incompatible with C [-Wreturn-type-c-linkage]
 34339 | katana_native_hook_8C605E7C(
       | ^
C:/Users/ultim/Desktop/Sonic Adventure Recompiled/src/native_title_adapter.cpp:34361:1: warning: 'katana_native_hook_8C605F0A' has C-linkage specified, but returns user-defined type 'katana::runtime::NativePortHookResult' which is incompatible with C [-Wreturn-type-c-linkage]
 34361 | katana_native_hook_8C605F0A(
       | ^
C:/Users/ultim/Desktop/Sonic Adventure Recompiled/src/native_title_adapter.cpp:34383:1: warning: 'katana_native_hook_8C6063F0' has C-linkage specified, but returns user-defined type 'katana::runtime::NativePortHookResult' which is incompatible with C [-Wreturn-type-c-linkage]
 34383 | katana_native_hook_8C6063F0(
       | ^
C:/Users/ultim/Desktop/Sonic Adventure Recompiled/src/native_title_adapter.cpp:34407:1: warning: 'katana_native_hook_8C605FBA' has C-linkage specified, but returns user-defined type 'katana::runtime::NativePortHookResult' which is incompatible with C [-Wreturn-type-c-linkage]
 34407 | katana_native_hook_8C605FBA(
       | ^
C:/Users/ultim/Desktop/Sonic Adventure Recompiled/src/native_title_adapter.cpp:34432:1: warning: 'katana_native_hook_8C6061EC' has C-linkage specified, but returns user-defined type 'katana::runtime::NativePortHookResult' which is incompatible with C [-Wreturn-type-c-linkage]
 34432 | katana_native_hook_8C6061EC(
       | ^
C:/Users/ultim/Desktop/Sonic Adventure Recompiled/src/native_title_adapter.cpp:34456:1: warning: 'katana_native_hook_8C6062DA' has C-linkage specified, but returns user-defined type 'katana::runtime::NativePortHookResult' which is incompatible with C [-Wreturn-type-c-linkage]
 34456 | katana_native_hook_8C6062DA(
       | ^
C:/Users/ultim/Desktop/Sonic Adventure Recompiled/src/native_title_adapter.cpp:34480:1: warning: 'katana_native_hook_8C6064F0' has C-linkage specified, but returns user-defined type 'katana::runtime::NativePortHookResult' which is incompatible with C [-Wreturn-type-c-linkage]
 34480 | katana_native_hook_8C6064F0(
       | ^
C:/Users/ultim/Desktop/Sonic Adventure Recompiled/src/native_title_adapter.cpp:34504:1: warning: 'sonic_native_palette_lighting' has C-linkage specified, but returns user-defined type 'katana::runtime::NativePortHookResult' which is incompatible with C [-Wreturn-type-c-linkage]
 34504 | sonic_native_palette_lighting(
       | ^
C:/Users/ultim/Desktop/Sonic Adventure Recompiled/src/native_title_adapter.cpp:34532:1: warning: 'sonic_native_vertex_normals' has C-linkage specified, but returns user-defined type 'katana::runtime::NativePortHookResult' which is incompatible with C [-Wreturn-type-c-linkage]
 34532 | sonic_native_vertex_normals(
       | ^
C:/Users/ultim/Desktop/Sonic Adventure Recompiled/src/native_title_adapter.cpp:34584:1: warning: 'sonic_native_amy_hammer_effect' has C-linkage specified, but returns user-defined type 'katana::runtime::NativePortHookResult' which is incompatible with C [-Wreturn-type-c-linkage]
 34584 | sonic_native_amy_hammer_effect(katana::runtime::NativePortContext& context) noexcept {
       | ^
C:/Users/ultim/Desktop/Sonic Adventure Recompiled/src/native_title_adapter.cpp:34653:1: warning: 'sonic_native_triangle_contacts' has C-linkage specified, but returns user-defined type 'katana::runtime::NativePortHookResult' which is incompatible with C [-Wreturn-type-c-linkage]
 34653 | sonic_native_triangle_contacts(katana::runtime::NativePortContext& context) noexcept {
       | ^
C:/Users/ultim/Desktop/Sonic Adventure Recompiled/src/native_title_adapter.cpp:34724:1: warning: 'sonic_native_collision_candidates' has C-linkage specified, but returns user-defined type 'katana::runtime::NativePortHookResult' which is incompatible with C [-Wreturn-type-c-linkage]
 34724 | sonic_native_collision_candidates(katana::runtime::NativePortContext& context) noexcept {
       | ^
C:/Users/ultim/Desktop/Sonic Adventure Recompiled/src/native_title_adapter.cpp:34776:1: warning: 'sonic_native_motion_position' has C-linkage specified, but returns user-defined type 'katana::runtime::NativePortHookResult' which is incompatible with C [-Wreturn-type-c-linkage]
 34776 | sonic_native_motion_position(katana::runtime::NativePortContext& c) noexcept {return sonic_native_motion_sampling_impl(c);}
       | ^
C:/Users/ultim/Desktop/Sonic Adventure Recompiled/src/native_title_adapter.cpp:34778:1: warning: 'sonic_native_motion_scale' has C-linkage specified, but returns user-defined type 'katana::runtime::NativePortHookResult' which is incompatible with C [-Wreturn-type-c-linkage]
 34778 | sonic_native_motion_scale(katana::runtime::NativePortContext& c) noexcept {return sonic_native_motion_sampling_impl(c);}
       | ^
C:/Users/ultim/Desktop/Sonic Adventure Recompiled/src/native_title_adapter.cpp:34780:1: warning: 'sonic_native_motion_rotate_zyx' has C-linkage specified, but returns user-defined type 'katana::runtime::NativePortHookResult' which is incompatible with C [-Wreturn-type-c-linkage]
 34780 | sonic_native_motion_rotate_zyx(katana::runtime::NativePortContext& c) noexcept {return sonic_native_motion_sampling_impl(c);}
       | ^
C:/Users/ultim/Desktop/Sonic Adventure Recompiled/src/native_title_adapter.cpp:34782:1: warning: 'sonic_native_motion_rotate_yxz' has C-linkage specified, but returns user-defined type 'katana::runtime::NativePortHookResult' which is incompatible with C [-Wreturn-type-c-linkage]
 34782 | sonic_native_motion_rotate_yxz(katana::runtime::NativePortContext& c) noexcept {return sonic_native_motion_sampling_impl(c);}
       | ^
C:/Users/ultim/Desktop/Sonic Adventure Recompiled/src/native_title_adapter.cpp:34812:1: warning: 'sonic_native_atan' has C-linkage specified, but returns user-defined type 'katana::runtime::NativePortHookResult' which is incompatible with C [-Wreturn-type-c-linkage]
 34812 | sonic_native_atan(katana::runtime::NativePortContext& context) noexcept {
       | ^
C:/Users/ultim/Desktop/Sonic Adventure Recompiled/src/native_title_adapter.cpp:34816:1: warning: 'sonic_native_atan_quotient' has C-linkage specified, but returns user-defined type 'katana::runtime::NativePortHookResult' which is incompatible with C [-Wreturn-type-c-linkage]
 34816 | sonic_native_atan_quotient(katana::runtime::NativePortContext& context) noexcept {
       | ^
C:/Users/ultim/Desktop/Sonic Adventure Recompiled/src/native_title_adapter.cpp:34820:1: warning: 'sonic_native_atan_polynomial' has C-linkage specified, but returns user-defined type 'katana::runtime::NativePortHookResult' which is incompatible with C [-Wreturn-type-c-linkage]
 34820 | sonic_native_atan_polynomial(katana::runtime::NativePortContext& context) noexcept {
       | ^
C:/Users/ultim/Desktop/Sonic Adventure Recompiled/src/native_title_adapter.cpp:34824:1: warning: 'sonic_native_atan_scale' has C-linkage specified, but returns user-defined type 'katana::runtime::NativePortHookResult' which is incompatible with C [-Wreturn-type-c-linkage]
 34824 | sonic_native_atan_scale(katana::runtime::NativePortContext& context) noexcept {
       | ^
C:/Users/ultim/Desktop/Sonic Adventure Recompiled/src/native_title_adapter.cpp:34854:1: warning: 'sonic_native_matrix_inverse' has C-linkage specified, but returns user-defined type 'katana::runtime::NativePortHookResult' which is incompatible with C [-Wreturn-type-c-linkage]
 34854 | sonic_native_matrix_inverse(katana::runtime::NativePortContext& context) noexcept {
       | ^
C:/Users/ultim/Desktop/Sonic Adventure Recompiled/src/native_title_adapter.cpp:34858:1: warning: 'sonic_native_matrix_determinant' has C-linkage specified, but returns user-defined type 'katana::runtime::NativePortHookResult' which is incompatible with C [-Wreturn-type-c-linkage]
 34858 | sonic_native_matrix_determinant(katana::runtime::NativePortContext& context) noexcept {
       | ^
C:/Users/ultim/Desktop/Sonic Adventure Recompiled/src/native_title_adapter.cpp:34882:1: warning: 'sonic_native_matrix_vector_point' has C-linkage specified, but returns user-defined type 'katana::runtime::NativePortHookResult' which is incompatible with C [-Wreturn-type-c-linkage]
 34882 | sonic_native_matrix_vector_point(katana::runtime::NativePortContext& context) noexcept {
       | ^
C:/Users/ultim/Desktop/Sonic Adventure Recompiled/src/native_title_adapter.cpp:34886:1: warning: 'sonic_native_matrix_vector_direction' has C-linkage specified, but returns user-defined type 'katana::runtime::NativePortHookResult' which is incompatible with C [-Wreturn-type-c-linkage]
 34886 | sonic_native_matrix_vector_direction(katana::runtime::NativePortContext& context) noexcept {
       | ^
C:/Users/ultim/Desktop/Sonic Adventure Recompiled/src/native_title_adapter.cpp:34890:1: warning: 'sonic_native_matrix_vector_store' has C-linkage specified, but returns user-defined type 'katana::runtime::NativePortHookResult' which is incompatible with C [-Wreturn-type-c-linkage]
 34890 | sonic_native_matrix_vector_store(katana::runtime::NativePortContext& context) noexcept {
       | ^
C:/Users/ultim/Desktop/Sonic Adventure Recompiled/src/native_title_adapter.cpp:34894:1: warning: 'sonic_native_matrix_vector_translation' has C-linkage specified, but returns user-defined type 'katana::runtime::NativePortHookResult' which is incompatible with C [-Wreturn-type-c-linkage]
 34894 | sonic_native_matrix_vector_translation(katana::runtime::NativePortContext& context) noexcept {
       | ^
C:/Users/ultim/Desktop/Sonic Adventure Recompiled/src/native_title_adapter.cpp:34924:1: warning: 'sonic_native_collision_cross' has C-linkage specified, but returns user-defined type 'katana::runtime::NativePortHookResult' which is incompatible with C [-Wreturn-type-c-linkage]
 34924 | sonic_native_collision_cross(katana::runtime::NativePortContext& context) noexcept {
       | ^
C:/Users/ultim/Desktop/Sonic Adventure Recompiled/src/native_title_adapter.cpp:34928:1: warning: 'sonic_native_collision_length' has C-linkage specified, but returns user-defined type 'katana::runtime::NativePortHookResult' which is incompatible with C [-Wreturn-type-c-linkage]
 34928 | sonic_native_collision_length(katana::runtime::NativePortContext& context) noexcept {
       | ^
C:/Users/ultim/Desktop/Sonic Adventure Recompiled/src/native_title_adapter.cpp:34932:1: warning: 'sonic_native_collision_normalize' has C-linkage specified, but returns user-defined type 'katana::runtime::NativePortHookResult' which is incompatible with C [-Wreturn-type-c-linkage]
 34932 | sonic_native_collision_normalize(katana::runtime::NativePortContext& context) noexcept {
       | ^
C:/Users/ultim/Desktop/Sonic Adventure Recompiled/src/native_title_adapter.cpp:34974:1: warning: 'sonic_native_matrix_stack_push' has C-linkage specified, but returns user-defined type 'katana::runtime::NativePortHookResult' which is incompatible with C [-Wreturn-type-c-linkage]
 34974 | sonic_native_matrix_stack_push(katana::runtime::NativePortContext& context) noexcept {
       | ^
C:/Users/ultim/Desktop/Sonic Adventure Recompiled/src/native_title_adapter.cpp:34978:1: warning: 'sonic_native_matrix_stack_pop' has C-linkage specified, but returns user-defined type 'katana::runtime::NativePortHookResult' which is incompatible with C [-Wreturn-type-c-linkage]
 34978 | sonic_native_matrix_stack_pop(katana::runtime::NativePortContext& context) noexcept {
       | ^
C:/Users/ultim/Desktop/Sonic Adventure Recompiled/src/native_title_adapter.cpp:34983:1: warning: 'sonic_native_ninja_model_transform' has C-linkage specified, but returns user-defined type 'katana::runtime::NativePortHookResult' which is incompatible with C [-Wreturn-type-c-linkage]
 34983 | sonic_native_ninja_model_transform(
       | ^
C:/Users/ultim/Desktop/Sonic Adventure Recompiled/src/native_title_adapter.cpp:38578:1: warning: 'sonic_native_ninja_model_draw' has C-linkage specified, but returns user-defined type 'katana::runtime::NativePortHookResult' which is incompatible with C [-Wreturn-type-c-linkage]
 38578 | sonic_native_ninja_model_draw(
       | ^
C:/Users/ultim/Desktop/Sonic Adventure Recompiled/src/native_title_adapter.cpp:38584:1: warning: 'sonic_native_widescreen_model_cull' has C-linkage specified, but returns user-defined type 'katana::runtime::NativePortHookResult' which is incompatible with C [-Wreturn-type-c-linkage]
 38584 | sonic_native_widescreen_model_cull(katana::runtime::NativePortContext&) noexcept;
       | ^
C:/Users/ultim/Desktop/Sonic Adventure Recompiled/src/native_title_adapter.cpp:38762:1: warning: 'sonic_native_model_pipeline' has C-linkage specified, but returns user-defined type 'katana::runtime::NativePortHookResult' which is incompatible with C [-Wreturn-type-c-linkage]
 38762 | sonic_native_model_pipeline(katana::runtime::NativePortContext& context) noexcept {
       | ^
C:/Users/ultim/Desktop/Sonic Adventure Recompiled/src/native_title_adapter.cpp:38777:1: warning: 'sonic_native_model_pipeline_8c037098' has C-linkage specified, but returns user-defined type 'katana::runtime::NativePortHookResult' which is incompatible with C [-Wreturn-type-c-linkage]
 38777 | sonic_native_model_pipeline_8c037098(katana::runtime::NativePortContext& context) noexcept {return sonic_native_model_pipeline(context);}
       | ^
C:/Users/ultim/Desktop/Sonic Adventure Recompiled/src/native_title_adapter.cpp:38779:1: warning: 'sonic_native_model_pipeline_8c037108' has C-linkage specified, but returns user-defined type 'katana::runtime::NativePortHookResult' which is incompatible with C [-Wreturn-type-c-linkage]
 38779 | sonic_native_model_pipeline_8c037108(katana::runtime::NativePortContext& context) noexcept {return sonic_native_model_pipeline(context);}
       | ^
C:/Users/ultim/Desktop/Sonic Adventure Recompiled/src/native_title_adapter.cpp:38784:1: warning: 'sonic_native_draw_polygon' has C-linkage specified, but returns user-defined type 'katana::runtime::NativePortHookResult' which is incompatible with C [-Wreturn-type-c-linkage]
 38784 | sonic_native_draw_polygon(
       | ^
C:/Users/ultim/Desktop/Sonic Adventure Recompiled/src/native_title_adapter.cpp:38790:1: warning: 'sonic_native_draw_texture' has C-linkage specified, but returns user-defined type 'katana::runtime::NativePortHookResult' which is incompatible with C [-Wreturn-type-c-linkage]
 38790 | sonic_native_draw_texture(
       | ^
C:/Users/ultim/Desktop/Sonic Adventure Recompiled/src/native_title_adapter.cpp:38796:1: warning: 'sonic_native_draw_textureh' has C-linkage specified, but returns user-defined type 'katana::runtime::NativePortHookResult' which is incompatible with C [-Wreturn-type-c-linkage]
 38796 | sonic_native_draw_textureh(
       | ^
C:/Users/ultim/Desktop/Sonic Adventure Recompiled/src/native_title_adapter.cpp:38802:1: warning: 'sonic_native_draw_pretransformed_dispatch' has C-linkage specified, but returns user-defined type 'katana::runtime::NativePortHookResult' which is incompatible with C [-Wreturn-type-c-linkage]
 38802 | sonic_native_draw_pretransformed_dispatch(
       | ^
C:/Users/ultim/Desktop/Sonic Adventure Recompiled/src/native_title_adapter.cpp:39160:1: warning: 'sonic_native_draw_pretransformed_line_dispatch' has C-linkage specified, but returns user-defined type 'katana::runtime::NativePortHookResult' which is incompatible with C [-Wreturn-type-c-linkage]
 39160 | sonic_native_draw_pretransformed_line_dispatch(
       | ^
C:/Users/ultim/Desktop/Sonic Adventure Recompiled/src/native_title_adapter.cpp:39716:1: warning: 'sonic_native_draw_pretransformed_colored' has C-linkage specified, but returns user-defined type 'katana::runtime::NativePortHookResult' which is incompatible with C [-Wreturn-type-c-linkage]
 39716 | sonic_native_draw_pretransformed_colored(
       | ^
C:/Users/ultim/Desktop/Sonic Adventure Recompiled/src/native_title_adapter.cpp:39722:1: warning: 'sonic_native_draw_pretransformed_textured' has C-linkage specified, but returns user-defined type 'katana::runtime::NativePortHookResult' which is incompatible with C [-Wreturn-type-c-linkage]
 39722 | sonic_native_draw_pretransformed_textured(
       | ^
C:/Users/ultim/Desktop/Sonic Adventure Recompiled/src/native_title_adapter.cpp:41066:1: warning: 'sonic_native_draw_sprite_2d' has C-linkage specified, but returns user-defined type 'katana::runtime::NativePortHookResult' which is incompatible with C [-Wreturn-type-c-linkage]
 41066 | sonic_native_draw_sprite_2d(
       | ^
C:/Users/ultim/Desktop/Sonic Adventure Recompiled/src/native_title_adapter.cpp:41072:1: warning: 'sonic_native_draw_sprite_3d' has C-linkage specified, but returns user-defined type 'katana::runtime::NativePortHookResult' which is incompatible with C [-Wreturn-type-c-linkage]
 41072 | sonic_native_draw_sprite_3d(
       | ^
C:/Users/ultim/Desktop/Sonic Adventure Recompiled/src/native_title_adapter.cpp:41078:1: warning: 'sonic_native_draw_route_sprite_3d' has C-linkage specified, but returns user-defined type 'katana::runtime::NativePortHookResult' which is incompatible with C [-Wreturn-type-c-linkage]
 41078 | sonic_native_draw_route_sprite_3d(
       | ^
C:/Users/ultim/Desktop/Sonic Adventure Recompiled/src/native_title_adapter.cpp:41529:1: warning: 'sonic_native_draw_glyph_text' has C-linkage specified, but returns user-defined type 'katana::runtime::NativePortHookResult' which is incompatible with C [-Wreturn-type-c-linkage]
 41529 | sonic_native_draw_glyph_text(
       | ^
C:/Users/ultim/Desktop/Sonic Adventure Recompiled/src/native_title_adapter.cpp:41535:1: warning: 'sonic_native_draw_glyph_decimal' has C-linkage specified, but returns user-defined type 'katana::runtime::NativePortHookResult' which is incompatible with C [-Wreturn-type-c-linkage]
 41535 | sonic_native_draw_glyph_decimal(
       | ^
C:/Users/ultim/Desktop/Sonic Adventure Recompiled/src/native_title_adapter.cpp:41541:1: warning: 'sonic_native_draw_glyph_nibbles' has C-linkage specified, but returns user-defined type 'katana::runtime::NativePortHookResult' which is incompatible with C [-Wreturn-type-c-linkage]
 41541 | sonic_native_draw_glyph_nibbles(
       | ^
C:/Users/ultim/Desktop/Sonic Adventure Recompiled/src/native_title_adapter.cpp:41547:1: warning: 'sonic_native_draw_resident_glyph_text' has C-linkage specified, but returns user-defined type 'katana::runtime::NativePortHookResult' which is incompatible with C [-Wreturn-type-c-linkage]
 41547 | sonic_native_draw_resident_glyph_text(
       | ^
C:/Users/ultim/Desktop/Sonic Adventure Recompiled/src/native_title_adapter.cpp:41554:1: warning: 'sonic_native_draw_resident_glyph_foreground' has C-linkage specified, but returns user-defined type 'katana::runtime::NativePortHookResult' which is incompatible with C [-Wreturn-type-c-linkage]
 41554 | sonic_native_draw_resident_glyph_foreground(
       | ^
C:/Users/ultim/Desktop/Sonic Adventure Recompiled/src/native_title_adapter.cpp:41561:1: warning: 'sonic_native_draw_resident_glyph_decimal' has C-linkage specified, but returns user-defined type 'katana::runtime::NativePortHookResult' which is incompatible with C [-Wreturn-type-c-linkage]
 41561 | sonic_native_draw_resident_glyph_decimal(
       | ^
C:/Users/ultim/Desktop/Sonic Adventure Recompiled/src/native_title_adapter.cpp:41568:1: warning: 'sonic_native_draw_resident_glyph_binary' has C-linkage specified, but returns user-defined type 'katana::runtime::NativePortHookResult' which is incompatible with C [-Wreturn-type-c-linkage]
 41568 | sonic_native_draw_resident_glyph_binary(
       | ^
C:/Users/ultim/Desktop/Sonic Adventure Recompiled/src/native_title_adapter.cpp:41575:1: warning: 'sonic_native_draw_resident_glyph_nibbles' has C-linkage specified, but returns user-defined type 'katana::runtime::NativePortHookResult' which is incompatible with C [-Wreturn-type-c-linkage]
 41575 | sonic_native_draw_resident_glyph_nibbles(
       | ^
C:/Users/ultim/Desktop/Sonic Adventure Recompiled/src/native_title_adapter.cpp:41582:1: warning: 'sonic_native_draw_resident_glyph_float' has C-linkage specified, but returns user-defined type 'katana::runtime::NativePortHookResult' which is incompatible with C [-Wreturn-type-c-linkage]
 41582 | sonic_native_draw_resident_glyph_float(
       | ^
C:/Users/ultim/Desktop/Sonic Adventure Recompiled/src/native_title_adapter.cpp:41898:1: warning: 'sonic_native_frame_begin' has C-linkage specified, but returns user-defined type 'katana::runtime::NativePortHookResult' which is incompatible with C [-Wreturn-type-c-linkage]
 41898 | sonic_native_frame_begin(
       | ^
C:/Users/ultim/Desktop/Sonic Adventure Recompiled/src/native_title_adapter.cpp:42231:1: warning: 'sonic_native_frame_producer_complete' has C-linkage specified, but returns user-defined type 'katana::runtime::NativePortHookResult' which is incompatible with C [-Wreturn-type-c-linkage]
 42231 | sonic_native_frame_producer_complete(
       | ^
C:/Users/ultim/Desktop/Sonic Adventure Recompiled/src/native_title_adapter.cpp:42263:1: warning: 'sonic_native_frame_producer_wait' has C-linkage specified, but returns user-defined type 'katana::runtime::NativePortHookResult' which is incompatible with C [-Wreturn-type-c-linkage]
 42263 | sonic_native_frame_producer_wait(
       | ^
C:/Users/ultim/Desktop/Sonic Adventure Recompiled/src/native_title_adapter.cpp:42299:1: warning: 'sonic_native_scene_begin' has C-linkage specified, but returns user-defined type 'katana::runtime::NativePortHookResult' which is incompatible with C [-Wreturn-type-c-linkage]
 42299 | sonic_native_scene_begin(
       | ^
C:/Users/ultim/Desktop/Sonic Adventure Recompiled/src/native_title_adapter.cpp:42360:1: warning: 'sonic_native_frame_turnover' has C-linkage specified, but returns user-defined type 'katana::runtime::NativePortHookResult' which is incompatible with C [-Wreturn-type-c-linkage]
 42360 | sonic_native_frame_turnover(
       | ^
C:/Users/ultim/Desktop/Sonic Adventure Recompiled/src/native_title_adapter.cpp:42484:1: warning: 'sonic_native_kamui_present_drain' has C-linkage specified, but returns user-defined type 'katana::runtime::NativePortHookResult' which is incompatible with C [-Wreturn-type-c-linkage]
 42484 | sonic_native_kamui_present_drain(
       | ^
C:/Users/ultim/Desktop/Sonic Adventure Recompiled/src/native_title_adapter.cpp:42532:1: warning: 'sonic_native_waypoint_probe' has C-linkage specified, but returns user-defined type 'katana::runtime::NativePortHookResult' which is incompatible with C [-Wreturn-type-c-linkage]
 42532 | sonic_native_waypoint_probe(
       | ^
C:/Users/ultim/Desktop/Sonic Adventure Recompiled/src/native_title_adapter.cpp:42559:1: warning: 'sonic_native_waypoint_title_dispatch' has C-linkage specified, but returns user-defined type 'katana::runtime::NativePortHookResult' which is incompatible with C [-Wreturn-type-c-linkage]
 42559 | sonic_native_waypoint_title_dispatch(
       | ^
C:/Users/ultim/Desktop/Sonic Adventure Recompiled/src/native_title_adapter.cpp:42565:1: warning: 'sonic_native_waypoint_frame_dispatch' has C-linkage specified, but returns user-defined type 'katana::runtime::NativePortHookResult' which is incompatible with C [-Wreturn-type-c-linkage]
 42565 | sonic_native_waypoint_frame_dispatch(
       | ^
C:/Users/ultim/Desktop/Sonic Adventure Recompiled/src/native_title_adapter.cpp:42728:1: warning: 'sonic_native_pvr_asic_interrupt_normal_acknowledge_8_8c6047ba' has C-linkage specified, but returns user-defined type 'katana::runtime::NativePortHookResult' which is incompatible with C [-Wreturn-type-c-linkage]
 42728 | sonic_native_pvr_asic_interrupt_normal_acknowledge_8_8c6047ba(
       | ^
C:/Users/ultim/Desktop/Sonic Adventure Recompiled/src/native_title_adapter.cpp:42735:1: warning: 'sonic_native_pvr_softreset_write_1_8c653388' has C-linkage specified, but returns user-defined type 'katana::runtime::NativePortHookResult' which is incompatible with C [-Wreturn-type-c-linkage]
 42735 | sonic_native_pvr_softreset_write_1_8c653388(
       | ^
C:/Users/ultim/Desktop/Sonic Adventure Recompiled/src/native_title_adapter.cpp:42804:1: warning: 'sonic_native_pvr_asic_interrupt_error_acknowledge_4' has C-linkage specified, but returns user-defined type 'katana::runtime::NativePortHookResult' which is incompatible with C [-Wreturn-type-c-linkage]
 42804 | sonic_native_pvr_asic_interrupt_error_acknowledge_4(
       | ^
C:/Users/ultim/Desktop/Sonic Adventure Recompiled/src/native_title_adapter.cpp:42811:1: warning: 'sonic_native_pvr_asic_interrupt_error_acknowledge_8' has C-linkage specified, but returns user-defined type 'katana::runtime::NativePortHookResult' which is incompatible with C [-Wreturn-type-c-linkage]
 42811 | sonic_native_pvr_asic_interrupt_error_acknowledge_8(
       | ^
C:/Users/ultim/Desktop/Sonic Adventure Recompiled/src/native_title_adapter.cpp:42818:1: warning: 'sonic_native_pvr_asic_error_acknowledge' has C-linkage specified, but returns user-defined type 'katana::runtime::NativePortHookResult' which is incompatible with C [-Wreturn-type-c-linkage]
 42818 | sonic_native_pvr_asic_error_acknowledge(
       | ^
C:/Users/ultim/Desktop/Sonic Adventure Recompiled/src/native_title_adapter.cpp:42899:1: warning: 'sonic_native_platform_interrupt_normal_mask_seed' has C-linkage specified, but returns user-defined type 'katana::runtime::NativePortHookResult' which is incompatible with C [-Wreturn-type-c-linkage]
 42899 | sonic_native_platform_interrupt_normal_mask_seed(
       | ^
C:/Users/ultim/Desktop/Sonic Adventure Recompiled/src/native_title_adapter.cpp:42960:1: warning: 'sonic_native_platform_interrupt_normal_mask_initialize' has C-linkage specified, but returns user-defined type 'katana::runtime::NativePortHookResult' which is incompatible with C [-Wreturn-type-c-linkage]
 42960 | sonic_native_platform_interrupt_normal_mask_initialize(
       | ^
C:/Users/ultim/Desktop/Sonic Adventure Recompiled/src/native_title_adapter.cpp:43101:1: warning: 'sonic_native_pvr_asic_channel_setup' has C-linkage specified, but returns user-defined type 'katana::runtime::NativePortHookResult' which is incompatible with C [-Wreturn-type-c-linkage]
 43101 | sonic_native_pvr_asic_channel_setup(
       | ^
C:/Users/ultim/Desktop/Sonic Adventure Recompiled/src/native_title_adapter.cpp:43218:1: warning: 'sonic_native_pvr_asic_service' has C-linkage specified, but returns user-defined type 'katana::runtime::NativePortHookResult' which is incompatible with C [-Wreturn-type-c-linkage]
 43218 | sonic_native_pvr_asic_service(
       | ^
C:/Users/ultim/Desktop/Sonic Adventure Recompiled/src/native_title_adapter.cpp:43273:1: warning: 'sonic_native_pvr_asic_scheduler' has C-linkage specified, but returns user-defined type 'katana::runtime::NativePortHookResult' which is incompatible with C [-Wreturn-type-c-linkage]
 43273 | sonic_native_pvr_asic_scheduler(
       | ^
C:/Users/ultim/Desktop/Sonic Adventure Recompiled/src/native_title_adapter.cpp:43305:1: warning: 'sonic_native_pvr_asic_dispatch' has C-linkage specified, but returns user-defined type 'katana::runtime::NativePortHookResult' which is incompatible with C [-Wreturn-type-c-linkage]
 43305 | sonic_native_pvr_asic_dispatch(
       | ^
C:/Users/ultim/Desktop/Sonic Adventure Recompiled/src/native_title_adapter.cpp:43339:1: warning: 'sonic_native_g2_bus_configure' has C-linkage specified, but returns user-defined type 'katana::runtime::NativePortHookResult' which is incompatible with C [-Wreturn-type-c-linkage]
 43339 | sonic_native_g2_bus_configure(
       | ^
C:/Users/ultim/Desktop/Sonic Adventure Recompiled/src/native_title_adapter.cpp:43819:1: warning: 'sonic_native_ninja_resident_model_draw_8c6107f0' has C-linkage specified, but returns user-defined type 'katana::runtime::NativePortHookResult' which is incompatible with C [-Wreturn-type-c-linkage]
 43819 | sonic_native_ninja_resident_model_draw_8c6107f0(
       | ^
C:/Users/ultim/Desktop/Sonic Adventure Recompiled/src/native_title_adapter.cpp:43826:1: warning: 'sonic_native_ninja_basic_model_draw_8c6214fa' has C-linkage specified, but returns user-defined type 'katana::runtime::NativePortHookResult' which is incompatible with C [-Wreturn-type-c-linkage]
 43826 | sonic_native_ninja_basic_model_draw_8c6214fa(
       | ^
C:/Users/ultim/Desktop/Sonic Adventure Recompiled/src/native_title_adapter.cpp:43833:1: warning: 'sonic_native_ninja_basic_model_draw_8c638d72' has C-linkage specified, but returns user-defined type 'katana::runtime::NativePortHookResult' which is incompatible with C [-Wreturn-type-c-linkage]
 43833 | sonic_native_ninja_basic_model_draw_8c638d72(
       | ^
232 warnings generated.
[7/27] Generating generated/movement-contact-bridge/private-original.cpp
SONIC_MOVEMENT_CONTACT_BRIDGE_READY owners=147 public=0
[8/27] Building CXX object CMakeFiles/sonic_linux_title.dir/src/sonic_movement_contact.cpp.o
[9/27] Building CXX object CMakeFiles/sonic_linux_guest.dir/generated/movement-contact-bridge/unit-v8C073018-8C073018-457a60bdbd02a56b.cpp.o
[10/27] Building CXX object CMakeFiles/sonic_linux_guest.dir/generated/movement-contact-bridge/unit-v8C074214-8C075154-1bc56e9d4bd882fb.cpp.o
[11/27] Building CXX object CMakeFiles/sonic_linux_guest.dir/generated/movement-contact-bridge/unit-v8C033122-8C0342E0-7edcb8468a2b4534.cpp.o
[12/27] Building CXX object CMakeFiles/sonic_linux_guest.dir/generated/movement-contact-bridge/unit-v8C01995E-8C01AAE0-6cf3d8aa9df0e7a3.cpp.o
[13/27] Linking CXX static library libsonic_linux_title.a
[14/27] Building CXX object CMakeFiles/sonic-camera-operation-tests.dir/tools/test_camera_operation.cpp.o
[15/27] Building CXX object CMakeFiles/sonic-camera-operation-tests.dir/src/sonic_movement_contact.cpp.o
[16/27] Building CXX object CMakeFiles/sonic-camera-operation-tests.dir/generated/animation-hierarchy/animation-reference-interpreter.cpp.o
[17/27] Building CXX object CMakeFiles/sonic-camera-operation-tests.dir/.local/linux-sdk/src/decoder/decoder.cpp.o
[18/27] Building CXX object CMakeFiles/sonic-camera-operation-tests.dir/.local/linux-sdk/src/decoder/instruction_metadata.cpp.o
[19/27] Building CXX object CMakeFiles/sonic_linux_guest.dir/generated/movement-contact-bridge/private-original.cpp.o
[20/27] Linking CXX static library libsonic_linux_guest.a
[21/27] Building CXX object CMakeFiles/game.dir/launcher/main.cpp.o
In file included from C:/Users/ultim/Desktop/Sonic Adventure Recompiled/launcher/main.cpp:1:
C:/Users/ultim/Desktop/Sonic Adventure Recompiled/.local/working-product/generated/include/katana_port.hpp:15:1: warning: 'katana_native_invoke_original' has C-linkage specified, but returns user-defined type 'katana::runtime::NativePortHookResult' which is incompatible with C [-Wreturn-type-c-linkage]
   15 | katana_native_invoke_original(
      | ^
C:/Users/ultim/Desktop/Sonic Adventure Recompiled/.local/working-product/generated/include/katana_port.hpp:19:1: warning: 'katana_native_invoke_callback' has C-linkage specified, but returns user-defined type 'katana::runtime::NativePortHookResult' which is incompatible with C [-Wreturn-type-c-linkage]
   19 | katana_native_invoke_callback(
      | ^
In file included from C:/Users/ultim/Desktop/Sonic Adventure Recompiled/launcher/main.cpp:16:
C:/Users/ultim/Desktop/Sonic Adventure Recompiled/launcher/sonic_errors.hpp:69:86: warning: 'codecvt_utf8<wchar_t>' is deprecated [-Wdeprecated-declarations]
   69 |         const int language=menu::effective_text_language();std::wstring_convert<std::codecvt_utf8<wchar_t>> utf8;
      |                                                                                      ^
C:\Users\ultim\Desktop\Sonic Adventure Recompiled\.local\linux-deps\zig\zig-x86_64-windows-0.16.0\lib\libcxx\include/codecvt:199:7: note: 'codecvt_utf8<wchar_t>' has been explicitly marked deprecated here
  199 | class _LIBCPP_DEPRECATED_IN_CXX17 codecvt_utf8 : public __codecvt_utf8<_Elem> {
      |       ^
C:\Users\ultim\Desktop\Sonic Adventure Recompiled\.local\linux-deps\zig\zig-x86_64-windows-0.16.0\lib\libcxx\include/__config:743:41: note: expanded from macro '_LIBCPP_DEPRECATED_IN_CXX17'
  743 | #    define _LIBCPP_DEPRECATED_IN_CXX17 _LIBCPP_DEPRECATED
      |                                         ^
C:\Users\ultim\Desktop\Sonic Adventure Recompiled\.local\linux-deps\zig\zig-x86_64-windows-0.16.0\lib\libcxx\include/__config:716:49: note: expanded from macro '_LIBCPP_DEPRECATED'
  716 | #      define _LIBCPP_DEPRECATED __attribute__((__deprecated__))
      |                                                 ^
In file included from C:/Users/ultim/Desktop/Sonic Adventure Recompiled/launcher/main.cpp:16:
C:/Users/ultim/Desktop/Sonic Adventure Recompiled/launcher/sonic_errors.hpp:69:65: warning: 'wstring_convert<std::codecvt_utf8<wchar_t>>' is deprecated [-Wdeprecated-declarations]
   69 |         const int language=menu::effective_text_language();std::wstring_convert<std::codecvt_utf8<wchar_t>> utf8;
      |                                                                 ^
C:\Users\ultim\Desktop\Sonic Adventure Recompiled\.local\linux-deps\zig\zig-x86_64-windows-0.16.0\lib\libcxx\include/__locale_dir/wstring_convert.h:34:7: note: 'wstring_convert<std::codecvt_utf8<wchar_t>>' has been explicitly marked deprecated here
   34 | class _LIBCPP_DEPRECATED_IN_CXX17 wstring_convert {
      |       ^
C:\Users\ultim\Desktop\Sonic Adventure Recompiled\.local\linux-deps\zig\zig-x86_64-windows-0.16.0\lib\libcxx\include/__config:743:41: note: expanded from macro '_LIBCPP_DEPRECATED_IN_CXX17'
  743 | #    define _LIBCPP_DEPRECATED_IN_CXX17 _LIBCPP_DEPRECATED
      |                                         ^
C:\Users\ultim\Desktop\Sonic Adventure Recompiled\.local\linux-deps\zig\zig-x86_64-windows-0.16.0\lib\libcxx\include/__config:716:49: note: expanded from macro '_LIBCPP_DEPRECATED'
  716 | #      define _LIBCPP_DEPRECATED __attribute__((__deprecated__))
      |                                                 ^
C:/Users/ultim/Desktop/Sonic Adventure Recompiled/launcher/main.cpp:774:34: warning: 'u8path<const char *, 0>' is deprecated [-Wdeprecated-declarations]
  774 |                 std::filesystem::u8path(initial_state);
      |                                  ^
C:\Users\ultim\Desktop\Sonic Adventure Recompiled\.local\linux-deps\zig\zig-x86_64-windows-0.16.0\lib\libcxx\include/__filesystem/u8path.h:73:23: note: 'u8path<const char *, 0>' has been explicitly marked deprecated here
   73 | _LIBCPP_HIDE_FROM_ABI _LIBCPP_DEPRECATED_WITH_CHAR8_T path u8path(const _Source& __s) {
      |                       ^
C:\Users\ultim\Desktop\Sonic Adventure Recompiled\.local\linux-deps\zig\zig-x86_64-windows-0.16.0\lib\libcxx\include/__config:769:45: note: expanded from macro '_LIBCPP_DEPRECATED_WITH_CHAR8_T'
  769 | #    define _LIBCPP_DEPRECATED_WITH_CHAR8_T _LIBCPP_DEPRECATED
      |                                             ^
C:\Users\ultim\Desktop\Sonic Adventure Recompiled\.local\linux-deps\zig\zig-x86_64-windows-0.16.0\lib\libcxx\include/__config:716:49: note: expanded from macro '_LIBCPP_DEPRECATED'
  716 | #      define _LIBCPP_DEPRECATED __attribute__((__deprecated__))
      |                                                 ^
In file included from C:/Users/ultim/Desktop/Sonic Adventure Recompiled/launcher/main.cpp:1:
In file included from C:/Users/ultim/Desktop/Sonic Adventure Recompiled/.local/working-product/generated/include/katana_port.hpp:3:
In file included from C:/Users/ultim/Desktop/Sonic Adventure Recompiled/.local/linux-sdk/include/katana/runtime/code_address_inline.hpp:3:
In file included from C:/Users/ultim/Desktop/Sonic Adventure Recompiled/.local/linux-sdk/include/katana/runtime/block_abi.hpp:4:
In file included from C:/Users/ultim/Desktop/Sonic Adventure Recompiled/.local/linux-sdk/include/katana/runtime/runtime.hpp:4:
In file included from C:/Users/ultim/Desktop/Sonic Adventure Recompiled/.local/linux-sdk/include/katana/runtime/memory.hpp:8:
In file included from C:\Users\ultim\Desktop\Sonic Adventure Recompiled\.local\linux-deps\zig\zig-x86_64-windows-0.16.0\lib\libcxx\include/functional:601:
In file included from C:\Users\ultim\Desktop\Sonic Adventure Recompiled\.local\linux-deps\zig\zig-x86_64-windows-0.16.0\lib\libcxx\include/vector:363:
In file included from C:\Users\ultim\Desktop\Sonic Adventure Recompiled\.local\linux-deps\zig\zig-x86_64-windows-0.16.0\lib\libcxx\include/locale:203:
C:\Users\ultim\Desktop\Sonic Adventure Recompiled\.local\linux-deps\zig\zig-x86_64-windows-0.16.0\lib\libcxx\include/__locale_dir/wstring_convert.h:179:1: warning: 'wstring_convert<std::codecvt_utf8<wchar_t>>' is deprecated [-Wdeprecated-declarations]
  179 | wstring_convert<_Codecvt, _Elem, _WideAlloc, _ByteAlloc>::to_bytes(const _Elem* __frm, const _Elem* __frm_end) {
      | ^
C:\Users\ultim\Desktop\Sonic Adventure Recompiled\.local\linux-deps\zig\zig-x86_64-windows-0.16.0\lib\libcxx\include/__locale_dir/wstring_convert.h:83:12: note: in instantiation of member function 'std::wstring_convert<std::codecvt_utf8<wchar_t>>::to_bytes' requested here
   83 |     return to_bytes(__wstr.data(), __wstr.data() + __wstr.size());
      |            ^
C:/Users/ultim/Desktop/Sonic Adventure Recompiled/launcher/sonic_errors.hpp:70:30: note: in instantiation of member function 'std::wstring_convert<std::codecvt_utf8<wchar_t>>::to_bytes' requested here
   70 |         const auto body=utf8.to_bytes(label(diagnostics::failure.load()==diagnostics::Failure::Graphics?"graphics_stopped":"game_stopped",language)+L"\n\n"+label("diagnostics_help",language));
      |                              ^
C:\Users\ultim\Desktop\Sonic Adventure Recompiled\.local\linux-deps\zig\zig-x86_64-windows-0.16.0\lib\libcxx\include/__locale_dir/wstring_convert.h:34:7: note: 'wstring_convert<std::codecvt_utf8<wchar_t>>' has been explicitly marked deprecated here
   34 | class _LIBCPP_DEPRECATED_IN_CXX17 wstring_convert {
      |       ^
C:\Users\ultim\Desktop\Sonic Adventure Recompiled\.local\linux-deps\zig\zig-x86_64-windows-0.16.0\lib\libcxx\include/__config:743:41: note: expanded from macro '_LIBCPP_DEPRECATED_IN_CXX17'
  743 | #    define _LIBCPP_DEPRECATED_IN_CXX17 _LIBCPP_DEPRECATED
      |                                         ^
C:\Users\ultim\Desktop\Sonic Adventure Recompiled\.local\linux-deps\zig\zig-x86_64-windows-0.16.0\lib\libcxx\include/__config:716:49: note: expanded from macro '_LIBCPP_DEPRECATED'
  716 | #      define _LIBCPP_DEPRECATED __attribute__((__deprecated__))
      |                                                 ^
6 warnings generated.
[22/27] Linking CXX executable game
[23/27] Building CXX object CMakeFiles/sonic-camera-operation-tests.dir/generated/movement-contact-bridge/private-original.cpp.o
[24/27] Linking CXX executable sonic-camera-operation-tests
