ninja: Entering directory `C:\Users\ultim\Desktop\Sonic Adventure Recompiled\build-performance'
[1/13] Generating generated/movement-contact-bridge/unit-v8C074214-8C075154-1bc56e9d4bd882fb.cpp
SONIC_MOVEMENT_CONTACT_BRIDGE_READY owners=0 public=1
[2/13] Generating generated/movement-contact-bridge/unit-v8C073018-8C073018-457a60bdbd02a56b.cpp
SONIC_MOVEMENT_CONTACT_BRIDGE_READY owners=0 public=1
[3/13] Generating generated/movement-contact-bridge/unit-v8C033122-8C0342E0-7edcb8468a2b4534.cpp
SONIC_MOVEMENT_CONTACT_BRIDGE_READY owners=0 public=1
[4/13] Building CXX object CMakeFiles\katana_native_title_adapter.dir\src\sonic_movement_contact.cpp.obj
In file included from C:\Users\ultim\Desktop\Sonic Adventure Recompiled\src\sonic_movement_contact.cpp:1:
In file included from C:\Users\ultim\Desktop\Sonic Adventure Recompiled\src\sonic_movement_contact.hpp:3:
C:\Users\ultim\Desktop\Sonic Adventure Recompiled\src\sonic_internal_diagnostics.hpp(28,67): warning: 'getenv' is deprecated: This function or variable may be unsafe. Consider using _dupenv_s instead. To disable deprecation, use _CRT_SECURE_NO_WARNINGS. See online help for details. [-Wdeprecated-declarations]
   28 |     internal_runtime_enabled = read_internal_policy(program, std::getenv("SARECOMP_INTERNAL_DIAGNOSTICS"));
      |                                                                   ^
C:\Program Files (x86)\Windows Kits\10\Include\10.0.26100.0\ucrt\stdlib.h(1183,20): note: 'getenv' has been explicitly marked deprecated here
 1183 |     _Check_return_ _CRT_INSECURE_DEPRECATE(_dupenv_s)
      |                    ^
C:\Program Files (x86)\Microsoft Visual Studio\2022\BuildTools\VC\Tools\MSVC\14.44.35207\include\vcruntime.h(368,55): note: expanded from macro '_CRT_INSECURE_DEPRECATE'
  368 |         #define _CRT_INSECURE_DEPRECATE(_Replacement) _CRT_DEPRECATE_TEXT(    \
      |                                                       ^
C:\Program Files (x86)\Microsoft Visual Studio\2022\BuildTools\VC\Tools\MSVC\14.44.35207\include\vcruntime.h(358,47): note: expanded from macro '_CRT_DEPRECATE_TEXT'
  358 | #define _CRT_DEPRECATE_TEXT(_Text) __declspec(deprecated(_Text))
      |                                               ^
In file included from C:\Users\ultim\Desktop\Sonic Adventure Recompiled\src\sonic_movement_contact.cpp:1:
In file included from C:\Users\ultim\Desktop\Sonic Adventure Recompiled\src\sonic_movement_contact.hpp:4:
C:\Users\ultim\Desktop\Sonic Adventure Recompiled\src\sonic_native_cpu_policy.hpp(11,30): warning: 'getenv' is deprecated: This function or variable may be unsafe. Consider using _dupenv_s instead. To disable deprecation, use _CRT_SECURE_NO_WARNINGS. See online help for details. [-Wdeprecated-declarations]
   11 |     const char* group = std::getenv("SARECOMP_NATIVE_CPU_PATHS");
      |                              ^
C:\Program Files (x86)\Windows Kits\10\Include\10.0.26100.0\ucrt\stdlib.h(1183,20): note: 'getenv' has been explicitly marked deprecated here
 1183 |     _Check_return_ _CRT_INSECURE_DEPRECATE(_dupenv_s)
      |                    ^
C:\Program Files (x86)\Microsoft Visual Studio\2022\BuildTools\VC\Tools\MSVC\14.44.35207\include\vcruntime.h(368,55): note: expanded from macro '_CRT_INSECURE_DEPRECATE'
  368 |         #define _CRT_INSECURE_DEPRECATE(_Replacement) _CRT_DEPRECATE_TEXT(    \
      |                                                       ^
C:\Program Files (x86)\Microsoft Visual Studio\2022\BuildTools\VC\Tools\MSVC\14.44.35207\include\vcruntime.h(358,47): note: expanded from macro '_CRT_DEPRECATE_TEXT'
  358 | #define _CRT_DEPRECATE_TEXT(_Text) __declspec(deprecated(_Text))
      |                                               ^
In file included from C:\Users\ultim\Desktop\Sonic Adventure Recompiled\src\sonic_movement_contact.cpp:1:
In file included from C:\Users\ultim\Desktop\Sonic Adventure Recompiled\src\sonic_movement_contact.hpp:4:
C:\Users\ultim\Desktop\Sonic Adventure Recompiled\src\sonic_native_cpu_policy.hpp(13,30): warning: 'getenv' is deprecated: This function or variable may be unsafe. Consider using _dupenv_s instead. To disable deprecation, use _CRT_SECURE_NO_WARNINGS. See online help for details. [-Wdeprecated-declarations]
   13 |     const char* value = std::getenv(option);
      |                              ^
C:\Program Files (x86)\Windows Kits\10\Include\10.0.26100.0\ucrt\stdlib.h(1183,20): note: 'getenv' has been explicitly marked deprecated here
 1183 |     _Check_return_ _CRT_INSECURE_DEPRECATE(_dupenv_s)
      |                    ^
C:\Program Files (x86)\Microsoft Visual Studio\2022\BuildTools\VC\Tools\MSVC\14.44.35207\include\vcruntime.h(368,55): note: expanded from macro '_CRT_INSECURE_DEPRECATE'
  368 |         #define _CRT_INSECURE_DEPRECATE(_Replacement) _CRT_DEPRECATE_TEXT(    \
      |                                                       ^
C:\Program Files (x86)\Microsoft Visual Studio\2022\BuildTools\VC\Tools\MSVC\14.44.35207\include\vcruntime.h(358,47): note: expanded from macro '_CRT_DEPRECATE_TEXT'
  358 | #define _CRT_DEPRECATE_TEXT(_Text) __declspec(deprecated(_Text))
      |                                               ^
In file included from C:\Users\ultim\Desktop\Sonic Adventure Recompiled\src\sonic_movement_contact.cpp:1:
C:\Users\ultim\Desktop\Sonic Adventure Recompiled\src\sonic_movement_contact.hpp(14,49): warning: 'getenv' is deprecated: This function or variable may be unsafe. Consider using _dupenv_s instead. To disable deprecation, use _CRT_SECURE_NO_WARNINGS. See online help for details. [-Wdeprecated-declarations]
   14 |     static const bool on=[] {const auto* v=std::getenv("SARECOMP_NATIVE_MOVEMENT_CONTACT");
      |                                                 ^
C:\Program Files (x86)\Windows Kits\10\Include\10.0.26100.0\ucrt\stdlib.h(1183,20): note: 'getenv' has been explicitly marked deprecated here
 1183 |     _Check_return_ _CRT_INSECURE_DEPRECATE(_dupenv_s)
      |                    ^
C:\Program Files (x86)\Microsoft Visual Studio\2022\BuildTools\VC\Tools\MSVC\14.44.35207\include\vcruntime.h(368,55): note: expanded from macro '_CRT_INSECURE_DEPRECATE'
  368 |         #define _CRT_INSECURE_DEPRECATE(_Replacement) _CRT_DEPRECATE_TEXT(    \
      |                                                       ^
C:\Program Files (x86)\Microsoft Visual Studio\2022\BuildTools\VC\Tools\MSVC\14.44.35207\include\vcruntime.h(358,47): note: expanded from macro '_CRT_DEPRECATE_TEXT'
  358 | #define _CRT_DEPRECATE_TEXT(_Text) __declspec(deprecated(_Text))
      |                                               ^
In file included from C:\Users\ultim\Desktop\Sonic Adventure Recompiled\src\sonic_movement_contact.cpp:1:
C:\Users\ultim\Desktop\Sonic Adventure Recompiled\src\sonic_movement_contact.hpp(20,49): warning: 'getenv' is deprecated: This function or variable may be unsafe. Consider using _dupenv_s instead. To disable deprecation, use _CRT_SECURE_NO_WARNINGS. See online help for details. [-Wdeprecated-declarations]
   20 |     static const bool on=[] {const auto* v=std::getenv("SARECOMP_NATIVE_OBJECT_CONTACT");
      |                                                 ^
C:\Program Files (x86)\Windows Kits\10\Include\10.0.26100.0\ucrt\stdlib.h(1183,20): note: 'getenv' has been explicitly marked deprecated here
 1183 |     _Check_return_ _CRT_INSECURE_DEPRECATE(_dupenv_s)
      |                    ^
C:\Program Files (x86)\Microsoft Visual Studio\2022\BuildTools\VC\Tools\MSVC\14.44.35207\include\vcruntime.h(368,55): note: expanded from macro '_CRT_INSECURE_DEPRECATE'
  368 |         #define _CRT_INSECURE_DEPRECATE(_Replacement) _CRT_DEPRECATE_TEXT(    \
      |                                                       ^
C:\Program Files (x86)\Microsoft Visual Studio\2022\BuildTools\VC\Tools\MSVC\14.44.35207\include\vcruntime.h(358,47): note: expanded from macro '_CRT_DEPRECATE_TEXT'
  358 | #define _CRT_DEPRECATE_TEXT(_Text) __declspec(deprecated(_Text))
      |                                               ^
In file included from C:\Users\ultim\Desktop\Sonic Adventure Recompiled\src\sonic_movement_contact.cpp:2:
C:\Users\ultim\Desktop\Sonic Adventure Recompiled\src\sonic_scalar_write_view.hpp(30,30): warning: 'getenv' is deprecated: This function or variable may be unsafe. Consider using _dupenv_s instead. To disable deprecation, use _CRT_SECURE_NO_WARNINGS. See online help for details. [-Wdeprecated-declarations]
   30 |         const char* p = std::getenv("SARECOMP_SCALAR_WRITES");
      |                              ^
C:\Program Files (x86)\Windows Kits\10\Include\10.0.26100.0\ucrt\stdlib.h(1183,20): note: 'getenv' has been explicitly marked deprecated here
 1183 |     _Check_return_ _CRT_INSECURE_DEPRECATE(_dupenv_s)
      |                    ^
C:\Program Files (x86)\Microsoft Visual Studio\2022\BuildTools\VC\Tools\MSVC\14.44.35207\include\vcruntime.h(368,55): note: expanded from macro '_CRT_INSECURE_DEPRECATE'
  368 |         #define _CRT_INSECURE_DEPRECATE(_Replacement) _CRT_DEPRECATE_TEXT(    \
      |                                                       ^
C:\Program Files (x86)\Microsoft Visual Studio\2022\BuildTools\VC\Tools\MSVC\14.44.35207\include\vcruntime.h(358,47): note: expanded from macro '_CRT_DEPRECATE_TEXT'
  358 | #define _CRT_DEPRECATE_TEXT(_Text) __declspec(deprecated(_Text))
      |                                               ^
In file included from C:\Users\ultim\Desktop\Sonic Adventure Recompiled\src\sonic_movement_contact.cpp:2:
C:\Users\ultim\Desktop\Sonic Adventure Recompiled\src\sonic_scalar_write_view.hpp(38,30): warning: 'getenv' is deprecated: This function or variable may be unsafe. Consider using _dupenv_s instead. To disable deprecation, use _CRT_SECURE_NO_WARNINGS. See online help for details. [-Wdeprecated-declarations]
   38 |         const char* p = std::getenv("SARECOMP_STACK_FRAMES");
      |                              ^
C:\Program Files (x86)\Windows Kits\10\Include\10.0.26100.0\ucrt\stdlib.h(1183,20): note: 'getenv' has been explicitly marked deprecated here
 1183 |     _Check_return_ _CRT_INSECURE_DEPRECATE(_dupenv_s)
      |                    ^
C:\Program Files (x86)\Microsoft Visual Studio\2022\BuildTools\VC\Tools\MSVC\14.44.35207\include\vcruntime.h(368,55): note: expanded from macro '_CRT_INSECURE_DEPRECATE'
  368 |         #define _CRT_INSECURE_DEPRECATE(_Replacement) _CRT_DEPRECATE_TEXT(    \
      |                                                       ^
C:\Program Files (x86)\Microsoft Visual Studio\2022\BuildTools\VC\Tools\MSVC\14.44.35207\include\vcruntime.h(358,47): note: expanded from macro '_CRT_DEPRECATE_TEXT'
  358 | #define _CRT_DEPRECATE_TEXT(_Text) __declspec(deprecated(_Text))
      |                                               ^
In file included from C:\Users\ultim\Desktop\Sonic Adventure Recompiled\src\sonic_movement_contact.cpp:2:
C:\Users\ultim\Desktop\Sonic Adventure Recompiled\src\sonic_scalar_write_view.hpp(46,30): warning: 'getenv' is deprecated: This function or variable may be unsafe. Consider using _dupenv_s instead. To disable deprecation, use _CRT_SECURE_NO_WARNINGS. See online help for details. [-Wdeprecated-declarations]
   46 |         const char* p = std::getenv("SARECOMP_RAM_REGIONS");
      |                              ^
C:\Program Files (x86)\Windows Kits\10\Include\10.0.26100.0\ucrt\stdlib.h(1183,20): note: 'getenv' has been explicitly marked deprecated here
 1183 |     _Check_return_ _CRT_INSECURE_DEPRECATE(_dupenv_s)
      |                    ^
C:\Program Files (x86)\Microsoft Visual Studio\2022\BuildTools\VC\Tools\MSVC\14.44.35207\include\vcruntime.h(368,55): note: expanded from macro '_CRT_INSECURE_DEPRECATE'
  368 |         #define _CRT_INSECURE_DEPRECATE(_Replacement) _CRT_DEPRECATE_TEXT(    \
      |                                                       ^
C:\Program Files (x86)\Microsoft Visual Studio\2022\BuildTools\VC\Tools\MSVC\14.44.35207\include\vcruntime.h(358,47): note: expanded from macro '_CRT_DEPRECATE_TEXT'
  358 | #define _CRT_DEPRECATE_TEXT(_Text) __declspec(deprecated(_Text))
      |                                               ^
C:\Users\ultim\Desktop\Sonic Adventure Recompiled\src\sonic_movement_contact.cpp(31,6): warning: unused function 'nonnegative' [-Wunused-function]
   31 | bool nonnegative(std::uint32_t value) noexcept {return !(value&0x80000000u);}
      |      ^~~~~~~~~~~
C:\Users\ultim\Desktop\Sonic Adventure Recompiled\src\sonic_movement_contact.cpp(33,15): warning: unused function 'signed16' [-Wunused-function]
   33 | std::uint32_t signed16(std::uint16_t v) noexcept {return std::uint32_t(std::int32_t(std::bit_cast<std::int16_t>(v)));}
      |               ^~~~~~~~
10 warnings generated.
[5/13] Building CXX object CMakeFiles\katana_native_title_adapter.dir\src\native_title_adapter.cpp.obj
In file included from C:\Users\ultim\Desktop\Sonic Adventure Recompiled\src\native_title_adapter.cpp:22:
C:\Users\ultim\Desktop\Sonic Adventure Recompiled\src\sonic_qsound_reverb_medium.hpp(329,21): warning: result of comparison of constant 1152921504606846975 with expression of type 'const std::uint32_t' (aka 'const unsigned int') is always false [-Wtautological-constant-out-of-range-compare]
  329 |         frame_count >
      |         ~~~~~~~~~~~ ^
  330 |             std::numeric_limits<std::size_t>::max() / effect_bus_count)
      |             ~~~~~~~~~~~~~~~~~~~~~~~~~~~~~~~~~~~~~~~~~~~~~~~~~~~~~~~~~~
In file included from C:\Users\ultim\Desktop\Sonic Adventure Recompiled\src\native_title_adapter.cpp:35:
C:\Users\ultim\Desktop\Sonic Adventure Recompiled\src\sonic_camera.hpp(15,50): warning: 'sonic_recompiled_camera_publish' has C-linkage specified, but returns user-defined type 'katana::runtime::NativePortHookResult' which is incompatible with C [-Wreturn-type-c-linkage]
   15 | extern "C" katana::runtime::NativePortHookResult sonic_recompiled_camera_publish(
      |                                                  ^
C:\Users\ultim\Desktop\Sonic Adventure Recompiled\src\sonic_camera.hpp(17,50): warning: 'sonic_recompiled_camera_original_step' has C-linkage specified, but returns user-defined type 'katana::runtime::NativePortHookResult' which is incompatible with C [-Wreturn-type-c-linkage]
   17 | extern "C" katana::runtime::NativePortHookResult sonic_recompiled_camera_original_step(
      |                                                  ^
In file included from C:\Users\ultim\Desktop\Sonic Adventure Recompiled\src\native_title_adapter.cpp:45:
C:\Users\ultim\Desktop\Sonic Adventure Recompiled\src\sonic_sound_commands.hpp(12,53): warning: 'getenv' is deprecated: This function or variable may be unsafe. Consider using _dupenv_s instead. To disable deprecation, use _CRT_SECURE_NO_WARNINGS. See online help for details. [-Wdeprecated-declarations]
   12 |     static const bool value=[] { const auto* p=std::getenv("SARECOMP_DEFERRED_MIDI_NOTES");
      |                                                     ^
C:\Program Files (x86)\Windows Kits\10\Include\10.0.26100.0\ucrt\stdlib.h(1183,20): note: 'getenv' has been explicitly marked deprecated here
 1183 |     _Check_return_ _CRT_INSECURE_DEPRECATE(_dupenv_s)
      |                    ^
C:\Program Files (x86)\Microsoft Visual Studio\2022\BuildTools\VC\Tools\MSVC\14.44.35207\include\vcruntime.h(368,55): note: expanded from macro '_CRT_INSECURE_DEPRECATE'
  368 |         #define _CRT_INSECURE_DEPRECATE(_Replacement) _CRT_DEPRECATE_TEXT(    \
      |                                                       ^
C:\Program Files (x86)\Microsoft Visual Studio\2022\BuildTools\VC\Tools\MSVC\14.44.35207\include\vcruntime.h(358,47): note: expanded from macro '_CRT_DEPRECATE_TEXT'
  358 | #define _CRT_DEPRECATE_TEXT(_Text) __declspec(deprecated(_Text))
      |                                               ^
In file included from C:\Users\ultim\Desktop\Sonic Adventure Recompiled\src\native_title_adapter.cpp:45:
C:\Users\ultim\Desktop\Sonic Adventure Recompiled\src\sonic_sound_commands.hpp(17,53): warning: 'getenv' is deprecated: This function or variable may be unsafe. Consider using _dupenv_s instead. To disable deprecation, use _CRT_SECURE_NO_WARNINGS. See online help for details. [-Wdeprecated-declarations]
   17 |     static const bool value=[] { const auto* p=std::getenv("SARECOMP_SOUND_METADATA_CACHE");
      |                                                     ^
C:\Program Files (x86)\Windows Kits\10\Include\10.0.26100.0\ucrt\stdlib.h(1183,20): note: 'getenv' has been explicitly marked deprecated here
 1183 |     _Check_return_ _CRT_INSECURE_DEPRECATE(_dupenv_s)
      |                    ^
C:\Program Files (x86)\Microsoft Visual Studio\2022\BuildTools\VC\Tools\MSVC\14.44.35207\include\vcruntime.h(368,55): note: expanded from macro '_CRT_INSECURE_DEPRECATE'
  368 |         #define _CRT_INSECURE_DEPRECATE(_Replacement) _CRT_DEPRECATE_TEXT(    \
      |                                                       ^
C:\Program Files (x86)\Microsoft Visual Studio\2022\BuildTools\VC\Tools\MSVC\14.44.35207\include\vcruntime.h(358,47): note: expanded from macro '_CRT_DEPRECATE_TEXT'
  358 | #define _CRT_DEPRECATE_TEXT(_Text) __declspec(deprecated(_Text))
      |                                               ^
In file included from C:\Users\ultim\Desktop\Sonic Adventure Recompiled\src\native_title_adapter.cpp:45:
C:\Users\ultim\Desktop\Sonic Adventure Recompiled\src\sonic_sound_commands.hpp(22,53): warning: 'getenv' is deprecated: This function or variable may be unsafe. Consider using _dupenv_s instead. To disable deprecation, use _CRT_SECURE_NO_WARNINGS. See online help for details. [-Wdeprecated-declarations]
   22 |     static const bool value=[] { const auto* p=std::getenv("SARECOMP_SOUND_METADATA_VERIFY");
      |                                                     ^
C:\Program Files (x86)\Windows Kits\10\Include\10.0.26100.0\ucrt\stdlib.h(1183,20): note: 'getenv' has been explicitly marked deprecated here
 1183 |     _Check_return_ _CRT_INSECURE_DEPRECATE(_dupenv_s)
      |                    ^
C:\Program Files (x86)\Microsoft Visual Studio\2022\BuildTools\VC\Tools\MSVC\14.44.35207\include\vcruntime.h(368,55): note: expanded from macro '_CRT_INSECURE_DEPRECATE'
  368 |         #define _CRT_INSECURE_DEPRECATE(_Replacement) _CRT_DEPRECATE_TEXT(    \
      |                                                       ^
C:\Program Files (x86)\Microsoft Visual Studio\2022\BuildTools\VC\Tools\MSVC\14.44.35207\include\vcruntime.h(358,47): note: expanded from macro '_CRT_DEPRECATE_TEXT'
  358 | #define _CRT_DEPRECATE_TEXT(_Text) __declspec(deprecated(_Text))
      |                                               ^
In file included from C:\Users\ultim\Desktop\Sonic Adventure Recompiled\src\native_title_adapter.cpp:46:
C:\Users\ultim\Desktop\Sonic Adventure Recompiled\src\sonic_audio_device.hpp(43,16): warning: cast from 'FARPROC' (aka 'long long (*)()') to 'Precise' (aka 'void (*)(unsigned long long *)') converts to incompatible function type [-Wcast-function-type-mismatch]
   43 |         return reinterpret_cast<Precise>(address);
      |                ^~~~~~~~~~~~~~~~~~~~~~~~~~~~~~~~~~
C:\Users\ultim\Desktop\Sonic Adventure Recompiled\src\sonic_audio_device.hpp(76,29): warning: 'getenv' is deprecated: This function or variable may be unsafe. Consider using _dupenv_s instead. To disable deprecation, use _CRT_SECURE_NO_WARNINGS. See online help for details. [-Wdeprecated-declarations]
   76 |     const auto* hidden=std::getenv("KATANA_PORT_BACKGROUND_TEST");
      |                             ^
C:\Program Files (x86)\Windows Kits\10\Include\10.0.26100.0\ucrt\stdlib.h(1183,20): note: 'getenv' has been explicitly marked deprecated here
 1183 |     _Check_return_ _CRT_INSECURE_DEPRECATE(_dupenv_s)
      |                    ^
C:\Program Files (x86)\Microsoft Visual Studio\2022\BuildTools\VC\Tools\MSVC\14.44.35207\include\vcruntime.h(368,55): note: expanded from macro '_CRT_INSECURE_DEPRECATE'
  368 |         #define _CRT_INSECURE_DEPRECATE(_Replacement) _CRT_DEPRECATE_TEXT(    \
      |                                                       ^
C:\Program Files (x86)\Microsoft Visual Studio\2022\BuildTools\VC\Tools\MSVC\14.44.35207\include\vcruntime.h(358,47): note: expanded from macro '_CRT_DEPRECATE_TEXT'
  358 | #define _CRT_DEPRECATE_TEXT(_Text) __declspec(deprecated(_Text))
      |                                               ^
In file included from C:\Users\ultim\Desktop\Sonic Adventure Recompiled\src\native_title_adapter.cpp:48:
C:\Users\ultim\Desktop\Sonic Adventure Recompiled\src\sonic_movie_audio.hpp(38,31): warning: 'getenv' is deprecated: This function or variable may be unsafe. Consider using _dupenv_s instead. To disable deprecation, use _CRT_SECURE_NO_WARNINGS. See online help for details. [-Wdeprecated-declarations]
   38 |         const auto trace=std::getenv("SARECOMP_MOVIE_AUDIO_TRACE");
      |                               ^
C:\Program Files (x86)\Windows Kits\10\Include\10.0.26100.0\ucrt\stdlib.h(1183,20): note: 'getenv' has been explicitly marked deprecated here
 1183 |     _Check_return_ _CRT_INSECURE_DEPRECATE(_dupenv_s)
      |                    ^
C:\Program Files (x86)\Microsoft Visual Studio\2022\BuildTools\VC\Tools\MSVC\14.44.35207\include\vcruntime.h(368,55): note: expanded from macro '_CRT_INSECURE_DEPRECATE'
  368 |         #define _CRT_INSECURE_DEPRECATE(_Replacement) _CRT_DEPRECATE_TEXT(    \
      |                                                       ^
C:\Program Files (x86)\Microsoft Visual Studio\2022\BuildTools\VC\Tools\MSVC\14.44.35207\include\vcruntime.h(358,47): note: expanded from macro '_CRT_DEPRECATE_TEXT'
  358 | #define _CRT_DEPRECATE_TEXT(_Text) __declspec(deprecated(_Text))
      |                                               ^
In file included from C:\Users\ultim\Desktop\Sonic Adventure Recompiled\src\native_title_adapter.cpp:53:
C:\Users\ultim\Desktop\Sonic Adventure Recompiled\src\sonic_model_packet.hpp(18,28): warning: 'getenv' is deprecated: This function or variable may be unsafe. Consider using _dupenv_s instead. To disable deprecation, use _CRT_SECURE_NO_WARNINGS. See online help for details. [-Wdeprecated-declarations]
   18 |         const auto* p=std::getenv("SARECOMP_NATIVE_MODEL_VERTEX_STREAM");
      |                            ^
C:\Program Files (x86)\Windows Kits\10\Include\10.0.26100.0\ucrt\stdlib.h(1183,20): note: 'getenv' has been explicitly marked deprecated here
 1183 |     _Check_return_ _CRT_INSECURE_DEPRECATE(_dupenv_s)
      |                    ^
C:\Program Files (x86)\Microsoft Visual Studio\2022\BuildTools\VC\Tools\MSVC\14.44.35207\include\vcruntime.h(368,55): note: expanded from macro '_CRT_INSECURE_DEPRECATE'
  368 |         #define _CRT_INSECURE_DEPRECATE(_Replacement) _CRT_DEPRECATE_TEXT(    \
      |                                                       ^
C:\Program Files (x86)\Microsoft Visual Studio\2022\BuildTools\VC\Tools\MSVC\14.44.35207\include\vcruntime.h(358,47): note: expanded from macro '_CRT_DEPRECATE_TEXT'
  358 | #define _CRT_DEPRECATE_TEXT(_Text) __declspec(deprecated(_Text))
      |                                               ^
In file included from C:\Users\ultim\Desktop\Sonic Adventure Recompiled\src\native_title_adapter.cpp:53:
C:\Users\ultim\Desktop\Sonic Adventure Recompiled\src\sonic_model_packet.hpp(27,28): warning: 'getenv' is deprecated: This function or variable may be unsafe. Consider using _dupenv_s instead. To disable deprecation, use _CRT_SECURE_NO_WARNINGS. See online help for details. [-Wdeprecated-declarations]
   27 |         const auto* p=std::getenv("SARECOMP_NATIVE_MODEL_PACKETS");
      |                            ^
C:\Program Files (x86)\Windows Kits\10\Include\10.0.26100.0\ucrt\stdlib.h(1183,20): note: 'getenv' has been explicitly marked deprecated here
 1183 |     _Check_return_ _CRT_INSECURE_DEPRECATE(_dupenv_s)
      |                    ^
C:\Program Files (x86)\Microsoft Visual Studio\2022\BuildTools\VC\Tools\MSVC\14.44.35207\include\vcruntime.h(368,55): note: expanded from macro '_CRT_INSECURE_DEPRECATE'
  368 |         #define _CRT_INSECURE_DEPRECATE(_Replacement) _CRT_DEPRECATE_TEXT(    \
      |                                                       ^
C:\Program Files (x86)\Microsoft Visual Studio\2022\BuildTools\VC\Tools\MSVC\14.44.35207\include\vcruntime.h(358,47): note: expanded from macro '_CRT_DEPRECATE_TEXT'
  358 | #define _CRT_DEPRECATE_TEXT(_Text) __declspec(deprecated(_Text))
      |                                               ^
In file included from C:\Users\ultim\Desktop\Sonic Adventure Recompiled\src\native_title_adapter.cpp:55:
C:\Users\ultim\Desktop\Sonic Adventure Recompiled\src\sonic_fpu_scratch.hpp(24,94): warning: missing field 'last_memory_fault_provenance' initializer [-Wmissing-designated-field-initializers]
   24 |                 nested_.emplace(CpuState{.memory=Memory{0u,MemoryAlignmentPolicy::Permissive}});
      |                                                                                              ^
C:\Users\ultim\Desktop\Sonic Adventure Recompiled\src\sonic_fpu_scratch.hpp(28,100): warning: missing field 'last_memory_fault_provenance' initializer [-Wmissing-designated-field-initializers]
   28 |                     slot.cpu_.emplace(CpuState{.memory=Memory{0u,MemoryAlignmentPolicy::Permissive}});
      |                                                                                                    ^
C:\Users\ultim\Desktop\Sonic Adventure Recompiled\src\sonic_fpu_scratch.hpp(31,66): warning: missing field 'last_memory_fault_provenance' initializer [-Wmissing-designated-field-initializers]
   31 |                     *slot.cpu_=CpuState{.memory=std::move(memory)};
      |                                                                  ^
In file included from C:\Users\ultim\Desktop\Sonic Adventure Recompiled\src\native_title_adapter.cpp:61:
C:\Users\ultim\Desktop\Sonic Adventure Recompiled\src\sonic_internal_diagnostics.hpp(28,67): warning: 'getenv' is deprecated: This function or variable may be unsafe. Consider using _dupenv_s instead. To disable deprecation, use _CRT_SECURE_NO_WARNINGS. See online help for details. [-Wdeprecated-declarations]
   28 |     internal_runtime_enabled = read_internal_policy(program, std::getenv("SARECOMP_INTERNAL_DIAGNOSTICS"));
      |                                                                   ^
C:\Program Files (x86)\Windows Kits\10\Include\10.0.26100.0\ucrt\stdlib.h(1183,20): note: 'getenv' has been explicitly marked deprecated here
 1183 |     _Check_return_ _CRT_INSECURE_DEPRECATE(_dupenv_s)
      |                    ^
C:\Program Files (x86)\Microsoft Visual Studio\2022\BuildTools\VC\Tools\MSVC\14.44.35207\include\vcruntime.h(368,55): note: expanded from macro '_CRT_INSECURE_DEPRECATE'
  368 |         #define _CRT_INSECURE_DEPRECATE(_Replacement) _CRT_DEPRECATE_TEXT(    \
      |                                                       ^
C:\Program Files (x86)\Microsoft Visual Studio\2022\BuildTools\VC\Tools\MSVC\14.44.35207\include\vcruntime.h(358,47): note: expanded from macro '_CRT_DEPRECATE_TEXT'
  358 | #define _CRT_DEPRECATE_TEXT(_Text) __declspec(deprecated(_Text))
      |                                               ^
In file included from C:\Users\ultim\Desktop\Sonic Adventure Recompiled\src\native_title_adapter.cpp:62:
C:\Users\ultim\Desktop\Sonic Adventure Recompiled\src\sonic_native_cpu_policy.hpp(11,30): warning: 'getenv' is deprecated: This function or variable may be unsafe. Consider using _dupenv_s instead. To disable deprecation, use _CRT_SECURE_NO_WARNINGS. See online help for details. [-Wdeprecated-declarations]
   11 |     const char* group = std::getenv("SARECOMP_NATIVE_CPU_PATHS");
      |                              ^
C:\Program Files (x86)\Windows Kits\10\Include\10.0.26100.0\ucrt\stdlib.h(1183,20): note: 'getenv' has been explicitly marked deprecated here
 1183 |     _Check_return_ _CRT_INSECURE_DEPRECATE(_dupenv_s)
      |                    ^
C:\Program Files (x86)\Microsoft Visual Studio\2022\BuildTools\VC\Tools\MSVC\14.44.35207\include\vcruntime.h(368,55): note: expanded from macro '_CRT_INSECURE_DEPRECATE'
  368 |         #define _CRT_INSECURE_DEPRECATE(_Replacement) _CRT_DEPRECATE_TEXT(    \
      |                                                       ^
C:\Program Files (x86)\Microsoft Visual Studio\2022\BuildTools\VC\Tools\MSVC\14.44.35207\include\vcruntime.h(358,47): note: expanded from macro '_CRT_DEPRECATE_TEXT'
  358 | #define _CRT_DEPRECATE_TEXT(_Text) __declspec(deprecated(_Text))
      |                                               ^
In file included from C:\Users\ultim\Desktop\Sonic Adventure Recompiled\src\native_title_adapter.cpp:62:
C:\Users\ultim\Desktop\Sonic Adventure Recompiled\src\sonic_native_cpu_policy.hpp(13,30): warning: 'getenv' is deprecated: This function or variable may be unsafe. Consider using _dupenv_s instead. To disable deprecation, use _CRT_SECURE_NO_WARNINGS. See online help for details. [-Wdeprecated-declarations]
   13 |     const char* value = std::getenv(option);
      |                              ^
C:\Program Files (x86)\Windows Kits\10\Include\10.0.26100.0\ucrt\stdlib.h(1183,20): note: 'getenv' has been explicitly marked deprecated here
 1183 |     _Check_return_ _CRT_INSECURE_DEPRECATE(_dupenv_s)
      |                    ^
C:\Program Files (x86)\Microsoft Visual Studio\2022\BuildTools\VC\Tools\MSVC\14.44.35207\include\vcruntime.h(368,55): note: expanded from macro '_CRT_INSECURE_DEPRECATE'
  368 |         #define _CRT_INSECURE_DEPRECATE(_Replacement) _CRT_DEPRECATE_TEXT(    \
      |                                                       ^
C:\Program Files (x86)\Microsoft Visual Studio\2022\BuildTools\VC\Tools\MSVC\14.44.35207\include\vcruntime.h(358,47): note: expanded from macro '_CRT_DEPRECATE_TEXT'
  358 | #define _CRT_DEPRECATE_TEXT(_Text) __declspec(deprecated(_Text))
      |                                               ^
In file included from C:\Users\ultim\Desktop\Sonic Adventure Recompiled\src\native_title_adapter.cpp:67:
C:\Users\ultim\Desktop\Sonic Adventure Recompiled\src\sonic_movement_resolver.hpp(11,49): warning: 'getenv' is deprecated: This function or variable may be unsafe. Consider using _dupenv_s instead. To disable deprecation, use _CRT_SECURE_NO_WARNINGS. See online help for details. [-Wdeprecated-declarations]
   11 |     static const bool on=[] {const auto* v=std::getenv("SARECOMP_NATIVE_MOVEMENT");
      |                                                 ^
C:\Program Files (x86)\Windows Kits\10\Include\10.0.26100.0\ucrt\stdlib.h(1183,20): note: 'getenv' has been explicitly marked deprecated here
 1183 |     _Check_return_ _CRT_INSECURE_DEPRECATE(_dupenv_s)
      |                    ^
C:\Program Files (x86)\Microsoft Visual Studio\2022\BuildTools\VC\Tools\MSVC\14.44.35207\include\vcruntime.h(368,55): note: expanded from macro '_CRT_INSECURE_DEPRECATE'
  368 |         #define _CRT_INSECURE_DEPRECATE(_Replacement) _CRT_DEPRECATE_TEXT(    \
      |                                                       ^
C:\Program Files (x86)\Microsoft Visual Studio\2022\BuildTools\VC\Tools\MSVC\14.44.35207\include\vcruntime.h(358,47): note: expanded from macro '_CRT_DEPRECATE_TEXT'
  358 | #define _CRT_DEPRECATE_TEXT(_Text) __declspec(deprecated(_Text))
      |                                               ^
In file included from C:\Users\ultim\Desktop\Sonic Adventure Recompiled\src\native_title_adapter.cpp:68:
C:\Users\ultim\Desktop\Sonic Adventure Recompiled\src\sonic_movement_contact.hpp(14,49): warning: 'getenv' is deprecated: This function or variable may be unsafe. Consider using _dupenv_s instead. To disable deprecation, use _CRT_SECURE_NO_WARNINGS. See online help for details. [-Wdeprecated-declarations]
   14 |     static const bool on=[] {const auto* v=std::getenv("SARECOMP_NATIVE_MOVEMENT_CONTACT");
      |                                                 ^
C:\Program Files (x86)\Windows Kits\10\Include\10.0.26100.0\ucrt\stdlib.h(1183,20): note: 'getenv' has been explicitly marked deprecated here
 1183 |     _Check_return_ _CRT_INSECURE_DEPRECATE(_dupenv_s)
      |                    ^
C:\Program Files (x86)\Microsoft Visual Studio\2022\BuildTools\VC\Tools\MSVC\14.44.35207\include\vcruntime.h(368,55): note: expanded from macro '_CRT_INSECURE_DEPRECATE'
  368 |         #define _CRT_INSECURE_DEPRECATE(_Replacement) _CRT_DEPRECATE_TEXT(    \
      |                                                       ^
C:\Program Files (x86)\Microsoft Visual Studio\2022\BuildTools\VC\Tools\MSVC\14.44.35207\include\vcruntime.h(358,47): note: expanded from macro '_CRT_DEPRECATE_TEXT'
  358 | #define _CRT_DEPRECATE_TEXT(_Text) __declspec(deprecated(_Text))
      |                                               ^
In file included from C:\Users\ultim\Desktop\Sonic Adventure Recompiled\src\native_title_adapter.cpp:68:
C:\Users\ultim\Desktop\Sonic Adventure Recompiled\src\sonic_movement_contact.hpp(20,49): warning: 'getenv' is deprecated: This function or variable may be unsafe. Consider using _dupenv_s instead. To disable deprecation, use _CRT_SECURE_NO_WARNINGS. See online help for details. [-Wdeprecated-declarations]
   20 |     static const bool on=[] {const auto* v=std::getenv("SARECOMP_NATIVE_OBJECT_CONTACT");
      |                                                 ^
C:\Program Files (x86)\Windows Kits\10\Include\10.0.26100.0\ucrt\stdlib.h(1183,20): note: 'getenv' has been explicitly marked deprecated here
 1183 |     _Check_return_ _CRT_INSECURE_DEPRECATE(_dupenv_s)
      |                    ^
C:\Program Files (x86)\Microsoft Visual Studio\2022\BuildTools\VC\Tools\MSVC\14.44.35207\include\vcruntime.h(368,55): note: expanded from macro '_CRT_INSECURE_DEPRECATE'
  368 |         #define _CRT_INSECURE_DEPRECATE(_Replacement) _CRT_DEPRECATE_TEXT(    \
      |                                                       ^
C:\Program Files (x86)\Microsoft Visual Studio\2022\BuildTools\VC\Tools\MSVC\14.44.35207\include\vcruntime.h(358,47): note: expanded from macro '_CRT_DEPRECATE_TEXT'
  358 | #define _CRT_DEPRECATE_TEXT(_Text) __declspec(deprecated(_Text))
      |                                               ^
In file included from C:\Users\ultim\Desktop\Sonic Adventure Recompiled\src\native_title_adapter.cpp:69:
C:\Users\ultim\Desktop\Sonic Adventure Recompiled\src\sonic_collision_world.hpp(13,53): warning: 'getenv' is deprecated: This function or variable may be unsafe. Consider using _dupenv_s instead. To disable deprecation, use _CRT_SECURE_NO_WARNINGS. See online help for details. [-Wdeprecated-declarations]
   13 |     static const bool on=[] {const auto* value=std::getenv("SARECOMP_NATIVE_WORLD_SDK");
      |                                                     ^
C:\Program Files (x86)\Windows Kits\10\Include\10.0.26100.0\ucrt\stdlib.h(1183,20): note: 'getenv' has been explicitly marked deprecated here
 1183 |     _Check_return_ _CRT_INSECURE_DEPRECATE(_dupenv_s)
      |                    ^
C:\Program Files (x86)\Microsoft Visual Studio\2022\BuildTools\VC\Tools\MSVC\14.44.35207\include\vcruntime.h(368,55): note: expanded from macro '_CRT_INSECURE_DEPRECATE'
  368 |         #define _CRT_INSECURE_DEPRECATE(_Replacement) _CRT_DEPRECATE_TEXT(    \
      |                                                       ^
C:\Program Files (x86)\Microsoft Visual Studio\2022\BuildTools\VC\Tools\MSVC\14.44.35207\include\vcruntime.h(358,47): note: expanded from macro '_CRT_DEPRECATE_TEXT'
  358 | #define _CRT_DEPRECATE_TEXT(_Text) __declspec(deprecated(_Text))
      |                                               ^
In file included from C:\Users\ultim\Desktop\Sonic Adventure Recompiled\src\native_title_adapter.cpp:70:
C:\Users\ultim\Desktop\Sonic Adventure Recompiled\src\sonic_render_hierarchy.hpp(18,49): warning: 'getenv' is deprecated: This function or variable may be unsafe. Consider using _dupenv_s instead. To disable deprecation, use _CRT_SECURE_NO_WARNINGS. See online help for details. [-Wdeprecated-declarations]
   18 |     static const bool on=[] {const auto* v=std::getenv("SARECOMP_NATIVE_RENDER_LOCAL_PROOFS");
      |                                                 ^
C:\Program Files (x86)\Windows Kits\10\Include\10.0.26100.0\ucrt\stdlib.h(1183,20): note: 'getenv' has been explicitly marked deprecated here
 1183 |     _Check_return_ _CRT_INSECURE_DEPRECATE(_dupenv_s)
      |                    ^
C:\Program Files (x86)\Microsoft Visual Studio\2022\BuildTools\VC\Tools\MSVC\14.44.35207\include\vcruntime.h(368,55): note: expanded from macro '_CRT_INSECURE_DEPRECATE'
  368 |         #define _CRT_INSECURE_DEPRECATE(_Replacement) _CRT_DEPRECATE_TEXT(    \
      |                                                       ^
C:\Program Files (x86)\Microsoft Visual Studio\2022\BuildTools\VC\Tools\MSVC\14.44.35207\include\vcruntime.h(358,47): note: expanded from macro '_CRT_DEPRECATE_TEXT'
  358 | #define _CRT_DEPRECATE_TEXT(_Text) __declspec(deprecated(_Text))
      |                                               ^
In file included from C:\Users\ultim\Desktop\Sonic Adventure Recompiled\src\native_title_adapter.cpp:70:
C:\Users\ultim\Desktop\Sonic Adventure Recompiled\src\sonic_render_hierarchy.hpp(36,49): warning: 'getenv' is deprecated: This function or variable may be unsafe. Consider using _dupenv_s instead. To disable deprecation, use _CRT_SECURE_NO_WARNINGS. See online help for details. [-Wdeprecated-declarations]
   36 |     static const bool on=[] {const auto* v=std::getenv("SARECOMP_NATIVE_MORPH_HIERARCHY");
      |                                                 ^
C:\Program Files (x86)\Windows Kits\10\Include\10.0.26100.0\ucrt\stdlib.h(1183,20): note: 'getenv' has been explicitly marked deprecated here
 1183 |     _Check_return_ _CRT_INSECURE_DEPRECATE(_dupenv_s)
      |                    ^
C:\Program Files (x86)\Microsoft Visual Studio\2022\BuildTools\VC\Tools\MSVC\14.44.35207\include\vcruntime.h(368,55): note: expanded from macro '_CRT_INSECURE_DEPRECATE'
  368 |         #define _CRT_INSECURE_DEPRECATE(_Replacement) _CRT_DEPRECATE_TEXT(    \
      |                                                       ^
C:\Program Files (x86)\Microsoft Visual Studio\2022\BuildTools\VC\Tools\MSVC\14.44.35207\include\vcruntime.h(358,47): note: expanded from macro '_CRT_DEPRECATE_TEXT'
  358 | #define _CRT_DEPRECATE_TEXT(_Text) __declspec(deprecated(_Text))
      |                                               ^
In file included from C:\Users\ultim\Desktop\Sonic Adventure Recompiled\src\native_title_adapter.cpp:70:
C:\Users\ultim\Desktop\Sonic Adventure Recompiled\src\sonic_render_hierarchy.hpp(42,49): warning: 'getenv' is deprecated: This function or variable may be unsafe. Consider using _dupenv_s instead. To disable deprecation, use _CRT_SECURE_NO_WARNINGS. See online help for details. [-Wdeprecated-declarations]
   42 |     static const bool on=[] {const auto* v=std::getenv("SARECOMP_NATIVE_LAND_RENDER");
      |                                                 ^
C:\Program Files (x86)\Windows Kits\10\Include\10.0.26100.0\ucrt\stdlib.h(1183,20): note: 'getenv' has been explicitly marked deprecated here
 1183 |     _Check_return_ _CRT_INSECURE_DEPRECATE(_dupenv_s)
      |                    ^
C:\Program Files (x86)\Microsoft Visual Studio\2022\BuildTools\VC\Tools\MSVC\14.44.35207\include\vcruntime.h(368,55): note: expanded from macro '_CRT_INSECURE_DEPRECATE'
  368 |         #define _CRT_INSECURE_DEPRECATE(_Replacement) _CRT_DEPRECATE_TEXT(    \
      |                                                       ^
C:\Program Files (x86)\Microsoft Visual Studio\2022\BuildTools\VC\Tools\MSVC\14.44.35207\include\vcruntime.h(358,47): note: expanded from macro '_CRT_DEPRECATE_TEXT'
  358 | #define _CRT_DEPRECATE_TEXT(_Text) __declspec(deprecated(_Text))
      |                                               ^
In file included from C:\Users\ultim\Desktop\Sonic Adventure Recompiled\src\native_title_adapter.cpp:71:
In file included from C:\Users\ultim\Desktop\Sonic Adventure Recompiled\src\sonic_native_model_memory.hpp:2:
C:\Users\ultim\Desktop\Sonic Adventure Recompiled\src\sonic_scalar_write_view.hpp(30,30): warning: 'getenv' is deprecated: This function or variable may be unsafe. Consider using _dupenv_s instead. To disable deprecation, use _CRT_SECURE_NO_WARNINGS. See online help for details. [-Wdeprecated-declarations]
   30 |         const char* p = std::getenv("SARECOMP_SCALAR_WRITES");
      |                              ^
C:\Program Files (x86)\Windows Kits\10\Include\10.0.26100.0\ucrt\stdlib.h(1183,20): note: 'getenv' has been explicitly marked deprecated here
 1183 |     _Check_return_ _CRT_INSECURE_DEPRECATE(_dupenv_s)
      |                    ^
C:\Program Files (x86)\Microsoft Visual Studio\2022\BuildTools\VC\Tools\MSVC\14.44.35207\include\vcruntime.h(368,55): note: expanded from macro '_CRT_INSECURE_DEPRECATE'
  368 |         #define _CRT_INSECURE_DEPRECATE(_Replacement) _CRT_DEPRECATE_TEXT(    \
      |                                                       ^
C:\Program Files (x86)\Microsoft Visual Studio\2022\BuildTools\VC\Tools\MSVC\14.44.35207\include\vcruntime.h(358,47): note: expanded from macro '_CRT_DEPRECATE_TEXT'
  358 | #define _CRT_DEPRECATE_TEXT(_Text) __declspec(deprecated(_Text))
      |                                               ^
In file included from C:\Users\ultim\Desktop\Sonic Adventure Recompiled\src\native_title_adapter.cpp:71:
In file included from C:\Users\ultim\Desktop\Sonic Adventure Recompiled\src\sonic_native_model_memory.hpp:2:
C:\Users\ultim\Desktop\Sonic Adventure Recompiled\src\sonic_scalar_write_view.hpp(38,30): warning: 'getenv' is deprecated: This function or variable may be unsafe. Consider using _dupenv_s instead. To disable deprecation, use _CRT_SECURE_NO_WARNINGS. See online help for details. [-Wdeprecated-declarations]
   38 |         const char* p = std::getenv("SARECOMP_STACK_FRAMES");
      |                              ^
C:\Program Files (x86)\Windows Kits\10\Include\10.0.26100.0\ucrt\stdlib.h(1183,20): note: 'getenv' has been explicitly marked deprecated here
 1183 |     _Check_return_ _CRT_INSECURE_DEPRECATE(_dupenv_s)
      |                    ^
C:\Program Files (x86)\Microsoft Visual Studio\2022\BuildTools\VC\Tools\MSVC\14.44.35207\include\vcruntime.h(368,55): note: expanded from macro '_CRT_INSECURE_DEPRECATE'
  368 |         #define _CRT_INSECURE_DEPRECATE(_Replacement) _CRT_DEPRECATE_TEXT(    \
      |                                                       ^
C:\Program Files (x86)\Microsoft Visual Studio\2022\BuildTools\VC\Tools\MSVC\14.44.35207\include\vcruntime.h(358,47): note: expanded from macro '_CRT_DEPRECATE_TEXT'
  358 | #define _CRT_DEPRECATE_TEXT(_Text) __declspec(deprecated(_Text))
      |                                               ^
In file included from C:\Users\ultim\Desktop\Sonic Adventure Recompiled\src\native_title_adapter.cpp:71:
In file included from C:\Users\ultim\Desktop\Sonic Adventure Recompiled\src\sonic_native_model_memory.hpp:2:
C:\Users\ultim\Desktop\Sonic Adventure Recompiled\src\sonic_scalar_write_view.hpp(46,30): warning: 'getenv' is deprecated: This function or variable may be unsafe. Consider using _dupenv_s instead. To disable deprecation, use _CRT_SECURE_NO_WARNINGS. See online help for details. [-Wdeprecated-declarations]
   46 |         const char* p = std::getenv("SARECOMP_RAM_REGIONS");
      |                              ^
C:\Program Files (x86)\Windows Kits\10\Include\10.0.26100.0\ucrt\stdlib.h(1183,20): note: 'getenv' has been explicitly marked deprecated here
 1183 |     _Check_return_ _CRT_INSECURE_DEPRECATE(_dupenv_s)
      |                    ^
C:\Program Files (x86)\Microsoft Visual Studio\2022\BuildTools\VC\Tools\MSVC\14.44.35207\include\vcruntime.h(368,55): note: expanded from macro '_CRT_INSECURE_DEPRECATE'
  368 |         #define _CRT_INSECURE_DEPRECATE(_Replacement) _CRT_DEPRECATE_TEXT(    \
      |                                                       ^
C:\Program Files (x86)\Microsoft Visual Studio\2022\BuildTools\VC\Tools\MSVC\14.44.35207\include\vcruntime.h(358,47): note: expanded from macro '_CRT_DEPRECATE_TEXT'
  358 | #define _CRT_DEPRECATE_TEXT(_Text) __declspec(deprecated(_Text))
      |                                               ^
In file included from C:\Users\ultim\Desktop\Sonic Adventure Recompiled\src\native_title_adapter.cpp:72:
C:\Users\ultim\Desktop\Sonic Adventure Recompiled\src\sonic_native_collision_memory.hpp(7,28): warning: 'getenv' is deprecated: This function or variable may be unsafe. Consider using _dupenv_s instead. To disable deprecation, use _CRT_SECURE_NO_WARNINGS. See online help for details. [-Wdeprecated-declarations]
    7 |         const char* p=std::getenv("SARECOMP_NATIVE_COLLISION_MEMORY");
      |                            ^
C:\Program Files (x86)\Windows Kits\10\Include\10.0.26100.0\ucrt\stdlib.h(1183,20): note: 'getenv' has been explicitly marked deprecated here
 1183 |     _Check_return_ _CRT_INSECURE_DEPRECATE(_dupenv_s)
      |                    ^
C:\Program Files (x86)\Microsoft Visual Studio\2022\BuildTools\VC\Tools\MSVC\14.44.35207\include\vcruntime.h(368,55): note: expanded from macro '_CRT_INSECURE_DEPRECATE'
  368 |         #define _CRT_INSECURE_DEPRECATE(_Replacement) _CRT_DEPRECATE_TEXT(    \
      |                                                       ^
C:\Program Files (x86)\Microsoft Visual Studio\2022\BuildTools\VC\Tools\MSVC\14.44.35207\include\vcruntime.h(358,47): note: expanded from macro '_CRT_DEPRECATE_TEXT'
  358 | #define _CRT_DEPRECATE_TEXT(_Text) __declspec(deprecated(_Text))
      |                                               ^
In file included from C:\Users\ultim\Desktop\Sonic Adventure Recompiled\src\native_title_adapter.cpp:72:
C:\Users\ultim\Desktop\Sonic Adventure Recompiled\src\sonic_native_collision_memory.hpp(14,28): warning: 'getenv' is deprecated: This function or variable may be unsafe. Consider using _dupenv_s instead. To disable deprecation, use _CRT_SECURE_NO_WARNINGS. See online help for details. [-Wdeprecated-declarations]
   14 |         const char* p=std::getenv("SARECOMP_NATIVE_COLLISION_CLOSURE");
      |                            ^
C:\Program Files (x86)\Windows Kits\10\Include\10.0.26100.0\ucrt\stdlib.h(1183,20): note: 'getenv' has been explicitly marked deprecated here
 1183 |     _Check_return_ _CRT_INSECURE_DEPRECATE(_dupenv_s)
      |                    ^
C:\Program Files (x86)\Microsoft Visual Studio\2022\BuildTools\VC\Tools\MSVC\14.44.35207\include\vcruntime.h(368,55): note: expanded from macro '_CRT_INSECURE_DEPRECATE'
  368 |         #define _CRT_INSECURE_DEPRECATE(_Replacement) _CRT_DEPRECATE_TEXT(    \
      |                                                       ^
C:\Program Files (x86)\Microsoft Visual Studio\2022\BuildTools\VC\Tools\MSVC\14.44.35207\include\vcruntime.h(358,47): note: expanded from macro '_CRT_DEPRECATE_TEXT'
  358 | #define _CRT_DEPRECATE_TEXT(_Text) __declspec(deprecated(_Text))
      |                                               ^
In file included from C:\Users\ultim\Desktop\Sonic Adventure Recompiled\src\native_title_adapter.cpp:88:
C:\Users\ultim\Desktop\Sonic Adventure Recompiled\src\sonic_atan_math.hpp(42,49): warning: 'getenv' is deprecated: This function or variable may be unsafe. Consider using _dupenv_s instead. To disable deprecation, use _CRT_SECURE_NO_WARNINGS. See online help for details. [-Wdeprecated-declarations]
   42 |     static const bool on=[] {const auto* v=std::getenv("SARECOMP_NATIVE_INVERSE_MEMORY");
      |                                                 ^
C:\Program Files (x86)\Windows Kits\10\Include\10.0.26100.0\ucrt\stdlib.h(1183,20): note: 'getenv' has been explicitly marked deprecated here
 1183 |     _Check_return_ _CRT_INSECURE_DEPRECATE(_dupenv_s)
      |                    ^
C:\Program Files (x86)\Microsoft Visual Studio\2022\BuildTools\VC\Tools\MSVC\14.44.35207\include\vcruntime.h(368,55): note: expanded from macro '_CRT_INSECURE_DEPRECATE'
  368 |         #define _CRT_INSECURE_DEPRECATE(_Replacement) _CRT_DEPRECATE_TEXT(    \
      |                                                       ^
C:\Program Files (x86)\Microsoft Visual Studio\2022\BuildTools\VC\Tools\MSVC\14.44.35207\include\vcruntime.h(358,47): note: expanded from macro '_CRT_DEPRECATE_TEXT'
  358 | #define _CRT_DEPRECATE_TEXT(_Text) __declspec(deprecated(_Text))
      |                                               ^
In file included from C:\Users\ultim\Desktop\Sonic Adventure Recompiled\src\native_title_adapter.cpp:90:
C:\Users\ultim\Desktop\Sonic Adventure Recompiled\src\renderer/sonic_motion.hpp(41,58): warning: 'getenv' is deprecated: This function or variable may be unsafe. Consider using _dupenv_s instead. To disable deprecation, use _CRT_SECURE_NO_WARNINGS. See online help for details. [-Wdeprecated-declarations]
   41 |     static const bool enabled=[] {const auto* value=std::getenv("SARECOMP_MOTION_TRACE");return value&&std::string_view(value)=="1";}();
      |                                                          ^
C:\Program Files (x86)\Windows Kits\10\Include\10.0.26100.0\ucrt\stdlib.h(1183,20): note: 'getenv' has been explicitly marked deprecated here
 1183 |     _Check_return_ _CRT_INSECURE_DEPRECATE(_dupenv_s)
      |                    ^
C:\Program Files (x86)\Microsoft Visual Studio\2022\BuildTools\VC\Tools\MSVC\14.44.35207\include\vcruntime.h(368,55): note: expanded from macro '_CRT_INSECURE_DEPRECATE'
  368 |         #define _CRT_INSECURE_DEPRECATE(_Replacement) _CRT_DEPRECATE_TEXT(    \
      |                                                       ^
C:\Program Files (x86)\Microsoft Visual Studio\2022\BuildTools\VC\Tools\MSVC\14.44.35207\include\vcruntime.h(358,47): note: expanded from macro '_CRT_DEPRECATE_TEXT'
  358 | #define _CRT_DEPRECATE_TEXT(_Text) __declspec(deprecated(_Text))
      |                                               ^
C:\Users\ultim\Desktop\Sonic Adventure Recompiled\src\native_title_adapter.cpp(1869,35): warning: 'getenv' is deprecated: This function or variable may be unsafe. Consider using _dupenv_s instead. To disable deprecation, use _CRT_SECURE_NO_WARNINGS. See online help for details. [-Wdeprecated-declarations]
 1869 |         const auto* hidden = std::getenv("KATANA_PORT_BACKGROUND_TEST");
      |                                   ^
C:\Program Files (x86)\Windows Kits\10\Include\10.0.26100.0\ucrt\stdlib.h(1183,20): note: 'getenv' has been explicitly marked deprecated here
 1183 |     _Check_return_ _CRT_INSECURE_DEPRECATE(_dupenv_s)
      |                    ^
C:\Program Files (x86)\Microsoft Visual Studio\2022\BuildTools\VC\Tools\MSVC\14.44.35207\include\vcruntime.h(368,55): note: expanded from macro '_CRT_INSECURE_DEPRECATE'
  368 |         #define _CRT_INSECURE_DEPRECATE(_Replacement) _CRT_DEPRECATE_TEXT(    \
      |                                                       ^
C:\Program Files (x86)\Microsoft Visual Studio\2022\BuildTools\VC\Tools\MSVC\14.44.35207\include\vcruntime.h(358,47): note: expanded from macro '_CRT_DEPRECATE_TEXT'
  358 | #define _CRT_DEPRECATE_TEXT(_Text) __declspec(deprecated(_Text))
      |                                               ^
C:\Users\ultim\Desktop\Sonic Adventure Recompiled\src\native_title_adapter.cpp(1870,37): warning: 'getenv' is deprecated: This function or variable may be unsafe. Consider using _dupenv_s instead. To disable deprecation, use _CRT_SECURE_NO_WARNINGS. See online help for details. [-Wdeprecated-declarations]
 1870 |         const auto* isolated = std::getenv("SARECOMP_BENCHMARK_ISOLATED_INPUT");
      |                                     ^
C:\Program Files (x86)\Windows Kits\10\Include\10.0.26100.0\ucrt\stdlib.h(1183,20): note: 'getenv' has been explicitly marked deprecated here
 1183 |     _Check_return_ _CRT_INSECURE_DEPRECATE(_dupenv_s)
      |                    ^
C:\Program Files (x86)\Microsoft Visual Studio\2022\BuildTools\VC\Tools\MSVC\14.44.35207\include\vcruntime.h(368,55): note: expanded from macro '_CRT_INSECURE_DEPRECATE'
  368 |         #define _CRT_INSECURE_DEPRECATE(_Replacement) _CRT_DEPRECATE_TEXT(    \
      |                                                       ^
C:\Program Files (x86)\Microsoft Visual Studio\2022\BuildTools\VC\Tools\MSVC\14.44.35207\include\vcruntime.h(358,47): note: expanded from macro '_CRT_DEPRECATE_TEXT'
  358 | #define _CRT_DEPRECATE_TEXT(_Text) __declspec(deprecated(_Text))
      |                                               ^
C:\Users\ultim\Desktop\Sonic Adventure Recompiled\src\native_title_adapter.cpp(1871,34): warning: 'getenv' is deprecated: This function or variable may be unsafe. Consider using _dupenv_s instead. To disable deprecation, use _CRT_SECURE_NO_WARNINGS. See online help for details. [-Wdeprecated-declarations]
 1871 |         const auto* saves = std::getenv("KATANA_USER_DATA_ROOT");
      |                                  ^
C:\Program Files (x86)\Windows Kits\10\Include\10.0.26100.0\ucrt\stdlib.h(1183,20): note: 'getenv' has been explicitly marked deprecated here
 1183 |     _Check_return_ _CRT_INSECURE_DEPRECATE(_dupenv_s)
      |                    ^
C:\Program Files (x86)\Microsoft Visual Studio\2022\BuildTools\VC\Tools\MSVC\14.44.35207\include\vcruntime.h(368,55): note: expanded from macro '_CRT_INSECURE_DEPRECATE'
  368 |         #define _CRT_INSECURE_DEPRECATE(_Replacement) _CRT_DEPRECATE_TEXT(    \
      |                                                       ^
C:\Program Files (x86)\Microsoft Visual Studio\2022\BuildTools\VC\Tools\MSVC\14.44.35207\include\vcruntime.h(358,47): note: expanded from macro '_CRT_DEPRECATE_TEXT'
  358 | #define _CRT_DEPRECATE_TEXT(_Text) __declspec(deprecated(_Text))
      |                                               ^
C:\Users\ultim\Desktop\Sonic Adventure Recompiled\src\native_title_adapter.cpp(1875,37): warning: 'getenv' is deprecated: This function or variable may be unsafe. Consider using _dupenv_s instead. To disable deprecation, use _CRT_SECURE_NO_WARNINGS. See online help for details. [-Wdeprecated-declarations]
 1875 |             const auto* text = std::getenv(name);
      |                                     ^
C:\Program Files (x86)\Windows Kits\10\Include\10.0.26100.0\ucrt\stdlib.h(1183,20): note: 'getenv' has been explicitly marked deprecated here
 1183 |     _Check_return_ _CRT_INSECURE_DEPRECATE(_dupenv_s)
      |                    ^
C:\Program Files (x86)\Microsoft Visual Studio\2022\BuildTools\VC\Tools\MSVC\14.44.35207\include\vcruntime.h(368,55): note: expanded from macro '_CRT_INSECURE_DEPRECATE'
  368 |         #define _CRT_INSECURE_DEPRECATE(_Replacement) _CRT_DEPRECATE_TEXT(    \
      |                                                       ^
C:\Program Files (x86)\Microsoft Visual Studio\2022\BuildTools\VC\Tools\MSVC\14.44.35207\include\vcruntime.h(358,47): note: expanded from macro '_CRT_DEPRECATE_TEXT'
  358 | #define _CRT_DEPRECATE_TEXT(_Text) __declspec(deprecated(_Text))
      |                                               ^
C:\Users\ultim\Desktop\Sonic Adventure Recompiled\src\native_title_adapter.cpp(2314,33): warning: 'getenv' is deprecated: This function or variable may be unsafe. Consider using _dupenv_s instead. To disable deprecation, use _CRT_SECURE_NO_WARNINGS. See online help for details. [-Wdeprecated-declarations]
 2314 |         const auto* flag = std::getenv("SARECOMP_RENDER_COMPLETION_EXPERIMENT");
      |                                 ^
C:\Program Files (x86)\Windows Kits\10\Include\10.0.26100.0\ucrt\stdlib.h(1183,20): note: 'getenv' has been explicitly marked deprecated here
 1183 |     _Check_return_ _CRT_INSECURE_DEPRECATE(_dupenv_s)
      |                    ^
C:\Program Files (x86)\Microsoft Visual Studio\2022\BuildTools\VC\Tools\MSVC\14.44.35207\include\vcruntime.h(368,55): note: expanded from macro '_CRT_INSECURE_DEPRECATE'
  368 |         #define _CRT_INSECURE_DEPRECATE(_Replacement) _CRT_DEPRECATE_TEXT(    \
      |                                                       ^
C:\Program Files (x86)\Microsoft Visual Studio\2022\BuildTools\VC\Tools\MSVC\14.44.35207\include\vcruntime.h(358,47): note: expanded from macro '_CRT_DEPRECATE_TEXT'
  358 | #define _CRT_DEPRECATE_TEXT(_Text) __declspec(deprecated(_Text))
      |                                               ^
C:\Users\ultim\Desktop\Sonic Adventure Recompiled\src\native_title_adapter.cpp(2315,39): warning: 'getenv' is deprecated: This function or variable may be unsafe. Consider using _dupenv_s instead. To disable deprecation, use _CRT_SECURE_NO_WARNINGS. See online help for details. [-Wdeprecated-declarations]
 2315 |         const auto* background = std::getenv("KATANA_PORT_BACKGROUND_TEST");
      |                                       ^
C:\Program Files (x86)\Windows Kits\10\Include\10.0.26100.0\ucrt\stdlib.h(1183,20): note: 'getenv' has been explicitly marked deprecated here
 1183 |     _Check_return_ _CRT_INSECURE_DEPRECATE(_dupenv_s)
      |                    ^
C:\Program Files (x86)\Microsoft Visual Studio\2022\BuildTools\VC\Tools\MSVC\14.44.35207\include\vcruntime.h(368,55): note: expanded from macro '_CRT_INSECURE_DEPRECATE'
  368 |         #define _CRT_INSECURE_DEPRECATE(_Replacement) _CRT_DEPRECATE_TEXT(    \
      |                                                       ^
C:\Program Files (x86)\Microsoft Visual Studio\2022\BuildTools\VC\Tools\MSVC\14.44.35207\include\vcruntime.h(358,47): note: expanded from macro '_CRT_DEPRECATE_TEXT'
  358 | #define _CRT_DEPRECATE_TEXT(_Text) __declspec(deprecated(_Text))
      |                                               ^
C:\Users\ultim\Desktop\Sonic Adventure Recompiled\src\native_title_adapter.cpp(2324,31): warning: 'getenv' is deprecated: This function or variable may be unsafe. Consider using _dupenv_s instead. To disable deprecation, use _CRT_SECURE_NO_WARNINGS. See online help for details. [-Wdeprecated-declarations]
 2324 |         const auto* flag=std::getenv("SARECOMP_SIXTY_FRAME_INTERACTIVE");
      |                               ^
C:\Program Files (x86)\Windows Kits\10\Include\10.0.26100.0\ucrt\stdlib.h(1183,20): note: 'getenv' has been explicitly marked deprecated here
 1183 |     _Check_return_ _CRT_INSECURE_DEPRECATE(_dupenv_s)
      |                    ^
C:\Program Files (x86)\Microsoft Visual Studio\2022\BuildTools\VC\Tools\MSVC\14.44.35207\include\vcruntime.h(368,55): note: expanded from macro '_CRT_INSECURE_DEPRECATE'
  368 |         #define _CRT_INSECURE_DEPRECATE(_Replacement) _CRT_DEPRECATE_TEXT(    \
      |                                                       ^
C:\Program Files (x86)\Microsoft Visual Studio\2022\BuildTools\VC\Tools\MSVC\14.44.35207\include\vcruntime.h(358,47): note: expanded from macro '_CRT_DEPRECATE_TEXT'
  358 | #define _CRT_DEPRECATE_TEXT(_Text) __declspec(deprecated(_Text))
      |                                               ^
C:\Users\ultim\Desktop\Sonic Adventure Recompiled\src\native_title_adapter.cpp(2325,32): warning: 'getenv' is deprecated: This function or variable may be unsafe. Consider using _dupenv_s instead. To disable deprecation, use _CRT_SECURE_NO_WARNINGS. See online help for details. [-Wdeprecated-declarations]
 2325 |         const auto* saves=std::getenv("KATANA_USER_DATA_ROOT");
      |                                ^
C:\Program Files (x86)\Windows Kits\10\Include\10.0.26100.0\ucrt\stdlib.h(1183,20): note: 'getenv' has been explicitly marked deprecated here
 1183 |     _Check_return_ _CRT_INSECURE_DEPRECATE(_dupenv_s)
      |                    ^
C:\Program Files (x86)\Microsoft Visual Studio\2022\BuildTools\VC\Tools\MSVC\14.44.35207\include\vcruntime.h(368,55): note: expanded from macro '_CRT_INSECURE_DEPRECATE'
  368 |         #define _CRT_INSECURE_DEPRECATE(_Replacement) _CRT_DEPRECATE_TEXT(    \
      |                                                       ^
C:\Program Files (x86)\Microsoft Visual Studio\2022\BuildTools\VC\Tools\MSVC\14.44.35207\include\vcruntime.h(358,47): note: expanded from macro '_CRT_DEPRECATE_TEXT'
  358 | #define _CRT_DEPRECATE_TEXT(_Text) __declspec(deprecated(_Text))
      |                                               ^
C:\Users\ultim\Desktop\Sonic Adventure Recompiled\src\native_title_adapter.cpp(2333,31): warning: 'getenv' is deprecated: This function or variable may be unsafe. Consider using _dupenv_s instead. To disable deprecation, use _CRT_SECURE_NO_WARNINGS. See online help for details. [-Wdeprecated-declarations]
 2333 |         const auto* flag=std::getenv("SARECOMP_SIXTY_FRAME_MATRIX");
      |                               ^
C:\Program Files (x86)\Windows Kits\10\Include\10.0.26100.0\ucrt\stdlib.h(1183,20): note: 'getenv' has been explicitly marked deprecated here
 1183 |     _Check_return_ _CRT_INSECURE_DEPRECATE(_dupenv_s)
      |                    ^
C:\Program Files (x86)\Microsoft Visual Studio\2022\BuildTools\VC\Tools\MSVC\14.44.35207\include\vcruntime.h(368,55): note: expanded from macro '_CRT_INSECURE_DEPRECATE'
  368 |         #define _CRT_INSECURE_DEPRECATE(_Replacement) _CRT_DEPRECATE_TEXT(    \
      |                                                       ^
C:\Program Files (x86)\Microsoft Visual Studio\2022\BuildTools\VC\Tools\MSVC\14.44.35207\include\vcruntime.h(358,47): note: expanded from macro '_CRT_DEPRECATE_TEXT'
  358 | #define _CRT_DEPRECATE_TEXT(_Text) __declspec(deprecated(_Text))
      |                                               ^
C:\Users\ultim\Desktop\Sonic Adventure Recompiled\src\native_title_adapter.cpp(2334,33): warning: 'getenv' is deprecated: This function or variable may be unsafe. Consider using _dupenv_s instead. To disable deprecation, use _CRT_SECURE_NO_WARNINGS. See online help for details. [-Wdeprecated-declarations]
 2334 |         const auto* hidden=std::getenv("KATANA_PORT_BACKGROUND_TEST");
      |                                 ^
C:\Program Files (x86)\Windows Kits\10\Include\10.0.26100.0\ucrt\stdlib.h(1183,20): note: 'getenv' has been explicitly marked deprecated here
 1183 |     _Check_return_ _CRT_INSECURE_DEPRECATE(_dupenv_s)
      |                    ^
C:\Program Files (x86)\Microsoft Visual Studio\2022\BuildTools\VC\Tools\MSVC\14.44.35207\include\vcruntime.h(368,55): note: expanded from macro '_CRT_INSECURE_DEPRECATE'
  368 |         #define _CRT_INSECURE_DEPRECATE(_Replacement) _CRT_DEPRECATE_TEXT(    \
      |                                                       ^
C:\Program Files (x86)\Microsoft Visual Studio\2022\BuildTools\VC\Tools\MSVC\14.44.35207\include\vcruntime.h(358,47): note: expanded from macro '_CRT_DEPRECATE_TEXT'
  358 | #define _CRT_DEPRECATE_TEXT(_Text) __declspec(deprecated(_Text))
      |                                               ^
C:\Users\ultim\Desktop\Sonic Adventure Recompiled\src\native_title_adapter.cpp(2342,33): warning: 'getenv' is deprecated: This function or variable may be unsafe. Consider using _dupenv_s instead. To disable deprecation, use _CRT_SECURE_NO_WARNINGS. See online help for details. [-Wdeprecated-declarations]
 2342 |         const auto* flag = std::getenv("SARECOMP_SIXTY_FRAME_FIXTURE");
      |                                 ^
C:\Program Files (x86)\Windows Kits\10\Include\10.0.26100.0\ucrt\stdlib.h(1183,20): note: 'getenv' has been explicitly marked deprecated here
 1183 |     _Check_return_ _CRT_INSECURE_DEPRECATE(_dupenv_s)
      |                    ^
C:\Program Files (x86)\Microsoft Visual Studio\2022\BuildTools\VC\Tools\MSVC\14.44.35207\include\vcruntime.h(368,55): note: expanded from macro '_CRT_INSECURE_DEPRECATE'
  368 |         #define _CRT_INSECURE_DEPRECATE(_Replacement) _CRT_DEPRECATE_TEXT(    \
      |                                                       ^
C:\Program Files (x86)\Microsoft Visual Studio\2022\BuildTools\VC\Tools\MSVC\14.44.35207\include\vcruntime.h(358,47): note: expanded from macro '_CRT_DEPRECATE_TEXT'
  358 | #define _CRT_DEPRECATE_TEXT(_Text) __declspec(deprecated(_Text))
      |                                               ^
C:\Users\ultim\Desktop\Sonic Adventure Recompiled\src\native_title_adapter.cpp(2343,39): warning: 'getenv' is deprecated: This function or variable may be unsafe. Consider using _dupenv_s instead. To disable deprecation, use _CRT_SECURE_NO_WARNINGS. See online help for details. [-Wdeprecated-declarations]
 2343 |         const auto* background = std::getenv("KATANA_PORT_BACKGROUND_TEST");
      |                                       ^
C:\Program Files (x86)\Windows Kits\10\Include\10.0.26100.0\ucrt\stdlib.h(1183,20): note: 'getenv' has been explicitly marked deprecated here
 1183 |     _Check_return_ _CRT_INSECURE_DEPRECATE(_dupenv_s)
      |                    ^
C:\Program Files (x86)\Microsoft Visual Studio\2022\BuildTools\VC\Tools\MSVC\14.44.35207\include\vcruntime.h(368,55): note: expanded from macro '_CRT_INSECURE_DEPRECATE'
  368 |         #define _CRT_INSECURE_DEPRECATE(_Replacement) _CRT_DEPRECATE_TEXT(    \
      |                                                       ^
C:\Program Files (x86)\Microsoft Visual Studio\2022\BuildTools\VC\Tools\MSVC\14.44.35207\include\vcruntime.h(358,47): note: expanded from macro '_CRT_DEPRECATE_TEXT'
  358 | #define _CRT_DEPRECATE_TEXT(_Text) __declspec(deprecated(_Text))
      |                                               ^
C:\Users\ultim\Desktop\Sonic Adventure Recompiled\src\native_title_adapter.cpp(2344,34): warning: 'getenv' is deprecated: This function or variable may be unsafe. Consider using _dupenv_s instead. To disable deprecation, use _CRT_SECURE_NO_WARNINGS. See online help for details. [-Wdeprecated-declarations]
 2344 |         const auto* probe = std::getenv("KATANA_SONIC_GAMEPLAY_PROBE");
      |                                  ^
C:\Program Files (x86)\Windows Kits\10\Include\10.0.26100.0\ucrt\stdlib.h(1183,20): note: 'getenv' has been explicitly marked deprecated here
 1183 |     _Check_return_ _CRT_INSECURE_DEPRECATE(_dupenv_s)
      |                    ^
C:\Program Files (x86)\Microsoft Visual Studio\2022\BuildTools\VC\Tools\MSVC\14.44.35207\include\vcruntime.h(368,55): note: expanded from macro '_CRT_INSECURE_DEPRECATE'
  368 |         #define _CRT_INSECURE_DEPRECATE(_Replacement) _CRT_DEPRECATE_TEXT(    \
      |                                                       ^
C:\Program Files (x86)\Microsoft Visual Studio\2022\BuildTools\VC\Tools\MSVC\14.44.35207\include\vcruntime.h(358,47): note: expanded from macro '_CRT_DEPRECATE_TEXT'
  358 | #define _CRT_DEPRECATE_TEXT(_Text) __declspec(deprecated(_Text))
      |                                               ^
C:\Users\ultim\Desktop\Sonic Adventure Recompiled\src\native_title_adapter.cpp(2345,37): warning: 'getenv' is deprecated: This function or variable may be unsafe. Consider using _dupenv_s instead. To disable deprecation, use _CRT_SECURE_NO_WARNINGS. See online help for details. [-Wdeprecated-declarations]
 2345 |         const auto* scenario = std::getenv("KATANA_SONIC_PRIVATE_SCENARIO");
      |                                     ^
C:\Program Files (x86)\Windows Kits\10\Include\10.0.26100.0\ucrt\stdlib.h(1183,20): note: 'getenv' has been explicitly marked deprecated here
 1183 |     _Check_return_ _CRT_INSECURE_DEPRECATE(_dupenv_s)
      |                    ^
C:\Program Files (x86)\Microsoft Visual Studio\2022\BuildTools\VC\Tools\MSVC\14.44.35207\include\vcruntime.h(368,55): note: expanded from macro '_CRT_INSECURE_DEPRECATE'
  368 |         #define _CRT_INSECURE_DEPRECATE(_Replacement) _CRT_DEPRECATE_TEXT(    \
      |                                                       ^
C:\Program Files (x86)\Microsoft Visual Studio\2022\BuildTools\VC\Tools\MSVC\14.44.35207\include\vcruntime.h(358,47): note: expanded from macro '_CRT_DEPRECATE_TEXT'
  358 | #define _CRT_DEPRECATE_TEXT(_Text) __declspec(deprecated(_Text))
      |                                               ^
C:\Users\ultim\Desktop\Sonic Adventure Recompiled\src\native_title_adapter.cpp(2361,35): warning: 'getenv' is deprecated: This function or variable may be unsafe. Consider using _dupenv_s instead. To disable deprecation, use _CRT_SECURE_NO_WARNINGS. See online help for details. [-Wdeprecated-declarations]
 2361 |         const auto* original=std::getenv("SARECOMP_ORIGINAL_CADENCE");
      |                                   ^
C:\Program Files (x86)\Windows Kits\10\Include\10.0.26100.0\ucrt\stdlib.h(1183,20): note: 'getenv' has been explicitly marked deprecated here
 1183 |     _Check_return_ _CRT_INSECURE_DEPRECATE(_dupenv_s)
      |                    ^
C:\Program Files (x86)\Microsoft Visual Studio\2022\BuildTools\VC\Tools\MSVC\14.44.35207\include\vcruntime.h(368,55): note: expanded from macro '_CRT_INSECURE_DEPRECATE'
  368 |         #define _CRT_INSECURE_DEPRECATE(_Replacement) _CRT_DEPRECATE_TEXT(    \
      |                                                       ^
C:\Program Files (x86)\Microsoft Visual Studio\2022\BuildTools\VC\Tools\MSVC\14.44.35207\include\vcruntime.h(358,47): note: expanded from macro '_CRT_DEPRECATE_TEXT'
  358 | #define _CRT_DEPRECATE_TEXT(_Text) __declspec(deprecated(_Text))
      |                                               ^
C:\Users\ultim\Desktop\Sonic Adventure Recompiled\src\native_title_adapter.cpp(2409,32): warning: 'getenv' is deprecated: This function or variable may be unsafe. Consider using _dupenv_s instead. To disable deprecation, use _CRT_SECURE_NO_WARNINGS. See online help for details. [-Wdeprecated-declarations]
 2409 |         const auto* value=std::getenv("SARECOMP_HIDDEN_TRANSITION_TEST");
      |                                ^
C:\Program Files (x86)\Windows Kits\10\Include\10.0.26100.0\ucrt\stdlib.h(1183,20): note: 'getenv' has been explicitly marked deprecated here
 1183 |     _Check_return_ _CRT_INSECURE_DEPRECATE(_dupenv_s)
      |                    ^
C:\Program Files (x86)\Microsoft Visual Studio\2022\BuildTools\VC\Tools\MSVC\14.44.35207\include\vcruntime.h(368,55): note: expanded from macro '_CRT_INSECURE_DEPRECATE'
  368 |         #define _CRT_INSECURE_DEPRECATE(_Replacement) _CRT_DEPRECATE_TEXT(    \
      |                                                       ^
C:\Program Files (x86)\Microsoft Visual Studio\2022\BuildTools\VC\Tools\MSVC\14.44.35207\include\vcruntime.h(358,47): note: expanded from macro '_CRT_DEPRECATE_TEXT'
  358 | #define _CRT_DEPRECATE_TEXT(_Text) __declspec(deprecated(_Text))
      |                                               ^
C:\Users\ultim\Desktop\Sonic Adventure Recompiled\src\native_title_adapter.cpp(2410,33): warning: 'getenv' is deprecated: This function or variable may be unsafe. Consider using _dupenv_s instead. To disable deprecation, use _CRT_SECURE_NO_WARNINGS. See online help for details. [-Wdeprecated-declarations]
 2410 |         const auto* hidden=std::getenv("KATANA_PORT_BACKGROUND_TEST");
      |                                 ^
C:\Program Files (x86)\Windows Kits\10\Include\10.0.26100.0\ucrt\stdlib.h(1183,20): note: 'getenv' has been explicitly marked deprecated here
 1183 |     _Check_return_ _CRT_INSECURE_DEPRECATE(_dupenv_s)
      |                    ^
C:\Program Files (x86)\Microsoft Visual Studio\2022\BuildTools\VC\Tools\MSVC\14.44.35207\include\vcruntime.h(368,55): note: expanded from macro '_CRT_INSECURE_DEPRECATE'
  368 |         #define _CRT_INSECURE_DEPRECATE(_Replacement) _CRT_DEPRECATE_TEXT(    \
      |                                                       ^
C:\Program Files (x86)\Microsoft Visual Studio\2022\BuildTools\VC\Tools\MSVC\14.44.35207\include\vcruntime.h(358,47): note: expanded from macro '_CRT_DEPRECATE_TEXT'
  358 | #define _CRT_DEPRECATE_TEXT(_Text) __declspec(deprecated(_Text))
      |                                               ^
C:\Users\ultim\Desktop\Sonic Adventure Recompiled\src\native_title_adapter.cpp(2411,35): warning: 'getenv' is deprecated: This function or variable may be unsafe. Consider using _dupenv_s instead. To disable deprecation, use _CRT_SECURE_NO_WARNINGS. See online help for details. [-Wdeprecated-declarations]
 2411 |         const auto* isolated=std::getenv("SARECOMP_BENCHMARK_ISOLATED_INPUT");
      |                                   ^
C:\Program Files (x86)\Windows Kits\10\Include\10.0.26100.0\ucrt\stdlib.h(1183,20): note: 'getenv' has been explicitly marked deprecated here
 1183 |     _Check_return_ _CRT_INSECURE_DEPRECATE(_dupenv_s)
      |                    ^
C:\Program Files (x86)\Microsoft Visual Studio\2022\BuildTools\VC\Tools\MSVC\14.44.35207\include\vcruntime.h(368,55): note: expanded from macro '_CRT_INSECURE_DEPRECATE'
  368 |         #define _CRT_INSECURE_DEPRECATE(_Replacement) _CRT_DEPRECATE_TEXT(    \
      |                                                       ^
C:\Program Files (x86)\Microsoft Visual Studio\2022\BuildTools\VC\Tools\MSVC\14.44.35207\include\vcruntime.h(358,47): note: expanded from macro '_CRT_DEPRECATE_TEXT'
  358 | #define _CRT_DEPRECATE_TEXT(_Text) __declspec(deprecated(_Text))
      |                                               ^
C:\Users\ultim\Desktop\Sonic Adventure Recompiled\src\native_title_adapter.cpp(2412,32): warning: 'getenv' is deprecated: This function or variable may be unsafe. Consider using _dupenv_s instead. To disable deprecation, use _CRT_SECURE_NO_WARNINGS. See online help for details. [-Wdeprecated-declarations]
 2412 |         const auto* saves=std::getenv("KATANA_USER_DATA_ROOT");
      |                                ^
C:\Program Files (x86)\Windows Kits\10\Include\10.0.26100.0\ucrt\stdlib.h(1183,20): note: 'getenv' has been explicitly marked deprecated here
 1183 |     _Check_return_ _CRT_INSECURE_DEPRECATE(_dupenv_s)
      |                    ^
C:\Program Files (x86)\Microsoft Visual Studio\2022\BuildTools\VC\Tools\MSVC\14.44.35207\include\vcruntime.h(368,55): note: expanded from macro '_CRT_INSECURE_DEPRECATE'
  368 |         #define _CRT_INSECURE_DEPRECATE(_Replacement) _CRT_DEPRECATE_TEXT(    \
      |                                                       ^
C:\Program Files (x86)\Microsoft Visual Studio\2022\BuildTools\VC\Tools\MSVC\14.44.35207\include\vcruntime.h(358,47): note: expanded from macro '_CRT_DEPRECATE_TEXT'
  358 | #define _CRT_DEPRECATE_TEXT(_Text) __declspec(deprecated(_Text))
      |                                               ^
C:\Users\ultim\Desktop\Sonic Adventure Recompiled\src\native_title_adapter.cpp(3884,66): warning: missing field 'instruction' initializer [-Wmissing-field-initializers]
 3884 |                 katana::runtime::GuestMemoryAccessContext{address});
      |                                                                  ^
C:\Users\ultim\Desktop\Sonic Adventure Recompiled\src\native_title_adapter.cpp(15606,40): warning: missing field 'per_texture_catalog_indices' initializer [-Wmissing-field-initializers]
 15606 |                  catalog->catalog_index});
       |                                        ^
C:\Users\ultim\Desktop\Sonic Adventure Recompiled\src\native_title_adapter.cpp(21208,42): warning: '&&' within '||' [-Wlogical-op-parentheses]
 21208 |         if (value == ':' || value == '.' && component_is_empty)
       |                          ~~ ~~~~~~~~~~~~~^~~~~~~~~~~~~~~~~~~~~
C:\Users\ultim\Desktop\Sonic Adventure Recompiled\src\native_title_adapter.cpp(21208,42): note: place parentheses around the '&&' expression to silence this warning
 21208 |         if (value == ':' || value == '.' && component_is_empty)
       |                                          ^
       |                             (                                 )
C:\Users\ultim\Desktop\Sonic Adventure Recompiled\src\native_title_adapter.cpp(21900,1): warning: 'sonic_native_sixty_frame_cadence' has C-linkage specified, but returns user-defined type 'katana::runtime::NativePortHookResult' which is incompatible with C [-Wreturn-type-c-linkage]
 21900 | sonic_native_sixty_frame_cadence(katana::runtime::NativePortContext& context) noexcept {
       | ^
C:\Users\ultim\Desktop\Sonic Adventure Recompiled\src\native_title_adapter.cpp(21942,1): warning: 'sonic_native_rumble_capability' has C-linkage specified, but returns user-defined type 'katana::runtime::NativePortHookResult' which is incompatible with C [-Wreturn-type-c-linkage]
 21942 | sonic_native_rumble_capability(katana::runtime::NativePortContext& context) noexcept {
       | ^
C:\Users\ultim\Desktop\Sonic Adventure Recompiled\src\native_title_adapter.cpp(21948,1): warning: 'sonic_native_rumble_configure' has C-linkage specified, but returns user-defined type 'katana::runtime::NativePortHookResult' which is incompatible with C [-Wreturn-type-c-linkage]
 21948 | sonic_native_rumble_configure(katana::runtime::NativePortContext& context) noexcept {
       | ^
C:\Users\ultim\Desktop\Sonic Adventure Recompiled\src\native_title_adapter.cpp(21954,1): warning: 'sonic_native_rumble_request' has C-linkage specified, but returns user-defined type 'katana::runtime::NativePortHookResult' which is incompatible with C [-Wreturn-type-c-linkage]
 21954 | sonic_native_rumble_request(katana::runtime::NativePortContext& context) noexcept {
       | ^
C:\Users\ultim\Desktop\Sonic Adventure Recompiled\src\native_title_adapter.cpp(21966,1): warning: 'sonic_native_rumble_stop' has C-linkage specified, but returns user-defined type 'katana::runtime::NativePortHookResult' which is incompatible with C [-Wreturn-type-c-linkage]
 21966 | sonic_native_rumble_stop(katana::runtime::NativePortContext& context) noexcept {
       | ^
C:\Users\ultim\Desktop\Sonic Adventure Recompiled\src\native_title_adapter.cpp(21973,1): warning: 'sonic_native_private_stage_tuple_override' has C-linkage specified, but returns user-defined type 'katana::runtime::NativePortHookResult' which is incompatible with C [-Wreturn-type-c-linkage]
 21973 | sonic_native_private_stage_tuple_override(
       | ^
C:\Users\ultim\Desktop\Sonic Adventure Recompiled\src\native_title_adapter.cpp(21979,1): warning: 'sonic_native_character_task_update_entry_observe' has C-linkage specified, but returns user-defined type 'katana::runtime::NativePortHookResult' which is incompatible with C [-Wreturn-type-c-linkage]
 21979 | sonic_native_character_task_update_entry_observe(
       | ^
C:\Users\ultim\Desktop\Sonic Adventure Recompiled\src\native_title_adapter.cpp(21987,1): warning: 'sonic_native_character_task_update_exit_observe' has C-linkage specified, but returns user-defined type 'katana::runtime::NativePortHookResult' which is incompatible with C [-Wreturn-type-c-linkage]
 21987 | sonic_native_character_task_update_exit_observe(
       | ^
C:\Users\ultim\Desktop\Sonic Adventure Recompiled\src\native_title_adapter.cpp(21995,1): warning: 'sonic_native_character_task_display_entry_observe' has C-linkage specified, but returns user-defined type 'katana::runtime::NativePortHookResult' which is incompatible with C [-Wreturn-type-c-linkage]
 21995 | sonic_native_character_task_display_entry_observe(
       | ^
C:\Users\ultim\Desktop\Sonic Adventure Recompiled\src\native_title_adapter.cpp(22003,1): warning: 'sonic_native_character_task_display_exit_observe' has C-linkage specified, but returns user-defined type 'katana::runtime::NativePortHookResult' which is incompatible with C [-Wreturn-type-c-linkage]
 22003 | sonic_native_character_task_display_exit_observe(
       | ^
C:\Users\ultim\Desktop\Sonic Adventure Recompiled\src\native_title_adapter.cpp(22011,1): warning: 'sonic_native_input_consumer_8c04d5f0' has C-linkage specified, but returns user-defined type 'katana::runtime::NativePortHookResult' which is incompatible with C [-Wreturn-type-c-linkage]
 22011 | sonic_native_input_consumer_8c04d5f0(
       | ^
C:\Users\ultim\Desktop\Sonic Adventure Recompiled\src\native_title_adapter.cpp(22021,1): warning: 'sonic_native_input_consumer_8c04e19e' has C-linkage specified, but returns user-defined type 'katana::runtime::NativePortHookResult' which is incompatible with C [-Wreturn-type-c-linkage]
 22021 | sonic_native_input_consumer_8c04e19e(
       | ^
C:\Users\ultim\Desktop\Sonic Adventure Recompiled\src\native_title_adapter.cpp(22031,1): warning: 'sonic_native_input_consumer_8c04ebf2' has C-linkage specified, but returns user-defined type 'katana::runtime::NativePortHookResult' which is incompatible with C [-Wreturn-type-c-linkage]
 22031 | sonic_native_input_consumer_8c04ebf2(
       | ^
C:\Users\ultim\Desktop\Sonic Adventure Recompiled\src\native_title_adapter.cpp(22041,1): warning: 'sonic_native_input_consumer_8c04ec20' has C-linkage specified, but returns user-defined type 'katana::runtime::NativePortHookResult' which is incompatible with C [-Wreturn-type-c-linkage]
 22041 | sonic_native_input_consumer_8c04ec20(
       | ^
C:\Users\ultim\Desktop\Sonic Adventure Recompiled\src\native_title_adapter.cpp(22051,1): warning: 'sonic_native_input_consumer_8c0a1258' has C-linkage specified, but returns user-defined type 'katana::runtime::NativePortHookResult' which is incompatible with C [-Wreturn-type-c-linkage]
 22051 | sonic_native_input_consumer_8c0a1258(
       | ^
C:\Users\ultim\Desktop\Sonic Adventure Recompiled\src\native_title_adapter.cpp(22061,1): warning: 'sonic_native_input_consumer_8c0a6264' has C-linkage specified, but returns user-defined type 'katana::runtime::NativePortHookResult' which is incompatible with C [-Wreturn-type-c-linkage]
 22061 | sonic_native_input_consumer_8c0a6264(
       | ^
C:\Users\ultim\Desktop\Sonic Adventure Recompiled\src\native_title_adapter.cpp(22071,1): warning: 'sonic_native_input_consumer_8c0a6388' has C-linkage specified, but returns user-defined type 'katana::runtime::NativePortHookResult' which is incompatible with C [-Wreturn-type-c-linkage]
 22071 | sonic_native_input_consumer_8c0a6388(
       | ^
C:\Users\ultim\Desktop\Sonic Adventure Recompiled\src\native_title_adapter.cpp(22081,1): warning: 'sonic_native_operand_cache_invalidate_range' has C-linkage specified, but returns user-defined type 'katana::runtime::NativePortHookResult' which is incompatible with C [-Wreturn-type-c-linkage]
 22081 | sonic_native_operand_cache_invalidate_range(
       | ^
C:\Users\ultim\Desktop\Sonic Adventure Recompiled\src\native_title_adapter.cpp(22090,1): warning: 'sonic_native_operand_cache_purge_range' has C-linkage specified, but returns user-defined type 'katana::runtime::NativePortHookResult' which is incompatible with C [-Wreturn-type-c-linkage]
 22090 | sonic_native_operand_cache_purge_range(
       | ^
C:\Users\ultim\Desktop\Sonic Adventure Recompiled\src\native_title_adapter.cpp(22099,1): warning: 'sonic_native_operand_cache_writeback_range' has C-linkage specified, but returns user-defined type 'katana::runtime::NativePortHookResult' which is incompatible with C [-Wreturn-type-c-linkage]
 22099 | sonic_native_operand_cache_writeback_range(
       | ^
C:\Users\ultim\Desktop\Sonic Adventure Recompiled\src\native_title_adapter.cpp(22108,1): warning: 'sonic_native_operand_cache_invalidate_all' has C-linkage specified, but returns user-defined type 'katana::runtime::NativePortHookResult' which is incompatible with C [-Wreturn-type-c-linkage]
 22108 | sonic_native_operand_cache_invalidate_all(
       | ^
C:\Users\ultim\Desktop\Sonic Adventure Recompiled\src\native_title_adapter.cpp(22117,1): warning: 'sonic_native_ninja_border_color' has C-linkage specified, but returns user-defined type 'katana::runtime::NativePortHookResult' which is incompatible with C [-Wreturn-type-c-linkage]
 22117 | sonic_native_ninja_border_color(
       | ^
C:\Users\ultim\Desktop\Sonic Adventure Recompiled\src\native_title_adapter.cpp(22139,1): warning: 'sonic_native_ninja_fog_table_color' has C-linkage specified, but returns user-defined type 'katana::runtime::NativePortHookResult' which is incompatible with C [-Wreturn-type-c-linkage]
 22139 | sonic_native_ninja_fog_table_color(
       | ^
C:\Users\ultim\Desktop\Sonic Adventure Recompiled\src\native_title_adapter.cpp(22155,1): warning: 'sonic_native_ninja_fog_density' has C-linkage specified, but returns user-defined type 'katana::runtime::NativePortHookResult' which is incompatible with C [-Wreturn-type-c-linkage]
 22155 | sonic_native_ninja_fog_density(
       | ^
C:\Users\ultim\Desktop\Sonic Adventure Recompiled\src\native_title_adapter.cpp(22213,1): warning: 'sonic_native_ninja_fog_table' has C-linkage specified, but returns user-defined type 'katana::runtime::NativePortHookResult' which is incompatible with C [-Wreturn-type-c-linkage]
 22213 | sonic_native_ninja_fog_table(
       | ^
C:\Users\ultim\Desktop\Sonic Adventure Recompiled\src\native_title_adapter.cpp(22257,1): warning: 'sonic_native_ninja_fog_table_color_direct' has C-linkage specified, but returns user-defined type 'katana::runtime::NativePortHookResult' which is incompatible with C [-Wreturn-type-c-linkage]
 22257 | sonic_native_ninja_fog_table_color_direct(
       | ^
C:\Users\ultim\Desktop\Sonic Adventure Recompiled\src\native_title_adapter.cpp(22272,1): warning: 'sonic_native_ninja_fog_vertex_color_direct' has C-linkage specified, but returns user-defined type 'katana::runtime::NativePortHookResult' which is incompatible with C [-Wreturn-type-c-linkage]
 22272 | sonic_native_ninja_fog_vertex_color_direct(
       | ^
C:\Users\ultim\Desktop\Sonic Adventure Recompiled\src\native_title_adapter.cpp(22287,1): warning: 'sonic_native_ninja_fog_table_direct' has C-linkage specified, but returns user-defined type 'katana::runtime::NativePortHookResult' which is incompatible with C [-Wreturn-type-c-linkage]
 22287 | sonic_native_ninja_fog_table_direct(
       | ^
C:\Users\ultim\Desktop\Sonic Adventure Recompiled\src\native_title_adapter.cpp(22293,1): warning: 'sonic_native_ninja_fog_density_direct' has C-linkage specified, but returns user-defined type 'katana::runtime::NativePortHookResult' which is incompatible with C [-Wreturn-type-c-linkage]
 22293 | sonic_native_ninja_fog_density_direct(
       | ^
C:\Users\ultim\Desktop\Sonic Adventure Recompiled\src\native_title_adapter.cpp(22299,1): warning: 'sonic_native_ninja_cull_value' has C-linkage specified, but returns user-defined type 'katana::runtime::NativePortHookResult' which is incompatible with C [-Wreturn-type-c-linkage]
 22299 | sonic_native_ninja_cull_value(
       | ^
C:\Users\ultim\Desktop\Sonic Adventure Recompiled\src\native_title_adapter.cpp(22497,1): warning: 'sonic_native_transfer_ring_initialize' has C-linkage specified, but returns user-defined type 'katana::runtime::NativePortHookResult' which is incompatible with C [-Wreturn-type-c-linkage]
 22497 | sonic_native_transfer_ring_initialize(
       | ^
C:\Users\ultim\Desktop\Sonic Adventure Recompiled\src\native_title_adapter.cpp(22577,1): warning: 'sonic_native_transfer_ring_reset' has C-linkage specified, but returns user-defined type 'katana::runtime::NativePortHookResult' which is incompatible with C [-Wreturn-type-c-linkage]
 22577 | sonic_native_transfer_ring_reset(
       | ^
C:\Users\ultim\Desktop\Sonic Adventure Recompiled\src\native_title_adapter.cpp(22632,1): warning: 'sonic_native_transfer_ring_submit' has C-linkage specified, but returns user-defined type 'katana::runtime::NativePortHookResult' which is incompatible with C [-Wreturn-type-c-linkage]
 22632 | sonic_native_transfer_ring_submit(
       | ^
C:\Users\ultim\Desktop\Sonic Adventure Recompiled\src\native_title_adapter.cpp(22760,1): warning: 'sonic_native_transfer_ring_drain' has C-linkage specified, but returns user-defined type 'katana::runtime::NativePortHookResult' which is incompatible with C [-Wreturn-type-c-linkage]
 22760 | sonic_native_transfer_ring_drain(
       | ^
C:\Users\ultim\Desktop\Sonic Adventure Recompiled\src\native_title_adapter.cpp(22926,1): warning: 'sonic_native_transfer_resume_all' has C-linkage specified, but returns user-defined type 'katana::runtime::NativePortHookResult' which is incompatible with C [-Wreturn-type-c-linkage]
 22926 | sonic_native_transfer_resume_all(
       | ^
C:\Users\ultim\Desktop\Sonic Adventure Recompiled\src\native_title_adapter.cpp(22932,1): warning: 'sonic_native_transfer_suspend_all' has C-linkage specified, but returns user-defined type 'katana::runtime::NativePortHookResult' which is incompatible with C [-Wreturn-type-c-linkage]
 22932 | sonic_native_transfer_suspend_all(
       | ^
C:\Users\ultim\Desktop\Sonic Adventure Recompiled\src\native_title_adapter.cpp(22981,1): warning: 'sonic_native_transfer_fifo_ready_raw' has C-linkage specified, but returns user-defined type 'katana::runtime::NativePortHookResult' which is incompatible with C [-Wreturn-type-c-linkage]
 22981 | sonic_native_transfer_fifo_ready_raw(
       | ^
C:\Users\ultim\Desktop\Sonic Adventure Recompiled\src\native_title_adapter.cpp(22987,1): warning: 'sonic_native_transfer_audio_fifo_ready' has C-linkage specified, but returns user-defined type 'katana::runtime::NativePortHookResult' which is incompatible with C [-Wreturn-type-c-linkage]
 22987 | sonic_native_transfer_audio_fifo_ready(
       | ^
C:\Users\ultim\Desktop\Sonic Adventure Recompiled\src\native_title_adapter.cpp(22993,1): warning: 'sonic_native_transfer_fifo_ready' has C-linkage specified, but returns user-defined type 'katana::runtime::NativePortHookResult' which is incompatible with C [-Wreturn-type-c-linkage]
 22993 | sonic_native_transfer_fifo_ready(
       | ^
C:\Users\ultim\Desktop\Sonic Adventure Recompiled\src\native_title_adapter.cpp(23415,1): warning: 'sonic_native_audio_foundation_initialize' has C-linkage specified, but returns user-defined type 'katana::runtime::NativePortHookResult' which is incompatible with C [-Wreturn-type-c-linkage]
 23415 | sonic_native_audio_foundation_initialize(
       | ^
C:\Users\ultim\Desktop\Sonic Adventure Recompiled\src\native_title_adapter.cpp(23460,1): warning: 'sonic_native_audio_foundation_shutdown' has C-linkage specified, but returns user-defined type 'katana::runtime::NativePortHookResult' which is incompatible with C [-Wreturn-type-c-linkage]
 23460 | sonic_native_audio_foundation_shutdown(
       | ^
C:\Users\ultim\Desktop\Sonic Adventure Recompiled\src\native_title_adapter.cpp(23490,1): warning: 'sonic_native_sound_driver_initialize' has C-linkage specified, but returns user-defined type 'katana::runtime::NativePortHookResult' which is incompatible with C [-Wreturn-type-c-linkage]
 23490 | sonic_native_sound_driver_initialize(
       | ^
C:\Users\ultim\Desktop\Sonic Adventure Recompiled\src\native_title_adapter.cpp(23517,1): warning: 'sonic_native_sound_output_mode_initialize' has C-linkage specified, but returns user-defined type 'katana::runtime::NativePortHookResult' which is incompatible with C [-Wreturn-type-c-linkage]
 23517 | sonic_native_sound_output_mode_initialize(
       | ^
C:\Users\ultim\Desktop\Sonic Adventure Recompiled\src\native_title_adapter.cpp(23549,1): warning: 'sonic_native_sound_port_table_initialize' has C-linkage specified, but returns user-defined type 'katana::runtime::NativePortHookResult' which is incompatible with C [-Wreturn-type-c-linkage]
 23549 | sonic_native_sound_port_table_initialize(
       | ^
C:\Users\ultim\Desktop\Sonic Adventure Recompiled\src\native_title_adapter.cpp(23575,1): warning: 'sonic_native_audio_defaults' has C-linkage specified, but returns user-defined type 'katana::runtime::NativePortHookResult' which is incompatible with C [-Wreturn-type-c-linkage]
 23575 | sonic_native_audio_defaults(
       | ^
C:\Users\ultim\Desktop\Sonic Adventure Recompiled\src\native_title_adapter.cpp(23615,1): warning: 'sonic_native_audio_service' has C-linkage specified, but returns user-defined type 'katana::runtime::NativePortHookResult' which is incompatible with C [-Wreturn-type-c-linkage]
 23615 | sonic_native_audio_service(
       | ^
C:\Users\ultim\Desktop\Sonic Adventure Recompiled\src\native_title_adapter.cpp(23654,1): warning: 'sonic_native_sound_frame_service' has C-linkage specified, but returns user-defined type 'katana::runtime::NativePortHookResult' which is incompatible with C [-Wreturn-type-c-linkage]
 23654 | sonic_native_sound_frame_service(
       | ^
C:\Users\ultim\Desktop\Sonic Adventure Recompiled\src\native_title_adapter.cpp(24163,1): warning: 'sonic_native_sound_collection_load' has C-linkage specified, but returns user-defined type 'katana::runtime::NativePortHookResult' which is incompatible with C [-Wreturn-type-c-linkage]
 24163 | sonic_native_sound_collection_load(
       | ^
C:\Users\ultim\Desktop\Sonic Adventure Recompiled\src\native_title_adapter.cpp(24188,1): warning: 'sonic_native_adxt_start_file' has C-linkage specified, but returns user-defined type 'katana::runtime::NativePortHookResult' which is incompatible with C [-Wreturn-type-c-linkage]
 24188 | sonic_native_adxt_start_file(
       | ^
C:\Users\ultim\Desktop\Sonic Adventure Recompiled\src\native_title_adapter.cpp(24358,1): warning: 'sonic_native_adxt_start_afs' has C-linkage specified, but returns user-defined type 'katana::runtime::NativePortHookResult' which is incompatible with C [-Wreturn-type-c-linkage]
 24358 | sonic_native_adxt_start_afs(
       | ^
C:\Users\ultim\Desktop\Sonic Adventure Recompiled\src\native_title_adapter.cpp(24501,50): warning: 'sonic_native_adxt_status' has C-linkage specified, but returns user-defined type 'katana::runtime::NativePortHookResult' which is incompatible with C [-Wreturn-type-c-linkage]
 24501 | extern "C" katana::runtime::NativePortHookResult sonic_native_adxt_status(
       |                                                  ^
C:\Users\ultim\Desktop\Sonic Adventure Recompiled\src\native_title_adapter.cpp(24532,50): warning: 'sonic_native_adxt_time' has C-linkage specified, but returns user-defined type 'katana::runtime::NativePortHookResult' which is incompatible with C [-Wreturn-type-c-linkage]
 24532 | extern "C" katana::runtime::NativePortHookResult sonic_native_adxt_time(
       |                                                  ^
C:\Users\ultim\Desktop\Sonic Adventure Recompiled\src\native_title_adapter.cpp(24604,50): warning: 'sonic_native_adxt_stop' has C-linkage specified, but returns user-defined type 'katana::runtime::NativePortHookResult' which is incompatible with C [-Wreturn-type-c-linkage]
 24604 | extern "C" katana::runtime::NativePortHookResult sonic_native_adxt_stop(
       |                                                  ^
C:\Users\ultim\Desktop\Sonic Adventure Recompiled\src\native_title_adapter.cpp(24657,50): warning: 'sonic_native_adxt_destroy' has C-linkage specified, but returns user-defined type 'katana::runtime::NativePortHookResult' which is incompatible with C [-Wreturn-type-c-linkage]
 24657 | extern "C" katana::runtime::NativePortHookResult sonic_native_adxt_destroy(
       |                                                  ^
C:\Users\ultim\Desktop\Sonic Adventure Recompiled\src\native_title_adapter.cpp(24733,1): warning: 'sonic_native_adxt_output_volume' has C-linkage specified, but returns user-defined type 'katana::runtime::NativePortHookResult' which is incompatible with C [-Wreturn-type-c-linkage]
 24733 | sonic_native_adxt_output_volume(
       | ^
C:\Users\ultim\Desktop\Sonic Adventure Recompiled\src\native_title_adapter.cpp(25081,1): warning: 'sonic_native_sound_bank_chunk_register' has C-linkage specified, but returns user-defined type 'katana::runtime::NativePortHookResult' which is incompatible with C [-Wreturn-type-c-linkage]
 25081 | sonic_native_sound_bank_chunk_register(
       | ^
C:\Users\ultim\Desktop\Sonic Adventure Recompiled\src\native_title_adapter.cpp(25256,1): warning: 'sonic_native_midi_initialize' has C-linkage specified, but returns user-defined type 'katana::runtime::NativePortHookResult' which is incompatible with C [-Wreturn-type-c-linkage]
 25256 | sonic_native_midi_initialize(
       | ^
C:\Users\ultim\Desktop\Sonic Adventure Recompiled\src\native_title_adapter.cpp(25280,50): warning: 'sonic_native_midi_volume' has C-linkage specified, but returns user-defined type 'katana::runtime::NativePortHookResult' which is incompatible with C [-Wreturn-type-c-linkage]
 25280 | extern "C" katana::runtime::NativePortHookResult sonic_native_midi_volume(
       |                                                  ^
C:\Users\ultim\Desktop\Sonic Adventure Recompiled\src\native_title_adapter.cpp(25301,50): warning: 'sonic_native_midi_pan' has C-linkage specified, but returns user-defined type 'katana::runtime::NativePortHookResult' which is incompatible with C [-Wreturn-type-c-linkage]
 25301 | extern "C" katana::runtime::NativePortHookResult sonic_native_midi_pan(
       |                                                  ^
C:\Users\ultim\Desktop\Sonic Adventure Recompiled\src\native_title_adapter.cpp(25329,50): warning: 'sonic_native_midi_pitch' has C-linkage specified, but returns user-defined type 'katana::runtime::NativePortHookResult' which is incompatible with C [-Wreturn-type-c-linkage]
 25329 | extern "C" katana::runtime::NativePortHookResult sonic_native_midi_pitch(
       |                                                  ^
C:\Users\ultim\Desktop\Sonic Adventure Recompiled\src\native_title_adapter.cpp(25354,50): warning: 'sonic_native_midi_note_on' has C-linkage specified, but returns user-defined type 'katana::runtime::NativePortHookResult' which is incompatible with C [-Wreturn-type-c-linkage]
 25354 | extern "C" katana::runtime::NativePortHookResult sonic_native_midi_note_on(
       |                                                  ^
C:\Users\ultim\Desktop\Sonic Adventure Recompiled\src\native_title_adapter.cpp(25376,50): warning: 'sonic_native_midi_note_off' has C-linkage specified, but returns user-defined type 'katana::runtime::NativePortHookResult' which is incompatible with C [-Wreturn-type-c-linkage]
 25376 | extern "C" katana::runtime::NativePortHookResult sonic_native_midi_note_off(
       |                                                  ^
C:\Users\ultim\Desktop\Sonic Adventure Recompiled\src\native_title_adapter.cpp(25487,50): warning: 'sonic_native_sound_play' has C-linkage specified, but returns user-defined type 'katana::runtime::NativePortHookResult' which is incompatible with C [-Wreturn-type-c-linkage]
 25487 | extern "C" katana::runtime::NativePortHookResult sonic_native_sound_play(
       |                                                  ^
C:\Users\ultim\Desktop\Sonic Adventure Recompiled\src\native_title_adapter.cpp(25697,50): warning: 'sonic_native_sound_stop' has C-linkage specified, but returns user-defined type 'katana::runtime::NativePortHookResult' which is incompatible with C [-Wreturn-type-c-linkage]
 25697 | extern "C" katana::runtime::NativePortHookResult sonic_native_sound_stop(
       |                                                  ^
C:\Users\ultim\Desktop\Sonic Adventure Recompiled\src\native_title_adapter.cpp(25731,50): warning: 'sonic_native_sound_volume' has C-linkage specified, but returns user-defined type 'katana::runtime::NativePortHookResult' which is incompatible with C [-Wreturn-type-c-linkage]
 25731 | extern "C" katana::runtime::NativePortHookResult sonic_native_sound_volume(
       |                                                  ^
C:\Users\ultim\Desktop\Sonic Adventure Recompiled\src\native_title_adapter.cpp(25770,50): warning: 'sonic_native_sound_pan' has C-linkage specified, but returns user-defined type 'katana::runtime::NativePortHookResult' which is incompatible with C [-Wreturn-type-c-linkage]
 25770 | extern "C" katana::runtime::NativePortHookResult sonic_native_sound_pan(
       |                                                  ^
C:\Users\ultim\Desktop\Sonic Adventure Recompiled\src\native_title_adapter.cpp(25804,50): warning: 'sonic_native_sound_pitch' has C-linkage specified, but returns user-defined type 'katana::runtime::NativePortHookResult' which is incompatible with C [-Wreturn-type-c-linkage]
 25804 | extern "C" katana::runtime::NativePortHookResult sonic_native_sound_pitch(
       |                                                  ^
C:\Users\ultim\Desktop\Sonic Adventure Recompiled\src\native_title_adapter.cpp(25835,1): warning: 'sonic_native_sound_close_sequence_ports' has C-linkage specified, but returns user-defined type 'katana::runtime::NativePortHookResult' which is incompatible with C [-Wreturn-type-c-linkage]
 25835 | sonic_native_sound_close_sequence_ports(
       | ^
C:\Users\ultim\Desktop\Sonic Adventure Recompiled\src\native_title_adapter.cpp(25869,1): warning: 'sonic_native_audio_control_transaction' has C-linkage specified, but returns user-defined type 'katana::runtime::NativePortHookResult' which is incompatible with C [-Wreturn-type-c-linkage]
 25869 | sonic_native_audio_control_transaction(
       | ^
C:\Users\ultim\Desktop\Sonic Adventure Recompiled\src\native_title_adapter.cpp(25962,1): warning: 'sonic_native_audio_output_control' has C-linkage specified, but returns user-defined type 'katana::runtime::NativePortHookResult' which is incompatible with C [-Wreturn-type-c-linkage]
 25962 | sonic_native_audio_output_control(
       | ^
C:\Users\ultim\Desktop\Sonic Adventure Recompiled\src\native_title_adapter.cpp(26053,1): warning: 'sonic_native_audio_processor_stop' has C-linkage specified, but returns user-defined type 'katana::runtime::NativePortHookResult' which is incompatible with C [-Wreturn-type-c-linkage]
 26053 | sonic_native_audio_processor_stop(
       | ^
C:\Users\ultim\Desktop\Sonic Adventure Recompiled\src\native_title_adapter.cpp(26059,1): warning: 'sonic_native_audio_processor_start' has C-linkage specified, but returns user-defined type 'katana::runtime::NativePortHookResult' which is incompatible with C [-Wreturn-type-c-linkage]
 26059 | sonic_native_audio_processor_start(
       | ^
C:\Users\ultim\Desktop\Sonic Adventure Recompiled\src\native_title_adapter.cpp(26065,1): warning: 'sonic_native_video_mode_apply' has C-linkage specified, but returns user-defined type 'katana::runtime::NativePortHookResult' which is incompatible with C [-Wreturn-type-c-linkage]
 26065 | sonic_native_video_mode_apply(
       | ^
C:\Users\ultim\Desktop\Sonic Adventure Recompiled\src\native_title_adapter.cpp(26202,1): warning: 'sonic_native_video_mode_60hz' has C-linkage specified, but returns user-defined type 'katana::runtime::NativePortHookResult' which is incompatible with C [-Wreturn-type-c-linkage]
 26202 | sonic_native_video_mode_60hz(
       | ^
C:\Users\ultim\Desktop\Sonic Adventure Recompiled\src\native_title_adapter.cpp(26252,1): warning: 'sonic_native_video_output_commit' has C-linkage specified, but returns user-defined type 'katana::runtime::NativePortHookResult' which is incompatible with C [-Wreturn-type-c-linkage]
 26252 | sonic_native_video_output_commit(
       | ^
C:\Users\ultim\Desktop\Sonic Adventure Recompiled\src\native_title_adapter.cpp(26323,5): warning: 'sonic_native_video_scanout_r_sof1_a' has C-linkage specified, but returns user-defined type 'katana::runtime::NativePortHookResult' which is incompatible with C [-Wreturn-type-c-linkage]
 26323 |     sonic_native_video_scanout_r_sof1_a, 0x50u, 0x8C641C2Eu)
       |     ^
C:\Users\ultim\Desktop\Sonic Adventure Recompiled\src\native_title_adapter.cpp(26325,5): warning: 'sonic_native_video_scanout_r_sof2_a' has C-linkage specified, but returns user-defined type 'katana::runtime::NativePortHookResult' which is incompatible with C [-Wreturn-type-c-linkage]
 26325 |     sonic_native_video_scanout_r_sof2_a, 0x54u, 0x8C641C36u)
       |     ^
C:\Users\ultim\Desktop\Sonic Adventure Recompiled\src\native_title_adapter.cpp(26327,5): warning: 'sonic_native_video_scanout_w_sof1' has C-linkage specified, but returns user-defined type 'katana::runtime::NativePortHookResult' which is incompatible with C [-Wreturn-type-c-linkage]
 26327 |     sonic_native_video_scanout_w_sof1, 0x60u, 0x8C641C3Eu)
       |     ^
C:\Users\ultim\Desktop\Sonic Adventure Recompiled\src\native_title_adapter.cpp(26329,5): warning: 'sonic_native_video_scanout_w_sof2' has C-linkage specified, but returns user-defined type 'katana::runtime::NativePortHookResult' which is incompatible with C [-Wreturn-type-c-linkage]
 26329 |     sonic_native_video_scanout_w_sof2, 0x64u, 0x8C641C46u)
       |     ^
C:\Users\ultim\Desktop\Sonic Adventure Recompiled\src\native_title_adapter.cpp(26331,5): warning: 'sonic_native_video_scanout_r_sof1_b' has C-linkage specified, but returns user-defined type 'katana::runtime::NativePortHookResult' which is incompatible with C [-Wreturn-type-c-linkage]
 26331 |     sonic_native_video_scanout_r_sof1_b, 0x50u, 0x8C641C6Cu)
       |     ^
C:\Users\ultim\Desktop\Sonic Adventure Recompiled\src\native_title_adapter.cpp(26333,5): warning: 'sonic_native_video_scanout_r_sof1_c' has C-linkage specified, but returns user-defined type 'katana::runtime::NativePortHookResult' which is incompatible with C [-Wreturn-type-c-linkage]
 26333 |     sonic_native_video_scanout_r_sof1_c, 0x50u, 0x8C641C7Au)
       |     ^
C:\Users\ultim\Desktop\Sonic Adventure Recompiled\src\native_title_adapter.cpp(26335,5): warning: 'sonic_native_video_scanout_r_sof2_b' has C-linkage specified, but returns user-defined type 'katana::runtime::NativePortHookResult' which is incompatible with C [-Wreturn-type-c-linkage]
 26335 |     sonic_native_video_scanout_r_sof2_b, 0x54u, 0x8C641C82u)
       |     ^
C:\Users\ultim\Desktop\Sonic Adventure Recompiled\src\native_title_adapter.cpp(26346,5): warning: 'sonic_native_video_timing_reset_a' has C-linkage specified, but returns user-defined type 'katana::runtime::NativePortHookResult' which is incompatible with C [-Wreturn-type-c-linkage]
 26346 |     sonic_native_video_timing_reset_a, 0x8C6630D0u)
       |     ^
C:\Users\ultim\Desktop\Sonic Adventure Recompiled\src\native_title_adapter.cpp(26348,5): warning: 'sonic_native_video_timing_reset_b' has C-linkage specified, but returns user-defined type 'katana::runtime::NativePortHookResult' which is incompatible with C [-Wreturn-type-c-linkage]
 26348 |     sonic_native_video_timing_reset_b, 0x8C6630ECu)
       |     ^
C:\Users\ultim\Desktop\Sonic Adventure Recompiled\src\native_title_adapter.cpp(26350,5): warning: 'sonic_native_video_timing_reset_c' has C-linkage specified, but returns user-defined type 'katana::runtime::NativePortHookResult' which is incompatible with C [-Wreturn-type-c-linkage]
 26350 |     sonic_native_video_timing_reset_c, 0x8C663188u)
       |     ^
C:\Users\ultim\Desktop\Sonic Adventure Recompiled\src\native_title_adapter.cpp(26352,5): warning: 'sonic_native_video_timing_reset_d' has C-linkage specified, but returns user-defined type 'katana::runtime::NativePortHookResult' which is incompatible with C [-Wreturn-type-c-linkage]
 26352 |     sonic_native_video_timing_reset_d, 0x8C6631A6u)
       |     ^
C:\Users\ultim\Desktop\Sonic Adventure Recompiled\src\native_title_adapter.cpp(29352,44): warning: 'u8path<std::basic_string<char>, 0>' is deprecated: warning STL4021: The std::filesystem::u8path() overloads are deprecated in C++20. The constructors of std::filesystem::path provide equivalent functionality via construction from u8string, u8string_view, or iterators with value_type char8_t. You can define _SILENCE_CXX20_U8PATH_DEPRECATION_WARNING or _SILENCE_ALL_CXX20_DEPRECATION_WARNINGS to suppress this warning. [-Wdeprecated-declarations]
 29352 |         const auto path = std::filesystem::u8path(request.path);
       |                                            ^
C:\Program Files (x86)\Microsoft Visual Studio\2022\BuildTools\VC\Tools\MSVC\14.44.35207\include\filesystem(1412,5): note: 'u8path<std::basic_string<char>, 0>' has been explicitly marked deprecated here
 1412 |     _CXX20_DEPRECATE_U8PATH _NODISCARD path u8path(const _Src& _Source) { // construct a path from UTF-8 _Source
      |     ^
C:\Program Files (x86)\Microsoft Visual Studio\2022\BuildTools\VC\Tools\MSVC\14.44.35207\include\yvals_core.h(1261,7): note: expanded from macro '_CXX20_DEPRECATE_U8PATH'
 1261 |     [[deprecated("warning STL4021: "                                                                                 \
      |       ^
C:\Users\ultim\Desktop\Sonic Adventure Recompiled\src\native_title_adapter.cpp(29447,1): warning: 'sonic_native_collision_work_allocation_failure' has C-linkage specified, but returns user-defined type 'katana::runtime::NativePortHookResult' which is incompatible with C [-Wreturn-type-c-linkage]
 29447 | sonic_native_collision_work_allocation_failure(
       | ^
C:\Users\ultim\Desktop\Sonic Adventure Recompiled\src\native_title_adapter.cpp(29465,1): warning: 'sonic_native_render_command_arena_configure' has C-linkage specified, but returns user-defined type 'katana::runtime::NativePortHookResult' which is incompatible with C [-Wreturn-type-c-linkage]
 29465 | sonic_native_render_command_arena_configure(
       | ^
C:\Users\ultim\Desktop\Sonic Adventure Recompiled\src\native_title_adapter.cpp(29572,1): warning: 'sonic_native_bootstrap' has C-linkage specified, but returns user-defined type 'katana::runtime::NativePortBootstrapResult' which is incompatible with C [-Wreturn-type-c-linkage]
 29572 | sonic_native_bootstrap(
       | ^
C:\Users\ultim\Desktop\Sonic Adventure Recompiled\src\native_title_adapter.cpp(29772,1): warning: 'sonic_native_standalone_texture_list_load' has C-linkage specified, but returns user-defined type 'katana::runtime::NativePortHookResult' which is incompatible with C [-Wreturn-type-c-linkage]
 29772 | sonic_native_standalone_texture_list_load(
       | ^
C:\Users\ultim\Desktop\Sonic Adventure Recompiled\src\native_title_adapter.cpp(29817,1): warning: 'sonic_native_trial_character_list_guard' has C-linkage specified, but returns user-defined type 'katana::runtime::NativePortHookResult' which is incompatible with C [-Wreturn-type-c-linkage]
 29817 | sonic_native_trial_character_list_guard(
       | ^
C:\Users\ultim\Desktop\Sonic Adventure Recompiled\src\native_title_adapter.cpp(29846,1): warning: 'sonic_native_trial_minigame_list_guard' has C-linkage specified, but returns user-defined type 'katana::runtime::NativePortHookResult' which is incompatible with C [-Wreturn-type-c-linkage]
 29846 | sonic_native_trial_minigame_list_guard(
       | ^
C:\Users\ultim\Desktop\Sonic Adventure Recompiled\src\native_title_adapter.cpp(29852,1): warning: 'sonic_native_main_texture_set_load' has C-linkage specified, but returns user-defined type 'katana::runtime::NativePortHookResult' which is incompatible with C [-Wreturn-type-c-linkage]
 29852 | sonic_native_main_texture_set_load(
       | ^
C:\Users\ultim\Desktop\Sonic Adventure Recompiled\src\native_title_adapter.cpp(29875,1): warning: 'sonic_native_named_texture_archive_load' has C-linkage specified, but returns user-defined type 'katana::runtime::NativePortHookResult' which is incompatible with C [-Wreturn-type-c-linkage]
 29875 | sonic_native_named_texture_archive_load(
       | ^
C:\Users\ultim\Desktop\Sonic Adventure Recompiled\src\native_title_adapter.cpp(30310,1): warning: 'sonic_native_named_texture_archive_release' has C-linkage specified, but returns user-defined type 'katana::runtime::NativePortHookResult' which is incompatible with C [-Wreturn-type-c-linkage]
 30310 | sonic_native_named_texture_archive_release(
       | ^
C:\Users\ultim\Desktop\Sonic Adventure Recompiled\src\native_title_adapter.cpp(30354,1): warning: 'sonic_native_character_texture_set_load' has C-linkage specified, but returns user-defined type 'katana::runtime::NativePortHookResult' which is incompatible with C [-Wreturn-type-c-linkage]
 30354 | sonic_native_character_texture_set_load(
       | ^
C:\Users\ultim\Desktop\Sonic Adventure Recompiled\src\native_title_adapter.cpp(30380,1): warning: 'sonic_native_character_texture_set_release' has C-linkage specified, but returns user-defined type 'katana::runtime::NativePortHookResult' which is incompatible with C [-Wreturn-type-c-linkage]
 30380 | sonic_native_character_texture_set_release(
       | ^
C:\Users\ultim\Desktop\Sonic Adventure Recompiled\src\native_title_adapter.cpp(30401,1): warning: 'sonic_native_character_texture_sets_release_all' has C-linkage specified, but returns user-defined type 'katana::runtime::NativePortHookResult' which is incompatible with C [-Wreturn-type-c-linkage]
 30401 | sonic_native_character_texture_sets_release_all(
       | ^
C:\Users\ultim\Desktop\Sonic Adventure Recompiled\src\native_title_adapter.cpp(30749,1): warning: 'sonic_native_system_bus_revision_read_8c604852' has C-linkage specified, but returns user-defined type 'katana::runtime::NativePortHookResult' which is incompatible with C [-Wreturn-type-c-linkage]
 30749 | sonic_native_system_bus_revision_read_8c604852(
       | ^
C:\Users\ultim\Desktop\Sonic Adventure Recompiled\src\native_title_adapter.cpp(30756,1): warning: 'sonic_native_system_bus_revision_read_8c65f56c' has C-linkage specified, but returns user-defined type 'katana::runtime::NativePortHookResult' which is incompatible with C [-Wreturn-type-c-linkage]
 30756 | sonic_native_system_bus_revision_read_8c65f56c(
       | ^
C:\Users\ultim\Desktop\Sonic Adventure Recompiled\src\native_title_adapter.cpp(30763,1): warning: 'sonic_native_system_bus_revision_read_8c6656b8' has C-linkage specified, but returns user-defined type 'katana::runtime::NativePortHookResult' which is incompatible with C [-Wreturn-type-c-linkage]
 30763 | sonic_native_system_bus_revision_read_8c6656b8(
       | ^
C:\Users\ultim\Desktop\Sonic Adventure Recompiled\src\native_title_adapter.cpp(30837,1): warning: 'sonic_native_platform_interrupt_iml4_nrm_read_8c646750' has C-linkage specified, but returns user-defined type 'katana::runtime::NativePortHookResult' which is incompatible with C [-Wreturn-type-c-linkage]
 30837 | sonic_native_platform_interrupt_iml4_nrm_read_8c646750(
       | ^
C:\Users\ultim\Desktop\Sonic Adventure Recompiled\src\native_title_adapter.cpp(30844,1): warning: 'sonic_native_platform_interrupt_iml4_nrm_write_8c646754' has C-linkage specified, but returns user-defined type 'katana::runtime::NativePortHookResult' which is incompatible with C [-Wreturn-type-c-linkage]
 30844 | sonic_native_platform_interrupt_iml4_nrm_write_8c646754(
       | ^
C:\Users\ultim\Desktop\Sonic Adventure Recompiled\src\native_title_adapter.cpp(30950,1): warning: 'sonic_native_platform_interrupt_register' has C-linkage specified, but returns user-defined type 'katana::runtime::NativePortHookResult' which is incompatible with C [-Wreturn-type-c-linkage]
 30950 | sonic_native_platform_interrupt_register(
       | ^
C:\Users\ultim\Desktop\Sonic Adventure Recompiled\src\native_title_adapter.cpp(31085,1): warning: 'sonic_native_platform_interrupt_release' has C-linkage specified, but returns user-defined type 'katana::runtime::NativePortHookResult' which is incompatible with C [-Wreturn-type-c-linkage]
 31085 | sonic_native_platform_interrupt_release(
       | ^
C:\Users\ultim\Desktop\Sonic Adventure Recompiled\src\native_title_adapter.cpp(31186,1): warning: 'sonic_native_platform_interrupt_state_owner_8c653580' has C-linkage specified, but returns user-defined type 'katana::runtime::NativePortHookResult' which is incompatible with C [-Wreturn-type-c-linkage]
 31186 | sonic_native_platform_interrupt_state_owner_8c653580(
       | ^
C:\Users\ultim\Desktop\Sonic Adventure Recompiled\src\native_title_adapter.cpp(31338,1): warning: 'sonic_native_platform_interrupt_state_owner_8c6024b0' has C-linkage specified, but returns user-defined type 'katana::runtime::NativePortHookResult' which is incompatible with C [-Wreturn-type-c-linkage]
 31338 | sonic_native_platform_interrupt_state_owner_8c6024b0(
       | ^
C:\Users\ultim\Desktop\Sonic Adventure Recompiled\src\native_title_adapter.cpp(31449,1): warning: 'sonic_native_platform_interrupt_state_owner_8c645ace' has C-linkage specified, but returns user-defined type 'katana::runtime::NativePortHookResult' which is incompatible with C [-Wreturn-type-c-linkage]
 31449 | sonic_native_platform_interrupt_state_owner_8c645ace(
       | ^
C:\Users\ultim\Desktop\Sonic Adventure Recompiled\src\native_title_adapter.cpp(31677,1): warning: 'sonic_native_save_unit_ready' has C-linkage specified, but returns user-defined type 'katana::runtime::NativePortHookResult' which is incompatible with C [-Wreturn-type-c-linkage]
 31677 | sonic_native_save_unit_ready(
       | ^
C:\Users\ultim\Desktop\Sonic Adventure Recompiled\src\native_title_adapter.cpp(31685,1): warning: 'sonic_native_save_sdk_file_exists' has C-linkage specified, but returns user-defined type 'katana::runtime::NativePortHookResult' which is incompatible with C [-Wreturn-type-c-linkage]
 31685 | sonic_native_save_sdk_file_exists(
       | ^
C:\Users\ultim\Desktop\Sonic Adventure Recompiled\src\native_title_adapter.cpp(31693,1): warning: 'sonic_native_save_file_exists' has C-linkage specified, but returns user-defined type 'katana::runtime::NativePortHookResult' which is incompatible with C [-Wreturn-type-c-linkage]
 31693 | sonic_native_save_file_exists(
       | ^
C:\Users\ultim\Desktop\Sonic Adventure Recompiled\src\native_title_adapter.cpp(31738,1): warning: 'sonic_native_save_highest_slot' has C-linkage specified, but returns user-defined type 'katana::runtime::NativePortHookResult' which is incompatible with C [-Wreturn-type-c-linkage]
 31738 | sonic_native_save_highest_slot(
       | ^
C:\Users\ultim\Desktop\Sonic Adventure Recompiled\src\native_title_adapter.cpp(31891,1): warning: 'sonic_native_save_unit_query' has C-linkage specified, but returns user-defined type 'katana::runtime::NativePortHookResult' which is incompatible with C [-Wreturn-type-c-linkage]
 31891 | sonic_native_save_unit_query(
       | ^
C:\Users\ultim\Desktop\Sonic Adventure Recompiled\src\native_title_adapter.cpp(31934,1): warning: 'sonic_native_save_status' has C-linkage specified, but returns user-defined type 'katana::runtime::NativePortHookResult' which is incompatible with C [-Wreturn-type-c-linkage]
 31934 | sonic_native_save_status(
       | ^
C:\Users\ultim\Desktop\Sonic Adventure Recompiled\src\native_title_adapter.cpp(32024,1): warning: 'sonic_native_save_free_blocks' has C-linkage specified, but returns user-defined type 'katana::runtime::NativePortHookResult' which is incompatible with C [-Wreturn-type-c-linkage]
 32024 | sonic_native_save_free_blocks(katana::runtime::NativePortContext& context) noexcept {
       | ^
C:\Users\ultim\Desktop\Sonic Adventure Recompiled\src\native_title_adapter.cpp(32044,1): warning: 'sonic_native_save_file_blocks' has C-linkage specified, but returns user-defined type 'katana::runtime::NativePortHookResult' which is incompatible with C [-Wreturn-type-c-linkage]
 32044 | sonic_native_save_file_blocks(
       | ^
C:\Users\ultim\Desktop\Sonic Adventure Recompiled\src\native_title_adapter.cpp(32119,1): warning: 'sonic_native_save_read' has C-linkage specified, but returns user-defined type 'katana::runtime::NativePortHookResult' which is incompatible with C [-Wreturn-type-c-linkage]
 32119 | sonic_native_save_read(
       | ^
C:\Users\ultim\Desktop\Sonic Adventure Recompiled\src\native_title_adapter.cpp(32127,1): warning: 'sonic_native_save_read_blocks' has C-linkage specified, but returns user-defined type 'katana::runtime::NativePortHookResult' which is incompatible with C [-Wreturn-type-c-linkage]
 32127 | sonic_native_save_read_blocks(katana::runtime::NativePortContext& context) noexcept {
       | ^
C:\Users\ultim\Desktop\Sonic Adventure Recompiled\src\native_title_adapter.cpp(32182,1): warning: 'sonic_native_save_write' has C-linkage specified, but returns user-defined type 'katana::runtime::NativePortHookResult' which is incompatible with C [-Wreturn-type-c-linkage]
 32182 | sonic_native_save_write(
       | ^
C:\Users\ultim\Desktop\Sonic Adventure Recompiled\src\native_title_adapter.cpp(32190,1): warning: 'sonic_native_save_write_game' has C-linkage specified, but returns user-defined type 'katana::runtime::NativePortHookResult' which is incompatible with C [-Wreturn-type-c-linkage]
 32190 | sonic_native_save_write_game(katana::runtime::NativePortContext& context) noexcept {
       | ^
C:\Users\ultim\Desktop\Sonic Adventure Recompiled\src\native_title_adapter.cpp(32197,1): warning: 'sonic_native_timer_initialize' has C-linkage specified, but returns user-defined type 'katana::runtime::NativePortHookResult' which is incompatible with C [-Wreturn-type-c-linkage]
 32197 | sonic_native_timer_initialize(
       | ^
C:\Users\ultim\Desktop\Sonic Adventure Recompiled\src\native_title_adapter.cpp(32211,1): warning: 'sonic_native_video_cable_bits' has C-linkage specified, but returns user-defined type 'katana::runtime::NativePortHookResult' which is incompatible with C [-Wreturn-type-c-linkage]
 32211 | sonic_native_video_cable_bits(
       | ^
C:\Users\ultim\Desktop\Sonic Adventure Recompiled\src\native_title_adapter.cpp(32228,1): warning: 'sonic_native_frame_boundary_wait' has C-linkage specified, but returns user-defined type 'katana::runtime::NativePortHookResult' which is incompatible with C [-Wreturn-type-c-linkage]
 32228 | sonic_native_frame_boundary_wait(
       | ^
C:\Users\ultim\Desktop\Sonic Adventure Recompiled\src\native_title_adapter.cpp(32249,1): warning: 'sonic_native_play_movie' has C-linkage specified, but returns user-defined type 'katana::runtime::NativePortHookResult' which is incompatible with C [-Wreturn-type-c-linkage]
 32249 | sonic_native_play_movie(
       | ^
C:\Users\ultim\Desktop\Sonic Adventure Recompiled\src\native_title_adapter.cpp(32311,63): warning: missing field 'callback_failure' initializer [-Wmissing-field-initializers]
 32311 |             SonicNativeMoviePlayback playback{context.graphics};
       |                                                               ^
C:\Users\ultim\Desktop\Sonic Adventure Recompiled\src\native_title_adapter.cpp(32502,1): warning: 'sonic_native_lighting_content_load' has C-linkage specified, but returns user-defined type 'katana::runtime::NativePortHookResult' which is incompatible with C [-Wreturn-type-c-linkage]
 32502 | sonic_native_lighting_content_load(
       | ^
C:\Users\ultim\Desktop\Sonic Adventure Recompiled\src\native_title_adapter.cpp(32622,1): warning: 'sonic_native_content_range_read' has C-linkage specified, but returns user-defined type 'katana::runtime::NativePortHookResult' which is incompatible with C [-Wreturn-type-c-linkage]
 32622 | sonic_native_content_range_read(
       | ^
C:\Users\ultim\Desktop\Sonic Adventure Recompiled\src\native_title_adapter.cpp(32769,1): warning: 'sonic_native_load_movie_overlay' has C-linkage specified, but returns user-defined type 'katana::runtime::NativePortHookResult' which is incompatible with C [-Wreturn-type-c-linkage]
 32769 | sonic_native_load_movie_overlay(
       | ^
C:\Users\ultim\Desktop\Sonic Adventure Recompiled\src\native_title_adapter.cpp(32973,1): warning: 'sonic_native_event_arena_prepare' has C-linkage specified, but returns user-defined type 'katana::runtime::NativePortHookResult' which is incompatible with C [-Wreturn-type-c-linkage]
 32973 | sonic_native_event_arena_prepare(
       | ^
C:\Users\ultim\Desktop\Sonic Adventure Recompiled\src\native_title_adapter.cpp(33008,1): warning: 'sonic_native_prs_transform_guard' has C-linkage specified, but returns user-defined type 'katana::runtime::NativePortHookResult' which is incompatible with C [-Wreturn-type-c-linkage]
 33008 | sonic_native_prs_transform_guard(
       | ^
C:\Users\ultim\Desktop\Sonic Adventure Recompiled\src\native_title_adapter.cpp(33177,1): warning: 'sonic_native_timer_count' has C-linkage specified, but returns user-defined type 'katana::runtime::NativePortHookResult' which is incompatible with C [-Wreturn-type-c-linkage]
 33177 | sonic_native_timer_count(
       | ^
C:\Users\ultim\Desktop\Sonic Adventure Recompiled\src\native_title_adapter.cpp(33188,1): warning: 'sonic_native_host_timing_owner_8c06c000' has C-linkage specified, but returns user-defined type 'katana::runtime::NativePortHookResult' which is incompatible with C [-Wreturn-type-c-linkage]
 33188 | sonic_native_host_timing_owner_8c06c000(
       | ^
C:\Users\ultim\Desktop\Sonic Adventure Recompiled\src\native_title_adapter.cpp(33264,1): warning: 'sonic_native_periodic_delta' has C-linkage specified, but returns user-defined type 'katana::runtime::NativePortHookResult' which is incompatible with C [-Wreturn-type-c-linkage]
 33264 | sonic_native_periodic_delta(
       | ^
C:\Users\ultim\Desktop\Sonic Adventure Recompiled\src\native_title_adapter.cpp(33334,1): warning: 'sonic_native_periodic_sample' has C-linkage specified, but returns user-defined type 'katana::runtime::NativePortHookResult' which is incompatible with C [-Wreturn-type-c-linkage]
 33334 | sonic_native_periodic_sample(
       | ^
C:\Users\ultim\Desktop\Sonic Adventure Recompiled\src\native_title_adapter.cpp(33377,1): warning: 'sonic_native_periodic_elapsed' has C-linkage specified, but returns user-defined type 'katana::runtime::NativePortHookResult' which is incompatible with C [-Wreturn-type-c-linkage]
 33377 | sonic_native_periodic_elapsed(
       | ^
C:\Users\ultim\Desktop\Sonic Adventure Recompiled\src\native_title_adapter.cpp(33428,1): warning: 'sonic_native_registered_texture_key_select' has C-linkage specified, but returns user-defined type 'katana::runtime::NativePortHookResult' which is incompatible with C [-Wreturn-type-c-linkage]
 33428 | sonic_native_registered_texture_key_select(
       | ^
C:\Users\ultim\Desktop\Sonic Adventure Recompiled\src\native_title_adapter.cpp(33498,1): warning: 'sonic_native_texture_list_bind' has C-linkage specified, but returns user-defined type 'katana::runtime::NativePortHookResult' which is incompatible with C [-Wreturn-type-c-linkage]
 33498 | sonic_native_texture_list_bind(
       | ^
C:\Users\ultim\Desktop\Sonic Adventure Recompiled\src\native_title_adapter.cpp(33541,1): warning: 'sonic_native_texture_index_failure_observe' has C-linkage specified, but returns user-defined type 'katana::runtime::NativePortHookResult' which is incompatible with C [-Wreturn-type-c-linkage]
 33541 | sonic_native_texture_index_failure_observe(
       | ^
C:\Users\ultim\Desktop\Sonic Adventure Recompiled\src\native_title_adapter.cpp(33664,1): warning: 'sonic_native_sdk_texture_allocation_guard' has C-linkage specified, but returns user-defined type 'katana::runtime::NativePortHookResult' which is incompatible with C [-Wreturn-type-c-linkage]
 33664 | sonic_native_sdk_texture_allocation_guard(
       | ^
C:\Users\ultim\Desktop\Sonic Adventure Recompiled\src\native_title_adapter.cpp(33712,1): warning: 'sonic_native_texture_number_observe' has C-linkage specified, but returns user-defined type 'katana::runtime::NativePortHookResult' which is incompatible with C [-Wreturn-type-c-linkage]
 33712 | sonic_native_texture_number_observe(
       | ^
C:\Users\ultim\Desktop\Sonic Adventure Recompiled\src\native_title_adapter.cpp(33733,1): warning: 'sonic_native_texture_backing_word_copy' has C-linkage specified, but returns user-defined type 'katana::runtime::NativePortHookResult' which is incompatible with C [-Wreturn-type-c-linkage]
 33733 | sonic_native_texture_backing_word_copy(
       | ^
C:\Users\ultim\Desktop\Sonic Adventure Recompiled\src\native_title_adapter.cpp(33799,1): warning: 'sonic_native_texture_backing_upload' has C-linkage specified, but returns user-defined type 'katana::runtime::NativePortHookResult' which is incompatible with C [-Wreturn-type-c-linkage]
 33799 | sonic_native_texture_backing_upload(
       | ^
C:\Users\ultim\Desktop\Sonic Adventure Recompiled\src\native_title_adapter.cpp(33910,1): warning: 'sonic_native_texture_backing_completion' has C-linkage specified, but returns user-defined type 'katana::runtime::NativePortHookResult' which is incompatible with C [-Wreturn-type-c-linkage]
 33910 | sonic_native_texture_backing_completion(
       | ^
C:\Users\ultim\Desktop\Sonic Adventure Recompiled\src\native_title_adapter.cpp(34062,1): warning: 'sonic_native_font_surface_upload' has C-linkage specified, but returns user-defined type 'katana::runtime::NativePortHookResult' which is incompatible with C [-Wreturn-type-c-linkage]
 34062 | sonic_native_font_surface_upload(
       | ^
C:\Users\ultim\Desktop\Sonic Adventure Recompiled\src\native_title_adapter.cpp(34238,1): warning: 'katana_native_hook_8C037460' has C-linkage specified, but returns user-defined type 'katana::runtime::NativePortHookResult' which is incompatible with C [-Wreturn-type-c-linkage]
 34238 | katana_native_hook_8C037460(
       | ^
C:\Users\ultim\Desktop\Sonic Adventure Recompiled\src\native_title_adapter.cpp(34257,1): warning: 'katana_native_hook_8C0374D4' has C-linkage specified, but returns user-defined type 'katana::runtime::NativePortHookResult' which is incompatible with C [-Wreturn-type-c-linkage]
 34257 | katana_native_hook_8C0374D4(
       | ^
C:\Users\ultim\Desktop\Sonic Adventure Recompiled\src\native_title_adapter.cpp(34275,1): warning: 'katana_native_hook_8C0375B0' has C-linkage specified, but returns user-defined type 'katana::runtime::NativePortHookResult' which is incompatible with C [-Wreturn-type-c-linkage]
 34275 | katana_native_hook_8C0375B0(
       | ^
C:\Users\ultim\Desktop\Sonic Adventure Recompiled\src\native_title_adapter.cpp(34293,1): warning: 'katana_native_hook_8C037538' has C-linkage specified, but returns user-defined type 'katana::runtime::NativePortHookResult' which is incompatible with C [-Wreturn-type-c-linkage]
 34293 | katana_native_hook_8C037538(
       | ^
C:\Users\ultim\Desktop\Sonic Adventure Recompiled\src\native_title_adapter.cpp(34316,1): warning: 'katana_native_hook_8C605DA8' has C-linkage specified, but returns user-defined type 'katana::runtime::NativePortHookResult' which is incompatible with C [-Wreturn-type-c-linkage]
 34316 | katana_native_hook_8C605DA8(
       | ^
C:\Users\ultim\Desktop\Sonic Adventure Recompiled\src\native_title_adapter.cpp(34338,1): warning: 'katana_native_hook_8C605E7C' has C-linkage specified, but returns user-defined type 'katana::runtime::NativePortHookResult' which is incompatible with C [-Wreturn-type-c-linkage]
 34338 | katana_native_hook_8C605E7C(
       | ^
C:\Users\ultim\Desktop\Sonic Adventure Recompiled\src\native_title_adapter.cpp(34360,1): warning: 'katana_native_hook_8C605F0A' has C-linkage specified, but returns user-defined type 'katana::runtime::NativePortHookResult' which is incompatible with C [-Wreturn-type-c-linkage]
 34360 | katana_native_hook_8C605F0A(
       | ^
C:\Users\ultim\Desktop\Sonic Adventure Recompiled\src\native_title_adapter.cpp(34382,1): warning: 'katana_native_hook_8C6063F0' has C-linkage specified, but returns user-defined type 'katana::runtime::NativePortHookResult' which is incompatible with C [-Wreturn-type-c-linkage]
 34382 | katana_native_hook_8C6063F0(
       | ^
C:\Users\ultim\Desktop\Sonic Adventure Recompiled\src\native_title_adapter.cpp(34406,1): warning: 'katana_native_hook_8C605FBA' has C-linkage specified, but returns user-defined type 'katana::runtime::NativePortHookResult' which is incompatible with C [-Wreturn-type-c-linkage]
 34406 | katana_native_hook_8C605FBA(
       | ^
C:\Users\ultim\Desktop\Sonic Adventure Recompiled\src\native_title_adapter.cpp(34431,1): warning: 'katana_native_hook_8C6061EC' has C-linkage specified, but returns user-defined type 'katana::runtime::NativePortHookResult' which is incompatible with C [-Wreturn-type-c-linkage]
 34431 | katana_native_hook_8C6061EC(
       | ^
C:\Users\ultim\Desktop\Sonic Adventure Recompiled\src\native_title_adapter.cpp(34455,1): warning: 'katana_native_hook_8C6062DA' has C-linkage specified, but returns user-defined type 'katana::runtime::NativePortHookResult' which is incompatible with C [-Wreturn-type-c-linkage]
 34455 | katana_native_hook_8C6062DA(
       | ^
C:\Users\ultim\Desktop\Sonic Adventure Recompiled\src\native_title_adapter.cpp(34479,1): warning: 'katana_native_hook_8C6064F0' has C-linkage specified, but returns user-defined type 'katana::runtime::NativePortHookResult' which is incompatible with C [-Wreturn-type-c-linkage]
 34479 | katana_native_hook_8C6064F0(
       | ^
C:\Users\ultim\Desktop\Sonic Adventure Recompiled\src\native_title_adapter.cpp(34503,1): warning: 'sonic_native_palette_lighting' has C-linkage specified, but returns user-defined type 'katana::runtime::NativePortHookResult' which is incompatible with C [-Wreturn-type-c-linkage]
 34503 | sonic_native_palette_lighting(
       | ^
C:\Users\ultim\Desktop\Sonic Adventure Recompiled\src\native_title_adapter.cpp(34509,33): warning: 'getenv' is deprecated: This function or variable may be unsafe. Consider using _dupenv_s instead. To disable deprecation, use _CRT_SECURE_NO_WARNINGS. See online help for details. [-Wdeprecated-declarations]
 34509 |         const auto* flag = std::getenv("SARECOMP_NATIVE_PALETTE_LIGHTING");
       |                                 ^
C:\Program Files (x86)\Windows Kits\10\Include\10.0.26100.0\ucrt\stdlib.h(1183,20): note: 'getenv' has been explicitly marked deprecated here
 1183 |     _Check_return_ _CRT_INSECURE_DEPRECATE(_dupenv_s)
      |                    ^
C:\Program Files (x86)\Microsoft Visual Studio\2022\BuildTools\VC\Tools\MSVC\14.44.35207\include\vcruntime.h(368,55): note: expanded from macro '_CRT_INSECURE_DEPRECATE'
  368 |         #define _CRT_INSECURE_DEPRECATE(_Replacement) _CRT_DEPRECATE_TEXT(    \
      |                                                       ^
C:\Program Files (x86)\Microsoft Visual Studio\2022\BuildTools\VC\Tools\MSVC\14.44.35207\include\vcruntime.h(358,47): note: expanded from macro '_CRT_DEPRECATE_TEXT'
  358 | #define _CRT_DEPRECATE_TEXT(_Text) __declspec(deprecated(_Text))
      |                                               ^
C:\Users\ultim\Desktop\Sonic Adventure Recompiled\src\native_title_adapter.cpp(34531,1): warning: 'sonic_native_vertex_normals' has C-linkage specified, but returns user-defined type 'katana::runtime::NativePortHookResult' which is incompatible with C [-Wreturn-type-c-linkage]
 34531 | sonic_native_vertex_normals(
       | ^
C:\Users\ultim\Desktop\Sonic Adventure Recompiled\src\native_title_adapter.cpp(34537,33): warning: 'getenv' is deprecated: This function or variable may be unsafe. Consider using _dupenv_s instead. To disable deprecation, use _CRT_SECURE_NO_WARNINGS. See online help for details. [-Wdeprecated-declarations]
 34537 |         const auto* flag = std::getenv("SARECOMP_NATIVE_VERTEX_NORMALS");
       |                                 ^
C:\Program Files (x86)\Windows Kits\10\Include\10.0.26100.0\ucrt\stdlib.h(1183,20): note: 'getenv' has been explicitly marked deprecated here
 1183 |     _Check_return_ _CRT_INSECURE_DEPRECATE(_dupenv_s)
      |                    ^
C:\Program Files (x86)\Microsoft Visual Studio\2022\BuildTools\VC\Tools\MSVC\14.44.35207\include\vcruntime.h(368,55): note: expanded from macro '_CRT_INSECURE_DEPRECATE'
  368 |         #define _CRT_INSECURE_DEPRECATE(_Replacement) _CRT_DEPRECATE_TEXT(    \
      |                                                       ^
C:\Program Files (x86)\Microsoft Visual Studio\2022\BuildTools\VC\Tools\MSVC\14.44.35207\include\vcruntime.h(358,47): note: expanded from macro '_CRT_DEPRECATE_TEXT'
  358 | #define _CRT_DEPRECATE_TEXT(_Text) __declspec(deprecated(_Text))
      |                                               ^
C:\Users\ultim\Desktop\Sonic Adventure Recompiled\src\native_title_adapter.cpp(34583,1): warning: 'sonic_native_amy_hammer_effect' has C-linkage specified, but returns user-defined type 'katana::runtime::NativePortHookResult' which is incompatible with C [-Wreturn-type-c-linkage]
 34583 | sonic_native_amy_hammer_effect(katana::runtime::NativePortContext& context) noexcept {
       | ^
C:\Users\ultim\Desktop\Sonic Adventure Recompiled\src\native_title_adapter.cpp(34652,1): warning: 'sonic_native_triangle_contacts' has C-linkage specified, but returns user-defined type 'katana::runtime::NativePortHookResult' which is incompatible with C [-Wreturn-type-c-linkage]
 34652 | sonic_native_triangle_contacts(katana::runtime::NativePortContext& context) noexcept {
       | ^
C:\Users\ultim\Desktop\Sonic Adventure Recompiled\src\native_title_adapter.cpp(34662,31): warning: 'getenv' is deprecated: This function or variable may be unsafe. Consider using _dupenv_s instead. To disable deprecation, use _CRT_SECURE_NO_WARNINGS. See online help for details. [-Wdeprecated-declarations]
 34662 |         const auto* flag=std::getenv("SARECOMP_NATIVE_TRIANGLE_CONTACTS");
       |                               ^
C:\Program Files (x86)\Windows Kits\10\Include\10.0.26100.0\ucrt\stdlib.h(1183,20): note: 'getenv' has been explicitly marked deprecated here
 1183 |     _Check_return_ _CRT_INSECURE_DEPRECATE(_dupenv_s)
      |                    ^
C:\Program Files (x86)\Microsoft Visual Studio\2022\BuildTools\VC\Tools\MSVC\14.44.35207\include\vcruntime.h(368,55): note: expanded from macro '_CRT_INSECURE_DEPRECATE'
  368 |         #define _CRT_INSECURE_DEPRECATE(_Replacement) _CRT_DEPRECATE_TEXT(    \
      |                                                       ^
C:\Program Files (x86)\Microsoft Visual Studio\2022\BuildTools\VC\Tools\MSVC\14.44.35207\include\vcruntime.h(358,47): note: expanded from macro '_CRT_DEPRECATE_TEXT'
  358 | #define _CRT_DEPRECATE_TEXT(_Text) __declspec(deprecated(_Text))
      |                                               ^
C:\Users\ultim\Desktop\Sonic Adventure Recompiled\src\native_title_adapter.cpp(34723,1): warning: 'sonic_native_collision_candidates' has C-linkage specified, but returns user-defined type 'katana::runtime::NativePortHookResult' which is incompatible with C [-Wreturn-type-c-linkage]
 34723 | sonic_native_collision_candidates(katana::runtime::NativePortContext& context) noexcept {
       | ^
C:\Users\ultim\Desktop\Sonic Adventure Recompiled\src\native_title_adapter.cpp(34732,31): warning: 'getenv' is deprecated: This function or variable may be unsafe. Consider using _dupenv_s instead. To disable deprecation, use _CRT_SECURE_NO_WARNINGS. See online help for details. [-Wdeprecated-declarations]
 34732 |         const auto* flag=std::getenv("SARECOMP_NATIVE_COLLISION_CANDIDATES");
       |                               ^
C:\Program Files (x86)\Windows Kits\10\Include\10.0.26100.0\ucrt\stdlib.h(1183,20): note: 'getenv' has been explicitly marked deprecated here
 1183 |     _Check_return_ _CRT_INSECURE_DEPRECATE(_dupenv_s)
      |                    ^
C:\Program Files (x86)\Microsoft Visual Studio\2022\BuildTools\VC\Tools\MSVC\14.44.35207\include\vcruntime.h(368,55): note: expanded from macro '_CRT_INSECURE_DEPRECATE'
  368 |         #define _CRT_INSECURE_DEPRECATE(_Replacement) _CRT_DEPRECATE_TEXT(    \
      |                                                       ^
C:\Program Files (x86)\Microsoft Visual Studio\2022\BuildTools\VC\Tools\MSVC\14.44.35207\include\vcruntime.h(358,47): note: expanded from macro '_CRT_DEPRECATE_TEXT'
  358 | #define _CRT_DEPRECATE_TEXT(_Text) __declspec(deprecated(_Text))
      |                                               ^
C:\Users\ultim\Desktop\Sonic Adventure Recompiled\src\native_title_adapter.cpp(34758,31): warning: 'getenv' is deprecated: This function or variable may be unsafe. Consider using _dupenv_s instead. To disable deprecation, use _CRT_SECURE_NO_WARNINGS. See online help for details. [-Wdeprecated-declarations]
 34758 |         const auto* flag=std::getenv("SARECOMP_NATIVE_MOTION_SAMPLING");
       |                               ^
C:\Program Files (x86)\Windows Kits\10\Include\10.0.26100.0\ucrt\stdlib.h(1183,20): note: 'getenv' has been explicitly marked deprecated here
 1183 |     _Check_return_ _CRT_INSECURE_DEPRECATE(_dupenv_s)
      |                    ^
C:\Program Files (x86)\Microsoft Visual Studio\2022\BuildTools\VC\Tools\MSVC\14.44.35207\include\vcruntime.h(368,55): note: expanded from macro '_CRT_INSECURE_DEPRECATE'
  368 |         #define _CRT_INSECURE_DEPRECATE(_Replacement) _CRT_DEPRECATE_TEXT(    \
      |                                                       ^
C:\Program Files (x86)\Microsoft Visual Studio\2022\BuildTools\VC\Tools\MSVC\14.44.35207\include\vcruntime.h(358,47): note: expanded from macro '_CRT_DEPRECATE_TEXT'
  358 | #define _CRT_DEPRECATE_TEXT(_Text) __declspec(deprecated(_Text))
      |                                               ^
C:\Users\ultim\Desktop\Sonic Adventure Recompiled\src\native_title_adapter.cpp(34775,1): warning: 'sonic_native_motion_position' has C-linkage specified, but returns user-defined type 'katana::runtime::NativePortHookResult' which is incompatible with C [-Wreturn-type-c-linkage]
 34775 | sonic_native_motion_position(katana::runtime::NativePortContext& c) noexcept {return sonic_native_motion_sampling_impl(c);}
       | ^
C:\Users\ultim\Desktop\Sonic Adventure Recompiled\src\native_title_adapter.cpp(34777,1): warning: 'sonic_native_motion_scale' has C-linkage specified, but returns user-defined type 'katana::runtime::NativePortHookResult' which is incompatible with C [-Wreturn-type-c-linkage]
 34777 | sonic_native_motion_scale(katana::runtime::NativePortContext& c) noexcept {return sonic_native_motion_sampling_impl(c);}
       | ^
C:\Users\ultim\Desktop\Sonic Adventure Recompiled\src\native_title_adapter.cpp(34779,1): warning: 'sonic_native_motion_rotate_zyx' has C-linkage specified, but returns user-defined type 'katana::runtime::NativePortHookResult' which is incompatible with C [-Wreturn-type-c-linkage]
 34779 | sonic_native_motion_rotate_zyx(katana::runtime::NativePortContext& c) noexcept {return sonic_native_motion_sampling_impl(c);}
       | ^
C:\Users\ultim\Desktop\Sonic Adventure Recompiled\src\native_title_adapter.cpp(34781,1): warning: 'sonic_native_motion_rotate_yxz' has C-linkage specified, but returns user-defined type 'katana::runtime::NativePortHookResult' which is incompatible with C [-Wreturn-type-c-linkage]
 34781 | sonic_native_motion_rotate_yxz(katana::runtime::NativePortContext& c) noexcept {return sonic_native_motion_sampling_impl(c);}
       | ^
C:\Users\ultim\Desktop\Sonic Adventure Recompiled\src\native_title_adapter.cpp(34790,31): warning: 'getenv' is deprecated: This function or variable may be unsafe. Consider using _dupenv_s instead. To disable deprecation, use _CRT_SECURE_NO_WARNINGS. See online help for details. [-Wdeprecated-declarations]
 34790 |         const auto* flag=std::getenv("SARECOMP_NATIVE_ATAN_MATH");
       |                               ^
C:\Program Files (x86)\Windows Kits\10\Include\10.0.26100.0\ucrt\stdlib.h(1183,20): note: 'getenv' has been explicitly marked deprecated here
 1183 |     _Check_return_ _CRT_INSECURE_DEPRECATE(_dupenv_s)
      |                    ^
C:\Program Files (x86)\Microsoft Visual Studio\2022\BuildTools\VC\Tools\MSVC\14.44.35207\include\vcruntime.h(368,55): note: expanded from macro '_CRT_INSECURE_DEPRECATE'
  368 |         #define _CRT_INSECURE_DEPRECATE(_Replacement) _CRT_DEPRECATE_TEXT(    \
      |                                                       ^
C:\Program Files (x86)\Microsoft Visual Studio\2022\BuildTools\VC\Tools\MSVC\14.44.35207\include\vcruntime.h(358,47): note: expanded from macro '_CRT_DEPRECATE_TEXT'
  358 | #define _CRT_DEPRECATE_TEXT(_Text) __declspec(deprecated(_Text))
      |                                               ^
C:\Users\ultim\Desktop\Sonic Adventure Recompiled\src\native_title_adapter.cpp(34811,1): warning: 'sonic_native_atan' has C-linkage specified, but returns user-defined type 'katana::runtime::NativePortHookResult' which is incompatible with C [-Wreturn-type-c-linkage]
 34811 | sonic_native_atan(katana::runtime::NativePortContext& context) noexcept {
       | ^
C:\Users\ultim\Desktop\Sonic Adventure Recompiled\src\native_title_adapter.cpp(34815,1): warning: 'sonic_native_atan_quotient' has C-linkage specified, but returns user-defined type 'katana::runtime::NativePortHookResult' which is incompatible with C [-Wreturn-type-c-linkage]
 34815 | sonic_native_atan_quotient(katana::runtime::NativePortContext& context) noexcept {
       | ^
C:\Users\ultim\Desktop\Sonic Adventure Recompiled\src\native_title_adapter.cpp(34819,1): warning: 'sonic_native_atan_polynomial' has C-linkage specified, but returns user-defined type 'katana::runtime::NativePortHookResult' which is incompatible with C [-Wreturn-type-c-linkage]
 34819 | sonic_native_atan_polynomial(katana::runtime::NativePortContext& context) noexcept {
       | ^
C:\Users\ultim\Desktop\Sonic Adventure Recompiled\src\native_title_adapter.cpp(34823,1): warning: 'sonic_native_atan_scale' has C-linkage specified, but returns user-defined type 'katana::runtime::NativePortHookResult' which is incompatible with C [-Wreturn-type-c-linkage]
 34823 | sonic_native_atan_scale(katana::runtime::NativePortContext& context) noexcept {
       | ^
C:\Users\ultim\Desktop\Sonic Adventure Recompiled\src\native_title_adapter.cpp(34833,33): warning: 'getenv' is deprecated: This function or variable may be unsafe. Consider using _dupenv_s instead. To disable deprecation, use _CRT_SECURE_NO_WARNINGS. See online help for details. [-Wdeprecated-declarations]
 34833 |         const auto* flag = std::getenv("SARECOMP_NATIVE_MATRIX_INVERSE");
       |                                 ^
C:\Program Files (x86)\Windows Kits\10\Include\10.0.26100.0\ucrt\stdlib.h(1183,20): note: 'getenv' has been explicitly marked deprecated here
 1183 |     _Check_return_ _CRT_INSECURE_DEPRECATE(_dupenv_s)
      |                    ^
C:\Program Files (x86)\Microsoft Visual Studio\2022\BuildTools\VC\Tools\MSVC\14.44.35207\include\vcruntime.h(368,55): note: expanded from macro '_CRT_INSECURE_DEPRECATE'
  368 |         #define _CRT_INSECURE_DEPRECATE(_Replacement) _CRT_DEPRECATE_TEXT(    \
      |                                                       ^
C:\Program Files (x86)\Microsoft Visual Studio\2022\BuildTools\VC\Tools\MSVC\14.44.35207\include\vcruntime.h(358,47): note: expanded from macro '_CRT_DEPRECATE_TEXT'
  358 | #define _CRT_DEPRECATE_TEXT(_Text) __declspec(deprecated(_Text))
      |                                               ^
C:\Users\ultim\Desktop\Sonic Adventure Recompiled\src\native_title_adapter.cpp(34853,1): warning: 'sonic_native_matrix_inverse' has C-linkage specified, but returns user-defined type 'katana::runtime::NativePortHookResult' which is incompatible with C [-Wreturn-type-c-linkage]
 34853 | sonic_native_matrix_inverse(katana::runtime::NativePortContext& context) noexcept {
       | ^
C:\Users\ultim\Desktop\Sonic Adventure Recompiled\src\native_title_adapter.cpp(34857,1): warning: 'sonic_native_matrix_determinant' has C-linkage specified, but returns user-defined type 'katana::runtime::NativePortHookResult' which is incompatible with C [-Wreturn-type-c-linkage]
 34857 | sonic_native_matrix_determinant(katana::runtime::NativePortContext& context) noexcept {
       | ^
C:\Users\ultim\Desktop\Sonic Adventure Recompiled\src\native_title_adapter.cpp(34866,31): warning: 'getenv' is deprecated: This function or variable may be unsafe. Consider using _dupenv_s instead. To disable deprecation, use _CRT_SECURE_NO_WARNINGS. See online help for details. [-Wdeprecated-declarations]
 34866 |         const auto* flag=std::getenv("SARECOMP_NATIVE_MATRIX_VECTORS");
       |                               ^
C:\Program Files (x86)\Windows Kits\10\Include\10.0.26100.0\ucrt\stdlib.h(1183,20): note: 'getenv' has been explicitly marked deprecated here
 1183 |     _Check_return_ _CRT_INSECURE_DEPRECATE(_dupenv_s)
      |                    ^
C:\Program Files (x86)\Microsoft Visual Studio\2022\BuildTools\VC\Tools\MSVC\14.44.35207\include\vcruntime.h(368,55): note: expanded from macro '_CRT_INSECURE_DEPRECATE'
  368 |         #define _CRT_INSECURE_DEPRECATE(_Replacement) _CRT_DEPRECATE_TEXT(    \
      |                                                       ^
C:\Program Files (x86)\Microsoft Visual Studio\2022\BuildTools\VC\Tools\MSVC\14.44.35207\include\vcruntime.h(358,47): note: expanded from macro '_CRT_DEPRECATE_TEXT'
  358 | #define _CRT_DEPRECATE_TEXT(_Text) __declspec(deprecated(_Text))
      |                                               ^
C:\Users\ultim\Desktop\Sonic Adventure Recompiled\src\native_title_adapter.cpp(34881,1): warning: 'sonic_native_matrix_vector_point' has C-linkage specified, but returns user-defined type 'katana::runtime::NativePortHookResult' which is incompatible with C [-Wreturn-type-c-linkage]
 34881 | sonic_native_matrix_vector_point(katana::runtime::NativePortContext& context) noexcept {
       | ^
C:\Users\ultim\Desktop\Sonic Adventure Recompiled\src\native_title_adapter.cpp(34885,1): warning: 'sonic_native_matrix_vector_direction' has C-linkage specified, but returns user-defined type 'katana::runtime::NativePortHookResult' which is incompatible with C [-Wreturn-type-c-linkage]
 34885 | sonic_native_matrix_vector_direction(katana::runtime::NativePortContext& context) noexcept {
       | ^
C:\Users\ultim\Desktop\Sonic Adventure Recompiled\src\native_title_adapter.cpp(34889,1): warning: 'sonic_native_matrix_vector_store' has C-linkage specified, but returns user-defined type 'katana::runtime::NativePortHookResult' which is incompatible with C [-Wreturn-type-c-linkage]
 34889 | sonic_native_matrix_vector_store(katana::runtime::NativePortContext& context) noexcept {
       | ^
C:\Users\ultim\Desktop\Sonic Adventure Recompiled\src\native_title_adapter.cpp(34893,1): warning: 'sonic_native_matrix_vector_translation' has C-linkage specified, but returns user-defined type 'katana::runtime::NativePortHookResult' which is incompatible with C [-Wreturn-type-c-linkage]
 34893 | sonic_native_matrix_vector_translation(katana::runtime::NativePortContext& context) noexcept {
       | ^
C:\Users\ultim\Desktop\Sonic Adventure Recompiled\src\native_title_adapter.cpp(34903,33): warning: 'getenv' is deprecated: This function or variable may be unsafe. Consider using _dupenv_s instead. To disable deprecation, use _CRT_SECURE_NO_WARNINGS. See online help for details. [-Wdeprecated-declarations]
 34903 |         const auto* flag = std::getenv("SARECOMP_NATIVE_COLLISION_MATH");
       |                                 ^
C:\Program Files (x86)\Windows Kits\10\Include\10.0.26100.0\ucrt\stdlib.h(1183,20): note: 'getenv' has been explicitly marked deprecated here
 1183 |     _Check_return_ _CRT_INSECURE_DEPRECATE(_dupenv_s)
      |                    ^
C:\Program Files (x86)\Microsoft Visual Studio\2022\BuildTools\VC\Tools\MSVC\14.44.35207\include\vcruntime.h(368,55): note: expanded from macro '_CRT_INSECURE_DEPRECATE'
  368 |         #define _CRT_INSECURE_DEPRECATE(_Replacement) _CRT_DEPRECATE_TEXT(    \
      |                                                       ^
C:\Program Files (x86)\Microsoft Visual Studio\2022\BuildTools\VC\Tools\MSVC\14.44.35207\include\vcruntime.h(358,47): note: expanded from macro '_CRT_DEPRECATE_TEXT'
  358 | #define _CRT_DEPRECATE_TEXT(_Text) __declspec(deprecated(_Text))
      |                                               ^
C:\Users\ultim\Desktop\Sonic Adventure Recompiled\src\native_title_adapter.cpp(34923,1): warning: 'sonic_native_collision_cross' has C-linkage specified, but returns user-defined type 'katana::runtime::NativePortHookResult' which is incompatible with C [-Wreturn-type-c-linkage]
 34923 | sonic_native_collision_cross(katana::runtime::NativePortContext& context) noexcept {
       | ^
C:\Users\ultim\Desktop\Sonic Adventure Recompiled\src\native_title_adapter.cpp(34927,1): warning: 'sonic_native_collision_length' has C-linkage specified, but returns user-defined type 'katana::runtime::NativePortHookResult' which is incompatible with C [-Wreturn-type-c-linkage]
 34927 | sonic_native_collision_length(katana::runtime::NativePortContext& context) noexcept {
       | ^
C:\Users\ultim\Desktop\Sonic Adventure Recompiled\src\native_title_adapter.cpp(34931,1): warning: 'sonic_native_collision_normalize' has C-linkage specified, but returns user-defined type 'katana::runtime::NativePortHookResult' which is incompatible with C [-Wreturn-type-c-linkage]
 34931 | sonic_native_collision_normalize(katana::runtime::NativePortContext& context) noexcept {
       | ^
C:\Users\ultim\Desktop\Sonic Adventure Recompiled\src\native_title_adapter.cpp(34942,33): warning: 'getenv' is deprecated: This function or variable may be unsafe. Consider using _dupenv_s instead. To disable deprecation, use _CRT_SECURE_NO_WARNINGS. See online help for details. [-Wdeprecated-declarations]
 34942 |         const auto* flag = std::getenv("SARECOMP_NATIVE_MATRIX_STACK");
       |                                 ^
C:\Program Files (x86)\Windows Kits\10\Include\10.0.26100.0\ucrt\stdlib.h(1183,20): note: 'getenv' has been explicitly marked deprecated here
 1183 |     _Check_return_ _CRT_INSECURE_DEPRECATE(_dupenv_s)
      |                    ^
C:\Program Files (x86)\Microsoft Visual Studio\2022\BuildTools\VC\Tools\MSVC\14.44.35207\include\vcruntime.h(368,55): note: expanded from macro '_CRT_INSECURE_DEPRECATE'
  368 |         #define _CRT_INSECURE_DEPRECATE(_Replacement) _CRT_DEPRECATE_TEXT(    \
      |                                                       ^
C:\Program Files (x86)\Microsoft Visual Studio\2022\BuildTools\VC\Tools\MSVC\14.44.35207\include\vcruntime.h(358,47): note: expanded from macro '_CRT_DEPRECATE_TEXT'
  358 | #define _CRT_DEPRECATE_TEXT(_Text) __declspec(deprecated(_Text))
      |                                               ^
C:\Users\ultim\Desktop\Sonic Adventure Recompiled\src\native_title_adapter.cpp(34946,33): warning: 'getenv' is deprecated: This function or variable may be unsafe. Consider using _dupenv_s instead. To disable deprecation, use _CRT_SECURE_NO_WARNINGS. See online help for details. [-Wdeprecated-declarations]
 34946 |         const auto* flag = std::getenv("SARECOMP_NATIVE_MATRIX_WRITE_BATCH");
       |                                 ^
C:\Program Files (x86)\Windows Kits\10\Include\10.0.26100.0\ucrt\stdlib.h(1183,20): note: 'getenv' has been explicitly marked deprecated here
 1183 |     _Check_return_ _CRT_INSECURE_DEPRECATE(_dupenv_s)
      |                    ^
C:\Program Files (x86)\Microsoft Visual Studio\2022\BuildTools\VC\Tools\MSVC\14.44.35207\include\vcruntime.h(368,55): note: expanded from macro '_CRT_INSECURE_DEPRECATE'
  368 |         #define _CRT_INSECURE_DEPRECATE(_Replacement) _CRT_DEPRECATE_TEXT(    \
      |                                                       ^
C:\Program Files (x86)\Microsoft Visual Studio\2022\BuildTools\VC\Tools\MSVC\14.44.35207\include\vcruntime.h(358,47): note: expanded from macro '_CRT_DEPRECATE_TEXT'
  358 | #define _CRT_DEPRECATE_TEXT(_Text) __declspec(deprecated(_Text))
      |                                               ^
C:\Users\ultim\Desktop\Sonic Adventure Recompiled\src\native_title_adapter.cpp(34973,1): warning: 'sonic_native_matrix_stack_push' has C-linkage specified, but returns user-defined type 'katana::runtime::NativePortHookResult' which is incompatible with C [-Wreturn-type-c-linkage]
 34973 | sonic_native_matrix_stack_push(katana::runtime::NativePortContext& context) noexcept {
       | ^
C:\Users\ultim\Desktop\Sonic Adventure Recompiled\src\native_title_adapter.cpp(34977,1): warning: 'sonic_native_matrix_stack_pop' has C-linkage specified, but returns user-defined type 'katana::runtime::NativePortHookResult' which is incompatible with C [-Wreturn-type-c-linkage]
 34977 | sonic_native_matrix_stack_pop(katana::runtime::NativePortContext& context) noexcept {
       | ^
C:\Users\ultim\Desktop\Sonic Adventure Recompiled\src\native_title_adapter.cpp(34982,1): warning: 'sonic_native_ninja_model_transform' has C-linkage specified, but returns user-defined type 'katana::runtime::NativePortHookResult' which is incompatible with C [-Wreturn-type-c-linkage]
 34982 | sonic_native_ninja_model_transform(
       | ^
C:\Users\ultim\Desktop\Sonic Adventure Recompiled\src\native_title_adapter.cpp(35129,36): warning: 'getenv' is deprecated: This function or variable may be unsafe. Consider using _dupenv_s instead. To disable deprecation, use _CRT_SECURE_NO_WARNINGS. See online help for details. [-Wdeprecated-declarations]
 35129 |             const auto* value=std::getenv("SARECOMP_NATIVE_PROJECTION_BATCH_VERIFY");
       |                                    ^
C:\Program Files (x86)\Windows Kits\10\Include\10.0.26100.0\ucrt\stdlib.h(1183,20): note: 'getenv' has been explicitly marked deprecated here
 1183 |     _Check_return_ _CRT_INSECURE_DEPRECATE(_dupenv_s)
      |                    ^
C:\Program Files (x86)\Microsoft Visual Studio\2022\BuildTools\VC\Tools\MSVC\14.44.35207\include\vcruntime.h(368,55): note: expanded from macro '_CRT_INSECURE_DEPRECATE'
  368 |         #define _CRT_INSECURE_DEPRECATE(_Replacement) _CRT_DEPRECATE_TEXT(    \
      |                                                       ^
C:\Program Files (x86)\Microsoft Visual Studio\2022\BuildTools\VC\Tools\MSVC\14.44.35207\include\vcruntime.h(358,47): note: expanded from macro '_CRT_DEPRECATE_TEXT'
  358 | #define _CRT_DEPRECATE_TEXT(_Text) __declspec(deprecated(_Text))
      |                                               ^
C:\Users\ultim\Desktop\Sonic Adventure Recompiled\src\native_title_adapter.cpp(37300,41): warning: 'getenv' is deprecated: This function or variable may be unsafe. Consider using _dupenv_s instead. To disable deprecation, use _CRT_SECURE_NO_WARNINGS. See online help for details. [-Wdeprecated-declarations]
 37300 |                 const auto* flag = std::getenv("SARECOMP_INDEXED_CORNERS");
       |                                         ^
C:\Program Files (x86)\Windows Kits\10\Include\10.0.26100.0\ucrt\stdlib.h(1183,20): note: 'getenv' has been explicitly marked deprecated here
 1183 |     _Check_return_ _CRT_INSECURE_DEPRECATE(_dupenv_s)
      |                    ^
C:\Program Files (x86)\Microsoft Visual Studio\2022\BuildTools\VC\Tools\MSVC\14.44.35207\include\vcruntime.h(368,55): note: expanded from macro '_CRT_INSECURE_DEPRECATE'
  368 |         #define _CRT_INSECURE_DEPRECATE(_Replacement) _CRT_DEPRECATE_TEXT(    \
      |                                                       ^
C:\Program Files (x86)\Microsoft Visual Studio\2022\BuildTools\VC\Tools\MSVC\14.44.35207\include\vcruntime.h(358,47): note: expanded from macro '_CRT_DEPRECATE_TEXT'
  358 | #define _CRT_DEPRECATE_TEXT(_Text) __declspec(deprecated(_Text))
      |                                               ^
C:\Users\ultim\Desktop\Sonic Adventure Recompiled\src\native_title_adapter.cpp(37317,39): warning: 'getenv' is deprecated: This function or variable may be unsafe. Consider using _dupenv_s instead. To disable deprecation, use _CRT_SECURE_NO_WARNINGS. See online help for details. [-Wdeprecated-declarations]
 37317 |                 const auto* flag=std::getenv("SARECOMP_MESH_SOURCE_PLAN");
       |                                       ^
C:\Program Files (x86)\Windows Kits\10\Include\10.0.26100.0\ucrt\stdlib.h(1183,20): note: 'getenv' has been explicitly marked deprecated here
 1183 |     _Check_return_ _CRT_INSECURE_DEPRECATE(_dupenv_s)
      |                    ^
C:\Program Files (x86)\Microsoft Visual Studio\2022\BuildTools\VC\Tools\MSVC\14.44.35207\include\vcruntime.h(368,55): note: expanded from macro '_CRT_INSECURE_DEPRECATE'
  368 |         #define _CRT_INSECURE_DEPRECATE(_Replacement) _CRT_DEPRECATE_TEXT(    \
      |                                                       ^
C:\Program Files (x86)\Microsoft Visual Studio\2022\BuildTools\VC\Tools\MSVC\14.44.35207\include\vcruntime.h(358,47): note: expanded from macro '_CRT_DEPRECATE_TEXT'
  358 | #define _CRT_DEPRECATE_TEXT(_Text) __declspec(deprecated(_Text))
      |                                               ^
C:\Users\ultim\Desktop\Sonic Adventure Recompiled\src\native_title_adapter.cpp(37347,39): warning: 'getenv' is deprecated: This function or variable may be unsafe. Consider using _dupenv_s instead. To disable deprecation, use _CRT_SECURE_NO_WARNINGS. See online help for details. [-Wdeprecated-declarations]
 37347 |                 const auto* flag=std::getenv("SARECOMP_MESH_SHARED_CORNERS");
       |                                       ^
C:\Program Files (x86)\Windows Kits\10\Include\10.0.26100.0\ucrt\stdlib.h(1183,20): note: 'getenv' has been explicitly marked deprecated here
 1183 |     _Check_return_ _CRT_INSECURE_DEPRECATE(_dupenv_s)
      |                    ^
C:\Program Files (x86)\Microsoft Visual Studio\2022\BuildTools\VC\Tools\MSVC\14.44.35207\include\vcruntime.h(368,55): note: expanded from macro '_CRT_INSECURE_DEPRECATE'
  368 |         #define _CRT_INSECURE_DEPRECATE(_Replacement) _CRT_DEPRECATE_TEXT(    \
      |                                                       ^
C:\Program Files (x86)\Microsoft Visual Studio\2022\BuildTools\VC\Tools\MSVC\14.44.35207\include\vcruntime.h(358,47): note: expanded from macro '_CRT_DEPRECATE_TEXT'
  358 | #define _CRT_DEPRECATE_TEXT(_Text) __declspec(deprecated(_Text))
      |                                               ^
C:\Users\ultim\Desktop\Sonic Adventure Recompiled\src\native_title_adapter.cpp(37989,65): warning: 'getenv' is deprecated: This function or variable may be unsafe. Consider using _dupenv_s instead. To disable deprecation, use _CRT_SECURE_NO_WARNINGS. See online help for details. [-Wdeprecated-declarations]
 37989 |                 static const bool verify=[] {const auto* p=std::getenv("SARECOMP_NATIVE_MODEL_PACKETS_VERIFY");
       |                                                                 ^
C:\Program Files (x86)\Windows Kits\10\Include\10.0.26100.0\ucrt\stdlib.h(1183,20): note: 'getenv' has been explicitly marked deprecated here
 1183 |     _Check_return_ _CRT_INSECURE_DEPRECATE(_dupenv_s)
      |                    ^
C:\Program Files (x86)\Microsoft Visual Studio\2022\BuildTools\VC\Tools\MSVC\14.44.35207\include\vcruntime.h(368,55): note: expanded from macro '_CRT_INSECURE_DEPRECATE'
  368 |         #define _CRT_INSECURE_DEPRECATE(_Replacement) _CRT_DEPRECATE_TEXT(    \
      |                                                       ^
C:\Program Files (x86)\Microsoft Visual Studio\2022\BuildTools\VC\Tools\MSVC\14.44.35207\include\vcruntime.h(358,47): note: expanded from macro '_CRT_DEPRECATE_TEXT'
  358 | #define _CRT_DEPRECATE_TEXT(_Text) __declspec(deprecated(_Text))
      |                                               ^
C:\Users\ultim\Desktop\Sonic Adventure Recompiled\src\native_title_adapter.cpp(38577,1): warning: 'sonic_native_ninja_model_draw' has C-linkage specified, but returns user-defined type 'katana::runtime::NativePortHookResult' which is incompatible with C [-Wreturn-type-c-linkage]
 38577 | sonic_native_ninja_model_draw(
       | ^
C:\Users\ultim\Desktop\Sonic Adventure Recompiled\src\native_title_adapter.cpp(38583,1): warning: 'sonic_native_widescreen_model_cull' has C-linkage specified, but returns user-defined type 'katana::runtime::NativePortHookResult' which is incompatible with C [-Wreturn-type-c-linkage]
 38583 | sonic_native_widescreen_model_cull(katana::runtime::NativePortContext&) noexcept;
       | ^
C:\Users\ultim\Desktop\Sonic Adventure Recompiled\src\native_title_adapter.cpp(38761,1): warning: 'sonic_native_model_pipeline' has C-linkage specified, but returns user-defined type 'katana::runtime::NativePortHookResult' which is incompatible with C [-Wreturn-type-c-linkage]
 38761 | sonic_native_model_pipeline(katana::runtime::NativePortContext& context) noexcept {
       | ^
C:\Users\ultim\Desktop\Sonic Adventure Recompiled\src\native_title_adapter.cpp(38776,1): warning: 'sonic_native_model_pipeline_8c037098' has C-linkage specified, but returns user-defined type 'katana::runtime::NativePortHookResult' which is incompatible with C [-Wreturn-type-c-linkage]
 38776 | sonic_native_model_pipeline_8c037098(katana::runtime::NativePortContext& context) noexcept {return sonic_native_model_pipeline(context);}
       | ^
C:\Users\ultim\Desktop\Sonic Adventure Recompiled\src\native_title_adapter.cpp(38778,1): warning: 'sonic_native_model_pipeline_8c037108' has C-linkage specified, but returns user-defined type 'katana::runtime::NativePortHookResult' which is incompatible with C [-Wreturn-type-c-linkage]
 38778 | sonic_native_model_pipeline_8c037108(katana::runtime::NativePortContext& context) noexcept {return sonic_native_model_pipeline(context);}
       | ^
C:\Users\ultim\Desktop\Sonic Adventure Recompiled\src\native_title_adapter.cpp(38783,1): warning: 'sonic_native_draw_polygon' has C-linkage specified, but returns user-defined type 'katana::runtime::NativePortHookResult' which is incompatible with C [-Wreturn-type-c-linkage]
 38783 | sonic_native_draw_polygon(
       | ^
C:\Users\ultim\Desktop\Sonic Adventure Recompiled\src\native_title_adapter.cpp(38789,1): warning: 'sonic_native_draw_texture' has C-linkage specified, but returns user-defined type 'katana::runtime::NativePortHookResult' which is incompatible with C [-Wreturn-type-c-linkage]
 38789 | sonic_native_draw_texture(
       | ^
C:\Users\ultim\Desktop\Sonic Adventure Recompiled\src\native_title_adapter.cpp(38795,1): warning: 'sonic_native_draw_textureh' has C-linkage specified, but returns user-defined type 'katana::runtime::NativePortHookResult' which is incompatible with C [-Wreturn-type-c-linkage]
 38795 | sonic_native_draw_textureh(
       | ^
C:\Users\ultim\Desktop\Sonic Adventure Recompiled\src\native_title_adapter.cpp(38801,1): warning: 'sonic_native_draw_pretransformed_dispatch' has C-linkage specified, but returns user-defined type 'katana::runtime::NativePortHookResult' which is incompatible with C [-Wreturn-type-c-linkage]
 38801 | sonic_native_draw_pretransformed_dispatch(
       | ^
C:\Users\ultim\Desktop\Sonic Adventure Recompiled\src\native_title_adapter.cpp(39159,1): warning: 'sonic_native_draw_pretransformed_line_dispatch' has C-linkage specified, but returns user-defined type 'katana::runtime::NativePortHookResult' which is incompatible with C [-Wreturn-type-c-linkage]
 39159 | sonic_native_draw_pretransformed_line_dispatch(
       | ^
C:\Users\ultim\Desktop\Sonic Adventure Recompiled\src\native_title_adapter.cpp(39715,1): warning: 'sonic_native_draw_pretransformed_colored' has C-linkage specified, but returns user-defined type 'katana::runtime::NativePortHookResult' which is incompatible with C [-Wreturn-type-c-linkage]
 39715 | sonic_native_draw_pretransformed_colored(
       | ^
C:\Users\ultim\Desktop\Sonic Adventure Recompiled\src\native_title_adapter.cpp(39721,1): warning: 'sonic_native_draw_pretransformed_textured' has C-linkage specified, but returns user-defined type 'katana::runtime::NativePortHookResult' which is incompatible with C [-Wreturn-type-c-linkage]
 39721 | sonic_native_draw_pretransformed_textured(
       | ^
C:\Users\ultim\Desktop\Sonic Adventure Recompiled\src\native_title_adapter.cpp(41065,1): warning: 'sonic_native_draw_sprite_2d' has C-linkage specified, but returns user-defined type 'katana::runtime::NativePortHookResult' which is incompatible with C [-Wreturn-type-c-linkage]
 41065 | sonic_native_draw_sprite_2d(
       | ^
C:\Users\ultim\Desktop\Sonic Adventure Recompiled\src\native_title_adapter.cpp(41071,1): warning: 'sonic_native_draw_sprite_3d' has C-linkage specified, but returns user-defined type 'katana::runtime::NativePortHookResult' which is incompatible with C [-Wreturn-type-c-linkage]
 41071 | sonic_native_draw_sprite_3d(
       | ^
C:\Users\ultim\Desktop\Sonic Adventure Recompiled\src\native_title_adapter.cpp(41077,1): warning: 'sonic_native_draw_route_sprite_3d' has C-linkage specified, but returns user-defined type 'katana::runtime::NativePortHookResult' which is incompatible with C [-Wreturn-type-c-linkage]
 41077 | sonic_native_draw_route_sprite_3d(
       | ^
C:\Users\ultim\Desktop\Sonic Adventure Recompiled\src\native_title_adapter.cpp(41528,1): warning: 'sonic_native_draw_glyph_text' has C-linkage specified, but returns user-defined type 'katana::runtime::NativePortHookResult' which is incompatible with C [-Wreturn-type-c-linkage]
 41528 | sonic_native_draw_glyph_text(
       | ^
C:\Users\ultim\Desktop\Sonic Adventure Recompiled\src\native_title_adapter.cpp(41534,1): warning: 'sonic_native_draw_glyph_decimal' has C-linkage specified, but returns user-defined type 'katana::runtime::NativePortHookResult' which is incompatible with C [-Wreturn-type-c-linkage]
 41534 | sonic_native_draw_glyph_decimal(
       | ^
C:\Users\ultim\Desktop\Sonic Adventure Recompiled\src\native_title_adapter.cpp(41540,1): warning: 'sonic_native_draw_glyph_nibbles' has C-linkage specified, but returns user-defined type 'katana::runtime::NativePortHookResult' which is incompatible with C [-Wreturn-type-c-linkage]
 41540 | sonic_native_draw_glyph_nibbles(
       | ^
C:\Users\ultim\Desktop\Sonic Adventure Recompiled\src\native_title_adapter.cpp(41546,1): warning: 'sonic_native_draw_resident_glyph_text' has C-linkage specified, but returns user-defined type 'katana::runtime::NativePortHookResult' which is incompatible with C [-Wreturn-type-c-linkage]
 41546 | sonic_native_draw_resident_glyph_text(
       | ^
C:\Users\ultim\Desktop\Sonic Adventure Recompiled\src\native_title_adapter.cpp(41553,1): warning: 'sonic_native_draw_resident_glyph_foreground' has C-linkage specified, but returns user-defined type 'katana::runtime::NativePortHookResult' which is incompatible with C [-Wreturn-type-c-linkage]
 41553 | sonic_native_draw_resident_glyph_foreground(
       | ^
C:\Users\ultim\Desktop\Sonic Adventure Recompiled\src\native_title_adapter.cpp(41560,1): warning: 'sonic_native_draw_resident_glyph_decimal' has C-linkage specified, but returns user-defined type 'katana::runtime::NativePortHookResult' which is incompatible with C [-Wreturn-type-c-linkage]
 41560 | sonic_native_draw_resident_glyph_decimal(
       | ^
C:\Users\ultim\Desktop\Sonic Adventure Recompiled\src\native_title_adapter.cpp(41567,1): warning: 'sonic_native_draw_resident_glyph_binary' has C-linkage specified, but returns user-defined type 'katana::runtime::NativePortHookResult' which is incompatible with C [-Wreturn-type-c-linkage]
 41567 | sonic_native_draw_resident_glyph_binary(
       | ^
C:\Users\ultim\Desktop\Sonic Adventure Recompiled\src\native_title_adapter.cpp(41574,1): warning: 'sonic_native_draw_resident_glyph_nibbles' has C-linkage specified, but returns user-defined type 'katana::runtime::NativePortHookResult' which is incompatible with C [-Wreturn-type-c-linkage]
 41574 | sonic_native_draw_resident_glyph_nibbles(
       | ^
C:\Users\ultim\Desktop\Sonic Adventure Recompiled\src\native_title_adapter.cpp(41581,1): warning: 'sonic_native_draw_resident_glyph_float' has C-linkage specified, but returns user-defined type 'katana::runtime::NativePortHookResult' which is incompatible with C [-Wreturn-type-c-linkage]
 41581 | sonic_native_draw_resident_glyph_float(
       | ^
C:\Users\ultim\Desktop\Sonic Adventure Recompiled\src\native_title_adapter.cpp(41897,1): warning: 'sonic_native_frame_begin' has C-linkage specified, but returns user-defined type 'katana::runtime::NativePortHookResult' which is incompatible with C [-Wreturn-type-c-linkage]
 41897 | sonic_native_frame_begin(
       | ^
C:\Users\ultim\Desktop\Sonic Adventure Recompiled\src\native_title_adapter.cpp(42230,1): warning: 'sonic_native_frame_producer_complete' has C-linkage specified, but returns user-defined type 'katana::runtime::NativePortHookResult' which is incompatible with C [-Wreturn-type-c-linkage]
 42230 | sonic_native_frame_producer_complete(
       | ^
C:\Users\ultim\Desktop\Sonic Adventure Recompiled\src\native_title_adapter.cpp(42262,1): warning: 'sonic_native_frame_producer_wait' has C-linkage specified, but returns user-defined type 'katana::runtime::NativePortHookResult' which is incompatible with C [-Wreturn-type-c-linkage]
 42262 | sonic_native_frame_producer_wait(
       | ^
C:\Users\ultim\Desktop\Sonic Adventure Recompiled\src\native_title_adapter.cpp(42298,1): warning: 'sonic_native_scene_begin' has C-linkage specified, but returns user-defined type 'katana::runtime::NativePortHookResult' which is incompatible with C [-Wreturn-type-c-linkage]
 42298 | sonic_native_scene_begin(
       | ^
C:\Users\ultim\Desktop\Sonic Adventure Recompiled\src\native_title_adapter.cpp(42359,1): warning: 'sonic_native_frame_turnover' has C-linkage specified, but returns user-defined type 'katana::runtime::NativePortHookResult' which is incompatible with C [-Wreturn-type-c-linkage]
 42359 | sonic_native_frame_turnover(
       | ^
C:\Users\ultim\Desktop\Sonic Adventure Recompiled\src\native_title_adapter.cpp(42483,1): warning: 'sonic_native_kamui_present_drain' has C-linkage specified, but returns user-defined type 'katana::runtime::NativePortHookResult' which is incompatible with C [-Wreturn-type-c-linkage]
 42483 | sonic_native_kamui_present_drain(
       | ^
C:\Users\ultim\Desktop\Sonic Adventure Recompiled\src\native_title_adapter.cpp(42531,1): warning: 'sonic_native_waypoint_probe' has C-linkage specified, but returns user-defined type 'katana::runtime::NativePortHookResult' which is incompatible with C [-Wreturn-type-c-linkage]
 42531 | sonic_native_waypoint_probe(
       | ^
C:\Users\ultim\Desktop\Sonic Adventure Recompiled\src\native_title_adapter.cpp(42558,1): warning: 'sonic_native_waypoint_title_dispatch' has C-linkage specified, but returns user-defined type 'katana::runtime::NativePortHookResult' which is incompatible with C [-Wreturn-type-c-linkage]
 42558 | sonic_native_waypoint_title_dispatch(
       | ^
C:\Users\ultim\Desktop\Sonic Adventure Recompiled\src\native_title_adapter.cpp(42564,1): warning: 'sonic_native_waypoint_frame_dispatch' has C-linkage specified, but returns user-defined type 'katana::runtime::NativePortHookResult' which is incompatible with C [-Wreturn-type-c-linkage]
 42564 | sonic_native_waypoint_frame_dispatch(
       | ^
C:\Users\ultim\Desktop\Sonic Adventure Recompiled\src\native_title_adapter.cpp(42727,1): warning: 'sonic_native_pvr_asic_interrupt_normal_acknowledge_8_8c6047ba' has C-linkage specified, but returns user-defined type 'katana::runtime::NativePortHookResult' which is incompatible with C [-Wreturn-type-c-linkage]
 42727 | sonic_native_pvr_asic_interrupt_normal_acknowledge_8_8c6047ba(
       | ^
C:\Users\ultim\Desktop\Sonic Adventure Recompiled\src\native_title_adapter.cpp(42734,1): warning: 'sonic_native_pvr_softreset_write_1_8c653388' has C-linkage specified, but returns user-defined type 'katana::runtime::NativePortHookResult' which is incompatible with C [-Wreturn-type-c-linkage]
 42734 | sonic_native_pvr_softreset_write_1_8c653388(
       | ^
C:\Users\ultim\Desktop\Sonic Adventure Recompiled\src\native_title_adapter.cpp(42803,1): warning: 'sonic_native_pvr_asic_interrupt_error_acknowledge_4' has C-linkage specified, but returns user-defined type 'katana::runtime::NativePortHookResult' which is incompatible with C [-Wreturn-type-c-linkage]
 42803 | sonic_native_pvr_asic_interrupt_error_acknowledge_4(
       | ^
C:\Users\ultim\Desktop\Sonic Adventure Recompiled\src\native_title_adapter.cpp(42810,1): warning: 'sonic_native_pvr_asic_interrupt_error_acknowledge_8' has C-linkage specified, but returns user-defined type 'katana::runtime::NativePortHookResult' which is incompatible with C [-Wreturn-type-c-linkage]
 42810 | sonic_native_pvr_asic_interrupt_error_acknowledge_8(
       | ^
C:\Users\ultim\Desktop\Sonic Adventure Recompiled\src\native_title_adapter.cpp(42817,1): warning: 'sonic_native_pvr_asic_error_acknowledge' has C-linkage specified, but returns user-defined type 'katana::runtime::NativePortHookResult' which is incompatible with C [-Wreturn-type-c-linkage]
 42817 | sonic_native_pvr_asic_error_acknowledge(
       | ^
C:\Users\ultim\Desktop\Sonic Adventure Recompiled\src\native_title_adapter.cpp(42898,1): warning: 'sonic_native_platform_interrupt_normal_mask_seed' has C-linkage specified, but returns user-defined type 'katana::runtime::NativePortHookResult' which is incompatible with C [-Wreturn-type-c-linkage]
 42898 | sonic_native_platform_interrupt_normal_mask_seed(
       | ^
C:\Users\ultim\Desktop\Sonic Adventure Recompiled\src\native_title_adapter.cpp(42959,1): warning: 'sonic_native_platform_interrupt_normal_mask_initialize' has C-linkage specified, but returns user-defined type 'katana::runtime::NativePortHookResult' which is incompatible with C [-Wreturn-type-c-linkage]
 42959 | sonic_native_platform_interrupt_normal_mask_initialize(
       | ^
C:\Users\ultim\Desktop\Sonic Adventure Recompiled\src\native_title_adapter.cpp(43100,1): warning: 'sonic_native_pvr_asic_channel_setup' has C-linkage specified, but returns user-defined type 'katana::runtime::NativePortHookResult' which is incompatible with C [-Wreturn-type-c-linkage]
 43100 | sonic_native_pvr_asic_channel_setup(
       | ^
C:\Users\ultim\Desktop\Sonic Adventure Recompiled\src\native_title_adapter.cpp(43217,1): warning: 'sonic_native_pvr_asic_service' has C-linkage specified, but returns user-defined type 'katana::runtime::NativePortHookResult' which is incompatible with C [-Wreturn-type-c-linkage]
 43217 | sonic_native_pvr_asic_service(
       | ^
C:\Users\ultim\Desktop\Sonic Adventure Recompiled\src\native_title_adapter.cpp(43272,1): warning: 'sonic_native_pvr_asic_scheduler' has C-linkage specified, but returns user-defined type 'katana::runtime::NativePortHookResult' which is incompatible with C [-Wreturn-type-c-linkage]
 43272 | sonic_native_pvr_asic_scheduler(
       | ^
C:\Users\ultim\Desktop\Sonic Adventure Recompiled\src\native_title_adapter.cpp(43304,1): warning: 'sonic_native_pvr_asic_dispatch' has C-linkage specified, but returns user-defined type 'katana::runtime::NativePortHookResult' which is incompatible with C [-Wreturn-type-c-linkage]
 43304 | sonic_native_pvr_asic_dispatch(
       | ^
C:\Users\ultim\Desktop\Sonic Adventure Recompiled\src\native_title_adapter.cpp(43338,1): warning: 'sonic_native_g2_bus_configure' has C-linkage specified, but returns user-defined type 'katana::runtime::NativePortHookResult' which is incompatible with C [-Wreturn-type-c-linkage]
 43338 | sonic_native_g2_bus_configure(
       | ^
C:\Users\ultim\Desktop\Sonic Adventure Recompiled\src\native_title_adapter.cpp(43818,1): warning: 'sonic_native_ninja_resident_model_draw_8c6107f0' has C-linkage specified, but returns user-defined type 'katana::runtime::NativePortHookResult' which is incompatible with C [-Wreturn-type-c-linkage]
 43818 | sonic_native_ninja_resident_model_draw_8c6107f0(
       | ^
C:\Users\ultim\Desktop\Sonic Adventure Recompiled\src\native_title_adapter.cpp(43825,1): warning: 'sonic_native_ninja_basic_model_draw_8c6214fa' has C-linkage specified, but returns user-defined type 'katana::runtime::NativePortHookResult' which is incompatible with C [-Wreturn-type-c-linkage]
 43825 | sonic_native_ninja_basic_model_draw_8c6214fa(
       | ^
C:\Users\ultim\Desktop\Sonic Adventure Recompiled\src\native_title_adapter.cpp(43832,1): warning: 'sonic_native_ninja_basic_model_draw_8c638d72' has C-linkage specified, but returns user-defined type 'katana::runtime::NativePortHookResult' which is incompatible with C [-Wreturn-type-c-linkage]
 43832 | sonic_native_ninja_basic_model_draw_8c638d72(
       | ^
C:\Users\ultim\Desktop\Sonic Adventure Recompiled\src\native_title_adapter.cpp(154,25): warning: unused variable 'sonic_native_graphics_error_pretransformed' [-Wunused-const-variable]
  154 | constexpr std::uint32_t sonic_native_graphics_error_pretransformed = 0x53414708u;
      |                         ^~~~~~~~~~~~~~~~~~~~~~~~~~~~~~~~~~~~~~~~~~
C:\Users\ultim\Desktop\Sonic Adventure Recompiled\src\native_title_adapter.cpp(155,25): warning: unused variable 'sonic_native_graphics_error_border_color' [-Wunused-const-variable]
  155 | constexpr std::uint32_t sonic_native_graphics_error_border_color = 0x53414709u;
      |                         ^~~~~~~~~~~~~~~~~~~~~~~~~~~~~~~~~~~~~~~~
C:\Users\ultim\Desktop\Sonic Adventure Recompiled\src\native_title_adapter.cpp(164,25): warning: unused variable 'sonic_native_frame_error_producer' [-Wunused-const-variable]
  164 | constexpr std::uint32_t sonic_native_frame_error_producer = 0x53414602u;
      |                         ^~~~~~~~~~~~~~~~~~~~~~~~~~~~~~~~~
C:\Users\ultim\Desktop\Sonic Adventure Recompiled\src\native_title_adapter.cpp(190,25): warning: unused variable 'sonic_native_movie_error_shutdown' [-Wunused-const-variable]
  190 | constexpr std::uint32_t sonic_native_movie_error_shutdown = 0x53414D06u;
      |                         ^~~~~~~~~~~~~~~~~~~~~~~~~~~~~~~~~
C:\Users\ultim\Desktop\Sonic Adventure Recompiled\src\native_title_adapter.cpp(220,25): warning: unused variable 'sonic_native_transfer_error_queue' [-Wunused-const-variable]
  220 | constexpr std::uint32_t sonic_native_transfer_error_queue = 0x53415804u;
      |                         ^~~~~~~~~~~~~~~~~~~~~~~~~~~~~~~~~
C:\Users\ultim\Desktop\Sonic Adventure Recompiled\src\native_title_adapter.cpp(373,25): warning: unused variable 'sonic_native_pvr_asic_dma_status' [-Wunused-const-variable]
  373 | constexpr std::uint32_t sonic_native_pvr_asic_dma_status = 0xA05F810Cu;
      |                         ^~~~~~~~~~~~~~~~~~~~~~~~~~~~~~~~
C:\Users\ultim\Desktop\Sonic Adventure Recompiled\src\native_title_adapter.cpp(374,25): warning: unused variable 'sonic_native_pvr_asic_dma_control' [-Wunused-const-variable]
  374 | constexpr std::uint32_t sonic_native_pvr_asic_dma_control = 0xA05F6900u;
      |                         ^~~~~~~~~~~~~~~~~~~~~~~~~~~~~~~~~
C:\Users\ultim\Desktop\Sonic Adventure Recompiled\src\native_title_adapter.cpp(375,25): warning: unused variable 'sonic_native_pvr_asic_dma_control_secondary' [-Wunused-const-variable]
  375 | constexpr std::uint32_t sonic_native_pvr_asic_dma_control_secondary =
      |                         ^~~~~~~~~~~~~~~~~~~~~~~~~~~~~~~~~~~~~~~~~~~
C:\Users\ultim\Desktop\Sonic Adventure Recompiled\src\native_title_adapter.cpp(1071,25): warning: unused variable 'sonic_ninja_font_surface' [-Wunused-const-variable]
 1071 | constexpr std::uint32_t sonic_ninja_font_surface = 0x8C8904A4u;
      |                         ^~~~~~~~~~~~~~~~~~~~~~~~
C:\Users\ultim\Desktop\Sonic Adventure Recompiled\src\native_title_adapter.cpp(4526,43): warning: unused function 'reader_byte' [-Wunused-function]
 4526 | [[nodiscard]] std::optional<std::uint8_t> reader_byte(
      |                                           ^~~~~~~~~~~
C:\Users\ultim\Desktop\Sonic Adventure Recompiled\src\native_title_adapter.cpp(6583,1): warning: unused function 'sonic_current_ninja_transform' [-Wunused-function]
 6583 | sonic_current_ninja_transform(
      | ^~~~~~~~~~~~~~~~~~~~~~~~~~~~~
C:\Users\ultim\Desktop\Sonic Adventure Recompiled\src\native_title_adapter.cpp(13688,20): warning: unused function 'native_loaded_aot_texture_matches' [-Wunused-function]
 13688 | [[nodiscard]] bool native_loaded_aot_texture_matches(
       |                    ^~~~~~~~~~~~~~~~~~~~~~~~~~~~~~~~~
C:\Users\ultim\Desktop\Sonic Adventure Recompiled\src\native_title_adapter.cpp(20901,20): warning: unused function 'guest_string_equals' [-Wunused-function]
 20901 | [[nodiscard]] bool guest_string_equals(
       |                    ^~~~~~~~~~~~~~~~~~~
C:\Users\ultim\Desktop\Sonic Adventure Recompiled\src\native_title_adapter.cpp(21034,20): warning: unused function 'sonic_native_save_publish' [-Wunused-function]
 21034 | [[nodiscard]] bool sonic_native_save_publish(
       |                    ^~~~~~~~~~~~~~~~~~~~~~~~~
C:\Users\ultim\Desktop\Sonic Adventure Recompiled\src\native_title_adapter.cpp(23000,24): warning: unused variable 'sonic_native_adxt_state_preparing' [-Wunused-const-variable]
 23000 | constexpr std::uint8_t sonic_native_adxt_state_preparing = 2u;
       |                        ^~~~~~~~~~~~~~~~~~~~~~~~~~~~~~~~~
314 warnings generated.
[6/13] Building CXX object CMakeFiles\sonic_dispatch.dir\generated\movement-contact-bridge\unit-v8C073018-8C073018-457a60bdbd02a56b.cpp.obj
In file included from C:\Users\ultim\Desktop\Sonic Adventure Recompiled\build-performance\generated\movement-contact-bridge\unit-v8C073018-8C073018-457a60bdbd02a56b.cpp:1:
In file included from C:\Users\ultim\Desktop\Sonic Adventure Recompiled\src\sonic_movement_contact.hpp:3:
C:\Users\ultim\Desktop\Sonic Adventure Recompiled\src\sonic_internal_diagnostics.hpp(28,67): warning: 'getenv' is deprecated: This function or variable may be unsafe. Consider using _dupenv_s instead. To disable deprecation, use _CRT_SECURE_NO_WARNINGS. See online help for details. [-Wdeprecated-declarations]
   28 |     internal_runtime_enabled = read_internal_policy(program, std::getenv("SARECOMP_INTERNAL_DIAGNOSTICS"));
      |                                                                   ^
C:\Program Files (x86)\Windows Kits\10\Include\10.0.26100.0\ucrt\stdlib.h(1183,20): note: 'getenv' has been explicitly marked deprecated here
 1183 |     _Check_return_ _CRT_INSECURE_DEPRECATE(_dupenv_s)
      |                    ^
C:\Program Files (x86)\Microsoft Visual Studio\2022\BuildTools\VC\Tools\MSVC\14.44.35207\include\vcruntime.h(368,55): note: expanded from macro '_CRT_INSECURE_DEPRECATE'
  368 |         #define _CRT_INSECURE_DEPRECATE(_Replacement) _CRT_DEPRECATE_TEXT(    \
      |                                                       ^
C:\Program Files (x86)\Microsoft Visual Studio\2022\BuildTools\VC\Tools\MSVC\14.44.35207\include\vcruntime.h(358,47): note: expanded from macro '_CRT_DEPRECATE_TEXT'
  358 | #define _CRT_DEPRECATE_TEXT(_Text) __declspec(deprecated(_Text))
      |                                               ^
In file included from C:\Users\ultim\Desktop\Sonic Adventure Recompiled\build-performance\generated\movement-contact-bridge\unit-v8C073018-8C073018-457a60bdbd02a56b.cpp:1:
In file included from C:\Users\ultim\Desktop\Sonic Adventure Recompiled\src\sonic_movement_contact.hpp:4:
C:\Users\ultim\Desktop\Sonic Adventure Recompiled\src\sonic_native_cpu_policy.hpp(11,30): warning: 'getenv' is deprecated: This function or variable may be unsafe. Consider using _dupenv_s instead. To disable deprecation, use _CRT_SECURE_NO_WARNINGS. See online help for details. [-Wdeprecated-declarations]
   11 |     const char* group = std::getenv("SARECOMP_NATIVE_CPU_PATHS");
      |                              ^
C:\Program Files (x86)\Windows Kits\10\Include\10.0.26100.0\ucrt\stdlib.h(1183,20): note: 'getenv' has been explicitly marked deprecated here
 1183 |     _Check_return_ _CRT_INSECURE_DEPRECATE(_dupenv_s)
      |                    ^
C:\Program Files (x86)\Microsoft Visual Studio\2022\BuildTools\VC\Tools\MSVC\14.44.35207\include\vcruntime.h(368,55): note: expanded from macro '_CRT_INSECURE_DEPRECATE'
  368 |         #define _CRT_INSECURE_DEPRECATE(_Replacement) _CRT_DEPRECATE_TEXT(    \
      |                                                       ^
C:\Program Files (x86)\Microsoft Visual Studio\2022\BuildTools\VC\Tools\MSVC\14.44.35207\include\vcruntime.h(358,47): note: expanded from macro '_CRT_DEPRECATE_TEXT'
  358 | #define _CRT_DEPRECATE_TEXT(_Text) __declspec(deprecated(_Text))
      |                                               ^
In file included from C:\Users\ultim\Desktop\Sonic Adventure Recompiled\build-performance\generated\movement-contact-bridge\unit-v8C073018-8C073018-457a60bdbd02a56b.cpp:1:
In file included from C:\Users\ultim\Desktop\Sonic Adventure Recompiled\src\sonic_movement_contact.hpp:4:
C:\Users\ultim\Desktop\Sonic Adventure Recompiled\src\sonic_native_cpu_policy.hpp(13,30): warning: 'getenv' is deprecated: This function or variable may be unsafe. Consider using _dupenv_s instead. To disable deprecation, use _CRT_SECURE_NO_WARNINGS. See online help for details. [-Wdeprecated-declarations]
   13 |     const char* value = std::getenv(option);
      |                              ^
C:\Program Files (x86)\Windows Kits\10\Include\10.0.26100.0\ucrt\stdlib.h(1183,20): note: 'getenv' has been explicitly marked deprecated here
 1183 |     _Check_return_ _CRT_INSECURE_DEPRECATE(_dupenv_s)
      |                    ^
C:\Program Files (x86)\Microsoft Visual Studio\2022\BuildTools\VC\Tools\MSVC\14.44.35207\include\vcruntime.h(368,55): note: expanded from macro '_CRT_INSECURE_DEPRECATE'
  368 |         #define _CRT_INSECURE_DEPRECATE(_Replacement) _CRT_DEPRECATE_TEXT(    \
      |                                                       ^
C:\Program Files (x86)\Microsoft Visual Studio\2022\BuildTools\VC\Tools\MSVC\14.44.35207\include\vcruntime.h(358,47): note: expanded from macro '_CRT_DEPRECATE_TEXT'
  358 | #define _CRT_DEPRECATE_TEXT(_Text) __declspec(deprecated(_Text))
      |                                               ^
In file included from C:\Users\ultim\Desktop\Sonic Adventure Recompiled\build-performance\generated\movement-contact-bridge\unit-v8C073018-8C073018-457a60bdbd02a56b.cpp:1:
C:\Users\ultim\Desktop\Sonic Adventure Recompiled\src\sonic_movement_contact.hpp(14,49): warning: 'getenv' is deprecated: This function or variable may be unsafe. Consider using _dupenv_s instead. To disable deprecation, use _CRT_SECURE_NO_WARNINGS. See online help for details. [-Wdeprecated-declarations]
   14 |     static const bool on=[] {const auto* v=std::getenv("SARECOMP_NATIVE_MOVEMENT_CONTACT");
      |                                                 ^
C:\Program Files (x86)\Windows Kits\10\Include\10.0.26100.0\ucrt\stdlib.h(1183,20): note: 'getenv' has been explicitly marked deprecated here
 1183 |     _Check_return_ _CRT_INSECURE_DEPRECATE(_dupenv_s)
      |                    ^
C:\Program Files (x86)\Microsoft Visual Studio\2022\BuildTools\VC\Tools\MSVC\14.44.35207\include\vcruntime.h(368,55): note: expanded from macro '_CRT_INSECURE_DEPRECATE'
  368 |         #define _CRT_INSECURE_DEPRECATE(_Replacement) _CRT_DEPRECATE_TEXT(    \
      |                                                       ^
C:\Program Files (x86)\Microsoft Visual Studio\2022\BuildTools\VC\Tools\MSVC\14.44.35207\include\vcruntime.h(358,47): note: expanded from macro '_CRT_DEPRECATE_TEXT'
  358 | #define _CRT_DEPRECATE_TEXT(_Text) __declspec(deprecated(_Text))
      |                                               ^
In file included from C:\Users\ultim\Desktop\Sonic Adventure Recompiled\build-performance\generated\movement-contact-bridge\unit-v8C073018-8C073018-457a60bdbd02a56b.cpp:1:
C:\Users\ultim\Desktop\Sonic Adventure Recompiled\src\sonic_movement_contact.hpp(20,49): warning: 'getenv' is deprecated: This function or variable may be unsafe. Consider using _dupenv_s instead. To disable deprecation, use _CRT_SECURE_NO_WARNINGS. See online help for details. [-Wdeprecated-declarations]
   20 |     static const bool on=[] {const auto* v=std::getenv("SARECOMP_NATIVE_OBJECT_CONTACT");
      |                                                 ^
C:\Program Files (x86)\Windows Kits\10\Include\10.0.26100.0\ucrt\stdlib.h(1183,20): note: 'getenv' has been explicitly marked deprecated here
 1183 |     _Check_return_ _CRT_INSECURE_DEPRECATE(_dupenv_s)
      |                    ^
C:\Program Files (x86)\Microsoft Visual Studio\2022\BuildTools\VC\Tools\MSVC\14.44.35207\include\vcruntime.h(368,55): note: expanded from macro '_CRT_INSECURE_DEPRECATE'
  368 |         #define _CRT_INSECURE_DEPRECATE(_Replacement) _CRT_DEPRECATE_TEXT(    \
      |                                                       ^
C:\Program Files (x86)\Microsoft Visual Studio\2022\BuildTools\VC\Tools\MSVC\14.44.35207\include\vcruntime.h(358,47): note: expanded from macro '_CRT_DEPRECATE_TEXT'
  358 | #define _CRT_DEPRECATE_TEXT(_Text) __declspec(deprecated(_Text))
      |                                               ^
In file included from C:\Users\ultim\Desktop\Sonic Adventure Recompiled\build-performance\generated\movement-contact-bridge\unit-v8C073018-8C073018-457a60bdbd02a56b.cpp:2:
C:\Users\ultim\Desktop\Sonic Adventure Recompiled\src\sonic_movement_resolver.hpp(11,49): warning: 'getenv' is deprecated: This function or variable may be unsafe. Consider using _dupenv_s instead. To disable deprecation, use _CRT_SECURE_NO_WARNINGS. See online help for details. [-Wdeprecated-declarations]
   11 |     static const bool on=[] {const auto* v=std::getenv("SARECOMP_NATIVE_MOVEMENT");
      |                                                 ^
C:\Program Files (x86)\Windows Kits\10\Include\10.0.26100.0\ucrt\stdlib.h(1183,20): note: 'getenv' has been explicitly marked deprecated here
 1183 |     _Check_return_ _CRT_INSECURE_DEPRECATE(_dupenv_s)
      |                    ^
C:\Program Files (x86)\Microsoft Visual Studio\2022\BuildTools\VC\Tools\MSVC\14.44.35207\include\vcruntime.h(368,55): note: expanded from macro '_CRT_INSECURE_DEPRECATE'
  368 |         #define _CRT_INSECURE_DEPRECATE(_Replacement) _CRT_DEPRECATE_TEXT(    \
      |                                                       ^
C:\Program Files (x86)\Microsoft Visual Studio\2022\BuildTools\VC\Tools\MSVC\14.44.35207\include\vcruntime.h(358,47): note: expanded from macro '_CRT_DEPRECATE_TEXT'
  358 | #define _CRT_DEPRECATE_TEXT(_Text) __declspec(deprecated(_Text))
      |                                               ^
6 warnings generated.
[7/13] Building CXX object CMakeFiles\sonic_dispatch.dir\generated\movement-contact-bridge\unit-v8C074214-8C075154-1bc56e9d4bd882fb.cpp.obj
In file included from C:\Users\ultim\Desktop\Sonic Adventure Recompiled\build-performance\generated\movement-contact-bridge\unit-v8C074214-8C075154-1bc56e9d4bd882fb.cpp:1:
In file included from C:\Users\ultim\Desktop\Sonic Adventure Recompiled\src\sonic_movement_contact.hpp:3:
C:\Users\ultim\Desktop\Sonic Adventure Recompiled\src\sonic_internal_diagnostics.hpp(28,67): warning: 'getenv' is deprecated: This function or variable may be unsafe. Consider using _dupenv_s instead. To disable deprecation, use _CRT_SECURE_NO_WARNINGS. See online help for details. [-Wdeprecated-declarations]
   28 |     internal_runtime_enabled = read_internal_policy(program, std::getenv("SARECOMP_INTERNAL_DIAGNOSTICS"));
      |                                                                   ^
C:\Program Files (x86)\Windows Kits\10\Include\10.0.26100.0\ucrt\stdlib.h(1183,20): note: 'getenv' has been explicitly marked deprecated here
 1183 |     _Check_return_ _CRT_INSECURE_DEPRECATE(_dupenv_s)
      |                    ^
C:\Program Files (x86)\Microsoft Visual Studio\2022\BuildTools\VC\Tools\MSVC\14.44.35207\include\vcruntime.h(368,55): note: expanded from macro '_CRT_INSECURE_DEPRECATE'
  368 |         #define _CRT_INSECURE_DEPRECATE(_Replacement) _CRT_DEPRECATE_TEXT(    \
      |                                                       ^
C:\Program Files (x86)\Microsoft Visual Studio\2022\BuildTools\VC\Tools\MSVC\14.44.35207\include\vcruntime.h(358,47): note: expanded from macro '_CRT_DEPRECATE_TEXT'
  358 | #define _CRT_DEPRECATE_TEXT(_Text) __declspec(deprecated(_Text))
      |                                               ^
In file included from C:\Users\ultim\Desktop\Sonic Adventure Recompiled\build-performance\generated\movement-contact-bridge\unit-v8C074214-8C075154-1bc56e9d4bd882fb.cpp:1:
In file included from C:\Users\ultim\Desktop\Sonic Adventure Recompiled\src\sonic_movement_contact.hpp:4:
C:\Users\ultim\Desktop\Sonic Adventure Recompiled\src\sonic_native_cpu_policy.hpp(11,30): warning: 'getenv' is deprecated: This function or variable may be unsafe. Consider using _dupenv_s instead. To disable deprecation, use _CRT_SECURE_NO_WARNINGS. See online help for details. [-Wdeprecated-declarations]
   11 |     const char* group = std::getenv("SARECOMP_NATIVE_CPU_PATHS");
      |                              ^
C:\Program Files (x86)\Windows Kits\10\Include\10.0.26100.0\ucrt\stdlib.h(1183,20): note: 'getenv' has been explicitly marked deprecated here
 1183 |     _Check_return_ _CRT_INSECURE_DEPRECATE(_dupenv_s)
      |                    ^
C:\Program Files (x86)\Microsoft Visual Studio\2022\BuildTools\VC\Tools\MSVC\14.44.35207\include\vcruntime.h(368,55): note: expanded from macro '_CRT_INSECURE_DEPRECATE'
  368 |         #define _CRT_INSECURE_DEPRECATE(_Replacement) _CRT_DEPRECATE_TEXT(    \
      |                                                       ^
C:\Program Files (x86)\Microsoft Visual Studio\2022\BuildTools\VC\Tools\MSVC\14.44.35207\include\vcruntime.h(358,47): note: expanded from macro '_CRT_DEPRECATE_TEXT'
  358 | #define _CRT_DEPRECATE_TEXT(_Text) __declspec(deprecated(_Text))
      |                                               ^
In file included from C:\Users\ultim\Desktop\Sonic Adventure Recompiled\build-performance\generated\movement-contact-bridge\unit-v8C074214-8C075154-1bc56e9d4bd882fb.cpp:1:
In file included from C:\Users\ultim\Desktop\Sonic Adventure Recompiled\src\sonic_movement_contact.hpp:4:
C:\Users\ultim\Desktop\Sonic Adventure Recompiled\src\sonic_native_cpu_policy.hpp(13,30): warning: 'getenv' is deprecated: This function or variable may be unsafe. Consider using _dupenv_s instead. To disable deprecation, use _CRT_SECURE_NO_WARNINGS. See online help for details. [-Wdeprecated-declarations]
   13 |     const char* value = std::getenv(option);
      |                              ^
C:\Program Files (x86)\Windows Kits\10\Include\10.0.26100.0\ucrt\stdlib.h(1183,20): note: 'getenv' has been explicitly marked deprecated here
 1183 |     _Check_return_ _CRT_INSECURE_DEPRECATE(_dupenv_s)
      |                    ^
C:\Program Files (x86)\Microsoft Visual Studio\2022\BuildTools\VC\Tools\MSVC\14.44.35207\include\vcruntime.h(368,55): note: expanded from macro '_CRT_INSECURE_DEPRECATE'
  368 |         #define _CRT_INSECURE_DEPRECATE(_Replacement) _CRT_DEPRECATE_TEXT(    \
      |                                                       ^
C:\Program Files (x86)\Microsoft Visual Studio\2022\BuildTools\VC\Tools\MSVC\14.44.35207\include\vcruntime.h(358,47): note: expanded from macro '_CRT_DEPRECATE_TEXT'
  358 | #define _CRT_DEPRECATE_TEXT(_Text) __declspec(deprecated(_Text))
      |                                               ^
In file included from C:\Users\ultim\Desktop\Sonic Adventure Recompiled\build-performance\generated\movement-contact-bridge\unit-v8C074214-8C075154-1bc56e9d4bd882fb.cpp:1:
C:\Users\ultim\Desktop\Sonic Adventure Recompiled\src\sonic_movement_contact.hpp(14,49): warning: 'getenv' is deprecated: This function or variable may be unsafe. Consider using _dupenv_s instead. To disable deprecation, use _CRT_SECURE_NO_WARNINGS. See online help for details. [-Wdeprecated-declarations]
   14 |     static const bool on=[] {const auto* v=std::getenv("SARECOMP_NATIVE_MOVEMENT_CONTACT");
      |                                                 ^
C:\Program Files (x86)\Windows Kits\10\Include\10.0.26100.0\ucrt\stdlib.h(1183,20): note: 'getenv' has been explicitly marked deprecated here
 1183 |     _Check_return_ _CRT_INSECURE_DEPRECATE(_dupenv_s)
      |                    ^
C:\Program Files (x86)\Microsoft Visual Studio\2022\BuildTools\VC\Tools\MSVC\14.44.35207\include\vcruntime.h(368,55): note: expanded from macro '_CRT_INSECURE_DEPRECATE'
  368 |         #define _CRT_INSECURE_DEPRECATE(_Replacement) _CRT_DEPRECATE_TEXT(    \
      |                                                       ^
C:\Program Files (x86)\Microsoft Visual Studio\2022\BuildTools\VC\Tools\MSVC\14.44.35207\include\vcruntime.h(358,47): note: expanded from macro '_CRT_DEPRECATE_TEXT'
  358 | #define _CRT_DEPRECATE_TEXT(_Text) __declspec(deprecated(_Text))
      |                                               ^
In file included from C:\Users\ultim\Desktop\Sonic Adventure Recompiled\build-performance\generated\movement-contact-bridge\unit-v8C074214-8C075154-1bc56e9d4bd882fb.cpp:1:
C:\Users\ultim\Desktop\Sonic Adventure Recompiled\src\sonic_movement_contact.hpp(20,49): warning: 'getenv' is deprecated: This function or variable may be unsafe. Consider using _dupenv_s instead. To disable deprecation, use _CRT_SECURE_NO_WARNINGS. See online help for details. [-Wdeprecated-declarations]
   20 |     static const bool on=[] {const auto* v=std::getenv("SARECOMP_NATIVE_OBJECT_CONTACT");
      |                                                 ^
C:\Program Files (x86)\Windows Kits\10\Include\10.0.26100.0\ucrt\stdlib.h(1183,20): note: 'getenv' has been explicitly marked deprecated here
 1183 |     _Check_return_ _CRT_INSECURE_DEPRECATE(_dupenv_s)
      |                    ^
C:\Program Files (x86)\Microsoft Visual Studio\2022\BuildTools\VC\Tools\MSVC\14.44.35207\include\vcruntime.h(368,55): note: expanded from macro '_CRT_INSECURE_DEPRECATE'
  368 |         #define _CRT_INSECURE_DEPRECATE(_Replacement) _CRT_DEPRECATE_TEXT(    \
      |                                                       ^
C:\Program Files (x86)\Microsoft Visual Studio\2022\BuildTools\VC\Tools\MSVC\14.44.35207\include\vcruntime.h(358,47): note: expanded from macro '_CRT_DEPRECATE_TEXT'
  358 | #define _CRT_DEPRECATE_TEXT(_Text) __declspec(deprecated(_Text))
      |                                               ^
5 warnings generated.
[8/13] Building CXX object CMakeFiles\sonic_dispatch.dir\generated\movement-contact-bridge\unit-v8C033122-8C0342E0-7edcb8468a2b4534.cpp.obj
In file included from C:\Users\ultim\Desktop\Sonic Adventure Recompiled\build-performance\generated\movement-contact-bridge\unit-v8C033122-8C0342E0-7edcb8468a2b4534.cpp:1:
In file included from C:\Users\ultim\Desktop\Sonic Adventure Recompiled\src\sonic_movement_contact.hpp:3:
C:\Users\ultim\Desktop\Sonic Adventure Recompiled\src\sonic_internal_diagnostics.hpp(28,67): warning: 'getenv' is deprecated: This function or variable may be unsafe. Consider using _dupenv_s instead. To disable deprecation, use _CRT_SECURE_NO_WARNINGS. See online help for details. [-Wdeprecated-declarations]
   28 |     internal_runtime_enabled = read_internal_policy(program, std::getenv("SARECOMP_INTERNAL_DIAGNOSTICS"));
      |                                                                   ^
C:\Program Files (x86)\Windows Kits\10\Include\10.0.26100.0\ucrt\stdlib.h(1183,20): note: 'getenv' has been explicitly marked deprecated here
 1183 |     _Check_return_ _CRT_INSECURE_DEPRECATE(_dupenv_s)
      |                    ^
C:\Program Files (x86)\Microsoft Visual Studio\2022\BuildTools\VC\Tools\MSVC\14.44.35207\include\vcruntime.h(368,55): note: expanded from macro '_CRT_INSECURE_DEPRECATE'
  368 |         #define _CRT_INSECURE_DEPRECATE(_Replacement) _CRT_DEPRECATE_TEXT(    \
      |                                                       ^
C:\Program Files (x86)\Microsoft Visual Studio\2022\BuildTools\VC\Tools\MSVC\14.44.35207\include\vcruntime.h(358,47): note: expanded from macro '_CRT_DEPRECATE_TEXT'
  358 | #define _CRT_DEPRECATE_TEXT(_Text) __declspec(deprecated(_Text))
      |                                               ^
In file included from C:\Users\ultim\Desktop\Sonic Adventure Recompiled\build-performance\generated\movement-contact-bridge\unit-v8C033122-8C0342E0-7edcb8468a2b4534.cpp:1:
In file included from C:\Users\ultim\Desktop\Sonic Adventure Recompiled\src\sonic_movement_contact.hpp:4:
C:\Users\ultim\Desktop\Sonic Adventure Recompiled\src\sonic_native_cpu_policy.hpp(11,30): warning: 'getenv' is deprecated: This function or variable may be unsafe. Consider using _dupenv_s instead. To disable deprecation, use _CRT_SECURE_NO_WARNINGS. See online help for details. [-Wdeprecated-declarations]
   11 |     const char* group = std::getenv("SARECOMP_NATIVE_CPU_PATHS");
      |                              ^
C:\Program Files (x86)\Windows Kits\10\Include\10.0.26100.0\ucrt\stdlib.h(1183,20): note: 'getenv' has been explicitly marked deprecated here
 1183 |     _Check_return_ _CRT_INSECURE_DEPRECATE(_dupenv_s)
      |                    ^
C:\Program Files (x86)\Microsoft Visual Studio\2022\BuildTools\VC\Tools\MSVC\14.44.35207\include\vcruntime.h(368,55): note: expanded from macro '_CRT_INSECURE_DEPRECATE'
  368 |         #define _CRT_INSECURE_DEPRECATE(_Replacement) _CRT_DEPRECATE_TEXT(    \
      |                                                       ^
C:\Program Files (x86)\Microsoft Visual Studio\2022\BuildTools\VC\Tools\MSVC\14.44.35207\include\vcruntime.h(358,47): note: expanded from macro '_CRT_DEPRECATE_TEXT'
  358 | #define _CRT_DEPRECATE_TEXT(_Text) __declspec(deprecated(_Text))
      |                                               ^
In file included from C:\Users\ultim\Desktop\Sonic Adventure Recompiled\build-performance\generated\movement-contact-bridge\unit-v8C033122-8C0342E0-7edcb8468a2b4534.cpp:1:
In file included from C:\Users\ultim\Desktop\Sonic Adventure Recompiled\src\sonic_movement_contact.hpp:4:
C:\Users\ultim\Desktop\Sonic Adventure Recompiled\src\sonic_native_cpu_policy.hpp(13,30): warning: 'getenv' is deprecated: This function or variable may be unsafe. Consider using _dupenv_s instead. To disable deprecation, use _CRT_SECURE_NO_WARNINGS. See online help for details. [-Wdeprecated-declarations]
   13 |     const char* value = std::getenv(option);
      |                              ^
C:\Program Files (x86)\Windows Kits\10\Include\10.0.26100.0\ucrt\stdlib.h(1183,20): note: 'getenv' has been explicitly marked deprecated here
 1183 |     _Check_return_ _CRT_INSECURE_DEPRECATE(_dupenv_s)
      |                    ^
C:\Program Files (x86)\Microsoft Visual Studio\2022\BuildTools\VC\Tools\MSVC\14.44.35207\include\vcruntime.h(368,55): note: expanded from macro '_CRT_INSECURE_DEPRECATE'
  368 |         #define _CRT_INSECURE_DEPRECATE(_Replacement) _CRT_DEPRECATE_TEXT(    \
      |                                                       ^
C:\Program Files (x86)\Microsoft Visual Studio\2022\BuildTools\VC\Tools\MSVC\14.44.35207\include\vcruntime.h(358,47): note: expanded from macro '_CRT_DEPRECATE_TEXT'
  358 | #define _CRT_DEPRECATE_TEXT(_Text) __declspec(deprecated(_Text))
      |                                               ^
In file included from C:\Users\ultim\Desktop\Sonic Adventure Recompiled\build-performance\generated\movement-contact-bridge\unit-v8C033122-8C0342E0-7edcb8468a2b4534.cpp:1:
C:\Users\ultim\Desktop\Sonic Adventure Recompiled\src\sonic_movement_contact.hpp(14,49): warning: 'getenv' is deprecated: This function or variable may be unsafe. Consider using _dupenv_s instead. To disable deprecation, use _CRT_SECURE_NO_WARNINGS. See online help for details. [-Wdeprecated-declarations]
   14 |     static const bool on=[] {const auto* v=std::getenv("SARECOMP_NATIVE_MOVEMENT_CONTACT");
      |                                                 ^
C:\Program Files (x86)\Windows Kits\10\Include\10.0.26100.0\ucrt\stdlib.h(1183,20): note: 'getenv' has been explicitly marked deprecated here
 1183 |     _Check_return_ _CRT_INSECURE_DEPRECATE(_dupenv_s)
      |                    ^
C:\Program Files (x86)\Microsoft Visual Studio\2022\BuildTools\VC\Tools\MSVC\14.44.35207\include\vcruntime.h(368,55): note: expanded from macro '_CRT_INSECURE_DEPRECATE'
  368 |         #define _CRT_INSECURE_DEPRECATE(_Replacement) _CRT_DEPRECATE_TEXT(    \
      |                                                       ^
C:\Program Files (x86)\Microsoft Visual Studio\2022\BuildTools\VC\Tools\MSVC\14.44.35207\include\vcruntime.h(358,47): note: expanded from macro '_CRT_DEPRECATE_TEXT'
  358 | #define _CRT_DEPRECATE_TEXT(_Text) __declspec(deprecated(_Text))
      |                                               ^
In file included from C:\Users\ultim\Desktop\Sonic Adventure Recompiled\build-performance\generated\movement-contact-bridge\unit-v8C033122-8C0342E0-7edcb8468a2b4534.cpp:1:
C:\Users\ultim\Desktop\Sonic Adventure Recompiled\src\sonic_movement_contact.hpp(20,49): warning: 'getenv' is deprecated: This function or variable may be unsafe. Consider using _dupenv_s instead. To disable deprecation, use _CRT_SECURE_NO_WARNINGS. See online help for details. [-Wdeprecated-declarations]
   20 |     static const bool on=[] {const auto* v=std::getenv("SARECOMP_NATIVE_OBJECT_CONTACT");
      |                                                 ^
C:\Program Files (x86)\Windows Kits\10\Include\10.0.26100.0\ucrt\stdlib.h(1183,20): note: 'getenv' has been explicitly marked deprecated here
 1183 |     _Check_return_ _CRT_INSECURE_DEPRECATE(_dupenv_s)
      |                    ^
C:\Program Files (x86)\Microsoft Visual Studio\2022\BuildTools\VC\Tools\MSVC\14.44.35207\include\vcruntime.h(368,55): note: expanded from macro '_CRT_INSECURE_DEPRECATE'
  368 |         #define _CRT_INSECURE_DEPRECATE(_Replacement) _CRT_DEPRECATE_TEXT(    \
      |                                                       ^
C:\Program Files (x86)\Microsoft Visual Studio\2022\BuildTools\VC\Tools\MSVC\14.44.35207\include\vcruntime.h(358,47): note: expanded from macro '_CRT_DEPRECATE_TEXT'
  358 | #define _CRT_DEPRECATE_TEXT(_Text) __declspec(deprecated(_Text))
      |                                               ^
5 warnings generated.
[9/13] Linking CXX static library katana_native_title_adapter.lib
[10/13] Building CXX object CMakeFiles\game.dir\launcher\main.cpp.obj
In file included from C:\Users\ultim\Desktop\Sonic Adventure Recompiled\launcher\main.cpp:1:
C:\Users\ultim\Desktop\Sonic Adventure Recompiled\.local\working-product\generated\include\katana_port.hpp(15,1): warning: 'katana_native_invoke_original' has C-linkage specified, but returns user-defined type 'katana::runtime::NativePortHookResult' which is incompatible with C [-Wreturn-type-c-linkage]
   15 | katana_native_invoke_original(
      | ^
C:\Users\ultim\Desktop\Sonic Adventure Recompiled\.local\working-product\generated\include\katana_port.hpp(19,1): warning: 'katana_native_invoke_callback' has C-linkage specified, but returns user-defined type 'katana::runtime::NativePortHookResult' which is incompatible with C [-Wreturn-type-c-linkage]
   19 | katana_native_invoke_callback(
      | ^
In file included from C:\Users\ultim\Desktop\Sonic Adventure Recompiled\launcher\main.cpp:13:
C:\Users\ultim\Desktop\Sonic Adventure Recompiled\src\sonic_internal_diagnostics.hpp(28,67): warning: 'getenv' is deprecated: This function or variable may be unsafe. Consider using _dupenv_s instead. To disable deprecation, use _CRT_SECURE_NO_WARNINGS. See online help for details. [-Wdeprecated-declarations]
   28 |     internal_runtime_enabled = read_internal_policy(program, std::getenv("SARECOMP_INTERNAL_DIAGNOSTICS"));
      |                                                                   ^
C:\Program Files (x86)\Windows Kits\10\Include\10.0.26100.0\ucrt\stdlib.h(1183,20): note: 'getenv' has been explicitly marked deprecated here
 1183 |     _Check_return_ _CRT_INSECURE_DEPRECATE(_dupenv_s)
      |                    ^
C:\Program Files (x86)\Microsoft Visual Studio\2022\BuildTools\VC\Tools\MSVC\14.44.35207\include\vcruntime.h(368,55): note: expanded from macro '_CRT_INSECURE_DEPRECATE'
  368 |         #define _CRT_INSECURE_DEPRECATE(_Replacement) _CRT_DEPRECATE_TEXT(    \
      |                                                       ^
C:\Program Files (x86)\Microsoft Visual Studio\2022\BuildTools\VC\Tools\MSVC\14.44.35207\include\vcruntime.h(358,47): note: expanded from macro '_CRT_DEPRECATE_TEXT'
  358 | #define _CRT_DEPRECATE_TEXT(_Text) __declspec(deprecated(_Text))
      |                                               ^
In file included from C:\Users\ultim\Desktop\Sonic Adventure Recompiled\launcher\main.cpp:15:
C:\Users\ultim\Desktop\Sonic Adventure Recompiled\launcher\sonic_configuration.hpp(14,29): warning: 'getenv' is deprecated: This function or variable may be unsafe. Consider using _dupenv_s instead. To disable deprecation, use _CRT_SECURE_NO_WARNINGS. See online help for details. [-Wdeprecated-declarations]
   14 |     const auto* hidden=std::getenv("KATANA_PORT_BACKGROUND_TEST");
      |                             ^
C:\Program Files (x86)\Windows Kits\10\Include\10.0.26100.0\ucrt\stdlib.h(1183,20): note: 'getenv' has been explicitly marked deprecated here
 1183 |     _Check_return_ _CRT_INSECURE_DEPRECATE(_dupenv_s)
      |                    ^
C:\Program Files (x86)\Microsoft Visual Studio\2022\BuildTools\VC\Tools\MSVC\14.44.35207\include\vcruntime.h(368,55): note: expanded from macro '_CRT_INSECURE_DEPRECATE'
  368 |         #define _CRT_INSECURE_DEPRECATE(_Replacement) _CRT_DEPRECATE_TEXT(    \
      |                                                       ^
C:\Program Files (x86)\Microsoft Visual Studio\2022\BuildTools\VC\Tools\MSVC\14.44.35207\include\vcruntime.h(358,47): note: expanded from macro '_CRT_DEPRECATE_TEXT'
  358 | #define _CRT_DEPRECATE_TEXT(_Text) __declspec(deprecated(_Text))
      |                                               ^
In file included from C:\Users\ultim\Desktop\Sonic Adventure Recompiled\launcher\main.cpp:15:
C:\Users\ultim\Desktop\Sonic Adventure Recompiled\launcher\sonic_configuration.hpp(21,41): warning: missing field 'lpReserved' initializer [-Wmissing-field-initializers]
   21 |     STARTUPINFOW startup{sizeof(startup)};PROCESS_INFORMATION process{};
      |                                         ^
In file included from C:\Users\ultim\Desktop\Sonic Adventure Recompiled\launcher\main.cpp:16:
C:\Users\ultim\Desktop\Sonic Adventure Recompiled\launcher\sonic_errors.hpp(50,31): warning: 'getenv' is deprecated: This function or variable may be unsafe. Consider using _dupenv_s instead. To disable deprecation, use _CRT_SECURE_NO_WARNINGS. See online help for details. [-Wdeprecated-declarations]
   50 |     if(const auto hidden=std::getenv("KATANA_PORT_BACKGROUND_TEST");hidden&&std::string_view(hidden)=="1")return;
      |                               ^
C:\Program Files (x86)\Windows Kits\10\Include\10.0.26100.0\ucrt\stdlib.h(1183,20): note: 'getenv' has been explicitly marked deprecated here
 1183 |     _Check_return_ _CRT_INSECURE_DEPRECATE(_dupenv_s)
      |                    ^
C:\Program Files (x86)\Microsoft Visual Studio\2022\BuildTools\VC\Tools\MSVC\14.44.35207\include\vcruntime.h(368,55): note: expanded from macro '_CRT_INSECURE_DEPRECATE'
  368 |         #define _CRT_INSECURE_DEPRECATE(_Replacement) _CRT_DEPRECATE_TEXT(    \
      |                                                       ^
C:\Program Files (x86)\Microsoft Visual Studio\2022\BuildTools\VC\Tools\MSVC\14.44.35207\include\vcruntime.h(358,47): note: expanded from macro '_CRT_DEPRECATE_TEXT'
  358 | #define _CRT_DEPRECATE_TEXT(_Text) __declspec(deprecated(_Text))
      |                                               ^
C:\Users\ultim\Desktop\Sonic Adventure Recompiled\launcher\main.cpp(488,14): warning: 'getenv' is deprecated: This function or variable may be unsafe. Consider using _dupenv_s instead. To disable deprecation, use _CRT_SECURE_NO_WARNINGS. See online help for details. [-Wdeprecated-declarations]
  488 |         std::getenv("KATANA_NATIVE_PERFORMANCE_TELEMETRY");
      |              ^
C:\Program Files (x86)\Windows Kits\10\Include\10.0.26100.0\ucrt\stdlib.h(1183,20): note: 'getenv' has been explicitly marked deprecated here
 1183 |     _Check_return_ _CRT_INSECURE_DEPRECATE(_dupenv_s)
      |                    ^
C:\Program Files (x86)\Microsoft Visual Studio\2022\BuildTools\VC\Tools\MSVC\14.44.35207\include\vcruntime.h(368,55): note: expanded from macro '_CRT_INSECURE_DEPRECATE'
  368 |         #define _CRT_INSECURE_DEPRECATE(_Replacement) _CRT_DEPRECATE_TEXT(    \
      |                                                       ^
C:\Program Files (x86)\Microsoft Visual Studio\2022\BuildTools\VC\Tools\MSVC\14.44.35207\include\vcruntime.h(358,47): note: expanded from macro '_CRT_DEPRECATE_TEXT'
  358 | #define _CRT_DEPRECATE_TEXT(_Text) __declspec(deprecated(_Text))
      |                                               ^
C:\Users\ultim\Desktop\Sonic Adventure Recompiled\launcher\main.cpp(770,46): warning: 'getenv' is deprecated: This function or variable may be unsafe. Consider using _dupenv_s instead. To disable deprecation, use _CRT_SECURE_NO_WARNINGS. See online help for details. [-Wdeprecated-declarations]
  770 |         if (const auto* initial_state = std::getenv(
      |                                              ^
C:\Program Files (x86)\Windows Kits\10\Include\10.0.26100.0\ucrt\stdlib.h(1183,20): note: 'getenv' has been explicitly marked deprecated here
 1183 |     _Check_return_ _CRT_INSECURE_DEPRECATE(_dupenv_s)
      |                    ^
C:\Program Files (x86)\Microsoft Visual Studio\2022\BuildTools\VC\Tools\MSVC\14.44.35207\include\vcruntime.h(368,55): note: expanded from macro '_CRT_INSECURE_DEPRECATE'
  368 |         #define _CRT_INSECURE_DEPRECATE(_Replacement) _CRT_DEPRECATE_TEXT(    \
      |                                                       ^
C:\Program Files (x86)\Microsoft Visual Studio\2022\BuildTools\VC\Tools\MSVC\14.44.35207\include\vcruntime.h(358,47): note: expanded from macro '_CRT_DEPRECATE_TEXT'
  358 | #define _CRT_DEPRECATE_TEXT(_Text) __declspec(deprecated(_Text))
      |                                               ^
C:\Users\ultim\Desktop\Sonic Adventure Recompiled\launcher\main.cpp(774,34): warning: 'u8path<const char *, 0>' is deprecated: warning STL4021: The std::filesystem::u8path() overloads are deprecated in C++20. The constructors of std::filesystem::path provide equivalent functionality via construction from u8string, u8string_view, or iterators with value_type char8_t. You can define _SILENCE_CXX20_U8PATH_DEPRECATION_WARNING or _SILENCE_ALL_CXX20_DEPRECATION_WARNINGS to suppress this warning. [-Wdeprecated-declarations]
  774 |                 std::filesystem::u8path(initial_state);
      |                                  ^
C:\Program Files (x86)\Microsoft Visual Studio\2022\BuildTools\VC\Tools\MSVC\14.44.35207\include\filesystem(1412,5): note: 'u8path<const char *, 0>' has been explicitly marked deprecated here
 1412 |     _CXX20_DEPRECATE_U8PATH _NODISCARD path u8path(const _Src& _Source) { // construct a path from UTF-8 _Source
      |     ^
C:\Program Files (x86)\Microsoft Visual Studio\2022\BuildTools\VC\Tools\MSVC\14.44.35207\include\yvals_core.h(1261,7): note: expanded from macro '_CXX20_DEPRECATE_U8PATH'
 1261 |     [[deprecated("warning STL4021: "                                                                                 \
      |       ^
C:\Users\ultim\Desktop\Sonic Adventure Recompiled\launcher\main.cpp(879,40): warning: 'getenv' is deprecated: This function or variable may be unsafe. Consider using _dupenv_s instead. To disable deprecation, use _CRT_SECURE_NO_WARNINGS. See online help for details. [-Wdeprecated-declarations]
  879 |         if (const auto* timeout = std::getenv(
      |                                        ^
C:\Program Files (x86)\Windows Kits\10\Include\10.0.26100.0\ucrt\stdlib.h(1183,20): note: 'getenv' has been explicitly marked deprecated here
 1183 |     _Check_return_ _CRT_INSECURE_DEPRECATE(_dupenv_s)
      |                    ^
C:\Program Files (x86)\Microsoft Visual Studio\2022\BuildTools\VC\Tools\MSVC\14.44.35207\include\vcruntime.h(368,55): note: expanded from macro '_CRT_INSECURE_DEPRECATE'
  368 |         #define _CRT_INSECURE_DEPRECATE(_Replacement) _CRT_DEPRECATE_TEXT(    \
      |                                                       ^
C:\Program Files (x86)\Microsoft Visual Studio\2022\BuildTools\VC\Tools\MSVC\14.44.35207\include\vcruntime.h(358,47): note: expanded from macro '_CRT_DEPRECATE_TEXT'
  358 | #define _CRT_DEPRECATE_TEXT(_Text) __declspec(deprecated(_Text))
      |                                               ^
10 warnings generated.
[11/13] Building CXX object CMakeFiles\sonic_dispatch.dir\generated\movement-contact-bridge\private-original.cpp.obj
In file included from C:\Users\ultim\Desktop\Sonic Adventure Recompiled\build-performance\generated\movement-contact-bridge\private-original.cpp:1:
In file included from C:\Users\ultim\Desktop\Sonic Adventure Recompiled\src\sonic_movement_contact.hpp:3:
C:\Users\ultim\Desktop\Sonic Adventure Recompiled\src\sonic_internal_diagnostics.hpp(28,67): warning: 'getenv' is deprecated: This function or variable may be unsafe. Consider using _dupenv_s instead. To disable deprecation, use _CRT_SECURE_NO_WARNINGS. See online help for details. [-Wdeprecated-declarations]
   28 |     internal_runtime_enabled = read_internal_policy(program, std::getenv("SARECOMP_INTERNAL_DIAGNOSTICS"));
      |                                                                   ^
C:\Program Files (x86)\Windows Kits\10\Include\10.0.26100.0\ucrt\stdlib.h(1183,20): note: 'getenv' has been explicitly marked deprecated here
 1183 |     _Check_return_ _CRT_INSECURE_DEPRECATE(_dupenv_s)
      |                    ^
C:\Program Files (x86)\Microsoft Visual Studio\2022\BuildTools\VC\Tools\MSVC\14.44.35207\include\vcruntime.h(368,55): note: expanded from macro '_CRT_INSECURE_DEPRECATE'
  368 |         #define _CRT_INSECURE_DEPRECATE(_Replacement) _CRT_DEPRECATE_TEXT(    \
      |                                                       ^
C:\Program Files (x86)\Microsoft Visual Studio\2022\BuildTools\VC\Tools\MSVC\14.44.35207\include\vcruntime.h(358,47): note: expanded from macro '_CRT_DEPRECATE_TEXT'
  358 | #define _CRT_DEPRECATE_TEXT(_Text) __declspec(deprecated(_Text))
      |                                               ^
In file included from C:\Users\ultim\Desktop\Sonic Adventure Recompiled\build-performance\generated\movement-contact-bridge\private-original.cpp:1:
In file included from C:\Users\ultim\Desktop\Sonic Adventure Recompiled\src\sonic_movement_contact.hpp:4:
C:\Users\ultim\Desktop\Sonic Adventure Recompiled\src\sonic_native_cpu_policy.hpp(11,30): warning: 'getenv' is deprecated: This function or variable may be unsafe. Consider using _dupenv_s instead. To disable deprecation, use _CRT_SECURE_NO_WARNINGS. See online help for details. [-Wdeprecated-declarations]
   11 |     const char* group = std::getenv("SARECOMP_NATIVE_CPU_PATHS");
      |                              ^
C:\Program Files (x86)\Windows Kits\10\Include\10.0.26100.0\ucrt\stdlib.h(1183,20): note: 'getenv' has been explicitly marked deprecated here
 1183 |     _Check_return_ _CRT_INSECURE_DEPRECATE(_dupenv_s)
      |                    ^
C:\Program Files (x86)\Microsoft Visual Studio\2022\BuildTools\VC\Tools\MSVC\14.44.35207\include\vcruntime.h(368,55): note: expanded from macro '_CRT_INSECURE_DEPRECATE'
  368 |         #define _CRT_INSECURE_DEPRECATE(_Replacement) _CRT_DEPRECATE_TEXT(    \
      |                                                       ^
C:\Program Files (x86)\Microsoft Visual Studio\2022\BuildTools\VC\Tools\MSVC\14.44.35207\include\vcruntime.h(358,47): note: expanded from macro '_CRT_DEPRECATE_TEXT'
  358 | #define _CRT_DEPRECATE_TEXT(_Text) __declspec(deprecated(_Text))
      |                                               ^
In file included from C:\Users\ultim\Desktop\Sonic Adventure Recompiled\build-performance\generated\movement-contact-bridge\private-original.cpp:1:
In file included from C:\Users\ultim\Desktop\Sonic Adventure Recompiled\src\sonic_movement_contact.hpp:4:
C:\Users\ultim\Desktop\Sonic Adventure Recompiled\src\sonic_native_cpu_policy.hpp(13,30): warning: 'getenv' is deprecated: This function or variable may be unsafe. Consider using _dupenv_s instead. To disable deprecation, use _CRT_SECURE_NO_WARNINGS. See online help for details. [-Wdeprecated-declarations]
   13 |     const char* value = std::getenv(option);
      |                              ^
C:\Program Files (x86)\Windows Kits\10\Include\10.0.26100.0\ucrt\stdlib.h(1183,20): note: 'getenv' has been explicitly marked deprecated here
 1183 |     _Check_return_ _CRT_INSECURE_DEPRECATE(_dupenv_s)
      |                    ^
C:\Program Files (x86)\Microsoft Visual Studio\2022\BuildTools\VC\Tools\MSVC\14.44.35207\include\vcruntime.h(368,55): note: expanded from macro '_CRT_INSECURE_DEPRECATE'
  368 |         #define _CRT_INSECURE_DEPRECATE(_Replacement) _CRT_DEPRECATE_TEXT(    \
      |                                                       ^
C:\Program Files (x86)\Microsoft Visual Studio\2022\BuildTools\VC\Tools\MSVC\14.44.35207\include\vcruntime.h(358,47): note: expanded from macro '_CRT_DEPRECATE_TEXT'
  358 | #define _CRT_DEPRECATE_TEXT(_Text) __declspec(deprecated(_Text))
      |                                               ^
In file included from C:\Users\ultim\Desktop\Sonic Adventure Recompiled\build-performance\generated\movement-contact-bridge\private-original.cpp:1:
C:\Users\ultim\Desktop\Sonic Adventure Recompiled\src\sonic_movement_contact.hpp(14,49): warning: 'getenv' is deprecated: This function or variable may be unsafe. Consider using _dupenv_s instead. To disable deprecation, use _CRT_SECURE_NO_WARNINGS. See online help for details. [-Wdeprecated-declarations]
   14 |     static const bool on=[] {const auto* v=std::getenv("SARECOMP_NATIVE_MOVEMENT_CONTACT");
      |                                                 ^
C:\Program Files (x86)\Windows Kits\10\Include\10.0.26100.0\ucrt\stdlib.h(1183,20): note: 'getenv' has been explicitly marked deprecated here
 1183 |     _Check_return_ _CRT_INSECURE_DEPRECATE(_dupenv_s)
      |                    ^
C:\Program Files (x86)\Microsoft Visual Studio\2022\BuildTools\VC\Tools\MSVC\14.44.35207\include\vcruntime.h(368,55): note: expanded from macro '_CRT_INSECURE_DEPRECATE'
  368 |         #define _CRT_INSECURE_DEPRECATE(_Replacement) _CRT_DEPRECATE_TEXT(    \
      |                                                       ^
C:\Program Files (x86)\Microsoft Visual Studio\2022\BuildTools\VC\Tools\MSVC\14.44.35207\include\vcruntime.h(358,47): note: expanded from macro '_CRT_DEPRECATE_TEXT'
  358 | #define _CRT_DEPRECATE_TEXT(_Text) __declspec(deprecated(_Text))
      |                                               ^
In file included from C:\Users\ultim\Desktop\Sonic Adventure Recompiled\build-performance\generated\movement-contact-bridge\private-original.cpp:1:
C:\Users\ultim\Desktop\Sonic Adventure Recompiled\src\sonic_movement_contact.hpp(20,49): warning: 'getenv' is deprecated: This function or variable may be unsafe. Consider using _dupenv_s instead. To disable deprecation, use _CRT_SECURE_NO_WARNINGS. See online help for details. [-Wdeprecated-declarations]
   20 |     static const bool on=[] {const auto* v=std::getenv("SARECOMP_NATIVE_OBJECT_CONTACT");
      |                                                 ^
C:\Program Files (x86)\Windows Kits\10\Include\10.0.26100.0\ucrt\stdlib.h(1183,20): note: 'getenv' has been explicitly marked deprecated here
 1183 |     _Check_return_ _CRT_INSECURE_DEPRECATE(_dupenv_s)
      |                    ^
C:\Program Files (x86)\Microsoft Visual Studio\2022\BuildTools\VC\Tools\MSVC\14.44.35207\include\vcruntime.h(368,55): note: expanded from macro '_CRT_INSECURE_DEPRECATE'
  368 |         #define _CRT_INSECURE_DEPRECATE(_Replacement) _CRT_DEPRECATE_TEXT(    \
      |                                                       ^
C:\Program Files (x86)\Microsoft Visual Studio\2022\BuildTools\VC\Tools\MSVC\14.44.35207\include\vcruntime.h(358,47): note: expanded from macro '_CRT_DEPRECATE_TEXT'
  358 | #define _CRT_DEPRECATE_TEXT(_Text) __declspec(deprecated(_Text))
      |                                               ^
5 warnings generated.
[12/13] Linking CXX static library dispatch\katana_generated.lib
[13/13] Linking CXX executable "C:\Users\ultim\Desktop\Sonic Adventure Recompiled\out\model-submission-windows-20260918\game.exe"
SONIC_FPU_CALLS_LINK_PASS mode=inverse entries=10 original_selected_members=0
SONIC_FPU_RUNTIME_LINK_PASS binary_overloads=2 epoch_symbols=2 original_member=0
KATANA_NATIVE_PORT_LINK_AUDIT_OK binary_bytes=1933731328 map_bytes=810008198
