SONIC_CPU_PATH_DEFAULTS version=20260916 ram_regions=1 prepared_transfers=1
SONIC_INTERNAL_DIAGNOSTICS version=1 enabled=0
KATANA_NATIVE_PORT_BRINGUP unresolved_hardware_sites=96 probes=1
KATANA_NATIVE_BUILD_PROFILE name=performance pgo_mode=off pgo_profile_sha256=none aot_all_o2=1
SONIC_PRESENTATION mode=hor-plus output=800x500 renderer=vulkan camera=original render_percent=50 x_scale=0.833333 gameplay_timing=original
SONIC_STARTUP phase=Loading game code...
SONIC_STARTUP_PREFETCH backend=linux advised_bytes=312307712 mode=asynchronous
SONIC_STARTUP phase=Loading game data...
SONIC_STARTUP phase=Connecting controllers...
SONIC_STARTUP phase=Preparing graphics...
SONIC_VULKAN_DEVICE name=llvmpipe (LLVM 20.1.2, 256 bits) api=1.4 type2_nodes=5592405
SONIC_SHADER_CACHE backend=vulkan driver_hit=0 bytes=0
SONIC_VULKAN_WARMUP pipelines=0
SONIC_STARTUP phase=Starting game...
KATANA_NATIVE_FRAME_PACING simulation_fps=30 presentation_fps=60 catch_up=disabled
KATANA_NATIVE_PORT_BUILD_IDENTITY_V1:sha256:05a1c67fc1d6e5aee33963d0c1456242e84507378b637b71a9b3dd885ddc8e47
SONIC_NATIVE_PERIODIC_ADOPT reload=12500000 observed=12251537
SONIC_NATIVE_TEXTURE_SET acquired domain=main index=0 rows=7 archives=7 publication=guest-registry
SONIC_NATIVE_FRAME_BOUNDARY owner=frame-begin index=0 action=present open=1 draws=0 clear=0,0,0,1
SONIC_NATIVE_INPUT slot=0 connected=0 buttons=0x0 pressed=0x0 released=0x0
SONIC_NATIVE_INPUT slot=1 connected=0 buttons=0x0 pressed=0x0 released=0x0
SONIC_NATIVE_INPUT slot=2 connected=0 buttons=0x0 pressed=0x0 released=0x0
SONIC_NATIVE_INPUT slot=3 connected=0 buttons=0x0 pressed=0x0 released=0x0
SONIC_VULKAN_PRESENT mode=immediate vsync_setting=2 visible=0
SONIC_NATIVE_PRETRANSFORMED_PROBE r4=0xSONIC_VULKAN_PIPELINE kind=3 warmup=0 elapsed_ms=12.555
8c00f358 pr=0x8c09b4ea sp=0x8c00f350 fullscreen=1 r5=0x4 r6=0x60 fr4=0xbc23d70a streams=0x8c00f368,0x8c00f388,0x0 v0=[0x0,0x0,0xef000000] v1=[0x0,0x43f00000,0xef000000] v2=[0x44200000,0x43f00000,0xef000000] v3=[0x44200000,0x0,0xef000000]
SONIC_NATIVE_DRAW_PACKET frame=1 ordinal=0 vertices=4 topology=4 cull=0 shading=0 blend=1:6:7 depth=1:1:6 list=2 material=1:1:1:0
SONIC_NATIVE_DRAW_VERTEX ordinal=0 index=0 position=0,0,1 color=0,0,0,0.937255
SONIC_NATIVE_DRAW_VERTEX ordinal=0 index=1 position=640,0,1 color=0,0,0,0.937255
SONIC_NATIVE_DRAW_VERTEX ordinal=0 index=2 position=0,480,1 color=0,0,0,0.937255
SONIC_NATIVE_DRAW_VERTEX ordinal=0 index=3 position=640,480,1 color=0,0,0,0.937255
SONIC_NATIVE_DRAW_PACKET frame=1 ordinal=1 vertices=4 topology=4 cull=0 shading=1 blend=0:1:0 depth=1:1:6 list=0 material=1:0:0:0
SONIC_NATIVE_DRAW_VERTEX ordinal=1 index=0 position=-64,0,0.1 color=1,1,1,1
SONIC_NATIVE_DRAW_VERTEX ordinal=1 index=1 position=-64,256,0.1 color=1,1,1,1
SONIC_NATIVE_DRAW_VERTEX ordinal=1 index=2 position=192,0,0.1 color=1,1,1,1
SONIC_NATIVE_DRAW_VERTEX ordinal=1 index=3 position=192,256,0.1 color=1,1,1,1
SONIC_NATIVE_DRAW_PACKET frame=1 ordinal=2 vertices=4 topology=4 cull=0 shading=1 blend=0:1:0 depth=1:1:6 list=0 material=1:0:0:0
SONIC_NATIVE_DRAW_VERTEX ordinal=2 index=0 position=192,0,0.1 color=1,1,1,1
SONIC_NATIVE_DRAW_VERTEX ordinal=2 index=1 position=192,256,0.1 color=1,1,1,1
SONIC_NATIVE_DRAW_VERTEX ordinal=2 index=2 position=448,0,0.1 color=1,1,1,1
SONIC_NATIVE_DRAW_VERTEX ordinal=2 index=3 position=448,256,0.1 color=1,1,1,1
SONIC_NATIVE_DRAW_PACKET frame=1 ordinal=3 vertices=4 topology=4 cull=0 shading=1 blend=0:1:0 depth=1:1:6 list=0 material=1:0:0:0
SONIC_NATIVE_DRAW_VERTEX ordinal=3 index=0 position=448,0,0.1 color=1,1,1,1
SONIC_NATIVE_DRAW_VERTEX ordinal=3 index=1 position=448,256,0.1 color=1,1,1,1
SONIC_NATIVE_DRAW_VERTEX ordinal=3 index=2 position=704,0,0.1 color=1,1,1,1
SONIC_NATIVE_DRAW_VERTEX ordinal=3 index=3 position=704,256,0.1 color=1,1,1,1
SONIC_NATIVE_DRAW_PACKET frame=1 ordinal=4 vertices=4 topology=4 cull=0 shading=1 blend=0:1:0 depth=1:1:6 list=0 material=1:0:0:0
SONIC_NATIVE_DRAW_VERTEX ordinal=4 index=0 position=-64,256,0.1 color=1,1,1,1
SONIC_NATIVE_DRAW_VERTEX ordinal=4 index=1 position=-64,512,0.1 color=1,1,1,1
SONIC_NATIVE_DRAW_VERTEX ordinal=4 index=2 position=192,256,0.1 color=1,1,1,1
SONIC_NATIVE_DRAW_VERTEX ordinal=4 index=3 position=192,512,0.1 color=1,1,1,1
SONIC_NATIVE_DRAW_PACKET frame=1 ordinal=5 vertices=4 topology=4 cull=0 shading=1 blend=0:1:0 depth=1:1:6 list=0 material=1:0:0:0
SONIC_NATIVE_DRAW_VERTEX ordinal=5 index=0 position=192,256,0.1 color=1,1,1,1
SONIC_NATIVE_DRAW_VERTEX ordinal=5 index=1 position=192,512,0.1 color=1,1,1,1
SONIC_NATIVE_DRAW_VERTEX ordinal=5 index=2 position=448,256,0.1 color=1,1,1,1
SONIC_NATIVE_DRAW_VERTEX ordinal=5 index=3 position=448,512,0.1 color=1,1,1,1
SONIC_NATIVE_DRAW_PACKET frame=1 ordinal=6 vertices=4 topology=4 cull=0 shading=1 blend=0:1:0 depth=1:1:6 list=0 material=1:0:0:0
SONIC_NATIVE_DRAW_VERTEX ordinal=6 index=0 position=448,256,0.1 color=1,1,1,1
SONIC_NATIVE_DRAW_VERTEX ordinal=6 index=1 position=448,512,0.1 color=1,1,1,1
SONIC_NATIVE_DRAW_VERTEX ordinal=6 index=2 position=704,256,0.1 color=1,1,1,1
SONIC_NATIVE_DRAW_VERTEX ordinal=6 index=3 position=704,512,0.1 color=1,1,1,1
SONIC_NATIVE_FRAME_BOUNDARY owner=frame-begin index=1 action=present open=1 draws=7 clear=0,0,0,1
SONIC_STARTUP ready=1 elapsed_ms=15068.356
SONIC_NATIVE_FRAME_BOUNDARY owner=frame-begin index=2 action=present open=1 draws=7 clear=0,0,0,1
SONIC_VULKAN_PIPELINE kind=0 warmup=0 elapsed_ms=74.210
SONIC_VULKAN_PIPELINE kind=1 warmup=0 elapsed_ms=82.438
SONIC_VULKAN_PIPELINE kind=2 warmup=0 elapsed_ms=61.179
SONIC_NATIVE_FRAME_BOUNDARY owner=frame-begin index=3 action=present open=1 draws=7 clear=0,0,0,1
SONIC_NATIVE_FRAME_BOUNDARY owner=frame-begin index=4 action=present open=1 draws=7 clear=0,0,0,1
SONIC_NATIVE_FRAME_BOUNDARY owner=frame-begin index=5 action=present open=1 draws=7 clear=0,0,0,1
SONIC_NATIVE_FRAME_BOUNDARY owner=frame-begin index=6 action=present open=1 draws=7 clear=0,0,0,1
SONIC_NATIVE_FRAME_BOUNDARY owner=frame-begin index=7 action=present open=1 draws=7 clear=0,0,0,1
SONIC_NATIVE_FRAME_BOUNDARY owner=frame-begin index=8 action=present open=1 draws=7 clear=0,0,0,1
SONIC_NATIVE_FRAME_BOUNDARY owner=frame-begin index=9 action=present open=1 draws=7 clear=0,0,0,1
SONIC_NATIVE_MOVIE_SEQUENCE diagnostic-menu-edge=1
SONIC_NATIVE_MOVIE_SEQUENCE skip id=0 clip=0 input=menu
SONIC_NATIVE_MOVIE_SEQUENCE completed id=0 clips=0 skipped=1 completion_status=1 decoded_video=0 presented_video=0 audio_frames=0 visibly_non_black=0
SONIC_NATIVE_CONTENT request=advertise.prs normalized=ADVERTISE.PRS destination=0xcd00000
SONIC_NATIVE_PRS_SOURCE staged=SONICAD/ADVERTISE.PRS decoded=sha256:6e8a5806f1f32e6c17c70c30c953600f16fcdb4959b8cd91094c4b32062793d5 encoded_start=0xcd00000 encoded_bytes=0x2b000 sequence=1
SONIC_NATIVE_CONTENT loaded=SONICAD/ADVERTISE.PRS destination=0xcd00000 bytes=0x2ae96 sector_bytes=0x2b000
SONIC_NATIVE_PRS retired_runtime_images=1 retired_loaded_aot=0 destination=0xc900000
SONIC_NATIVE_PRS_MODULE identity=sha256:6e8a5806f1f32e6c17c70c30c953600f16fcdb4959b8cd91094c4b32062793d5 source=0x8088b000 runtime=0xc900000 bytes=0xe4648 generation=3 transition_epoch=1
SONIC_NATIVE_SOUND_BANK_MAP collection=0:1 available=13 retained=0 replaced=0 retired_one_shot=0 retired_sequence=0 stale_handles=0
SONIC_NATIVE_SOUND_COLLECTION loaded=SONICAD/MOBILE1.MLT bytes=1222016 active=1
SONIC_NATIVE_SOUND_BANK_MAP collection=1:1 available=13 retained=0 replaced=13 retired_one_shot=0 retired_sequence=0 stale_handles=0
SONIC_NATIVE_SOUND_COLLECTION loaded=SONICAD/EGGCARRIER.MLT bytes=1311520 active=2
SONIC_NATIVE_SOUND_BANK_MAP collection=2:1 available=5 retained=10 replaced=3 retired_one_shot=0 retired_sequence=0 stale_handles=0
SONIC_NATIVE_SOUND_COLLECTION loaded=SONICAD/V_SONICTAILS_E.MLT bytes=201472 active=3
SONIC_NATIVE_SOUND_BANK_MAP collection=3:1 available=5 retained=12 replaced=3 retired_one_shot=0 retired_sequence=0 stale_handles=0
SONIC_NATIVE_SOUND_COLLECTION loaded=SONICAD/P_SONICTAILS.MLT bytes=144000 active=4
SONIC_NATIVE_SCENARIO_STAGE_QUEUED id=gamma-emerald-coast stage=1:0 context=6 table=3:5 main=11->2 tuple_override=0 gameplay_probe=1 protocol=3 input_profile=3 frame=193 presentations=190
SONIC_NATIVE_CONTENT request=e_mot.PRS normalized=E_MOT.PRS destination=0xcd00000
SONIC_NATIVE_CONTENT loaded=SONICAD/E_MOT.PRS destination=0xcd00000 bytes=0x15c76 sector_bytes=0x16000
SONIC_NATIVE_TEXTURE_SET acquired domain=character index=6 rows=5 archives=5 publication=guest-registry
SONIC_NATIVE_TEXTURE_SET acquired domain=main index=0 rows=7 archives=7 publication=guest-registry
SONIC_NATIVE_SDK_TEXTURE_VIEW pvm=0 acquired=1 copied=1 texlist=0x8c1bee94
SONIC_NATIVE_PRETRANSFORMED_STREAM kind=textured source=0x8c798718 count=4 texture_key=0x9897fc translucent=0
SONIC_VULKAN_PIPELINE kind=0 warmup=0 elapsed_ms=182.546
SONIC_NATIVE_SOUND_BANK_MAP collection=4:1 available=13 retained=4 replaced=13 retired_one_shot=0 retired_sequence=0 stale_handles=0
SONIC_NATIVE_SOUND_COLLECTION loaded=SONICAD/EMERALDCOAST.MLT bytes=1125984 active=5
SONIC_NATIVE_SOUND_BANK_MAP collection=5:1 available=5 retained=12 replaced=5 retired_one_shot=0 retired_sequence=0 stale_handles=0
SONIC_NATIVE_SOUND_COLLECTION loaded=SONICAD/V_E102_E.MLT bytes=102144 active=6
SONIC_NATIVE_SOUND_BANK_MAP collection=6:1 available=5 retained=12 replaced=5 retired_one_shot=0 retired_sequence=0 stale_handles=0
SONIC_NATIVE_SOUND_COLLECTION loaded=SONICAD/P_E102.MLT bytes=198400 active=7
SONIC_NATIVE_CONTENT request=stg01.PRS normalized=STG01.PRS destination=0xcd00000
SONIC_NATIVE_PRS_SOURCE staged=SONICAD/STG01.PRS decoded=sha256:4c4478ef6bc50c53a85e2c08d88bed8fcfcfdf47c9db378f7ad8f693f8b29538 encoded_start=0xcd00000 encoded_bytes=0x13e000 sequence=2
SONIC_NATIVE_CONTENT loaded=SONICAD/STG01.PRS destination=0xcd00000 bytes=0x13d9dc sector_bytes=0x13e000
SONIC_NATIVE_OVERLAY_TASK_RETIRE destination=0xc900000 bytes=0x1dd108 owners=1 tasks=2 roots=2 child_graph=1 transition=sha256:4c4478ef6bc50c53a85e2c08d88bed8fcfcfdf47c9db378f7ad8f693f8b29538
SONIC_NATIVE_OVERLAY_TASK_OWNER kind=loaded-aot identity=sha256:6e8a5806f1f32e6c17c70c30c953600f16fcdb4959b8cd91094c4b32062793d5 runtime=0x8c900000 bytes=0xe4648 generation=3
SONIC_NATIVE_PRS retired_runtime_images=0 retired_loaded_aot=1 destination=0xc900000
SONIC_NATIVE_PRS_MODULE identity=sha256:4c4478ef6bc50c53a85e2c08d88bed8fcfcfdf47c9db378f7ad8f693f8b29538 source=0x82f44000 runtime=0xc900000 bytes=0x1dd108 generation=5 transition_epoch=2
SONIC_NATIVE_CONTENT request=set0100E.bin normalized=SET0100E.BIN destination=0xcb68000
SONIC_NATIVE_CONTENT loaded=SONICAD/SET0100E.BIN destination=0xcb68000 bytes=0x4b80 sector_bytes=0x5000
SONIC_NATIVE_CONTENT request=set0101E.bin normalized=SET0101E.BIN destination=0xcb70000
SONIC_NATIVE_CONTENT missing_path=SET0101E.BIN guest_pointer=0x8c00f314 destination=0xcb70000
SONIC_NATIVE_CONTENT request=set0101S.bin normalized=SET0101S.BIN destination=0xcb70000
SONIC_NATIVE_CONTENT loaded=SONICAD/SET0101S.BIN destination=0xcb70000 bytes=0x7bc0 sector_bytes=0x8000
SONIC_NATIVE_CONTENT request=set0102E.bin normalized=SET0102E.BIN destination=0xcb78000
SONIC_NATIVE_CONTENT missing_path=SET0102E.BIN guest_pointer=0x8c00f314 destination=0xcb78000
SONIC_NATIVE_CONTENT request=set0102S.bin normalized=SET0102S.BIN destination=0xcb78000
SONIC_NATIVE_CONTENT loaded=SONICAD/SET0102S.BIN destination=0xcb78000 bytes=0x40 sector_bytes=0x800
SONIC_NATIVE_CONTENT request=cam0100E.bin normalized=CAM0100E.BIN destination=0xcb50000
SONIC_NATIVE_CONTENT loaded=SONICAD/CAM0100E.BIN destination=0xcb50000 bytes=0x1780 sector_bytes=0x1800
SONIC_NATIVE_CONTENT request=cam0101E.bin normalized=CAM0101E.BIN destination=0xcb58000
SONIC_NATIVE_CONTENT missing_path=CAM0101E.BIN guest_pointer=0x8c00f318 destination=0xcb58000
SONIC_NATIVE_CONTENT request=cam0101S.bin normalized=CAM0101S.BIN destination=0xcb58000
SONIC_NATIVE_CONTENT loaded=SONICAD/CAM0101S.BIN destination=0xcb58000 bytes=0x2180 sector_bytes=0x2800
SONIC_NATIVE_CONTENT request=cam0102E.bin normalized=CAM0102E.BIN destination=0xcb60000
SONIC_NATIVE_CONTENT missing_path=CAM0102E.BIN guest_pointer=0x8c00f338 destination=0xcb60000
SONIC_NATIVE_CONTENT request=cam0102S.bin normalized=CAM0102S.BIN destination=0xcb60000
SONIC_NATIVE_CONTENT loaded=SONICAD/CAM0102S.BIN destination=0xcb60000 bytes=0x80 sector_bytes=0x800
SONIC_NATIVE_TEXTURE_SET acquired domain=character index=6 rows=5 archives=5 publication=guest-registry
SONIC_NATIVE_TEXTURE_SET acquired domain=main index=0 rows=7 archives=7 publication=guest-registry
SONIC_NATIVE_SDK_TEXTURE_VIEW pvm=1 acquired=90 copied=90 texlist=0xca1e21c
SONIC_NATIVE_SDK_TEXTURE_VIEW pvm=1 acquired=12 copied=12 texlist=0x8c5b81a4
SONIC_NATIVE_SDK_TEXTURE_VIEW pvm=1 acquired=26 copied=26 texlist=0x8c5993d0
SONIC_NATIVE_SDK_TEXTURE_VIEW pvm=1 acquired=23 copied=23 texlist=0x8c59f7f4
SONIC_NATIVE_SDK_TEXTURE_VIEW pvm=0 acquired=1 copied=1 texlist=0xca84470
SONIC_NATIVE_SDK_TEXTURE_VIEW pvm=0 acquired=1 copied=1 texlist=0xcaafb90
SONIC_NATIVE_SDK_TEXTURE_VIEW pvm=1 acquired=2 copied=2 texlist=0x8c5c0f04
SONIC_NATIVE_SDK_TEXTURE_VIEW pvm=1 acquired=2 copied=2 texlist=0x8c5c16cc
SONIC_NATIVE_SDK_TEXTURE_VIEW pvm=1 acquired=10 copied=10 texlist=0xcaa14dc
SONIC_NATIVE_SDK_TEXTURE_VIEW pvm=1 acquired=3 copied=3 texlist=0xca1ec64
SONIC_NATIVE_SDK_TEXTURE_VIEW pvm=1 acquired=5 copied=5 texlist=0x8c165980
SONIC_NATIVE_SDK_TEXTURE_VIEW pvm=1 acquired=5 copied=5 texlist=0x8c16887c
SONIC_NATIVE_SDK_TEXTURE_VIEW pvm=1 acquired=4 copied=4 texlist=0x8c18b724
SONIC_NATIVE_SDK_TEXTURE_VIEW pvm=1 acquired=4 copied=4 texlist=0x8c17bb5c
SONIC_NATIVE_SDK_TEXTURE_VIEW pvm=1 acquired=4 copied=4 texlist=0x8c172db4
SONIC_NATIVE_SDK_TEXTURE_VIEW pvm=1 acquired=7 copied=7 texlist=0xcab21a0
SONIC_NATIVE_SDK_TEXTURE_VIEW pvm=1 acquired=6 copied=6 texlist=0xcab9ef0
SONIC_NATIVE_SDK_TEXTURE_VIEW pvm=1 acquired=6 copied=6 texlist=0xcabc1f8
SONIC_NATIVE_SDK_TEXTURE_VIEW pvm=1 acquired=8 copied=8 texlist=0xcac0a10
SONIC_NATIVE_SDK_TEXTURE_VIEW pvm=1 acquired=7 copied=7 texlist=0xcacca40
SONIC_NATIVE_SDK_TEXTURE_VIEW pvm=1 acquired=7 copied=7 texlist=0xcac5e74
SONIC_NATIVE_SDK_TEXTURE_VIEW pvm=1 acquired=12 copied=12 texlist=0xcac81e0
SONIC_NATIVE_SDK_TEXTURE_VIEW pvm=1 acquired=6 copied=6 texlist=0xcad0c18
SONIC_NATIVE_SDK_TEXTURE_VIEW pvm=1 acquired=8 copied=8 texlist=0x8c5661a8
SONIC_NATIVE_SDK_TEXTURE_VIEW pvm=1 acquired=97 copied=97 texlist=0xc911ec0
SONIC_NATIVE_LIGHTING_CONTENT loaded=SONICAD/SL_10B.BIN destination=0x8c6aeec4 backing=0xc6aeec4 bytes=0xa00 sector_bytes=0x1000
SONIC_NATIVE_LIGHTING_CONTENT loaded=SONICAD/PL_10B.BIN destination=0x8c038f60 backing=0xc038f60 bytes=0x2400 sector_bytes=0x2800
SONIC_NATIVE_SDK_TEXTURE_VIEW pvm=0 acquired=1 copied=1 texlist=0x8c6b67b8
SONIC_VULKAN_PIPELINE kind=0 warmup=0 elapsed_ms=104.895
SONIC_VULKAN_PIPELINE kind=0 warmup=0 elapsed_ms=100.295
SONIC_VULKAN_PIPELINE kind=1 warmup=0 elapsed_ms=111.517
SONIC_VULKAN_PIPELINE kind=1 warmup=0 elapsed_ms=109.341
SONIC_VULKAN_PIPELINE kind=1 warmup=0 elapsed_ms=101.506
SONIC_VULKAN_PIPELINE kind=1 warmup=0 elapsed_ms=101.403
SONIC_NATIVE_CONTENT_RANGE bound=SONICAD/EVENT_ADX_US.AFS start_sector=450138 sectors=31836 bytes=65200128
SONIC_NATIVE_ADX_AFS bound=SONICAD/EVENT_ADX_US.AFS identity=sha256:58a427309d55eb6613b09a056461c5d5f4e3c82e61936980d2d2d1bf04cd0dcd afs_id=0 entries=2044
SONIC_NATIVE_PCM_STREAM_RING registered bank=15 offset=0x1fbfc0 bytes=0x4000 resource=0x141f8 mirror=0x8c8d371c
SONIC_NATIVE_PCM_STREAM_RING registered bank=14 offset=0x1f7f80 bytes=0x4000 resource=0x141f0 mirror=0x8c8d3714
SONIC_NATIVE_PCM_STREAM_RING registered bank=13 offset=0x1f3f40 bytes=0x4000 resource=0x141e8 mirror=0x8c8d370c
[adx @ 0x786dbc372bc0] Estimating duration from bitrate, this may be inaccurate
SONIC_NATIVE_ADX start=SONICAD/ECOAST1.ADX identity=sha256:07d941ddf108678898194bdf04a43ca789e0371e0098cbd46fa02f7a3f939e32 guest_handle=0x8c6736f0 callsite=0x8c107892 pr=0x8c107894 bgm_signature=0x0 bgm_trace=0 bgm_frame=0 bgm_selection=0 bgm_request=0 bgm_mirror=0 bgm_handles=0x0,0x0 voice=0:1 active=1 playing=1 queued=2048 loop=1 loop_start=1888096 loop_end=4944080 gain=0.891251 wrapper_valid=1 wrapper=0x2000301,0x8c8a3850,0x0,0x8c8a4950,0x8c8a64f8,0x8c8a64f8
SONIC_NATIVE_SCENARIO_GAMEPLAY_STARTED id=gamma-emerald-coast protocol=3 input_profile=3 monotonic_ns=118551090538103 frame=252 presentations=247 load_ms=80844 owner_generation=5 stage_state=0 stage_mode=1
SONIC_NATIVE_INPUT slot=0 connected=1 buttons=0x0 pressed=0x0 released=0x0
SONIC_NATIVE_SCENARIO_GAMEPLAY_SAMPLE id=gamma-emerald-coast protocol=3 input_profile=3 monotonic_ns=118552165081964 elapsed_ms=1074 collision_debug_signed=-1 frame=253 presentations=248 relative_frame=1 max_frame_ns=1074543861 input_applied_frames=1 completed_frames=2 drawn_frames=1 cadence_readable=1 active_video_hz=50 clock_owner=postpal-checkpoint clock_bound_frame=0 tv_mode_readable=1 tv_mode_word=1 release_slots=2 logical_delta=2 sixty_frame_fixture=0 native_gameplay_math=1 native_leaf_math=1 math_scope_readable=1 main_state=4 scene=15 palette_native_calls=15195 palette_original_calls=0 vertex_normals_native_calls=0 vertex_normals_original_calls=0 matrix_push_native_calls=18663 matrix_push_original_calls=0 matrix_pop_native_calls=21113 matrix_pop_original_calls=0 matrix_staged_groups=0 collision_cross_native_calls=176 collision_length_native_calls=3452 collision_normalize_native_calls=2371 collision_cross_original_calls=0 collision_length_original_calls=0 collision_normalize_original_calls=0 matrix_inverse_native_calls=697 triangle_contacts_native_calls=0 triangle_contacts_original_calls=0 triangle_contacts_scope_blocked_calls=0 collision_candidates_native_calls=2447 collision_candidates_scope_blocked_calls=0 collision_candidates_original_calls=0 motion_sampling_native_calls=0 motion_sampling_original_calls=0 animation_hierarchy_native_calls=351 model_packets=0 model_snapshots=0 model_packet_verified=0 model_packet_vertices=0 model_gpu_draws=0 model_point_uploads=0 model_corner_uploads=0 closed_memory_calls=121638 closed_memory_words=2137542 collision_memory_intervals=0 collision_memory_reads=0 collision_memory_writes=0 model_pipeline_calls=23621 model_pipeline_declined=0 model_pipeline_points=455878 model_pipeline_normals=11922 model_pipeline_draws=11922 model_pipeline_direct_outputs=11973 model_pipeline_root_operations=0 model_pipeline_closed_children=0 object_distance_calls=107735 object_distance_native=107735 object_distance_fallback=0 object_activation_calls=175 object_lifetime_calls=10992 object_records=105525 object_created=56 object_retired=0 object_declined=0 object_slow_accesses=0 movement_calls=0 movement_declined=0 movement_callbacks=0 movement_reentries=0 contact_family_calls=0 object_contact_calls=0 camera_operation_calls=0 contact_family_internal=0 contact_family_foreign=0 contact_family_resumes=0 world_calls=176 world_declined=0 world_internal=10554 world_callbacks=32112 world_resumes=0 world_membership=2992 world_eligibility=3150 render_hierarchy_calls=6575 render_hierarchy_declined=0 render_hierarchy_internal=329242 render_hierarchy_callbacks=33263 render_model_calls=0 render_model_revocations=0 render_hierarchy_resumes=0 rigid_hierarchy_calls=5573 morph_hierarchy_calls=0 land_render_calls=0 collision_fused_cross=0 collision_fused_length=0 collision_fused_normalize=0 matrix_bulk_pushes=0 matrix_bulk_pops=0 matrix_bulk_saved=0 matrix_bulk_loaded=0 render_context_captures=10309 render_context_commits=10309 render_context_fallbacks=0 render_context_direct_calls=20618 palette_batch_calls=15195 palette_batch_vertices=539405 palette_batch_declined=0 palette_batch_closed_loops=15195 projection_batch_calls=15654 projection_batch_vertices=542975 projection_batch_declined=1 projection_batch_verified=0 sound_metadata_hits=0 sound_metadata_misses=0 sound_metadata_verified=0 deferred_midi_notes=0 animation_hierarchy_original_calls=0 animation_hierarchy_nodes=14003 animation_direct_write_calls=351 pose_blend_native_calls=0 pose_blend_original_calls=0 pose_direct_write_calls=0 matrix_vector_point_native_calls=7058 matrix_vector_point_original_calls=0 matrix_vector_direction_native_calls=5503 matrix_vector_direction_original_calls=0 matrix_vector_store_native_calls=0 matrix_vector_store_original_calls=0 matrix_vector_translation_native_calls=0 matrix_vector_translation_original_calls=0 atan_native_calls=0 inverse_trig_native_calls=38423 inverse_trig_declined=0 inverse_memory_calls=0 inverse_memory_stores=0 atan_original_calls=0 atan_quotient_native_calls=2 atan_quotient_original_calls=0 atan_polynomial_native_calls=0 atan_polynomial_original_calls=0 atan_scale_native_calls=0 atan_scale_original_calls=0 matrix_inverse_original_calls=0 matrix_determinant_native_calls=0 matrix_determinant_original_calls=0 player_state_readable=1 player_x=0.357781 player_y=3.65463 player_z=-0.147472 player_x_bits=1052192519 player_y_bits=1080681828 player_z_bits=3189179135 frame_window_begin=5 frame_window_end=25 game_ticks=176 hud_timer_ticks=10790 update_timing=0 update_tasks=0 update_tails=0 update_main_tasks=0 update_alternate_tasks=0 update_waits=0 update_elapsed=0 update_elapsed_extra=0 update_timer_setups=0 periodic_epoch_ns=118551094711262 periodic_callbacks=0 render_completion_experiment=0 guest_render_submitted=0 guest_render_completed=0 guest_render_dispatched=0 guest_render_callback=0 guest_render_counter=0 guest_render_nonzero_callbacks=0 update_unreadable=0 execution_thread_id=67200 execution_cpu_valid=1 execution_cpu_100ns=688205438 process_cpu_valid=1 process_cpu_100ns=3490444125 execution_cycles_valid=0 execution_cycles=0 phase=0 final=0
SONIC_NATIVE_SCENARIO_GAMEPLAY_SAMPLE id=gamma-emerald-coast protocol=3 input_profile=3 monotonic_ns=118553285712167 elapsed_ms=2195 collision_debug_signed=-1 frame=254 presentations=249 relative_frame=2 max_frame_ns=1120630203 input_applied_frames=2 completed_frames=3 drawn_frames=2 cadence_readable=1 active_video_hz=50 clock_owner=postpal-checkpoint clock_bound_frame=0 tv_mode_readable=1 tv_mode_word=1 release_slots=2 logical_delta=2 sixty_frame_fixture=0 native_gameplay_math=1 native_leaf_math=1 math_scope_readable=1 main_state=4 scene=15 palette_native_calls=15497 palette_original_calls=0 vertex_normals_native_calls=0 vertex_normals_original_calls=0 matrix_push_native_calls=19080 matrix_push_original_calls=0 matrix_pop_native_calls=21586 matrix_pop_original_calls=0 matrix_staged_groups=0 collision_cross_native_calls=180 collision_length_native_calls=3525 collision_normalize_native_calls=2425 collision_cross_original_calls=0 collision_length_original_calls=0 collision_normalize_original_calls=0 matrix_inverse_native_calls=713 triangle_contacts_native_calls=0 triangle_contacts_original_calls=0 triangle_contacts_scope_blocked_calls=0 collision_candidates_native_calls=2503 collision_candidates_scope_blocked_calls=0 collision_candidates_original_calls=0 motion_sampling_native_calls=0 motion_sampling_original_calls=0 animation_hierarchy_native_calls=359 model_packets=0 model_snapshots=0 model_packet_verified=0 model_packet_vertices=0 model_gpu_draws=0 model_point_uploads=0 model_corner_uploads=0 closed_memory_calls=124315 closed_memory_words=2182391 collision_memory_intervals=0 collision_memory_reads=0 collision_memory_writes=0 model_pipeline_calls=24097 model_pipeline_declined=0 model_pipeline_points=464674 model_pipeline_normals=12148 model_pipeline_draws=12148 model_pipeline_direct_outputs=12200 model_pipeline_root_operations=0 model_pipeline_closed_children=0 object_distance_calls=110195 object_distance_native=110195 object_distance_fallback=0 object_activation_calls=179 object_lifetime_calls=11244 object_records=107937 object_created=56 object_retired=0 object_declined=0 object_slow_accesses=0 movement_calls=0 movement_declined=0 movement_callbacks=0 movement_reentries=0 contact_family_calls=0 object_contact_calls=0 camera_operation_calls=0 contact_family_internal=0 contact_family_foreign=0 contact_family_resumes=0 world_calls=180 world_declined=0 world_internal=10718 world_callbacks=32816 world_resumes=0 world_membership=3060 world_eligibility=3222 render_hierarchy_calls=6722 render_hierarchy_declined=0 render_hierarchy_internal=335843 render_hierarchy_callbacks=33980 render_model_calls=0 render_model_revocations=0 render_hierarchy_resumes=0 rigid_hierarchy_calls=5701 morph_hierarchy_calls=0 land_render_calls=0 collision_fused_cross=0 collision_fused_length=0 collision_fused_normalize=0 matrix_bulk_pushes=0 matrix_bulk_pops=0 matrix_bulk_saved=0 matrix_bulk_loaded=0 render_context_captures=10541 render_context_commits=10541 render_context_fallbacks=0 render_context_direct_calls=21082 palette_batch_calls=15497 palette_batch_vertices=549969 palette_batch_declined=0 palette_batch_closed_loops=15497 projection_batch_calls=15965 projection_batch_vertices=553609 projection_batch_declined=1 projection_batch_verified=0 sound_metadata_hits=0 sound_metadata_misses=0 sound_metadata_verified=0 deferred_midi_notes=0 animation_hierarchy_original_calls=0 animation_hierarchy_nodes=14323 animation_direct_write_calls=359 pose_blend_native_calls=0 pose_blend_original_calls=0 pose_direct_write_calls=0 matrix_vector_point_native_calls=7192 matrix_vector_point_original_calls=0 matrix_vector_direction_native_calls=5626 matrix_vector_direction_original_calls=0 matrix_vector_store_native_calls=0 matrix_vector_store_original_calls=0 matrix_vector_translation_native_calls=0 matrix_vector_translation_original_calls=0 atan_native_calls=0 inverse_trig_native_calls=39315 inverse_trig_declined=0 inverse_memory_calls=0 inverse_memory_stores=0 atan_original_calls=0 atan_quotient_native_calls=2 atan_quotient_original_calls=0 atan_polynomial_native_calls=0 atan_polynomial_original_calls=0 atan_scale_native_calls=0 atan_scale_original_calls=0 matrix_inverse_original_calls=0 matrix_determinant_native_calls=0 matrix_determinant_original_calls=0 player_state_readable=1 player_x=0.0362416 player_y=3.65725 player_z=0.0366661 player_x_bits=1024750096 player_y_bits=1080692824 player_z_bits=1024864040 frame_window_begin=5 frame_window_end=25 game_ticks=180 hud_timer_ticks=10786 update_timing=0 update_tasks=0 update_tails=0 update_main_tasks=0 update_alternate_tasks=0 update_waits=0 update_elapsed=0 update_elapsed_extra=0 update_timer_setups=0 periodic_epoch_ns=118552176583714 periodic_callbacks=0 render_completion_experiment=0 guest_render_submitted=0 guest_render_completed=0 guest_render_dispatched=0 guest_render_callback=0 guest_render_counter=0 guest_render_nonzero_callbacks=0 update_unreadable=0 execution_thread_id=67200 execution_cpu_valid=1 execution_cpu_100ns=696366980 process_cpu_valid=1 process_cpu_100ns=3528490777 execution_cycles_valid=0 execution_cycles=0 phase=0 final=0
SONIC_NATIVE_SCENARIO_GAMEPLAY_SAMPLE id=gamma-emerald-coast protocol=3 input_profile=3 monotonic_ns=118554371486514 elapsed_ms=3280 collision_debug_signed=-1 frame=255 presentations=250 relative_frame=3 max_frame_ns=1120630203 input_applied_frames=3 completed_frames=4 drawn_frames=3 cadence_readable=1 active_video_hz=50 clock_owner=postpal-checkpoint clock_bound_frame=0 tv_mode_readable=1 tv_mode_word=1 release_slots=2 logical_delta=2 sixty_frame_fixture=0 native_gameplay_math=1 native_leaf_math=1 math_scope_readable=1 main_state=4 scene=15 palette_native_calls=15799 palette_original_calls=0 vertex_normals_native_calls=0 vertex_normals_original_calls=0 matrix_push_native_calls=19408 matrix_push_original_calls=0 matrix_pop_native_calls=21956 matrix_pop_original_calls=0 matrix_staged_groups=0 collision_cross_native_calls=183 collision_length_native_calls=3580 collision_normalize_native_calls=2466 collision_cross_original_calls=0 collision_length_original_calls=0 collision_normalize_original_calls=0 matrix_inverse_native_calls=725 triangle_contacts_native_calls=0 triangle_contacts_original_calls=0 triangle_contacts_scope_blocked_calls=0 collision_candidates_native_calls=2545 collision_candidates_scope_blocked_calls=0 collision_candidates_original_calls=0 motion_sampling_native_calls=0 motion_sampling_original_calls=0 animation_hierarchy_native_calls=365 model_packets=0 model_snapshots=0 model_packet_verified=0 model_packet_vertices=0 model_gpu_draws=0 model_point_uploads=0 model_corner_uploads=0 closed_memory_calls=126446 closed_memory_words=2221894 collision_memory_intervals=0 collision_memory_reads=0 collision_memory_writes=0 model_pipeline_calls=24497 model_pipeline_declined=0 model_pipeline_points=473470 model_pipeline_normals=12374 model_pipeline_draws=12374 model_pipeline_direct_outputs=12427 model_pipeline_root_operations=0 model_pipeline_closed_children=0 object_distance_calls=112040 object_distance_native=112040 object_distance_fallback=0 object_activation_calls=182 object_lifetime_calls=11433 object_records=109746 object_created=56 object_retired=0 object_declined=0 object_slow_accesses=0 movement_calls=0 movement_declined=0 movement_callbacks=0 movement_reentries=0 contact_family_calls=0 object_contact_calls=0 camera_operation_calls=0 contact_family_internal=0 contact_family_foreign=0 contact_family_resumes=0 world_calls=183 world_declined=0 world_internal=10841 world_callbacks=33344 world_resumes=0 world_membership=3111 world_eligibility=3276 render_hierarchy_calls=6836 render_hierarchy_declined=0 render_hierarchy_internal=342188 render_hierarchy_callbacks=34559 render_model_calls=0 render_model_revocations=0 render_hierarchy_resumes=0 rigid_hierarchy_calls=5797 morph_hierarchy_calls=0 land_render_calls=0 collision_fused_cross=0 collision_fused_length=0 collision_fused_normalize=0 matrix_bulk_pushes=0 matrix_bulk_pops=0 matrix_bulk_saved=0 matrix_bulk_loaded=0 render_context_captures=10740 render_context_commits=10740 render_context_fallbacks=0 render_context_direct_calls=21480 palette_batch_calls=15799 palette_batch_vertices=560533 palette_batch_declined=0 palette_batch_closed_loops=15799 projection_batch_calls=16276 projection_batch_vertices=564243 projection_batch_declined=1 projection_batch_verified=0 sound_metadata_hits=0 sound_metadata_misses=0 sound_metadata_verified=0 deferred_midi_notes=0 animation_hierarchy_original_calls=0 animation_hierarchy_nodes=14563 animation_direct_write_calls=365 pose_blend_native_calls=0 pose_blend_original_calls=0 pose_direct_write_calls=0 matrix_vector_point_native_calls=7301 matrix_vector_point_original_calls=0 matrix_vector_direction_native_calls=5727 matrix_vector_direction_original_calls=0 matrix_vector_store_native_calls=0 matrix_vector_store_original_calls=0 matrix_vector_translation_native_calls=0 matrix_vector_translation_original_calls=0 atan_native_calls=0 inverse_trig_native_calls=39984 inverse_trig_declined=0 inverse_memory_calls=0 inverse_memory_stores=0 atan_original_calls=0 atan_quotient_native_calls=2 atan_quotient_original_calls=0 atan_polynomial_native_calls=0 atan_polynomial_original_calls=0 atan_scale_native_calls=0 atan_scale_original_calls=0 matrix_inverse_original_calls=0 matrix_determinant_native_calls=0 matrix_determinant_original_calls=0 player_state_readable=1 player_x=-0.152818 player_y=3.67591 player_z=0.19053 player_x_bits=3189537884 player_y_bits=1080771084 player_z_bits=1044585042 frame_window_begin=5 frame_window_end=25 game_ticks=183 hud_timer_ticks=10783 update_timing=0 update_tasks=0 update_tails=0 update_main_tasks=0 update_alternate_tasks=0 update_waits=0 update_elapsed=0 update_elapsed_extra=0 update_timer_setups=0 periodic_epoch_ns=118553291149734 periodic_callbacks=0 render_completion_experiment=0 guest_render_submitted=0 guest_render_completed=0 guest_render_dispatched=0 guest_render_callback=0 guest_render_counter=0 guest_render_nonzero_callbacks=0 update_unreadable=0 execution_thread_id=67200 execution_cpu_valid=1 execution_cpu_100ns=702567086 process_cpu_valid=1 process_cpu_100ns=3564020928 execution_cycles_valid=0 execution_cycles=0 phase=0 final=0
SONIC_NATIVE_SCENARIO_GAMEPLAY_SAMPLE id=gamma-emerald-coast protocol=3 input_profile=3 monotonic_ns=118555449245590 elapsed_ms=4358 collision_debug_signed=-1 frame=256 presentations=251 relative_frame=4 max_frame_ns=1120630203 input_applied_frames=4 completed_frames=5 drawn_frames=4 cadence_readable=1 active_video_hz=50 clock_owner=postpal-checkpoint clock_bound_frame=0 tv_mode_readable=1 tv_mode_word=1 release_slots=2 logical_delta=2 sixty_frame_fixture=0 native_gameplay_math=1 native_leaf_math=1 math_scope_readable=1 main_state=4 scene=15 palette_native_calls=16102 palette_original_calls=0 vertex_normals_native_calls=0 vertex_normals_original_calls=0 matrix_push_native_calls=19830 matrix_push_original_calls=0 matrix_pop_native_calls=22434 matrix_pop_original_calls=0 matrix_staged_groups=0 collision_cross_native_calls=187 collision_length_native_calls=3653 collision_normalize_native_calls=2520 collision_cross_original_calls=0 collision_length_original_calls=0 collision_normalize_original_calls=0 matrix_inverse_native_calls=741 triangle_contacts_native_calls=0 triangle_contacts_original_calls=0 triangle_contacts_scope_blocked_calls=0 collision_candidates_native_calls=2601 collision_candidates_scope_blocked_calls=0 collision_candidates_original_calls=0 motion_sampling_native_calls=0 motion_sampling_original_calls=0 animation_hierarchy_native_calls=373 model_packets=0 model_snapshots=0 model_packet_verified=0 model_packet_vertices=0 model_gpu_draws=0 model_point_uploads=0 model_corner_uploads=0 closed_memory_calls=129124 closed_memory_words=2266862 collision_memory_intervals=0 collision_memory_reads=0 collision_memory_writes=0 model_pipeline_calls=24984 model_pipeline_declined=0 model_pipeline_points=482114 model_pipeline_normals=12586 model_pipeline_draws=12586 model_pipeline_direct_outputs=12640 model_pipeline_root_operations=0 model_pipeline_closed_children=0 object_distance_calls=114500 object_distance_native=114500 object_distance_fallback=0 object_activation_calls=186 object_lifetime_calls=11685 object_records=112158 object_created=56 object_retired=0 object_declined=0 object_slow_accesses=0 movement_calls=0 movement_declined=0 movement_callbacks=0 movement_reentries=0 contact_family_calls=0 object_contact_calls=0 camera_operation_calls=0 contact_family_internal=0 contact_family_foreign=0 contact_family_resumes=0 world_calls=187 world_declined=0 world_internal=11005 world_callbacks=34048 world_resumes=0 world_membership=3179 world_eligibility=3348 render_hierarchy_calls=6988 render_hierarchy_declined=0 render_hierarchy_internal=350732 render_hierarchy_callbacks=35331 render_model_calls=0 render_model_revocations=0 render_hierarchy_resumes=0 rigid_hierarchy_calls=5925 morph_hierarchy_calls=0 land_render_calls=0 collision_fused_cross=0 collision_fused_length=0 collision_fused_normalize=0 matrix_bulk_pushes=0 matrix_bulk_pops=0 matrix_bulk_saved=0 matrix_bulk_loaded=0 render_context_captures=10992 render_context_commits=10992 render_context_fallbacks=0 render_context_direct_calls=21984 palette_batch_calls=16102 palette_batch_vertices=571105 palette_batch_declined=0 palette_batch_closed_loops=16102 projection_batch_calls=16588 projection_batch_vertices=574885 projection_batch_declined=1 projection_batch_verified=0 sound_metadata_hits=0 sound_metadata_misses=0 sound_metadata_verified=0 deferred_midi_notes=0 animation_hierarchy_original_calls=0 animation_hierarchy_nodes=14883 animation_direct_write_calls=373 pose_blend_native_calls=0 pose_blend_original_calls=0 pose_direct_write_calls=0 matrix_vector_point_native_calls=7437 matrix_vector_point_original_calls=0 matrix_vector_direction_native_calls=5850 matrix_vector_direction_original_calls=0 matrix_vector_store_native_calls=0 matrix_vector_store_original_calls=0 matrix_vector_translation_native_calls=0 matrix_vector_translation_original_calls=0 atan_native_calls=0 inverse_trig_native_calls=40868 inverse_trig_declined=0 inverse_memory_calls=0 inverse_memory_stores=0 atan_original_calls=0 atan_quotient_native_calls=2 atan_quotient_original_calls=0 atan_polynomial_native_calls=0 atan_polynomial_original_calls=0 atan_scale_native_calls=0 atan_scale_original_calls=0 matrix_inverse_original_calls=0 matrix_determinant_native_calls=0 matrix_determinant_original_calls=0 player_state_readable=1 player_x=-0.560506 player_y=3.7155 player_z=0.501393 player_x_bits=3205463380 player_y_bits=1080937172 player_z_bits=1056987977 frame_window_begin=5 frame_window_end=25 game_ticks=187 hud_timer_ticks=10779 update_timing=0 update_tasks=0 update_tails=0 update_main_tasks=0 update_alternate_tasks=0 update_waits=0 update_elapsed=0 update_elapsed_extra=0 update_timer_setups=0 periodic_epoch_ns=118554377505999 periodic_callbacks=0 render_completion_experiment=0 guest_render_submitted=0 guest_render_completed=0 guest_render_dispatched=0 guest_render_callback=0 guest_render_counter=0 guest_render_nonzero_callbacks=0 update_unreadable=0 execution_thread_id=67200 execution_cpu_valid=1 execution_cpu_100ns=710316840 process_cpu_valid=1 process_cpu_100ns=3601275114 execution_cycles_valid=0 execution_cycles=0 phase=0 final=0
SONIC_NATIVE_SCENARIO_GAMEPLAY_SAMPLE id=gamma-emerald-coast protocol=3 input_profile=3 monotonic_ns=118556530271006 elapsed_ms=5439 collision_debug_signed=-1 frame=257 presentations=252 relative_frame=5 max_frame_ns=1120630203 input_applied_frames=5 completed_frames=6 drawn_frames=5 cadence_readable=1 active_video_hz=50 clock_owner=postpal-checkpoint clock_bound_frame=0 tv_mode_readable=1 tv_mode_word=1 release_slots=2 logical_delta=2 sixty_frame_fixture=0 native_gameplay_math=1 native_leaf_math=1 math_scope_readable=1 main_state=4 scene=15 palette_native_calls=16405 palette_original_calls=0 vertex_normals_native_calls=0 vertex_normals_original_calls=0 matrix_push_native_calls=20162 matrix_push_original_calls=0 matrix_pop_native_calls=22808 matrix_pop_original_calls=0 matrix_staged_groups=0 collision_cross_native_calls=190 collision_length_native_calls=3708 collision_normalize_native_calls=2561 collision_cross_original_calls=0 collision_length_original_calls=0 collision_normalize_original_calls=0 matrix_inverse_native_calls=753 triangle_contacts_native_calls=0 triangle_contacts_original_calls=0 triangle_contacts_scope_blocked_calls=0 collision_candidates_native_calls=2643 collision_candidates_scope_blocked_calls=0 collision_candidates_original_calls=0 motion_sampling_native_calls=0 motion_sampling_original_calls=0 animation_hierarchy_native_calls=379 model_packets=0 model_snapshots=0 model_packet_verified=0 model_packet_vertices=0 model_gpu_draws=0 model_point_uploads=0 model_corner_uploads=0 closed_memory_calls=131231 closed_memory_words=2306293 collision_memory_intervals=0 collision_memory_reads=0 collision_memory_writes=0 model_pipeline_calls=25430 model_pipeline_declined=0 model_pipeline_points=491078 model_pipeline_normals=12828 model_pipeline_draws=12828 model_pipeline_direct_outputs=12883 model_pipeline_root_operations=0 model_pipeline_closed_children=0 object_distance_calls=116345 object_distance_native=116345 object_distance_fallback=0 object_activation_calls=189 object_lifetime_calls=11874 object_records=113967 object_created=56 object_retired=0 object_declined=0 object_slow_accesses=0 movement_calls=0 movement_declined=0 movement_callbacks=0 movement_reentries=0 contact_family_calls=0 object_contact_calls=0 camera_operation_calls=0 contact_family_internal=0 contact_family_foreign=0 contact_family_resumes=0 world_calls=190 world_declined=0 world_internal=11128 world_callbacks=34576 world_resumes=0 world_membership=3230 world_eligibility=3402 render_hierarchy_calls=7103 render_hierarchy_declined=0 render_hierarchy_internal=356936 render_hierarchy_callbacks=35925 render_model_calls=0 render_model_revocations=0 render_hierarchy_resumes=0 rigid_hierarchy_calls=6021 morph_hierarchy_calls=0 land_render_calls=0 collision_fused_cross=0 collision_fused_length=0 collision_fused_normalize=0 matrix_bulk_pushes=0 matrix_bulk_pops=0 matrix_bulk_saved=0 matrix_bulk_loaded=0 render_context_captures=11177 render_context_commits=11177 render_context_fallbacks=0 render_context_direct_calls=22354 palette_batch_calls=16405 palette_batch_vertices=581677 palette_batch_declined=0 palette_batch_closed_loops=16405 projection_batch_calls=16900 projection_batch_vertices=585527 projection_batch_declined=1 projection_batch_verified=0 sound_metadata_hits=0 sound_metadata_misses=0 sound_metadata_verified=0 deferred_midi_notes=0 animation_hierarchy_original_calls=0 animation_hierarchy_nodes=15123 animation_direct_write_calls=379 pose_blend_native_calls=0 pose_blend_original_calls=0 pose_direct_write_calls=0 matrix_vector_point_native_calls=7549 matrix_vector_point_original_calls=0 matrix_vector_direction_native_calls=5951 matrix_vector_direction_original_calls=0 matrix_vector_store_native_calls=0 matrix_vector_store_original_calls=0 matrix_vector_translation_native_calls=0 matrix_vector_translation_original_calls=0 atan_native_calls=0 inverse_trig_native_calls=41513 inverse_trig_declined=0 inverse_memory_calls=0 inverse_memory_stores=0 atan_original_calls=0 atan_quotient_native_calls=2 atan_quotient_original_calls=0 atan_polynomial_native_calls=0 atan_polynomial_original_calls=0 atan_scale_native_calls=0 atan_scale_original_calls=0 matrix_inverse_original_calls=0 matrix_determinant_native_calls=0 matrix_determinant_original_calls=0 player_state_readable=1 player_x=-0.98396 player_y=3.75624 player_z=0.811224 player_x_bits=3212567756 player_y_bits=1081108016 player_z_bits=1062186072 frame_window_begin=5 frame_window_end=25 game_ticks=190 hud_timer_ticks=10776 update_timing=0 update_tasks=0 update_tails=0 update_main_tasks=0 update_alternate_tasks=0 update_waits=0 update_elapsed=0 update_elapsed_extra=0 update_timer_setups=0 periodic_epoch_ns=118555455134612 periodic_callbacks=0 render_completion_experiment=0 guest_render_submitted=0 guest_render_completed=0 guest_render_dispatched=0 guest_render_callback=0 guest_render_counter=0 guest_render_nonzero_callbacks=0 update_unreadable=0 execution_thread_id=67200 execution_cpu_valid=1 execution_cpu_100ns=716480652 process_cpu_valid=1 process_cpu_100ns=3636700282 execution_cycles_valid=0 execution_cycles=0 phase=0 final=0
SONIC_NATIVE_SCENARIO_GAMEPLAY_SAMPLE id=gamma-emerald-coast protocol=3 input_profile=3 monotonic_ns=118557616102342 elapsed_ms=6525 collision_debug_signed=-1 frame=258 presentations=253 relative_frame=6 max_frame_ns=1120630203 input_applied_frames=6 completed_frames=7 drawn_frames=6 cadence_readable=1 active_video_hz=50 clock_owner=postpal-checkpoint clock_bound_frame=0 tv_mode_readable=1 tv_mode_word=1 release_slots=2 logical_delta=2 sixty_frame_fixture=0 native_gameplay_math=1 native_leaf_math=1 math_scope_readable=1 main_state=4 scene=15 palette_native_calls=16708 palette_original_calls=0 vertex_normals_native_calls=0 vertex_normals_original_calls=0 matrix_push_native_calls=20486 matrix_push_original_calls=0 matrix_pop_native_calls=23174 matrix_pop_original_calls=0 matrix_staged_groups=0 collision_cross_native_calls=193 collision_length_native_calls=3763 collision_normalize_native_calls=2602 collision_cross_original_calls=0 collision_length_original_calls=0 collision_normalize_original_calls=0 matrix_inverse_native_calls=765 triangle_contacts_native_calls=0 triangle_contacts_original_calls=0 triangle_contacts_scope_blocked_calls=0 collision_candidates_native_calls=2685 collision_candidates_scope_blocked_calls=0 collision_candidates_original_calls=0 motion_sampling_native_calls=0 motion_sampling_original_calls=0 animation_hierarchy_native_calls=385 model_packets=0 model_snapshots=0 model_packet_verified=0 model_packet_vertices=0 model_gpu_draws=0 model_point_uploads=0 model_corner_uploads=0 closed_memory_calls=133306 closed_memory_words=2345500 collision_memory_intervals=0 collision_memory_reads=0 collision_memory_writes=0 model_pipeline_calls=25871 model_pipeline_declined=0 model_pipeline_points=500042 model_pipeline_normals=13070 model_pipeline_draws=13070 model_pipeline_direct_outputs=13126 model_pipeline_root_operations=0 model_pipeline_closed_children=0 object_distance_calls=118190 object_distance_native=118190 object_distance_fallback=0 object_activation_calls=192 object_lifetime_calls=12063 object_records=115776 object_created=56 object_retired=0 object_declined=0 object_slow_accesses=0 movement_calls=0 movement_declined=0 movement_callbacks=0 movement_reentries=0 contact_family_calls=0 object_contact_calls=0 camera_operation_calls=0 contact_family_internal=0 contact_family_foreign=0 contact_family_resumes=0 world_calls=193 world_declined=0 world_internal=11251 world_callbacks=35104 world_resumes=0 world_membership=3281 world_eligibility=3456 render_hierarchy_calls=7217 render_hierarchy_declined=0 render_hierarchy_internal=363084 render_hierarchy_callbacks=36514 render_model_calls=0 render_model_revocations=0 render_hierarchy_resumes=0 rigid_hierarchy_calls=6117 morph_hierarchy_calls=0 land_render_calls=0 collision_fused_cross=0 collision_fused_length=0 collision_fused_normalize=0 matrix_bulk_pushes=0 matrix_bulk_pops=0 matrix_bulk_saved=0 matrix_bulk_loaded=0 render_context_captures=11361 render_context_commits=11361 render_context_fallbacks=0 render_context_direct_calls=22722 palette_batch_calls=16708 palette_batch_vertices=592249 palette_batch_declined=0 palette_batch_closed_loops=16708 projection_batch_calls=17212 projection_batch_vertices=596169 projection_batch_declined=1 projection_batch_verified=0 sound_metadata_hits=0 sound_metadata_misses=0 sound_metadata_verified=0 deferred_midi_notes=0 animation_hierarchy_original_calls=0 animation_hierarchy_nodes=15363 animation_direct_write_calls=385 pose_blend_native_calls=0 pose_blend_original_calls=0 pose_direct_write_calls=0 matrix_vector_point_native_calls=7653 matrix_vector_point_original_calls=0 matrix_vector_direction_native_calls=6044 matrix_vector_direction_original_calls=0 matrix_vector_store_native_calls=0 matrix_vector_store_original_calls=0 matrix_vector_translation_native_calls=0 matrix_vector_translation_original_calls=0 atan_native_calls=0 inverse_trig_native_calls=42155 inverse_trig_declined=0 inverse_memory_calls=0 inverse_memory_stores=0 atan_original_calls=0 atan_quotient_native_calls=2 atan_quotient_original_calls=0 atan_polynomial_native_calls=0 atan_polynomial_original_calls=0 atan_scale_native_calls=0 atan_scale_original_calls=0 matrix_inverse_original_calls=0 matrix_determinant_native_calls=0 matrix_determinant_original_calls=0 player_state_readable=1 player_x=-1.50831 player_y=3.80641 player_z=1.18608 player_x_bits=3217100866 player_y_bits=1081318440 player_z_bits=1066914184 frame_window_begin=5 frame_window_end=25 game_ticks=193 hud_timer_ticks=10773 update_timing=0 update_tasks=0 update_tails=0 update_main_tasks=0 update_alternate_tasks=0 update_waits=0 update_elapsed=0 update_elapsed_extra=0 update_timer_setups=0 periodic_epoch_ns=118556539065147 periodic_callbacks=0 render_completion_experiment=0 guest_render_submitted=0 guest_render_completed=0 guest_render_dispatched=0 guest_render_callback=0 guest_render_counter=0 guest_render_nonzero_callbacks=0 update_unreadable=0 execution_thread_id=67200 execution_cpu_valid=1 execution_cpu_100ns=722596188 process_cpu_valid=1 process_cpu_100ns=3672291740 execution_cycles_valid=0 execution_cycles=0 phase=0 final=0
SONIC_NATIVE_SCENARIO_GAMEPLAY_SAMPLE id=gamma-emerald-coast protocol=3 input_profile=3 monotonic_ns=118558696175121 elapsed_ms=7605 collision_debug_signed=-1 frame=259 presentations=254 relative_frame=7 max_frame_ns=1120630203 input_applied_frames=7 completed_frames=8 drawn_frames=7 cadence_readable=1 active_video_hz=50 clock_owner=postpal-checkpoint clock_bound_frame=0 tv_mode_readable=1 tv_mode_word=1 release_slots=2 logical_delta=2 sixty_frame_fixture=0 native_gameplay_math=1 native_leaf_math=1 math_scope_readable=1 main_state=4 scene=15 palette_native_calls=17011 palette_original_calls=0 vertex_normals_native_calls=0 vertex_normals_original_calls=0 matrix_push_native_calls=20910 matrix_push_original_calls=0 matrix_pop_native_calls=23654 matrix_pop_original_calls=0 matrix_staged_groups=0 collision_cross_native_calls=197 collision_length_native_calls=3836 collision_normalize_native_calls=2656 collision_cross_original_calls=0 collision_length_original_calls=0 collision_normalize_original_calls=0 matrix_inverse_native_calls=781 triangle_contacts_native_calls=0 triangle_contacts_original_calls=0 triangle_contacts_scope_blocked_calls=0 collision_candidates_native_calls=2741 collision_candidates_scope_blocked_calls=0 collision_candidates_original_calls=0 motion_sampling_native_calls=0 motion_sampling_original_calls=0 animation_hierarchy_native_calls=393 model_packets=0 model_snapshots=0 model_packet_verified=0 model_packet_vertices=0 model_gpu_draws=0 model_point_uploads=0 model_corner_uploads=0 closed_memory_calls=135966 closed_memory_words=2390382 collision_memory_intervals=0 collision_memory_reads=0 collision_memory_writes=0 model_pipeline_calls=26413 model_pipeline_declined=0 model_pipeline_points=509006 model_pipeline_normals=13312 model_pipeline_draws=13312 model_pipeline_direct_outputs=13369 model_pipeline_root_operations=0 model_pipeline_closed_children=0 object_distance_calls=120650 object_distance_native=120650 object_distance_fallback=0 object_activation_calls=196 object_lifetime_calls=12315 object_records=118188 object_created=56 object_retired=0 object_declined=0 object_slow_accesses=0 movement_calls=0 movement_declined=0 movement_callbacks=0 movement_reentries=0 contact_family_calls=0 object_contact_calls=0 camera_operation_calls=0 contact_family_internal=0 contact_family_foreign=0 contact_family_resumes=0 world_calls=197 world_declined=0 world_internal=11415 world_callbacks=35808 world_resumes=0 world_membership=3349 world_eligibility=3528 render_hierarchy_calls=7368 render_hierarchy_declined=0 render_hierarchy_internal=370602 render_hierarchy_callbacks=37281 render_model_calls=0 render_model_revocations=0 render_hierarchy_resumes=0 rigid_hierarchy_calls=6245 morph_hierarchy_calls=0 land_render_calls=0 collision_fused_cross=0 collision_fused_length=0 collision_fused_normalize=0 matrix_bulk_pushes=0 matrix_bulk_pops=0 matrix_bulk_saved=0 matrix_bulk_loaded=0 render_context_captures=11582 render_context_commits=11582 render_context_fallbacks=0 render_context_direct_calls=23164 palette_batch_calls=17011 palette_batch_vertices=602821 palette_batch_declined=0 palette_batch_closed_loops=17011 projection_batch_calls=17524 projection_batch_vertices=606811 projection_batch_declined=1 projection_batch_verified=0 sound_metadata_hits=0 sound_metadata_misses=0 sound_metadata_verified=0 deferred_midi_notes=0 animation_hierarchy_original_calls=0 animation_hierarchy_nodes=15683 animation_direct_write_calls=393 pose_blend_native_calls=0 pose_blend_original_calls=0 pose_direct_write_calls=0 matrix_vector_point_native_calls=7791 matrix_vector_point_original_calls=0 matrix_vector_direction_native_calls=6167 matrix_vector_direction_original_calls=0 matrix_vector_store_native_calls=0 matrix_vector_store_original_calls=0 matrix_vector_translation_native_calls=0 matrix_vector_translation_original_calls=0 atan_native_calls=0 inverse_trig_native_calls=43019 inverse_trig_declined=0 inverse_memory_calls=0 inverse_memory_stores=0 atan_original_calls=0 atan_quotient_native_calls=2 atan_quotient_original_calls=0 atan_polynomial_native_calls=0 atan_polynomial_original_calls=0 atan_scale_native_calls=0 atan_scale_original_calls=0 matrix_inverse_original_calls=0 matrix_determinant_native_calls=0 matrix_determinant_original_calls=0 player_state_readable=1 player_x=-2.36405 player_y=3.88795 player_z=1.78691 player_x_bits=3222752394 player_y_bits=1081660464 player_z_bits=1071954257 frame_window_begin=5 frame_window_end=25 game_ticks=197 hud_timer_ticks=10769 update_timing=0 update_tasks=0 update_tails=0 update_main_tasks=0 update_alternate_tasks=0 update_waits=0 update_elapsed=0 update_elapsed_extra=0 update_timer_setups=0 periodic_epoch_ns=118557621530132 periodic_callbacks=0 render_completion_experiment=0 guest_render_submitted=0 guest_render_completed=0 guest_render_dispatched=0 guest_render_callback=0 guest_render_counter=0 guest_render_nonzero_callbacks=0 update_unreadable=0 execution_thread_id=67200 execution_cpu_valid=1 execution_cpu_100ns=730055830 process_cpu_valid=1 process_cpu_100ns=3709185211 execution_cycles_valid=0 execution_cycles=0 phase=0 final=0
SONIC_NATIVE_SCENARIO_GAMEPLAY_SAMPLE id=gamma-emerald-coast protocol=3 input_profile=3 monotonic_ns=118560355343195 elapsed_ms=9264 collision_debug_signed=-1 frame=260 presentations=255 relative_frame=8 max_frame_ns=1659168074 input_applied_frames=8 completed_frames=9 drawn_frames=8 cadence_readable=1 active_video_hz=50 clock_owner=postpal-checkpoint clock_bound_frame=0 tv_mode_readable=1 tv_mode_word=1 release_slots=2 logical_delta=2 sixty_frame_fixture=0 native_gameplay_math=1 native_leaf_math=1 math_scope_readable=1 main_state=4 scene=15 palette_native_calls=17314 palette_original_calls=0 vertex_normals_native_calls=0 vertex_normals_original_calls=0 matrix_push_native_calls=21242 matrix_push_original_calls=0 matrix_pop_native_calls=24028 matrix_pop_original_calls=0 matrix_staged_groups=0 collision_cross_native_calls=200 collision_length_native_calls=3891 collision_normalize_native_calls=2697 collision_cross_original_calls=0 collision_length_original_calls=0 collision_normalize_original_calls=0 matrix_inverse_native_calls=793 triangle_contacts_native_calls=0 triangle_contacts_original_calls=0 triangle_contacts_scope_blocked_calls=0 collision_candidates_native_calls=2783 collision_candidates_scope_blocked_calls=0 collision_candidates_original_calls=0 motion_sampling_native_calls=0 motion_sampling_original_calls=0 animation_hierarchy_native_calls=399 model_packets=0 model_snapshots=0 model_packet_verified=0 model_packet_vertices=0 model_gpu_draws=0 model_point_uploads=0 model_corner_uploads=0 closed_memory_calls=138145 closed_memory_words=2430221 collision_memory_intervals=0 collision_memory_reads=0 collision_memory_writes=0 model_pipeline_calls=26859 model_pipeline_declined=0 model_pipeline_points=517970 model_pipeline_normals=13554 model_pipeline_draws=13554 model_pipeline_direct_outputs=13612 model_pipeline_root_operations=0 model_pipeline_closed_children=0 object_distance_calls=122495 object_distance_native=122495 object_distance_fallback=0 object_activation_calls=199 object_lifetime_calls=12504 object_records=119997 object_created=56 object_retired=0 object_declined=0 object_slow_accesses=0 movement_calls=0 movement_declined=0 movement_callbacks=0 movement_reentries=0 contact_family_calls=0 object_contact_calls=0 camera_operation_calls=0 contact_family_internal=0 contact_family_foreign=0 contact_family_resumes=0 world_calls=200 world_declined=0 world_internal=11538 world_callbacks=36336 world_resumes=0 world_membership=3400 world_eligibility=3582 render_hierarchy_calls=7483 render_hierarchy_declined=0 render_hierarchy_internal=376806 render_hierarchy_callbacks=37875 render_model_calls=0 render_model_revocations=0 render_hierarchy_resumes=0 rigid_hierarchy_calls=6341 morph_hierarchy_calls=0 land_render_calls=0 collision_fused_cross=0 collision_fused_length=0 collision_fused_normalize=0 matrix_bulk_pushes=0 matrix_bulk_pops=0 matrix_bulk_saved=0 matrix_bulk_loaded=0 render_context_captures=11767 render_context_commits=11767 render_context_fallbacks=0 render_context_direct_calls=23534 palette_batch_calls=17314 palette_batch_vertices=613393 palette_batch_declined=0 palette_batch_closed_loops=17314 projection_batch_calls=17836 projection_batch_vertices=617453 projection_batch_declined=1 projection_batch_verified=0 sound_metadata_hits=0 sound_metadata_misses=0 sound_metadata_verified=0 deferred_midi_notes=0 animation_hierarchy_original_calls=0 animation_hierarchy_nodes=15923 animation_direct_write_calls=399 pose_blend_native_calls=0 pose_blend_original_calls=0 pose_direct_write_calls=0 matrix_vector_point_native_calls=7903 matrix_vector_point_original_calls=0 matrix_vector_direction_native_calls=6268 matrix_vector_direction_original_calls=0 matrix_vector_store_native_calls=0 matrix_vector_store_original_calls=0 matrix_vector_translation_native_calls=0 matrix_vector_translation_original_calls=0 atan_native_calls=0 inverse_trig_native_calls=43709 inverse_trig_declined=0 inverse_memory_calls=0 inverse_memory_stores=0 atan_original_calls=0 atan_quotient_native_calls=2 atan_quotient_original_calls=0 atan_polynomial_native_calls=0 atan_polynomial_original_calls=0 atan_scale_native_calls=0 atan_scale_original_calls=0 matrix_inverse_original_calls=0 matrix_determinant_native_calls=0 matrix_determinant_original_calls=0 player_state_readable=1 player_x=-3.12292 player_y=3.96008 player_z=2.31354 player_x_bits=3225935339 player_y_bits=1081962984 player_z_bits=1075056899 frame_window_begin=5 frame_window_end=25 game_ticks=200 hud_timer_ticks=10766 update_timing=0 update_tasks=0 update_tails=0 update_main_tasks=0 update_alternate_tasks=0 update_waits=0 update_elapsed=0 update_elapsed_extra=0 update_timer_setups=0 periodic_epoch_ns=118558701908816 periodic_callbacks=1 render_completion_experiment=0 guest_render_submitted=0 guest_render_completed=0 guest_render_dispatched=0 guest_render_callback=0 guest_render_counter=0 guest_render_nonzero_callbacks=0 update_unreadable=0 execution_thread_id=67200 execution_cpu_valid=1 execution_cpu_100ns=736254771 process_cpu_valid=1 process_cpu_100ns=3750594949 execution_cycles_valid=0 execution_cycles=0 phase=0 final=0
SONIC_NATIVE_SCENARIO_GAMEPLAY_SAMPLE id=gamma-emerald-coast protocol=3 input_profile=3 monotonic_ns=118561464908014 elapsed_ms=10374 collision_debug_signed=-1 frame=261 presentations=256 relative_frame=9 max_frame_ns=1659168074 input_applied_frames=9 completed_frames=10 drawn_frames=9 cadence_readable=1 active_video_hz=50 clock_owner=postpal-checkpoint clock_bound_frame=0 tv_mode_readable=1 tv_mode_word=1 release_slots=2 logical_delta=2 sixty_frame_fixture=0 native_gameplay_math=1 native_leaf_math=1 math_scope_readable=1 main_state=4 scene=15 palette_native_calls=17618 palette_original_calls=0 vertex_normals_native_calls=0 vertex_normals_original_calls=0 matrix_push_native_calls=21664 matrix_push_original_calls=0 matrix_pop_native_calls=24496 matrix_pop_original_calls=0 matrix_staged_groups=0 collision_cross_native_calls=204 collision_length_native_calls=3965 collision_normalize_native_calls=2752 collision_cross_original_calls=0 collision_length_original_calls=0 collision_normalize_original_calls=0 matrix_inverse_native_calls=809 triangle_contacts_native_calls=0 triangle_contacts_original_calls=0 triangle_contacts_scope_blocked_calls=0 collision_candidates_native_calls=2837 collision_candidates_scope_blocked_calls=0 collision_candidates_original_calls=0 motion_sampling_native_calls=0 motion_sampling_original_calls=0 animation_hierarchy_native_calls=407 model_packets=0 model_snapshots=0 model_packet_verified=0 model_packet_vertices=0 model_gpu_draws=0 model_point_uploads=0 model_corner_uploads=0 closed_memory_calls=140734 closed_memory_words=2474762 collision_memory_intervals=0 collision_memory_reads=0 collision_memory_writes=0 model_pipeline_calls=27407 model_pipeline_declined=0 model_pipeline_points=526942 model_pipeline_normals=13797 model_pipeline_draws=13797 model_pipeline_direct_outputs=13856 model_pipeline_root_operations=0 model_pipeline_closed_children=0 object_distance_calls=124955 object_distance_native=124955 object_distance_fallback=0 object_activation_calls=203 object_lifetime_calls=12756 object_records=122409 object_created=56 object_retired=0 object_declined=0 object_slow_accesses=0 movement_calls=0 movement_declined=0 movement_callbacks=0 movement_reentries=0 contact_family_calls=0 object_contact_calls=0 camera_operation_calls=0 contact_family_internal=0 contact_family_foreign=0 contact_family_resumes=0 world_calls=204 world_declined=0 world_internal=11702 world_callbacks=37040 world_resumes=0 world_membership=3468 world_eligibility=3654 render_hierarchy_calls=7635 render_hierarchy_declined=0 render_hierarchy_internal=384492 render_hierarchy_callbacks=38647 render_model_calls=0 render_model_revocations=0 render_hierarchy_resumes=0 rigid_hierarchy_calls=6469 morph_hierarchy_calls=0 land_render_calls=0 collision_fused_cross=0 collision_fused_length=0 collision_fused_normalize=0 matrix_bulk_pushes=0 matrix_bulk_pops=0 matrix_bulk_saved=0 matrix_bulk_loaded=0 render_context_captures=11989 render_context_commits=11989 render_context_fallbacks=0 render_context_direct_calls=23978 palette_batch_calls=17618 palette_batch_vertices=623973 palette_batch_declined=0 palette_batch_closed_loops=17618 projection_batch_calls=18149 projection_batch_vertices=628103 projection_batch_declined=1 projection_batch_verified=0 sound_metadata_hits=0 sound_metadata_misses=0 sound_metadata_verified=0 deferred_midi_notes=0 animation_hierarchy_original_calls=0 animation_hierarchy_nodes=16243 animation_direct_write_calls=407 pose_blend_native_calls=0 pose_blend_original_calls=0 pose_direct_write_calls=0 matrix_vector_point_native_calls=8037 matrix_vector_point_original_calls=0 matrix_vector_direction_native_calls=6381 matrix_vector_direction_original_calls=0 matrix_vector_store_native_calls=0 matrix_vector_store_original_calls=0 matrix_vector_translation_native_calls=0 matrix_vector_translation_original_calls=0 atan_native_calls=0 inverse_trig_native_calls=44538 inverse_trig_declined=0 inverse_memory_calls=0 inverse_memory_stores=0 atan_original_calls=0 atan_quotient_native_calls=2 atan_quotient_original_calls=0 atan_polynomial_native_calls=0 atan_polynomial_original_calls=0 atan_scale_native_calls=0 atan_scale_original_calls=0 matrix_inverse_original_calls=0 matrix_determinant_native_calls=0 matrix_determinant_original_calls=0 player_state_readable=1 player_x=-3.54103 player_y=4 player_z=2.60329 player_x_bits=3227689011 player_y_bits=1082130432 player_z_bits=1076272202 frame_window_begin=5 frame_window_end=25 game_ticks=204 hud_timer_ticks=10762 update_timing=0 update_tasks=0 update_tails=0 update_main_tasks=0 update_alternate_tasks=0 update_waits=0 update_elapsed=0 update_elapsed_extra=0 update_timer_setups=0 periodic_epoch_ns=118560361091975 periodic_callbacks=0 render_completion_experiment=0 guest_render_submitted=0 guest_render_completed=0 guest_render_dispatched=0 guest_render_callback=0 guest_render_counter=0 guest_render_nonzero_callbacks=0 update_unreadable=0 execution_thread_id=67200 execution_cpu_valid=1 execution_cpu_100ns=745495662 process_cpu_valid=1 process_cpu_100ns=3789854862 execution_cycles_valid=0 execution_cycles=0 phase=0 final=0
SONIC_NATIVE_SCENARIO_GAMEPLAY_SAMPLE id=gamma-emerald-coast protocol=3 input_profile=3 monotonic_ns=118563020853666 elapsed_ms=11930 collision_debug_signed=-1 frame=262 presentations=257 relative_frame=10 max_frame_ns=1659168074 input_applied_frames=10 completed_frames=11 drawn_frames=10 cadence_readable=1 active_video_hz=50 clock_owner=postpal-checkpoint clock_bound_frame=0 tv_mode_readable=1 tv_mode_word=1 release_slots=2 logical_delta=2 sixty_frame_fixture=0 native_gameplay_math=1 native_leaf_math=1 math_scope_readable=1 main_state=4 scene=15 palette_native_calls=17922 palette_original_calls=0 vertex_normals_native_calls=0 vertex_normals_original_calls=0 matrix_push_native_calls=21988 matrix_push_original_calls=0 matrix_pop_native_calls=24863 matrix_pop_original_calls=0 matrix_staged_groups=0 collision_cross_native_calls=207 collision_length_native_calls=4021 collision_normalize_native_calls=2793 collision_cross_original_calls=0 collision_length_original_calls=0 collision_normalize_original_calls=0 matrix_inverse_native_calls=821 triangle_contacts_native_calls=0 triangle_contacts_original_calls=0 triangle_contacts_scope_blocked_calls=0 collision_candidates_native_calls=2879 collision_candidates_scope_blocked_calls=0 collision_candidates_original_calls=0 motion_sampling_native_calls=0 motion_sampling_original_calls=0 animation_hierarchy_native_calls=413 model_packets=0 model_snapshots=0 model_packet_verified=0 model_packet_vertices=0 model_gpu_draws=0 model_point_uploads=0 model_corner_uploads=0 closed_memory_calls=142884 closed_memory_words=2514399 collision_memory_intervals=0 collision_memory_reads=0 collision_memory_writes=0 model_pipeline_calls=27854 model_pipeline_declined=0 model_pipeline_points=535914 model_pipeline_normals=14040 model_pipeline_draws=14040 model_pipeline_direct_outputs=14100 model_pipeline_root_operations=0 model_pipeline_closed_children=0 object_distance_calls=126800 object_distance_native=126800 object_distance_fallback=0 object_activation_calls=206 object_lifetime_calls=12945 object_records=124218 object_created=56 object_retired=0 object_declined=0 object_slow_accesses=0 movement_calls=0 movement_declined=0 movement_callbacks=0 movement_reentries=0 contact_family_calls=0 object_contact_calls=0 camera_operation_calls=0 contact_family_internal=0 contact_family_foreign=0 contact_family_resumes=0 world_calls=207 world_declined=0 world_internal=11825 world_callbacks=37568 world_resumes=0 world_membership=3519 world_eligibility=3708 render_hierarchy_calls=7750 render_hierarchy_declined=0 render_hierarchy_internal=390814 render_hierarchy_callbacks=39241 render_model_calls=0 render_model_revocations=0 render_hierarchy_resumes=0 rigid_hierarchy_calls=6565 morph_hierarchy_calls=0 land_render_calls=0 collision_fused_cross=0 collision_fused_length=0 collision_fused_normalize=0 matrix_bulk_pushes=0 matrix_bulk_pops=0 matrix_bulk_saved=0 matrix_bulk_loaded=0 render_context_captures=12174 render_context_commits=12174 render_context_fallbacks=0 render_context_direct_calls=24348 palette_batch_calls=17922 palette_batch_vertices=634553 palette_batch_declined=0 palette_batch_closed_loops=17922 projection_batch_calls=18462 projection_batch_vertices=638753 projection_batch_declined=1 projection_batch_verified=0 sound_metadata_hits=0 sound_metadata_misses=0 sound_metadata_verified=0 deferred_midi_notes=0 animation_hierarchy_original_calls=0 animation_hierarchy_nodes=16483 animation_direct_write_calls=413 pose_blend_native_calls=0 pose_blend_original_calls=0 pose_direct_write_calls=0 matrix_vector_point_native_calls=8141 matrix_vector_point_original_calls=0 matrix_vector_direction_native_calls=6475 matrix_vector_direction_original_calls=0 matrix_vector_store_native_calls=0 matrix_vector_store_original_calls=0 matrix_vector_translation_native_calls=0 matrix_vector_translation_original_calls=0 atan_native_calls=0 inverse_trig_native_calls=45227 inverse_trig_declined=0 inverse_memory_calls=0 inverse_memory_stores=0 atan_original_calls=0 atan_quotient_native_calls=2 atan_quotient_original_calls=0 atan_polynomial_native_calls=0 atan_polynomial_original_calls=0 atan_scale_native_calls=0 atan_scale_original_calls=0 matrix_inverse_original_calls=0 matrix_determinant_native_calls=0 matrix_determinant_original_calls=0 player_state_readable=1 player_x=-3.67363 player_y=4 player_z=2.69377 player_x_bits=3228245200 player_y_bits=1082130432 player_z_bits=1076651700 frame_window_begin=5 frame_window_end=25 game_ticks=207 hud_timer_ticks=10759 update_timing=0 update_tasks=0 update_tails=0 update_main_tasks=0 update_alternate_tasks=0 update_waits=0 update_elapsed=0 update_elapsed_extra=0 update_timer_setups=0 periodic_epoch_ns=118561470742838 periodic_callbacks=1 render_completion_experiment=0 guest_render_submitted=0 guest_render_completed=0 guest_render_dispatched=0 guest_render_callback=0 guest_render_counter=0 guest_render_nonzero_callbacks=0 update_unreadable=0 execution_thread_id=67200 execution_cpu_valid=1 execution_cpu_100ns=751809710 process_cpu_valid=1 process_cpu_100ns=3830248276 execution_cycles_valid=0 execution_cycles=0 phase=0 final=0
SONIC_NATIVE_SCENARIO_GAMEPLAY_SAMPLE id=gamma-emerald-coast protocol=3 input_profile=3 monotonic_ns=118564089307918 elapsed_ms=12998 collision_debug_signed=-1 frame=263 presentations=258 relative_frame=11 max_frame_ns=1659168074 input_applied_frames=11 completed_frames=12 drawn_frames=11 cadence_readable=1 active_video_hz=50 clock_owner=postpal-checkpoint clock_bound_frame=0 tv_mode_readable=1 tv_mode_word=1 release_slots=2 logical_delta=2 sixty_frame_fixture=0 native_gameplay_math=1 native_leaf_math=1 math_scope_readable=1 main_state=4 scene=15 palette_native_calls=18221 palette_original_calls=0 vertex_normals_native_calls=0 vertex_normals_original_calls=0 matrix_push_native_calls=22312 matrix_push_original_calls=0 matrix_pop_native_calls=25229 matrix_pop_original_calls=0 matrix_staged_groups=0 collision_cross_native_calls=210 collision_length_native_calls=4076 collision_normalize_native_calls=2834 collision_cross_original_calls=0 collision_length_original_calls=0 collision_normalize_original_calls=0 matrix_inverse_native_calls=833 triangle_contacts_native_calls=0 triangle_contacts_original_calls=0 triangle_contacts_scope_blocked_calls=0 collision_candidates_native_calls=2921 collision_candidates_scope_blocked_calls=0 collision_candidates_original_calls=0 motion_sampling_native_calls=0 motion_sampling_original_calls=0 animation_hierarchy_native_calls=419 model_packets=0 model_snapshots=0 model_packet_verified=0 model_packet_vertices=0 model_gpu_draws=0 model_point_uploads=0 model_corner_uploads=0 closed_memory_calls=144955 closed_memory_words=2553540 collision_memory_intervals=0 collision_memory_reads=0 collision_memory_writes=0 model_pipeline_calls=28290 model_pipeline_declined=0 model_pipeline_points=544847 model_pipeline_normals=14278 model_pipeline_draws=14278 model_pipeline_direct_outputs=14339 model_pipeline_root_operations=0 model_pipeline_closed_children=0 object_distance_calls=128645 object_distance_native=128645 object_distance_fallback=0 object_activation_calls=209 object_lifetime_calls=13134 object_records=126027 object_created=56 object_retired=0 object_declined=0 object_slow_accesses=0 movement_calls=0 movement_declined=0 movement_callbacks=0 movement_reentries=0 contact_family_calls=0 object_contact_calls=0 camera_operation_calls=0 contact_family_internal=0 contact_family_foreign=0 contact_family_resumes=0 world_calls=210 world_declined=0 world_internal=11948 world_callbacks=38096 world_resumes=0 world_membership=3570 world_eligibility=3762 render_hierarchy_calls=7863 render_hierarchy_declined=0 render_hierarchy_internal=397030 render_hierarchy_callbacks=39825 render_model_calls=0 render_model_revocations=0 render_hierarchy_resumes=0 rigid_hierarchy_calls=6661 morph_hierarchy_calls=0 land_render_calls=0 collision_fused_cross=0 collision_fused_length=0 collision_fused_normalize=0 matrix_bulk_pushes=0 matrix_bulk_pops=0 matrix_bulk_saved=0 matrix_bulk_loaded=0 render_context_captures=12357 render_context_commits=12357 render_context_fallbacks=0 render_context_direct_calls=24714 palette_batch_calls=18221 palette_batch_vertices=645094 palette_batch_declined=0 palette_batch_closed_loops=18221 projection_batch_calls=18770 projection_batch_vertices=649364 projection_batch_declined=1 projection_batch_verified=0 sound_metadata_hits=0 sound_metadata_misses=0 sound_metadata_verified=0 deferred_midi_notes=0 animation_hierarchy_original_calls=0 animation_hierarchy_nodes=16723 animation_direct_write_calls=419 pose_blend_native_calls=0 pose_blend_original_calls=0 pose_direct_write_calls=0 matrix_vector_point_native_calls=8245 matrix_vector_point_original_calls=0 matrix_vector_direction_native_calls=6568 matrix_vector_direction_original_calls=0 matrix_vector_store_native_calls=0 matrix_vector_store_original_calls=0 matrix_vector_translation_native_calls=0 matrix_vector_translation_original_calls=0 atan_native_calls=0 inverse_trig_native_calls=45869 inverse_trig_declined=0 inverse_memory_calls=0 inverse_memory_stores=0 atan_original_calls=0 atan_quotient_native_calls=2 atan_quotient_original_calls=0 atan_polynomial_native_calls=0 atan_polynomial_original_calls=0 atan_scale_native_calls=0 atan_scale_original_calls=0 matrix_inverse_original_calls=0 matrix_determinant_native_calls=0 matrix_determinant_original_calls=0 player_state_readable=1 player_x=-3.96337 player_y=4 player_z=2.89096 player_x_bits=3229460447 player_y_bits=1082130432 player_z_bits=1077478771 frame_window_begin=5 frame_window_end=25 game_ticks=210 hud_timer_ticks=10756 update_timing=0 update_tasks=0 update_tails=0 update_main_tasks=0 update_alternate_tasks=0 update_waits=0 update_elapsed=0 update_elapsed_extra=0 update_timer_setups=0 periodic_epoch_ns=118563027912670 periodic_callbacks=0 render_completion_experiment=0 guest_render_submitted=0 guest_render_completed=0 guest_render_dispatched=0 guest_render_callback=0 guest_render_counter=0 guest_render_nonzero_callbacks=0 update_unreadable=0 execution_thread_id=67200 execution_cpu_valid=1 execution_cpu_100ns=757920910 process_cpu_valid=1 process_cpu_100ns=3865310713 execution_cycles_valid=0 execution_cycles=0 phase=0 final=0
SONIC_NATIVE_SCENARIO_GAMEPLAY_SAMPLE id=gamma-emerald-coast protocol=3 input_profile=3 monotonic_ns=118565649894107 elapsed_ms=14559 collision_debug_signed=-1 frame=264 presentations=259 relative_frame=12 max_frame_ns=1659168074 input_applied_frames=12 completed_frames=13 drawn_frames=12 cadence_readable=1 active_video_hz=50 clock_owner=postpal-checkpoint clock_bound_frame=0 tv_mode_readable=1 tv_mode_word=1 release_slots=2 logical_delta=2 sixty_frame_fixture=0 native_gameplay_math=1 native_leaf_math=1 math_scope_readable=1 main_state=4 scene=15 palette_native_calls=18525 palette_original_calls=0 vertex_normals_native_calls=0 vertex_normals_original_calls=0 matrix_push_native_calls=22754 matrix_push_original_calls=0 matrix_pop_native_calls=25727 matrix_pop_original_calls=0 matrix_staged_groups=0 collision_cross_native_calls=214 collision_length_native_calls=4149 collision_normalize_native_calls=2888 collision_cross_original_calls=0 collision_length_original_calls=0 collision_normalize_original_calls=0 matrix_inverse_native_calls=849 triangle_contacts_native_calls=0 triangle_contacts_original_calls=0 triangle_contacts_scope_blocked_calls=0 collision_candidates_native_calls=2977 collision_candidates_scope_blocked_calls=0 collision_candidates_original_calls=0 motion_sampling_native_calls=0 motion_sampling_original_calls=0 animation_hierarchy_native_calls=427 model_packets=0 model_snapshots=0 model_packet_verified=0 model_packet_vertices=0 model_gpu_draws=0 model_point_uploads=0 model_corner_uploads=0 closed_memory_calls=147618 closed_memory_words=2598585 collision_memory_intervals=0 collision_memory_reads=0 collision_memory_writes=0 model_pipeline_calls=28837 model_pipeline_declined=0 model_pipeline_points=553815 model_pipeline_normals=14521 model_pipeline_draws=14521 model_pipeline_direct_outputs=14583 model_pipeline_root_operations=0 model_pipeline_closed_children=0 object_distance_calls=131105 object_distance_native=131105 object_distance_fallback=0 object_activation_calls=213 object_lifetime_calls=13386 object_records=128439 object_created=56 object_retired=0 object_declined=0 object_slow_accesses=0 movement_calls=0 movement_declined=0 movement_callbacks=0 movement_reentries=0 contact_family_calls=0 object_contact_calls=0 camera_operation_calls=0 contact_family_internal=0 contact_family_foreign=0 contact_family_resumes=0 world_calls=214 world_declined=0 world_internal=12112 world_callbacks=38800 world_resumes=0 world_membership=3638 world_eligibility=3834 render_hierarchy_calls=8017 render_hierarchy_declined=0 render_hierarchy_internal=405928 render_hierarchy_callbacks=40627 render_model_calls=0 render_model_revocations=0 render_hierarchy_resumes=0 rigid_hierarchy_calls=6789 morph_hierarchy_calls=0 land_render_calls=0 collision_fused_cross=0 collision_fused_length=0 collision_fused_normalize=0 matrix_bulk_pushes=0 matrix_bulk_pops=0 matrix_bulk_saved=0 matrix_bulk_loaded=0 render_context_captures=12581 render_context_commits=12581 render_context_fallbacks=0 render_context_direct_calls=25162 palette_batch_calls=18525 palette_batch_vertices=655670 palette_batch_declined=0 palette_batch_closed_loops=18525 projection_batch_calls=19083 projection_batch_vertices=660010 projection_batch_declined=1 projection_batch_verified=0 sound_metadata_hits=0 sound_metadata_misses=0 sound_metadata_verified=0 deferred_midi_notes=0 animation_hierarchy_original_calls=0 animation_hierarchy_nodes=17043 animation_direct_write_calls=427 pose_blend_native_calls=0 pose_blend_original_calls=0 pose_direct_write_calls=0 matrix_vector_point_native_calls=8399 matrix_vector_point_original_calls=0 matrix_vector_direction_native_calls=6707 matrix_vector_direction_original_calls=0 matrix_vector_store_native_calls=0 matrix_vector_store_original_calls=0 matrix_vector_translation_native_calls=0 matrix_vector_translation_original_calls=0 atan_native_calls=0 inverse_trig_native_calls=46689 inverse_trig_declined=0 inverse_memory_calls=0 inverse_memory_stores=0 atan_original_calls=0 atan_quotient_native_calls=2 atan_quotient_original_calls=0 atan_polynomial_native_calls=0 atan_polynomial_original_calls=0 atan_scale_native_calls=0 atan_scale_original_calls=0 matrix_inverse_original_calls=0 matrix_determinant_native_calls=0 matrix_determinant_original_calls=0 player_state_readable=1 player_x=-4.59436 player_y=4 player_z=3.31951 player_x_bits=3230860537 player_y_bits=1082130432 player_z_bits=1079276255 frame_window_begin=5 frame_window_end=25 game_ticks=214 hud_timer_ticks=10752 update_timing=0 update_tasks=0 update_tails=0 update_main_tasks=0 update_alternate_tasks=0 update_waits=0 update_elapsed=0 update_elapsed_extra=0 update_timer_setups=0 periodic_epoch_ns=118564094663072 periodic_callbacks=1 render_completion_experiment=0 guest_render_submitted=0 guest_render_completed=0 guest_render_dispatched=0 guest_render_callback=0 guest_render_counter=0 guest_render_nonzero_callbacks=0 update_unreadable=0 execution_thread_id=67200 execution_cpu_valid=1 execution_cpu_100ns=765487921 process_cpu_valid=1 process_cpu_100ns=3906641806 execution_cycles_valid=0 execution_cycles=0 phase=0 final=0
SONIC_NATIVE_SCENARIO_GAMEPLAY_SAMPLE id=gamma-emerald-coast protocol=3 input_profile=3 monotonic_ns=118566725813559 elapsed_ms=15635 collision_debug_signed=-1 frame=265 presentations=260 relative_frame=13 max_frame_ns=1659168074 input_applied_frames=13 completed_frames=14 drawn_frames=13 cadence_readable=1 active_video_hz=50 clock_owner=postpal-checkpoint clock_bound_frame=0 tv_mode_readable=1 tv_mode_word=1 release_slots=2 logical_delta=2 sixty_frame_fixture=0 native_gameplay_math=1 native_leaf_math=1 math_scope_readable=1 main_state=4 scene=15 palette_native_calls=18830 palette_original_calls=0 vertex_normals_native_calls=0 vertex_normals_original_calls=0 matrix_push_native_calls=23091 matrix_push_original_calls=0 matrix_pop_native_calls=26106 matrix_pop_original_calls=0 matrix_staged_groups=0 collision_cross_native_calls=217 collision_length_native_calls=4204 collision_normalize_native_calls=2929 collision_cross_original_calls=0 collision_length_original_calls=0 collision_normalize_original_calls=0 matrix_inverse_native_calls=861 triangle_contacts_native_calls=0 triangle_contacts_original_calls=0 triangle_contacts_scope_blocked_calls=0 collision_candidates_native_calls=3019 collision_candidates_scope_blocked_calls=0 collision_candidates_original_calls=0 motion_sampling_native_calls=0 motion_sampling_original_calls=0 animation_hierarchy_native_calls=433 model_packets=0 model_snapshots=0 model_packet_verified=0 model_packet_vertices=0 model_gpu_draws=0 model_point_uploads=0 model_corner_uploads=0 closed_memory_calls=149631 closed_memory_words=2637600 collision_memory_intervals=0 collision_memory_reads=0 collision_memory_writes=0 model_pipeline_calls=29299 model_pipeline_declined=0 model_pipeline_points=562791 model_pipeline_normals=14765 model_pipeline_draws=14765 model_pipeline_direct_outputs=14828 model_pipeline_root_operations=0 model_pipeline_closed_children=0 object_distance_calls=132950 object_distance_native=132950 object_distance_fallback=0 object_activation_calls=216 object_lifetime_calls=13575 object_records=130248 object_created=56 object_retired=0 object_declined=0 object_slow_accesses=0 movement_calls=0 movement_declined=0 movement_callbacks=0 movement_reentries=0 contact_family_calls=0 object_contact_calls=0 camera_operation_calls=0 contact_family_internal=0 contact_family_foreign=0 contact_family_resumes=0 world_calls=217 world_declined=0 world_internal=12235 world_callbacks=39328 world_resumes=0 world_membership=3689 world_eligibility=3888 render_hierarchy_calls=8135 render_hierarchy_declined=0 render_hierarchy_internal=413853 render_hierarchy_callbacks=41266 render_model_calls=0 render_model_revocations=0 render_hierarchy_resumes=0 rigid_hierarchy_calls=6885 morph_hierarchy_calls=0 land_render_calls=0 collision_fused_cross=0 collision_fused_length=0 collision_fused_normalize=0 matrix_bulk_pushes=0 matrix_bulk_pops=0 matrix_bulk_saved=0 matrix_bulk_loaded=0 render_context_captures=12769 render_context_commits=12769 render_context_fallbacks=0 render_context_direct_calls=25538 palette_batch_calls=18830 palette_batch_vertices=666254 palette_batch_declined=0 palette_batch_closed_loops=18830 projection_batch_calls=19397 projection_batch_vertices=670664 projection_batch_declined=1 projection_batch_verified=0 sound_metadata_hits=0 sound_metadata_misses=0 sound_metadata_verified=0 deferred_midi_notes=0 animation_hierarchy_original_calls=0 animation_hierarchy_nodes=17283 animation_direct_write_calls=433 pose_blend_native_calls=0 pose_blend_original_calls=0 pose_direct_write_calls=0 matrix_vector_point_native_calls=8513 matrix_vector_point_original_calls=0 matrix_vector_direction_native_calls=6808 matrix_vector_direction_original_calls=0 matrix_vector_store_native_calls=0 matrix_vector_store_original_calls=0 matrix_vector_translation_native_calls=0 matrix_vector_translation_original_calls=0 atan_native_calls=0 inverse_trig_native_calls=47259 inverse_trig_declined=0 inverse_memory_calls=0 inverse_memory_stores=0 atan_original_calls=0 atan_quotient_native_calls=2 atan_quotient_original_calls=0 atan_polynomial_native_calls=0 atan_polynomial_original_calls=0 atan_scale_native_calls=0 atan_scale_original_calls=0 matrix_inverse_original_calls=0 matrix_determinant_native_calls=0 matrix_determinant_original_calls=0 player_state_readable=1 player_x=-5.25121 player_y=4 player_z=3.76499 player_x_bits=3232238060 player_y_bits=1082130432 player_z_bits=1081144712 frame_window_begin=5 frame_window_end=25 game_ticks=217 hud_timer_ticks=10749 update_timing=0 update_tasks=0 update_tails=0 update_main_tasks=0 update_alternate_tasks=0 update_waits=0 update_elapsed=0 update_elapsed_extra=0 update_timer_setups=0 periodic_epoch_ns=118565655213782 periodic_callbacks=0 render_completion_experiment=0 guest_render_submitted=0 guest_render_completed=0 guest_render_dispatched=0 guest_render_callback=0 guest_render_counter=0 guest_render_nonzero_callbacks=0 update_unreadable=0 execution_thread_id=67200 execution_cpu_valid=1 execution_cpu_100ns=771617060 process_cpu_valid=1 process_cpu_100ns=3941729223 execution_cycles_valid=0 execution_cycles=0 phase=0 final=0
SONIC_NATIVE_SCENARIO_GAMEPLAY_SAMPLE id=gamma-emerald-coast protocol=3 input_profile=3 monotonic_ns=118567841739804 elapsed_ms=16751 collision_debug_signed=-1 frame=266 presentations=261 relative_frame=14 max_frame_ns=1659168074 input_applied_frames=14 completed_frames=15 drawn_frames=14 cadence_readable=1 active_video_hz=50 clock_owner=postpal-checkpoint clock_bound_frame=0 tv_mode_readable=1 tv_mode_word=1 release_slots=2 logical_delta=2 sixty_frame_fixture=0 native_gameplay_math=1 native_leaf_math=1 math_scope_readable=1 main_state=4 scene=15 palette_native_calls=19135 palette_original_calls=0 vertex_normals_native_calls=0 vertex_normals_original_calls=0 matrix_push_native_calls=23536 matrix_push_original_calls=0 matrix_pop_native_calls=26607 matrix_pop_original_calls=0 matrix_staged_groups=0 collision_cross_native_calls=221 collision_length_native_calls=4278 collision_normalize_native_calls=2983 collision_cross_original_calls=0 collision_length_original_calls=0 collision_normalize_original_calls=0 matrix_inverse_native_calls=877 triangle_contacts_native_calls=0 triangle_contacts_original_calls=0 triangle_contacts_scope_blocked_calls=0 collision_candidates_native_calls=3075 collision_candidates_scope_blocked_calls=0 collision_candidates_original_calls=0 motion_sampling_native_calls=0 motion_sampling_original_calls=0 animation_hierarchy_native_calls=441 model_packets=0 model_snapshots=0 model_packet_verified=0 model_packet_vertices=0 model_gpu_draws=0 model_point_uploads=0 model_corner_uploads=0 closed_memory_calls=152065 closed_memory_words=2681694 collision_memory_intervals=0 collision_memory_reads=0 collision_memory_writes=0 model_pipeline_calls=29907 model_pipeline_declined=0 model_pipeline_points=571767 model_pipeline_normals=15009 model_pipeline_draws=15009 model_pipeline_direct_outputs=15073 model_pipeline_root_operations=0 model_pipeline_closed_children=0 object_distance_calls=135415 object_distance_native=135415 object_distance_fallback=0 object_activation_calls=220 object_lifetime_calls=13831 object_records=132660 object_created=57 object_retired=0 object_declined=0 object_slow_accesses=0 movement_calls=0 movement_declined=0 movement_callbacks=0 movement_reentries=0 contact_family_calls=0 object_contact_calls=0 camera_operation_calls=0 contact_family_internal=0 contact_family_foreign=0 contact_family_resumes=0 world_calls=221 world_declined=0 world_internal=12399 world_callbacks=40032 world_resumes=0 world_membership=3757 world_eligibility=3960 render_hierarchy_calls=8293 render_hierarchy_declined=0 render_hierarchy_internal=424331 render_hierarchy_callbacks=42128 render_model_calls=0 render_model_revocations=0 render_hierarchy_resumes=0 rigid_hierarchy_calls=7013 morph_hierarchy_calls=0 land_render_calls=0 collision_fused_cross=0 collision_fused_length=0 collision_fused_normalize=0 matrix_bulk_pushes=0 matrix_bulk_pops=0 matrix_bulk_saved=0 matrix_bulk_loaded=0 render_context_captures=12997 render_context_commits=12997 render_context_fallbacks=0 render_context_direct_calls=25994 palette_batch_calls=19135 palette_batch_vertices=676838 palette_batch_declined=0 palette_batch_closed_loops=19135 projection_batch_calls=19711 projection_batch_vertices=681318 projection_batch_declined=1 projection_batch_verified=0 sound_metadata_hits=0 sound_metadata_misses=0 sound_metadata_verified=0 deferred_midi_notes=0 animation_hierarchy_original_calls=0 animation_hierarchy_nodes=17603 animation_direct_write_calls=441 pose_blend_native_calls=0 pose_blend_original_calls=0 pose_direct_write_calls=0 matrix_vector_point_native_calls=8657 matrix_vector_point_original_calls=0 matrix_vector_direction_native_calls=6931 matrix_vector_direction_original_calls=0 matrix_vector_store_native_calls=0 matrix_vector_store_original_calls=0 matrix_vector_translation_native_calls=0 matrix_vector_translation_original_calls=0 atan_native_calls=0 inverse_trig_native_calls=47939 inverse_trig_declined=0 inverse_memory_calls=0 inverse_memory_stores=0 atan_original_calls=0 atan_quotient_native_calls=2 atan_quotient_original_calls=0 atan_polynomial_native_calls=0 atan_polynomial_original_calls=0 atan_scale_native_calls=0 atan_scale_original_calls=0 matrix_inverse_original_calls=0 matrix_determinant_native_calls=0 matrix_determinant_original_calls=0 player_state_readable=1 player_x=-6.372 player_y=4 player_z=4.52412 player_x_bits=3234588529 player_y_bits=1082130432 player_z_bits=1083229592 frame_window_begin=5 frame_window_end=25 game_ticks=221 hud_timer_ticks=10745 update_timing=0 update_tasks=0 update_tails=0 update_main_tasks=0 update_alternate_tasks=0 update_waits=0 update_elapsed=0 update_elapsed_extra=0 update_timer_setups=0 periodic_epoch_ns=118566734885949 periodic_callbacks=0 render_completion_experiment=0 guest_render_submitted=0 guest_render_completed=0 guest_render_dispatched=0 guest_render_callback=0 guest_render_counter=0 guest_render_nonzero_callbacks=0 update_unreadable=0 execution_thread_id=67200 execution_cpu_valid=1 execution_cpu_100ns=779097139 process_cpu_valid=1 process_cpu_100ns=3979074659 execution_cycles_valid=0 execution_cycles=0 phase=0 final=0
SONIC_NATIVE_SCENARIO_GAMEPLAY_SAMPLE id=gamma-emerald-coast protocol=3 input_profile=3 monotonic_ns=118568927093422 elapsed_ms=17836 collision_debug_signed=-1 frame=267 presentations=262 relative_frame=15 max_frame_ns=1659168074 input_applied_frames=15 completed_frames=16 drawn_frames=15 cadence_readable=1 active_video_hz=50 clock_owner=postpal-checkpoint clock_bound_frame=0 tv_mode_readable=1 tv_mode_word=1 release_slots=2 logical_delta=2 sixty_frame_fixture=0 native_gameplay_math=1 native_leaf_math=1 math_scope_readable=1 main_state=4 scene=15 palette_native_calls=19443 palette_original_calls=0 vertex_normals_native_calls=0 vertex_normals_original_calls=0 matrix_push_native_calls=23879 matrix_push_original_calls=0 matrix_pop_native_calls=26992 matrix_pop_original_calls=0 matrix_staged_groups=0 collision_cross_native_calls=224 collision_length_native_calls=4333 collision_normalize_native_calls=3024 collision_cross_original_calls=0 collision_length_original_calls=0 collision_normalize_original_calls=0 matrix_inverse_native_calls=889 triangle_contacts_native_calls=0 triangle_contacts_original_calls=0 triangle_contacts_scope_blocked_calls=0 collision_candidates_native_calls=3117 collision_candidates_scope_blocked_calls=0 collision_candidates_original_calls=0 motion_sampling_native_calls=0 motion_sampling_original_calls=0 animation_hierarchy_native_calls=447 model_packets=0 model_snapshots=0 model_packet_verified=0 model_packet_vertices=0 model_gpu_draws=0 model_point_uploads=0 model_corner_uploads=0 closed_memory_calls=153991 closed_memory_words=2720726 collision_memory_intervals=0 collision_memory_reads=0 collision_memory_writes=0 model_pipeline_calls=30424 model_pipeline_declined=0 model_pipeline_points=580903 model_pipeline_normals=15268 model_pipeline_draws=15268 model_pipeline_direct_outputs=15333 model_pipeline_root_operations=0 model_pipeline_closed_children=0 object_distance_calls=137263 object_distance_native=137263 object_distance_fallback=0 object_activation_calls=223 object_lifetime_calls=14023 object_records=134469 object_created=57 object_retired=0 object_declined=0 object_slow_accesses=0 movement_calls=0 movement_declined=0 movement_callbacks=0 movement_reentries=0 contact_family_calls=0 object_contact_calls=0 camera_operation_calls=0 contact_family_internal=0 contact_family_foreign=0 contact_family_resumes=0 world_calls=224 world_declined=0 world_internal=12522 world_callbacks=40560 world_resumes=0 world_membership=3808 world_eligibility=4014 render_hierarchy_calls=8411 render_hierarchy_declined=0 render_hierarchy_internal=431949 render_hierarchy_callbacks=42777 render_model_calls=0 render_model_revocations=0 render_hierarchy_resumes=0 rigid_hierarchy_calls=7109 morph_hierarchy_calls=0 land_render_calls=0 collision_fused_cross=0 collision_fused_length=0 collision_fused_normalize=0 matrix_bulk_pushes=0 matrix_bulk_pops=0 matrix_bulk_saved=0 matrix_bulk_loaded=0 render_context_captures=13173 render_context_commits=13173 render_context_fallbacks=0 render_context_direct_calls=26346 palette_batch_calls=19443 palette_batch_vertices=687546 palette_batch_declined=0 palette_batch_closed_loops=19443 projection_batch_calls=20028 projection_batch_vertices=692096 projection_batch_declined=1 projection_batch_verified=0 sound_metadata_hits=0 sound_metadata_misses=0 sound_metadata_verified=0 deferred_midi_notes=0 animation_hierarchy_original_calls=0 animation_hierarchy_nodes=17843 animation_direct_write_calls=447 pose_blend_native_calls=0 pose_blend_original_calls=0 pose_direct_write_calls=0 matrix_vector_point_native_calls=8767 matrix_vector_point_original_calls=0 matrix_vector_direction_native_calls=7024 matrix_vector_direction_original_calls=0 matrix_vector_store_native_calls=0 matrix_vector_store_original_calls=0 matrix_vector_translation_native_calls=0 matrix_vector_translation_original_calls=0 atan_native_calls=0 inverse_trig_native_calls=48449 inverse_trig_declined=0 inverse_memory_calls=0 inverse_memory_stores=0 atan_original_calls=0 atan_quotient_native_calls=2 atan_quotient_original_calls=0 atan_polynomial_native_calls=0 atan_polynomial_original_calls=0 atan_scale_native_calls=0 atan_scale_original_calls=0 matrix_inverse_original_calls=0 matrix_determinant_native_calls=0 matrix_determinant_original_calls=0 player_state_readable=1 player_x=-7.37883 player_y=4 player_z=5.20555 player_x_bits=3236700006 player_y_bits=1082130432 player_z_bits=1084658657 frame_window_begin=5 frame_window_end=25 game_ticks=224 hud_timer_ticks=10742 update_timing=0 update_tasks=0 update_tails=0 update_main_tasks=0 update_alternate_tasks=0 update_waits=0 update_elapsed=0 update_elapsed_extra=0 update_timer_setups=0 periodic_epoch_ns=118567847319568 periodic_callbacks=0 render_completion_experiment=0 guest_render_submitted=0 guest_render_completed=0 guest_render_dispatched=0 guest_render_callback=0 guest_render_counter=0 guest_render_nonzero_callbacks=0 update_unreadable=0 execution_thread_id=67200 execution_cpu_valid=1 execution_cpu_100ns=785282318 process_cpu_valid=1 process_cpu_100ns=4014508758 execution_cycles_valid=0 execution_cycles=0 phase=0 final=0
SONIC_NATIVE_SCENARIO_GAMEPLAY_SAMPLE id=gamma-emerald-coast protocol=3 input_profile=3 monotonic_ns=118570310901413 elapsed_ms=19220 collision_debug_signed=-1 frame=268 presentations=263 relative_frame=16 max_frame_ns=1659168074 input_applied_frames=16 completed_frames=17 drawn_frames=16 cadence_readable=1 active_video_hz=50 clock_owner=postpal-checkpoint clock_bound_frame=0 tv_mode_readable=1 tv_mode_word=1 release_slots=2 logical_delta=2 sixty_frame_fixture=0 native_gameplay_math=1 native_leaf_math=1 math_scope_readable=1 main_state=4 scene=15 palette_native_calls=19747 palette_original_calls=0 vertex_normals_native_calls=0 vertex_normals_original_calls=0 matrix_push_native_calls=24228 matrix_push_original_calls=0 matrix_pop_native_calls=27383 matrix_pop_original_calls=0 matrix_staged_groups=0 collision_cross_native_calls=228 collision_length_native_calls=4389 collision_normalize_native_calls=3066 collision_cross_original_calls=0 collision_length_original_calls=0 collision_normalize_original_calls=0 matrix_inverse_native_calls=901 triangle_contacts_native_calls=0 triangle_contacts_original_calls=0 triangle_contacts_scope_blocked_calls=0 collision_candidates_native_calls=3159 collision_candidates_scope_blocked_calls=0 collision_candidates_original_calls=0 motion_sampling_native_calls=0 motion_sampling_original_calls=0 animation_hierarchy_native_calls=453 model_packets=0 model_snapshots=0 model_packet_verified=0 model_packet_vertices=0 model_gpu_draws=0 model_point_uploads=0 model_corner_uploads=0 closed_memory_calls=155955 closed_memory_words=2759946 collision_memory_intervals=0 collision_memory_reads=0 collision_memory_writes=0 model_pipeline_calls=30927 model_pipeline_declined=0 model_pipeline_points=590012 model_pipeline_normals=15523 model_pipeline_draws=15523 model_pipeline_direct_outputs=15589 model_pipeline_root_operations=0 model_pipeline_closed_children=0 object_distance_calls=139111 object_distance_native=139111 object_distance_fallback=0 object_activation_calls=226 object_lifetime_calls=14215 object_records=136278 object_created=57 object_retired=0 object_declined=0 object_slow_accesses=0 movement_calls=0 movement_declined=0 movement_callbacks=0 movement_reentries=0 contact_family_calls=0 object_contact_calls=0 camera_operation_calls=0 contact_family_internal=0 contact_family_foreign=0 contact_family_resumes=0 world_calls=227 world_declined=0 world_internal=12645 world_callbacks=41088 world_resumes=0 world_membership=3859 world_eligibility=4068 render_hierarchy_calls=8528 render_hierarchy_declined=0 render_hierarchy_internal=439174 render_hierarchy_callbacks=43411 render_model_calls=0 render_model_revocations=0 render_hierarchy_resumes=0 rigid_hierarchy_calls=7205 morph_hierarchy_calls=0 land_render_calls=0 collision_fused_cross=0 collision_fused_length=0 collision_fused_normalize=0 matrix_bulk_pushes=0 matrix_bulk_pops=0 matrix_bulk_saved=0 matrix_bulk_loaded=0 render_context_captures=13348 render_context_commits=13348 render_context_fallbacks=0 render_context_direct_calls=26696 palette_batch_calls=19747 palette_batch_vertices=698227 palette_batch_declined=0 palette_batch_closed_loops=19747 projection_batch_calls=20341 projection_batch_vertices=702847 projection_batch_declined=1 projection_batch_verified=0 sound_metadata_hits=0 sound_metadata_misses=0 sound_metadata_verified=0 deferred_midi_notes=0 animation_hierarchy_original_calls=0 animation_hierarchy_nodes=18083 animation_direct_write_calls=453 pose_blend_native_calls=0 pose_blend_original_calls=0 pose_direct_write_calls=0 matrix_vector_point_native_calls=8884 matrix_vector_point_original_calls=0 matrix_vector_direction_native_calls=7125 matrix_vector_direction_original_calls=0 matrix_vector_store_native_calls=0 matrix_vector_store_original_calls=0 matrix_vector_translation_native_calls=0 matrix_vector_translation_original_calls=0 atan_native_calls=0 inverse_trig_native_calls=48970 inverse_trig_declined=0 inverse_memory_calls=0 inverse_memory_stores=0 atan_original_calls=0 atan_quotient_native_calls=2 atan_quotient_original_calls=0 atan_polynomial_native_calls=0 atan_polynomial_original_calls=0 atan_scale_native_calls=0 atan_scale_original_calls=0 matrix_inverse_original_calls=0 matrix_determinant_native_calls=0 matrix_determinant_original_calls=0 player_state_readable=1 player_x=-8.40334 player_y=3.99717 player_z=5.89902 player_x_bits=3238425616 player_y_bits=1082118556 player_z_bits=1086112957 frame_window_begin=5 frame_window_end=25 game_ticks=227 hud_timer_ticks=10739 update_timing=0 update_tasks=0 update_tails=0 update_main_tasks=0 update_alternate_tasks=0 update_waits=0 update_elapsed=0 update_elapsed_extra=0 update_timer_setups=0 periodic_epoch_ns=118568932653072 periodic_callbacks=1 render_completion_experiment=0 guest_render_submitted=0 guest_render_completed=0 guest_render_dispatched=0 guest_render_callback=0 guest_render_counter=0 guest_render_nonzero_callbacks=0 update_unreadable=0 execution_thread_id=67200 execution_cpu_valid=1 execution_cpu_100ns=791388767 process_cpu_valid=1 process_cpu_100ns=4053212151 execution_cycles_valid=0 execution_cycles=0 phase=0 final=0
SONIC_NATIVE_SCENARIO_GAMEPLAY_SAMPLE id=gamma-emerald-coast protocol=3 input_profile=3 monotonic_ns=118571416933933 elapsed_ms=20326 collision_debug_signed=-1 frame=269 presentations=264 relative_frame=17 max_frame_ns=1659168074 input_applied_frames=17 completed_frames=18 drawn_frames=17 cadence_readable=1 active_video_hz=50 clock_owner=postpal-checkpoint clock_bound_frame=0 tv_mode_readable=1 tv_mode_word=1 release_slots=2 logical_delta=2 sixty_frame_fixture=0 native_gameplay_math=1 native_leaf_math=1 math_scope_readable=1 main_state=4 scene=15 palette_native_calls=20056 palette_original_calls=0 vertex_normals_native_calls=0 vertex_normals_original_calls=0 matrix_push_native_calls=24659 matrix_push_original_calls=0 matrix_pop_native_calls=27870 matrix_pop_original_calls=0 matrix_staged_groups=0 collision_cross_native_calls=233 collision_length_native_calls=4463 collision_normalize_native_calls=3121 collision_cross_original_calls=0 collision_length_original_calls=0 collision_normalize_original_calls=0 matrix_inverse_native_calls=917 triangle_contacts_native_calls=0 triangle_contacts_original_calls=0 triangle_contacts_scope_blocked_calls=0 collision_candidates_native_calls=3215 collision_candidates_scope_blocked_calls=0 collision_candidates_original_calls=0 motion_sampling_native_calls=0 motion_sampling_original_calls=0 animation_hierarchy_native_calls=461 model_packets=0 model_snapshots=0 model_packet_verified=0 model_packet_vertices=0 model_gpu_draws=0 model_point_uploads=0 model_corner_uploads=0 closed_memory_calls=158351 closed_memory_words=2803958 collision_memory_intervals=0 collision_memory_reads=0 collision_memory_writes=0 model_pipeline_calls=31521 model_pipeline_declined=0 model_pipeline_points=598996 model_pipeline_normals=15768 model_pipeline_draws=15768 model_pipeline_direct_outputs=15835 model_pipeline_root_operations=0 model_pipeline_closed_children=0 object_distance_calls=141575 object_distance_native=141575 object_distance_fallback=0 object_activation_calls=230 object_lifetime_calls=14471 object_records=138690 object_created=57 object_retired=0 object_declined=0 object_slow_accesses=0 movement_calls=0 movement_declined=0 movement_callbacks=0 movement_reentries=0 contact_family_calls=0 object_contact_calls=0 camera_operation_calls=0 contact_family_internal=0 contact_family_foreign=0 contact_family_resumes=0 world_calls=231 world_declined=0 world_internal=12809 world_callbacks=41792 world_resumes=0 world_membership=3927 world_eligibility=4140 render_hierarchy_calls=8683 render_hierarchy_declined=0 render_hierarchy_internal=448041 render_hierarchy_callbacks=44228 render_model_calls=0 render_model_revocations=0 render_hierarchy_resumes=0 rigid_hierarchy_calls=7333 morph_hierarchy_calls=0 land_render_calls=0 collision_fused_cross=0 collision_fused_length=0 collision_fused_normalize=0 matrix_bulk_pushes=0 matrix_bulk_pops=0 matrix_bulk_saved=0 matrix_bulk_loaded=0 render_context_captures=13576 render_context_commits=13576 render_context_fallbacks=0 render_context_direct_calls=27152 palette_batch_calls=20056 palette_batch_vertices=708943 palette_batch_declined=0 palette_batch_closed_loops=20056 projection_batch_calls=20659 projection_batch_vertices=713633 projection_batch_declined=1 projection_batch_verified=0 sound_metadata_hits=0 sound_metadata_misses=0 sound_metadata_verified=0 deferred_midi_notes=0 animation_hierarchy_original_calls=0 animation_hierarchy_nodes=18403 animation_direct_write_calls=461 pose_blend_native_calls=0 pose_blend_original_calls=0 pose_direct_write_calls=0 matrix_vector_point_native_calls=9020 matrix_vector_point_original_calls=0 matrix_vector_direction_native_calls=7242 matrix_vector_direction_original_calls=0 matrix_vector_store_native_calls=0 matrix_vector_store_original_calls=0 matrix_vector_translation_native_calls=0 matrix_vector_translation_original_calls=0 atan_native_calls=0 inverse_trig_native_calls=49656 inverse_trig_declined=0 inverse_memory_calls=0 inverse_memory_stores=0 atan_original_calls=0 atan_quotient_native_calls=2 atan_quotient_original_calls=0 atan_polynomial_native_calls=0 atan_polynomial_original_calls=0 atan_scale_native_calls=0 atan_scale_original_calls=0 matrix_inverse_original_calls=0 matrix_determinant_native_calls=0 matrix_determinant_original_calls=0 player_state_readable=1 player_x=-9.76964 player_y=3.9969 player_z=6.82388 player_x_bits=3239858294 player_y_bits=1082117440 player_z_bits=1088052541 frame_window_begin=5 frame_window_end=25 game_ticks=231 hud_timer_ticks=10735 update_timing=0 update_tasks=0 update_tails=0 update_main_tasks=0 update_alternate_tasks=0 update_waits=0 update_elapsed=0 update_elapsed_extra=0 update_timer_setups=0 periodic_epoch_ns=118570315490548 periodic_callbacks=0 render_completion_experiment=0 guest_render_submitted=0 guest_render_completed=0 guest_render_dispatched=0 guest_render_callback=0 guest_render_counter=0 guest_render_nonzero_callbacks=0 update_unreadable=0 execution_thread_id=67200 execution_cpu_valid=1 execution_cpu_100ns=798729585 process_cpu_valid=1 process_cpu_100ns=4090515795 execution_cycles_valid=0 execution_cycles=0 phase=0 final=0
SONIC_NATIVE_SCENARIO_GAMEPLAY_SAMPLE id=gamma-emerald-coast protocol=3 input_profile=3 monotonic_ns=118572816022369 elapsed_ms=21725 collision_debug_signed=-1 frame=270 presentations=265 relative_frame=18 max_frame_ns=1659168074 input_applied_frames=18 completed_frames=19 drawn_frames=18 cadence_readable=1 active_video_hz=50 clock_owner=postpal-checkpoint clock_bound_frame=0 tv_mode_readable=1 tv_mode_word=1 release_slots=2 logical_delta=2 sixty_frame_fixture=0 native_gameplay_math=1 native_leaf_math=1 math_scope_readable=1 main_state=4 scene=15 palette_native_calls=20364 palette_original_calls=0 vertex_normals_native_calls=0 vertex_normals_original_calls=0 matrix_push_native_calls=24991 matrix_push_original_calls=0 matrix_pop_native_calls=28244 matrix_pop_original_calls=0 matrix_staged_groups=0 collision_cross_native_calls=237 collision_length_native_calls=4519 collision_normalize_native_calls=3163 collision_cross_original_calls=0 collision_length_original_calls=0 collision_normalize_original_calls=0 matrix_inverse_native_calls=929 triangle_contacts_native_calls=0 triangle_contacts_original_calls=0 triangle_contacts_scope_blocked_calls=0 collision_candidates_native_calls=3257 collision_candidates_scope_blocked_calls=0 collision_candidates_original_calls=0 motion_sampling_native_calls=0 motion_sampling_original_calls=0 animation_hierarchy_native_calls=467 model_packets=0 model_snapshots=0 model_packet_verified=0 model_packet_vertices=0 model_gpu_draws=0 model_point_uploads=0 model_corner_uploads=0 closed_memory_calls=160183 closed_memory_words=2842294 collision_memory_intervals=0 collision_memory_reads=0 collision_memory_writes=0 model_pipeline_calls=31999 model_pipeline_declined=0 model_pipeline_points=608136 model_pipeline_normals=16027 model_pipeline_draws=16027 model_pipeline_direct_outputs=16095 model_pipeline_root_operations=0 model_pipeline_closed_children=0 object_distance_calls=143423 object_distance_native=143423 object_distance_fallback=0 object_activation_calls=233 object_lifetime_calls=14663 object_records=140499 object_created=57 object_retired=0 object_declined=0 object_slow_accesses=0 movement_calls=0 movement_declined=0 movement_callbacks=0 movement_reentries=0 contact_family_calls=0 object_contact_calls=0 camera_operation_calls=0 contact_family_internal=0 contact_family_foreign=0 contact_family_resumes=0 world_calls=234 world_declined=0 world_internal=12932 world_callbacks=42320 world_resumes=0 world_membership=3978 world_eligibility=4194 render_hierarchy_calls=8799 render_hierarchy_declined=0 render_hierarchy_internal=454536 render_hierarchy_callbacks=44837 render_model_calls=0 render_model_revocations=0 render_hierarchy_resumes=0 rigid_hierarchy_calls=7429 morph_hierarchy_calls=0 land_render_calls=0 collision_fused_cross=0 collision_fused_length=0 collision_fused_normalize=0 matrix_bulk_pushes=0 matrix_bulk_pops=0 matrix_bulk_saved=0 matrix_bulk_loaded=0 render_context_captures=13750 render_context_commits=13750 render_context_fallbacks=0 render_context_direct_calls=27500 palette_batch_calls=20364 palette_batch_vertices=719655 palette_batch_declined=0 palette_batch_closed_loops=20364 projection_batch_calls=20976 projection_batch_vertices=724415 projection_batch_declined=1 projection_batch_verified=0 sound_metadata_hits=0 sound_metadata_misses=0 sound_metadata_verified=0 deferred_midi_notes=0 animation_hierarchy_original_calls=0 animation_hierarchy_nodes=18643 animation_direct_write_calls=467 pose_blend_native_calls=0 pose_blend_original_calls=0 pose_direct_write_calls=0 matrix_vector_point_native_calls=9128 matrix_vector_point_original_calls=0 matrix_vector_direction_native_calls=7337 matrix_vector_direction_original_calls=0 matrix_vector_store_native_calls=0 matrix_vector_store_original_calls=0 matrix_vector_translation_native_calls=0 matrix_vector_translation_original_calls=0 atan_native_calls=0 inverse_trig_native_calls=50124 inverse_trig_declined=0 inverse_memory_calls=0 inverse_memory_stores=0 atan_original_calls=0 atan_quotient_native_calls=2 atan_quotient_original_calls=0 atan_polynomial_native_calls=0 atan_polynomial_original_calls=0 atan_scale_native_calls=0 atan_scale_original_calls=0 matrix_inverse_original_calls=0 matrix_determinant_native_calls=0 matrix_determinant_original_calls=0 player_state_readable=1 player_x=-10.7946 player_y=3.9967 player_z=7.51715 player_x_bits=3240933068 player_y_bits=1082116600 player_z_bits=1089506438 frame_window_begin=5 frame_window_end=25 game_ticks=234 hud_timer_ticks=10732 update_timing=0 update_tasks=0 update_tails=0 update_main_tasks=0 update_alternate_tasks=0 update_waits=0 update_elapsed=0 update_elapsed_extra=0 update_timer_setups=0 periodic_epoch_ns=118571422605888 periodic_callbacks=1 render_completion_experiment=0 guest_render_submitted=0 guest_render_completed=0 guest_render_dispatched=0 guest_render_callback=0 guest_render_counter=0 guest_render_nonzero_callbacks=0 update_unreadable=0 execution_thread_id=67200 execution_cpu_valid=1 execution_cpu_100ns=804690347 process_cpu_valid=1 process_cpu_100ns=4128923551 execution_cycles_valid=0 execution_cycles=0 phase=0 final=0
SONIC_NATIVE_SCENARIO_GAMEPLAY_SAMPLE id=gamma-emerald-coast protocol=3 input_profile=3 monotonic_ns=118573909879029 elapsed_ms=22819 collision_debug_signed=-1 frame=271 presentations=266 relative_frame=19 max_frame_ns=1659168074 input_applied_frames=19 completed_frames=20 drawn_frames=19 cadence_readable=1 active_video_hz=50 clock_owner=postpal-checkpoint clock_bound_frame=0 tv_mode_readable=1 tv_mode_word=1 release_slots=2 logical_delta=2 sixty_frame_fixture=0 native_gameplay_math=1 native_leaf_math=1 math_scope_readable=1 main_state=4 scene=15 palette_native_calls=20672 palette_original_calls=0 vertex_normals_native_calls=0 vertex_normals_original_calls=0 matrix_push_native_calls=25435 matrix_push_original_calls=0 matrix_pop_native_calls=28744 matrix_pop_original_calls=0 matrix_staged_groups=0 collision_cross_native_calls=242 collision_length_native_calls=4593 collision_normalize_native_calls=3218 collision_cross_original_calls=0 collision_length_original_calls=0 collision_normalize_original_calls=0 matrix_inverse_native_calls=945 triangle_contacts_native_calls=0 triangle_contacts_original_calls=0 triangle_contacts_scope_blocked_calls=0 collision_candidates_native_calls=3313 collision_candidates_scope_blocked_calls=0 collision_candidates_original_calls=0 motion_sampling_native_calls=0 motion_sampling_original_calls=0 animation_hierarchy_native_calls=475 model_packets=0 model_snapshots=0 model_packet_verified=0 model_packet_vertices=0 model_gpu_draws=0 model_point_uploads=0 model_corner_uploads=0 closed_memory_calls=162532 closed_memory_words=2886057 collision_memory_intervals=0 collision_memory_reads=0 collision_memory_writes=0 model_pipeline_calls=32543 model_pipeline_declined=0 model_pipeline_points=617116 model_pipeline_normals=16271 model_pipeline_draws=16271 model_pipeline_direct_outputs=16340 model_pipeline_root_operations=0 model_pipeline_closed_children=0 object_distance_calls=145886 object_distance_native=145886 object_distance_fallback=0 object_activation_calls=237 object_lifetime_calls=14919 object_records=142911 object_created=57 object_retired=0 object_declined=0 object_slow_accesses=0 movement_calls=0 movement_declined=0 movement_callbacks=0 movement_reentries=0 contact_family_calls=0 object_contact_calls=0 camera_operation_calls=0 contact_family_internal=0 contact_family_foreign=0 contact_family_resumes=0 world_calls=238 world_declined=0 world_internal=13096 world_callbacks=43024 world_resumes=0 world_membership=4046 world_eligibility=4266 render_hierarchy_calls=8950 render_hierarchy_declined=0 render_hierarchy_internal=462168 render_hierarchy_callbacks=45604 render_model_calls=0 render_model_revocations=0 render_hierarchy_resumes=0 rigid_hierarchy_calls=7557 morph_hierarchy_calls=0 land_render_calls=0 collision_fused_cross=0 collision_fused_length=0 collision_fused_normalize=0 matrix_bulk_pushes=0 matrix_bulk_pops=0 matrix_bulk_saved=0 matrix_bulk_loaded=0 render_context_captures=13974 render_context_commits=13974 render_context_fallbacks=0 render_context_direct_calls=27948 palette_batch_calls=20672 palette_batch_vertices=730367 palette_batch_declined=0 palette_batch_closed_loops=20672 projection_batch_calls=21293 projection_batch_vertices=735197 projection_batch_declined=1 projection_batch_verified=0 sound_metadata_hits=0 sound_metadata_misses=0 sound_metadata_verified=0 deferred_midi_notes=0 animation_hierarchy_original_calls=0 animation_hierarchy_nodes=18963 animation_direct_write_calls=475 pose_blend_native_calls=0 pose_blend_original_calls=0 pose_direct_write_calls=0 matrix_vector_point_native_calls=9274 matrix_vector_point_original_calls=0 matrix_vector_direction_native_calls=7468 matrix_vector_direction_original_calls=0 matrix_vector_store_native_calls=0 matrix_vector_store_original_calls=0 matrix_vector_translation_native_calls=0 matrix_vector_translation_original_calls=0 atan_native_calls=0 inverse_trig_native_calls=50750 inverse_trig_declined=0 inverse_memory_calls=0 inverse_memory_stores=0 atan_original_calls=0 atan_quotient_native_calls=2 atan_quotient_original_calls=0 atan_polynomial_native_calls=0 atan_polynomial_original_calls=0 atan_scale_native_calls=0 atan_scale_original_calls=0 matrix_inverse_original_calls=0 matrix_determinant_native_calls=0 matrix_determinant_original_calls=0 player_state_readable=1 player_x=-12.1618 player_y=3.99644 player_z=8.4408 player_x_bits=3242366601 player_y_bits=1082115488 player_z_bits=1090981254 frame_window_begin=5 frame_window_end=25 game_ticks=238 hud_timer_ticks=10728 update_timing=0 update_tasks=0 update_tails=0 update_main_tasks=0 update_alternate_tasks=0 update_waits=0 update_elapsed=0 update_elapsed_extra=0 update_timer_setups=0 periodic_epoch_ns=118572822694172 periodic_callbacks=0 render_completion_experiment=0 guest_render_submitted=0 guest_render_completed=0 guest_render_dispatched=0 guest_render_callback=0 guest_render_counter=0 guest_render_nonzero_callbacks=0 update_unreadable=0 execution_thread_id=67200 execution_cpu_valid=1 execution_cpu_100ns=812031930 process_cpu_valid=1 process_cpu_100ns=4165514347 execution_cycles_valid=0 execution_cycles=0 phase=0 final=0
SONIC_NATIVE_SCENARIO_GAMEPLAY_SAMPLE id=gamma-emerald-coast protocol=3 input_profile=3 monotonic_ns=118575003381733 elapsed_ms=23912 collision_debug_signed=-1 frame=272 presentations=267 relative_frame=20 max_frame_ns=1659168074 input_applied_frames=20 completed_frames=21 drawn_frames=20 cadence_readable=1 active_video_hz=50 clock_owner=postpal-checkpoint clock_bound_frame=0 tv_mode_readable=1 tv_mode_word=1 release_slots=2 logical_delta=2 sixty_frame_fixture=0 native_gameplay_math=1 native_leaf_math=1 math_scope_readable=1 main_state=4 scene=15 palette_native_calls=20981 palette_original_calls=0 vertex_normals_native_calls=0 vertex_normals_original_calls=0 matrix_push_native_calls=25768 matrix_push_original_calls=0 matrix_pop_native_calls=29119 matrix_pop_original_calls=0 matrix_staged_groups=0 collision_cross_native_calls=246 collision_length_native_calls=4649 collision_normalize_native_calls=3260 collision_cross_original_calls=0 collision_length_original_calls=0 collision_normalize_original_calls=0 matrix_inverse_native_calls=957 triangle_contacts_native_calls=0 triangle_contacts_original_calls=0 triangle_contacts_scope_blocked_calls=0 collision_candidates_native_calls=3355 collision_candidates_scope_blocked_calls=0 collision_candidates_original_calls=0 motion_sampling_native_calls=0 motion_sampling_original_calls=0 animation_hierarchy_native_calls=481 model_packets=0 model_snapshots=0 model_packet_verified=0 model_packet_vertices=0 model_gpu_draws=0 model_point_uploads=0 model_corner_uploads=0 closed_memory_calls=164361 closed_memory_words=2924396 collision_memory_intervals=0 collision_memory_reads=0 collision_memory_writes=0 model_pipeline_calls=32972 model_pipeline_declined=0 model_pipeline_points=625944 model_pipeline_normals=16501 model_pipeline_draws=16501 model_pipeline_direct_outputs=16571 model_pipeline_root_operations=0 model_pipeline_closed_children=0 object_distance_calls=147731 object_distance_native=147731 object_distance_fallback=0 object_activation_calls=240 object_lifetime_calls=15111 object_records=144720 object_created=57 object_retired=0 object_declined=0 object_slow_accesses=0 movement_calls=0 movement_declined=0 movement_callbacks=0 movement_reentries=0 contact_family_calls=0 object_contact_calls=0 camera_operation_calls=0 contact_family_internal=0 contact_family_foreign=0 contact_family_resumes=0 world_calls=241 world_declined=0 world_internal=13219 world_callbacks=43552 world_resumes=0 world_membership=4097 world_eligibility=4320 render_hierarchy_calls=9064 render_hierarchy_declined=0 render_hierarchy_internal=468646 render_hierarchy_callbacks=46193 render_model_calls=0 render_model_revocations=0 render_hierarchy_resumes=0 rigid_hierarchy_calls=7653 morph_hierarchy_calls=0 land_render_calls=0 collision_fused_cross=0 collision_fused_length=0 collision_fused_normalize=0 matrix_bulk_pushes=0 matrix_bulk_pops=0 matrix_bulk_saved=0 matrix_bulk_loaded=0 render_context_captures=14176 render_context_commits=14176 render_context_fallbacks=0 render_context_direct_calls=28352 palette_batch_calls=20981 palette_batch_vertices=741087 palette_batch_declined=0 palette_batch_closed_loops=20981 projection_batch_calls=21611 projection_batch_vertices=745987 projection_batch_declined=1 projection_batch_verified=0 sound_metadata_hits=0 sound_metadata_misses=0 sound_metadata_verified=0 deferred_midi_notes=0 animation_hierarchy_original_calls=0 animation_hierarchy_nodes=19203 animation_direct_write_calls=481 pose_blend_native_calls=0 pose_blend_original_calls=0 pose_direct_write_calls=0 matrix_vector_point_native_calls=9378 matrix_vector_point_original_calls=0 matrix_vector_direction_native_calls=7561 matrix_vector_direction_original_calls=0 matrix_vector_store_native_calls=0 matrix_vector_store_original_calls=0 matrix_vector_translation_native_calls=0 matrix_vector_translation_original_calls=0 atan_native_calls=0 inverse_trig_native_calls=51220 inverse_trig_declined=0 inverse_memory_calls=0 inverse_memory_stores=0 atan_original_calls=0 atan_quotient_native_calls=2 atan_quotient_original_calls=0 atan_polynomial_native_calls=0 atan_polynomial_original_calls=0 atan_scale_native_calls=0 atan_scale_original_calls=0 matrix_inverse_original_calls=0 matrix_determinant_native_calls=0 matrix_determinant_original_calls=0 player_state_readable=1 player_x=-13.1874 player_y=3.99624 player_z=9.13305 player_x_bits=3243442092 player_y_bits=1082114652 player_z_bits=1091707133 frame_window_begin=5 frame_window_end=25 game_ticks=241 hud_timer_ticks=10725 update_timing=0 update_tasks=0 update_tails=0 update_main_tasks=0 update_alternate_tasks=0 update_waits=0 update_elapsed=0 update_elapsed_extra=0 update_timer_setups=0 periodic_epoch_ns=118573915425828 periodic_callbacks=0 render_completion_experiment=0 guest_render_submitted=0 guest_render_completed=0 guest_render_dispatched=0 guest_render_callback=0 guest_render_counter=0 guest_render_nonzero_callbacks=0 update_unreadable=0 execution_thread_id=67200 execution_cpu_valid=1 execution_cpu_100ns=818054066 process_cpu_valid=1 process_cpu_100ns=4200860376 execution_cycles_valid=0 execution_cycles=0 phase=0 final=0
SONIC_NATIVE_SCENARIO_GAMEPLAY_SAMPLE id=gamma-emerald-coast protocol=3 input_profile=3 monotonic_ns=118576100317837 elapsed_ms=25009 collision_debug_signed=-1 frame=273 presentations=268 relative_frame=21 max_frame_ns=1659168074 input_applied_frames=21 completed_frames=22 drawn_frames=21 cadence_readable=1 active_video_hz=50 clock_owner=postpal-checkpoint clock_bound_frame=0 tv_mode_readable=1 tv_mode_word=1 release_slots=2 logical_delta=2 sixty_frame_fixture=0 native_gameplay_math=1 native_leaf_math=1 math_scope_readable=1 main_state=4 scene=15 palette_native_calls=21290 palette_original_calls=0 vertex_normals_native_calls=0 vertex_normals_original_calls=0 matrix_push_native_calls=26101 matrix_push_original_calls=0 matrix_pop_native_calls=29494 matrix_pop_original_calls=0 matrix_staged_groups=0 collision_cross_native_calls=250 collision_length_native_calls=4705 collision_normalize_native_calls=3302 collision_cross_original_calls=0 collision_length_original_calls=0 collision_normalize_original_calls=0 matrix_inverse_native_calls=969 triangle_contacts_native_calls=0 triangle_contacts_original_calls=0 triangle_contacts_scope_blocked_calls=0 collision_candidates_native_calls=3397 collision_candidates_scope_blocked_calls=0 collision_candidates_original_calls=0 motion_sampling_native_calls=0 motion_sampling_original_calls=0 animation_hierarchy_native_calls=487 model_packets=0 model_snapshots=0 model_packet_verified=0 model_packet_vertices=0 model_gpu_draws=0 model_point_uploads=0 model_corner_uploads=0 closed_memory_calls=166220 closed_memory_words=2962905 collision_memory_intervals=0 collision_memory_reads=0 collision_memory_writes=0 model_pipeline_calls=33406 model_pipeline_declined=0 model_pipeline_points=634772 model_pipeline_normals=16731 model_pipeline_draws=16731 model_pipeline_direct_outputs=16802 model_pipeline_root_operations=0 model_pipeline_closed_children=0 object_distance_calls=149576 object_distance_native=149576 object_distance_fallback=0 object_activation_calls=243 object_lifetime_calls=15303 object_records=146529 object_created=57 object_retired=0 object_declined=0 object_slow_accesses=0 movement_calls=0 movement_declined=0 movement_callbacks=0 movement_reentries=0 contact_family_calls=0 object_contact_calls=0 camera_operation_calls=0 contact_family_internal=0 contact_family_foreign=0 contact_family_resumes=0 world_calls=244 world_declined=0 world_internal=13342 world_callbacks=44080 world_resumes=0 world_membership=4148 world_eligibility=4374 render_hierarchy_calls=9179 render_hierarchy_declined=0 render_hierarchy_internal=475180 render_hierarchy_callbacks=46787 render_model_calls=0 render_model_revocations=0 render_hierarchy_resumes=0 rigid_hierarchy_calls=7749 morph_hierarchy_calls=0 land_render_calls=0 collision_fused_cross=0 collision_fused_length=0 collision_fused_normalize=0 matrix_bulk_pushes=0 matrix_bulk_pops=0 matrix_bulk_saved=0 matrix_bulk_loaded=0 render_context_captures=14379 render_context_commits=14379 render_context_fallbacks=0 render_context_direct_calls=28758 palette_batch_calls=21290 palette_batch_vertices=751807 palette_batch_declined=0 palette_batch_closed_loops=21290 projection_batch_calls=21929 projection_batch_vertices=756777 projection_batch_declined=1 projection_batch_verified=0 sound_metadata_hits=0 sound_metadata_misses=0 sound_metadata_verified=0 deferred_midi_notes=0 animation_hierarchy_original_calls=0 animation_hierarchy_nodes=19443 animation_direct_write_calls=487 pose_blend_native_calls=0 pose_blend_original_calls=0 pose_direct_write_calls=0 matrix_vector_point_native_calls=9482 matrix_vector_point_original_calls=0 matrix_vector_direction_native_calls=7654 matrix_vector_direction_original_calls=0 matrix_vector_store_native_calls=0 matrix_vector_store_original_calls=0 matrix_vector_translation_native_calls=0 matrix_vector_translation_original_calls=0 atan_native_calls=0 inverse_trig_native_calls=51708 inverse_trig_declined=0 inverse_memory_calls=0 inverse_memory_stores=0 atan_original_calls=0 atan_quotient_native_calls=2 atan_quotient_original_calls=0 atan_polynomial_native_calls=0 atan_polynomial_original_calls=0 atan_scale_native_calls=0 atan_scale_original_calls=0 matrix_inverse_original_calls=0 matrix_determinant_native_calls=0 matrix_determinant_original_calls=0 player_state_readable=1 player_x=-14.2134 player_y=3.99604 player_z=9.82491 player_x_bits=3244517860 player_y_bits=1082113816 player_z_bits=1092432599 frame_window_begin=5 frame_window_end=25 game_ticks=244 hud_timer_ticks=10722 update_timing=0 update_tasks=0 update_tails=0 update_main_tasks=0 update_alternate_tasks=0 update_waits=0 update_elapsed=0 update_elapsed_extra=0 update_timer_setups=0 periodic_epoch_ns=118575008574297 periodic_callbacks=0 render_completion_experiment=0 guest_render_submitted=0 guest_render_completed=0 guest_render_dispatched=0 guest_render_callback=0 guest_render_counter=0 guest_render_nonzero_callbacks=0 update_unreadable=0 execution_thread_id=67200 execution_cpu_valid=1 execution_cpu_100ns=824054165 process_cpu_valid=1 process_cpu_100ns=4236202699 execution_cycles_valid=0 execution_cycles=0 phase=0 final=0
SONIC_NATIVE_SCENARIO_GAMEPLAY_SAMPLE id=gamma-emerald-coast protocol=3 input_profile=3 monotonic_ns=118577203145196 elapsed_ms=26112 collision_debug_signed=-1 frame=274 presentations=269 relative_frame=22 max_frame_ns=1659168074 input_applied_frames=22 completed_frames=23 drawn_frames=22 cadence_readable=1 active_video_hz=50 clock_owner=postpal-checkpoint clock_bound_frame=0 tv_mode_readable=1 tv_mode_word=1 release_slots=2 logical_delta=2 sixty_frame_fixture=0 native_gameplay_math=1 native_leaf_math=1 math_scope_readable=1 main_state=4 scene=15 palette_native_calls=21599 palette_original_calls=0 vertex_normals_native_calls=0 vertex_normals_original_calls=0 matrix_push_native_calls=26537 matrix_push_original_calls=0 matrix_pop_native_calls=29986 matrix_pop_original_calls=0 matrix_staged_groups=0 collision_cross_native_calls=255 collision_length_native_calls=4779 collision_normalize_native_calls=3357 collision_cross_original_calls=0 collision_length_original_calls=0 collision_normalize_original_calls=0 matrix_inverse_native_calls=985 triangle_contacts_native_calls=0 triangle_contacts_original_calls=0 triangle_contacts_scope_blocked_calls=0 collision_candidates_native_calls=3453 collision_candidates_scope_blocked_calls=0 collision_candidates_original_calls=0 motion_sampling_native_calls=0 motion_sampling_original_calls=0 animation_hierarchy_native_calls=495 model_packets=0 model_snapshots=0 model_packet_verified=0 model_packet_vertices=0 model_gpu_draws=0 model_point_uploads=0 model_corner_uploads=0 closed_memory_calls=168562 closed_memory_words=3006597 collision_memory_intervals=0 collision_memory_reads=0 collision_memory_writes=0 model_pipeline_calls=33941 model_pipeline_declined=0 model_pipeline_points=643600 model_pipeline_normals=16961 model_pipeline_draws=16961 model_pipeline_direct_outputs=17033 model_pipeline_root_operations=0 model_pipeline_closed_children=0 object_distance_calls=152036 object_distance_native=152036 object_distance_fallback=0 object_activation_calls=247 object_lifetime_calls=15559 object_records=148941 object_created=57 object_retired=0 object_declined=0 object_slow_accesses=0 movement_calls=0 movement_declined=0 movement_callbacks=0 movement_reentries=0 contact_family_calls=0 object_contact_calls=0 camera_operation_calls=0 contact_family_internal=0 contact_family_foreign=0 contact_family_resumes=0 world_calls=248 world_declined=0 world_internal=13506 world_callbacks=44784 world_resumes=0 world_membership=4216 world_eligibility=4446 render_hierarchy_calls=9331 render_hierarchy_declined=0 render_hierarchy_internal=483084 render_hierarchy_callbacks=47559 render_model_calls=0 render_model_revocations=0 render_hierarchy_resumes=0 rigid_hierarchy_calls=7877 morph_hierarchy_calls=0 land_render_calls=0 collision_fused_cross=0 collision_fused_length=0 collision_fused_normalize=0 matrix_bulk_pushes=0 matrix_bulk_pops=0 matrix_bulk_saved=0 matrix_bulk_loaded=0 render_context_captures=14619 render_context_commits=14619 render_context_fallbacks=0 render_context_direct_calls=29238 palette_batch_calls=21599 palette_batch_vertices=762527 palette_batch_declined=0 palette_batch_closed_loops=21599 projection_batch_calls=22247 projection_batch_vertices=767567 projection_batch_declined=1 projection_batch_verified=0 sound_metadata_hits=0 sound_metadata_misses=0 sound_metadata_verified=0 deferred_midi_notes=0 animation_hierarchy_original_calls=0 animation_hierarchy_nodes=19763 animation_direct_write_calls=495 pose_blend_native_calls=0 pose_blend_original_calls=0 pose_direct_write_calls=0 matrix_vector_point_native_calls=9620 matrix_vector_point_original_calls=0 matrix_vector_direction_native_calls=7777 matrix_vector_direction_original_calls=0 matrix_vector_store_native_calls=0 matrix_vector_store_original_calls=0 matrix_vector_translation_native_calls=0 matrix_vector_translation_original_calls=0 atan_native_calls=0 inverse_trig_native_calls=52342 inverse_trig_declined=0 inverse_memory_calls=0 inverse_memory_stores=0 atan_original_calls=0 atan_quotient_native_calls=2 atan_quotient_original_calls=0 atan_polynomial_native_calls=0 atan_polynomial_original_calls=0 atan_scale_native_calls=0 atan_scale_original_calls=0 matrix_inverse_original_calls=0 matrix_determinant_native_calls=0 matrix_determinant_original_calls=0 player_state_readable=1 player_x=-15.5817 player_y=3.99577 player_z=10.7468 player_x_bits=3245952639 player_y_bits=1082112704 player_z_bits=1093399256 frame_window_begin=5 frame_window_end=25 game_ticks=248 hud_timer_ticks=10718 update_timing=0 update_tasks=0 update_tails=0 update_main_tasks=0 update_alternate_tasks=0 update_waits=0 update_elapsed=0 update_elapsed_extra=0 update_timer_setups=0 periodic_epoch_ns=118576105952635 periodic_callbacks=0 render_completion_experiment=0 guest_render_submitted=0 guest_render_completed=0 guest_render_dispatched=0 guest_render_callback=0 guest_render_counter=0 guest_render_nonzero_callbacks=0 update_unreadable=0 execution_thread_id=67200 execution_cpu_valid=1 execution_cpu_100ns=831353692 process_cpu_valid=1 process_cpu_100ns=4272903700 execution_cycles_valid=0 execution_cycles=0 phase=0 final=0
SONIC_NATIVE_SCENARIO_GAMEPLAY_SAMPLE id=gamma-emerald-coast protocol=3 input_profile=3 monotonic_ns=118578293897826 elapsed_ms=27203 collision_debug_signed=-1 frame=275 presentations=270 relative_frame=23 max_frame_ns=1659168074 input_applied_frames=23 completed_frames=24 drawn_frames=23 cadence_readable=1 active_video_hz=50 clock_owner=postpal-checkpoint clock_bound_frame=0 tv_mode_readable=1 tv_mode_word=1 release_slots=2 logical_delta=2 sixty_frame_fixture=0 native_gameplay_math=1 native_leaf_math=1 math_scope_readable=1 main_state=4 scene=15 palette_native_calls=21909 palette_original_calls=0 vertex_normals_native_calls=0 vertex_normals_original_calls=0 matrix_push_native_calls=26870 matrix_push_original_calls=0 matrix_pop_native_calls=30361 matrix_pop_original_calls=0 matrix_staged_groups=0 collision_cross_native_calls=259 collision_length_native_calls=4835 collision_normalize_native_calls=3399 collision_cross_original_calls=0 collision_length_original_calls=0 collision_normalize_original_calls=0 matrix_inverse_native_calls=997 triangle_contacts_native_calls=0 triangle_contacts_original_calls=0 triangle_contacts_scope_blocked_calls=0 collision_candidates_native_calls=3495 collision_candidates_scope_blocked_calls=0 collision_candidates_original_calls=0 motion_sampling_native_calls=0 motion_sampling_original_calls=0 animation_hierarchy_native_calls=501 model_packets=0 model_snapshots=0 model_packet_verified=0 model_packet_vertices=0 model_gpu_draws=0 model_point_uploads=0 model_corner_uploads=0 closed_memory_calls=170386 closed_memory_words=3044951 collision_memory_intervals=0 collision_memory_reads=0 collision_memory_writes=0 model_pipeline_calls=34376 model_pipeline_declined=0 model_pipeline_points=652452 model_pipeline_normals=17192 model_pipeline_draws=17192 model_pipeline_direct_outputs=17265 model_pipeline_root_operations=0 model_pipeline_closed_children=0 object_distance_calls=153881 object_distance_native=153881 object_distance_fallback=0 object_activation_calls=250 object_lifetime_calls=15751 object_records=150750 object_created=57 object_retired=0 object_declined=0 object_slow_accesses=0 movement_calls=0 movement_declined=0 movement_callbacks=0 movement_reentries=0 contact_family_calls=0 object_contact_calls=0 camera_operation_calls=0 contact_family_internal=0 contact_family_foreign=0 contact_family_resumes=0 world_calls=251 world_declined=0 world_internal=13629 world_callbacks=45312 world_resumes=0 world_membership=4267 world_eligibility=4500 render_hierarchy_calls=9446 render_hierarchy_declined=0 render_hierarchy_internal=489618 render_hierarchy_callbacks=48153 render_model_calls=0 render_model_revocations=0 render_hierarchy_resumes=0 rigid_hierarchy_calls=7973 morph_hierarchy_calls=0 land_render_calls=0 collision_fused_cross=0 collision_fused_length=0 collision_fused_normalize=0 matrix_bulk_pushes=0 matrix_bulk_pops=0 matrix_bulk_saved=0 matrix_bulk_loaded=0 render_context_captures=14822 render_context_commits=14822 render_context_fallbacks=0 render_context_direct_calls=29644 palette_batch_calls=21909 palette_batch_vertices=773271 palette_batch_declined=0 palette_batch_closed_loops=21909 projection_batch_calls=22566 projection_batch_vertices=778381 projection_batch_declined=1 projection_batch_verified=0 sound_metadata_hits=0 sound_metadata_misses=0 sound_metadata_verified=0 deferred_midi_notes=0 animation_hierarchy_original_calls=0 animation_hierarchy_nodes=20003 animation_direct_write_calls=501 pose_blend_native_calls=0 pose_blend_original_calls=0 pose_direct_write_calls=0 matrix_vector_point_native_calls=9724 matrix_vector_point_original_calls=0 matrix_vector_direction_native_calls=7870 matrix_vector_direction_original_calls=0 matrix_vector_store_native_calls=0 matrix_vector_store_original_calls=0 matrix_vector_translation_native_calls=0 matrix_vector_translation_original_calls=0 atan_native_calls=0 inverse_trig_native_calls=52802 inverse_trig_declined=0 inverse_memory_calls=0 inverse_memory_stores=0 atan_original_calls=0 atan_quotient_native_calls=2 atan_quotient_original_calls=0 atan_polynomial_native_calls=0 atan_polynomial_original_calls=0 atan_scale_native_calls=0 atan_scale_original_calls=0 matrix_inverse_original_calls=0 matrix_determinant_native_calls=0 matrix_determinant_original_calls=0 player_state_readable=1 player_x=-16.6082 player_y=3.99557 player_z=11.4377 player_x_bits=3246710174 player_y_bits=1082111872 player_z_bits=1094123759 frame_window_begin=5 frame_window_end=25 game_ticks=251 hud_timer_ticks=10715 update_timing=0 update_tasks=0 update_tails=0 update_main_tasks=0 update_alternate_tasks=0 update_waits=0 update_elapsed=0 update_elapsed_extra=0 update_timer_setups=0 periodic_epoch_ns=118577208358433 periodic_callbacks=0 render_completion_experiment=0 guest_render_submitted=0 guest_render_completed=0 guest_render_dispatched=0 guest_render_callback=0 guest_render_counter=0 guest_render_nonzero_callbacks=0 update_unreadable=0 execution_thread_id=67200 execution_cpu_valid=1 execution_cpu_100ns=837301045 process_cpu_valid=1 process_cpu_100ns=4308046862 execution_cycles_valid=0 execution_cycles=0 phase=0 final=0
SONIC_NATIVE_SCENARIO_GAMEPLAY_SAMPLE id=gamma-emerald-coast protocol=3 input_profile=3 monotonic_ns=118579401040541 elapsed_ms=28310 collision_debug_signed=-1 frame=276 presentations=271 relative_frame=24 max_frame_ns=1659168074 input_applied_frames=24 completed_frames=25 drawn_frames=24 cadence_readable=1 active_video_hz=50 clock_owner=postpal-checkpoint clock_bound_frame=0 tv_mode_readable=1 tv_mode_word=1 release_slots=2 logical_delta=2 sixty_frame_fixture=0 native_gameplay_math=1 native_leaf_math=1 math_scope_readable=1 main_state=4 scene=15 palette_native_calls=22219 palette_original_calls=0 vertex_normals_native_calls=0 vertex_normals_original_calls=0 matrix_push_native_calls=27306 matrix_push_original_calls=0 matrix_pop_native_calls=30853 matrix_pop_original_calls=0 matrix_staged_groups=0 collision_cross_native_calls=264 collision_length_native_calls=4909 collision_normalize_native_calls=3454 collision_cross_original_calls=0 collision_length_original_calls=0 collision_normalize_original_calls=0 matrix_inverse_native_calls=1013 triangle_contacts_native_calls=0 triangle_contacts_original_calls=0 triangle_contacts_scope_blocked_calls=0 collision_candidates_native_calls=3551 collision_candidates_scope_blocked_calls=0 collision_candidates_original_calls=0 motion_sampling_native_calls=0 motion_sampling_original_calls=0 animation_hierarchy_native_calls=509 model_packets=0 model_snapshots=0 model_packet_verified=0 model_packet_vertices=0 model_gpu_draws=0 model_point_uploads=0 model_corner_uploads=0 closed_memory_calls=172681 closed_memory_words=3088420 collision_memory_intervals=0 collision_memory_reads=0 collision_memory_writes=0 model_pipeline_calls=34902 model_pipeline_declined=0 model_pipeline_points=661304 model_pipeline_normals=17423 model_pipeline_draws=17423 model_pipeline_direct_outputs=17497 model_pipeline_root_operations=0 model_pipeline_closed_children=0 object_distance_calls=156341 object_distance_native=156341 object_distance_fallback=0 object_activation_calls=254 object_lifetime_calls=16007 object_records=153162 object_created=57 object_retired=0 object_declined=0 object_slow_accesses=0 movement_calls=0 movement_declined=0 movement_callbacks=0 movement_reentries=0 contact_family_calls=0 object_contact_calls=0 camera_operation_calls=0 contact_family_internal=0 contact_family_foreign=0 contact_family_resumes=0 world_calls=255 world_declined=0 world_internal=13793 world_callbacks=46016 world_resumes=0 world_membership=4335 world_eligibility=4572 render_hierarchy_calls=9596 render_hierarchy_declined=0 render_hierarchy_internal=497410 render_hierarchy_callbacks=48915 render_model_calls=0 render_model_revocations=0 render_hierarchy_resumes=0 rigid_hierarchy_calls=8101 morph_hierarchy_calls=0 land_render_calls=0 collision_fused_cross=0 collision_fused_length=0 collision_fused_normalize=0 matrix_bulk_pushes=0 matrix_bulk_pops=0 matrix_bulk_saved=0 matrix_bulk_loaded=0 render_context_captures=15060 render_context_commits=15060 render_context_fallbacks=0 render_context_direct_calls=30120 palette_batch_calls=22219 palette_batch_vertices=784015 palette_batch_declined=0 palette_batch_closed_loops=22219 projection_batch_calls=22885 projection_batch_vertices=789195 projection_batch_declined=1 projection_batch_verified=0 sound_metadata_hits=0 sound_metadata_misses=0 sound_metadata_verified=0 deferred_midi_notes=0 animation_hierarchy_original_calls=0 animation_hierarchy_nodes=20323 animation_direct_write_calls=509 pose_blend_native_calls=0 pose_blend_original_calls=0 pose_direct_write_calls=0 matrix_vector_point_native_calls=9862 matrix_vector_point_original_calls=0 matrix_vector_direction_native_calls=7993 matrix_vector_direction_original_calls=0 matrix_vector_store_native_calls=0 matrix_vector_store_original_calls=0 matrix_vector_translation_native_calls=0 matrix_vector_translation_original_calls=0 atan_native_calls=0 inverse_trig_native_calls=53404 inverse_trig_declined=0 inverse_memory_calls=0 inverse_memory_stores=0 atan_original_calls=0 atan_quotient_native_calls=2 atan_quotient_original_calls=0 atan_polynomial_native_calls=0 atan_polynomial_original_calls=0 atan_scale_native_calls=0 atan_scale_original_calls=0 matrix_inverse_original_calls=0 matrix_determinant_native_calls=0 matrix_determinant_original_calls=0 player_state_readable=1 player_x=-17.9774 player_y=3.99531 player_z=12.3584 player_x_bits=3247427998 player_y_bits=1082110760 player_z_bits=1095089104 frame_window_begin=5 frame_window_end=25 game_ticks=255 hud_timer_ticks=10711 update_timing=0 update_tasks=0 update_tails=0 update_main_tasks=0 update_alternate_tasks=0 update_waits=0 update_elapsed=0 update_elapsed_extra=0 update_timer_setups=0 periodic_epoch_ns=118578301151827 periodic_callbacks=0 render_completion_experiment=0 guest_render_submitted=0 guest_render_completed=0 guest_render_dispatched=0 guest_render_callback=0 guest_render_counter=0 guest_render_nonzero_callbacks=0 update_unreadable=0 execution_thread_id=67200 execution_cpu_valid=1 execution_cpu_100ns=844705549 process_cpu_valid=1 process_cpu_100ns=4345209706 execution_cycles_valid=0 execution_cycles=0 phase=0 final=0
SONIC_NATIVE_SCENARIO_GAMEPLAY_SAMPLE id=gamma-emerald-coast protocol=3 input_profile=3 monotonic_ns=118580491027710 elapsed_ms=29400 collision_debug_signed=-1 frame=277 presentations=272 relative_frame=25 max_frame_ns=1659168074 input_applied_frames=25 completed_frames=26 drawn_frames=25 cadence_readable=1 active_video_hz=50 clock_owner=postpal-checkpoint clock_bound_frame=0 tv_mode_readable=1 tv_mode_word=1 release_slots=2 logical_delta=2 sixty_frame_fixture=0 native_gameplay_math=1 native_leaf_math=1 math_scope_readable=1 main_state=4 scene=15 palette_native_calls=22530 palette_original_calls=0 vertex_normals_native_calls=0 vertex_normals_original_calls=0 matrix_push_native_calls=27647 matrix_push_original_calls=0 matrix_pop_native_calls=31236 matrix_pop_original_calls=0 matrix_staged_groups=0 collision_cross_native_calls=268 collision_length_native_calls=4965 collision_normalize_native_calls=3496 collision_cross_original_calls=0 collision_length_original_calls=0 collision_normalize_original_calls=0 matrix_inverse_native_calls=1025 triangle_contacts_native_calls=0 triangle_contacts_original_calls=0 triangle_contacts_scope_blocked_calls=0 collision_candidates_native_calls=3593 collision_candidates_scope_blocked_calls=0 collision_candidates_original_calls=0 motion_sampling_native_calls=0 motion_sampling_original_calls=0 animation_hierarchy_native_calls=515 model_packets=0 model_snapshots=0 model_packet_verified=0 model_packet_vertices=0 model_gpu_draws=0 model_point_uploads=0 model_corner_uploads=0 closed_memory_calls=174526 closed_memory_words=3126947 collision_memory_intervals=0 collision_memory_reads=0 collision_memory_writes=0 model_pipeline_calls=35323 model_pipeline_declined=0 model_pipeline_points=670004 model_pipeline_normals=17640 model_pipeline_draws=17640 model_pipeline_direct_outputs=17715 model_pipeline_root_operations=0 model_pipeline_closed_children=0 object_distance_calls=158183 object_distance_native=158183 object_distance_fallback=0 object_activation_calls=257 object_lifetime_calls=16199 object_records=154971 object_created=57 object_retired=0 object_declined=0 object_slow_accesses=0 movement_calls=0 movement_declined=0 movement_callbacks=0 movement_reentries=0 contact_family_calls=0 object_contact_calls=0 camera_operation_calls=0 contact_family_internal=0 contact_family_foreign=0 contact_family_resumes=0 world_calls=258 world_declined=0 world_internal=13916 world_callbacks=46544 world_resumes=0 world_membership=4386 world_eligibility=4626 render_hierarchy_calls=9711 render_hierarchy_declined=0 render_hierarchy_internal=504160 render_hierarchy_callbacks=49509 render_model_calls=0 render_model_revocations=0 render_hierarchy_resumes=0 rigid_hierarchy_calls=8197 morph_hierarchy_calls=0 land_render_calls=0 collision_fused_cross=0 collision_fused_length=0 collision_fused_normalize=0 matrix_bulk_pushes=0 matrix_bulk_pops=0 matrix_bulk_saved=0 matrix_bulk_loaded=0 render_context_captures=15278 render_context_commits=15278 render_context_fallbacks=0 render_context_direct_calls=30556 palette_batch_calls=22530 palette_batch_vertices=794767 palette_batch_declined=0 palette_batch_closed_loops=22530 projection_batch_calls=23205 projection_batch_vertices=800017 projection_batch_declined=1 projection_batch_verified=0 sound_metadata_hits=0 sound_metadata_misses=0 sound_metadata_verified=0 deferred_midi_notes=0 animation_hierarchy_original_calls=0 animation_hierarchy_nodes=20563 animation_direct_write_calls=515 pose_blend_native_calls=0 pose_blend_original_calls=0 pose_direct_write_calls=0 matrix_vector_point_native_calls=9974 matrix_vector_point_original_calls=0 matrix_vector_direction_native_calls=8094 matrix_vector_direction_original_calls=0 matrix_vector_store_native_calls=0 matrix_vector_store_original_calls=0 matrix_vector_translation_native_calls=0 matrix_vector_translation_original_calls=0 atan_native_calls=0 inverse_trig_native_calls=53856 inverse_trig_declined=0 inverse_memory_calls=0 inverse_memory_stores=0 atan_original_calls=0 atan_quotient_native_calls=2 atan_quotient_original_calls=0 atan_polynomial_native_calls=0 atan_polynomial_original_calls=0 atan_scale_native_calls=0 atan_scale_original_calls=0 matrix_inverse_original_calls=0 matrix_determinant_native_calls=0 matrix_determinant_original_calls=0 player_state_readable=1 player_x=-19.0045 player_y=3.99511 player_z=13.0484 player_x_bits=3247966524 player_y_bits=1082109928 player_z_bits=1095812633 frame_window_begin=5 frame_window_end=25 game_ticks=258 hud_timer_ticks=10708 update_timing=0 update_tasks=0 update_tails=0 update_main_tasks=0 update_alternate_tasks=0 update_waits=0 update_elapsed=0 update_elapsed_extra=0 update_timer_setups=0 periodic_epoch_ns=118579406090629 periodic_callbacks=0 render_completion_experiment=0 guest_render_submitted=0 guest_render_completed=0 guest_render_dispatched=0 guest_render_callback=0 guest_render_counter=0 guest_render_nonzero_callbacks=0 update_unreadable=0 execution_thread_id=67200 execution_cpu_valid=1 execution_cpu_100ns=850843712 process_cpu_valid=1 process_cpu_100ns=4380762427 execution_cycles_valid=0 execution_cycles=0 phase=0 final=1
SONIC_NATIVE_SCENARIO_GAMEPLAY_COMPLETE id=gamma-emerald-coast protocol=3 input_profile=3 monotonic_ns=118580491027710 elapsed_ms=29400 frame=277 presentations=272 relative_frame=25 input_applied_frames=25 completed_frames=26 drawn_frames=25 max_frame_ns=1659168074 p95_frame_ns=1560586189 p99_frame_ns=1659168074 frame_samples=25 frame_samples_truncated=0
SONIC_NATIVE_SCENARIO_DEADLINE_ARMED frame=277 presentations=272
KATANA_NATIVE_FRAME_PACING_SNAPSHOT {"schema":1,"simulation_frames":277,"presentation_frames":273,"repeated_presentations":0,"late_simulation_frames":0,"missed_presentation_deadlines":7656,"simulation_rate_hz":30,"presentation_rate_hz":60,"enabled":true}
KATANA_NATIVE_PRODUCT_GATE status=not-reached milestone=FirstVisibleGameFrame stop_reason=2 bootstrap_phase=2
KATANA_RUNTIME_STOP_FRONTIER {"version":2,"stop_reason":2,"pc":2349152670,"pr":2349152670,"active_instruction":2349161410,"active_instruction_physical":201677762,"active_block":0,"active_block_physical":0,"active_block_size":0,"gpr":[133111883,2356798248,0,2349143952,0,2356800708,2356800704,4,2356545712,2349898930,2350259184,2348878714,2348878680,2349252608,2350509724,2348872648],"gbr":2358246912,"vbr":2348872704,"sr":1610612992,"mach":0,"macl":1924,"fpul":46,"fpscr":262245,"retired_guest_instructions":68147594,"attempted_guest_instructions":68147594}
