SONIC_CPU_PATH_DEFAULTS version=20260916 ram_regions=1 prepared_transfers=1
SONIC_INTERNAL_DIAGNOSTICS version=1 enabled=0
KATANA_NATIVE_PORT_BRINGUP unresolved_hardware_sites=96 probes=1
KATANA_NATIVE_BUILD_PROFILE name=performance pgo_mode=off pgo_profile_sha256=none aot_all_o2=1
SONIC_PRESENTATION mode=hor-plus output=800x500 renderer=vulkan camera=original render_percent=50 x_scale=0.833333 gameplay_timing=original
SONIC_STARTUP phase=Loading game code...
SONIC_STARTUP_PREFETCH backend=linux advised_bytes=346461525 mode=asynchronous
SONIC_STARTUP phase=Loading game data...
SONIC_STARTUP phase=Connecting controllers...
SONIC_STARTUP phase=Preparing graphics...
SONIC_VULKAN_DEVICE name=llvmpipe (LLVM 20.1.2, 256 bits) api=1.4 type2_nodes=5592405
SONIC_SHADER_CACHE backend=vulkan driver_hit=0 bytes=0
SONIC_VULKAN_WARMUP pipelines=0
SONIC_STARTUP phase=Starting game...
KATANA_NATIVE_FRAME_PACING simulation_fps=30 presentation_fps=60 catch_up=disabled
KATANA_NATIVE_PORT_BUILD_IDENTITY_V1:sha256:05a1c67fc1d6e5aee33963d0c1456242e84507378b637b71a9b3dd885ddc8e47
SONIC_NATIVE_PERIODIC_ADOPT reload=12500000 observed=12251537
SONIC_NATIVE_TEXTURE_SET acquired domain=main index=0 rows=7 archives=7 publication=guest-registry
SONIC_NATIVE_FRAME_BOUNDARY owner=frame-begin index=0 action=present open=1 draws=0 clear=0,0,0,1
SONIC_NATIVE_INPUT slot=0 connected=0 buttons=0x0 pressed=0x0 released=0x0
SONIC_NATIVE_INPUT slot=1 connected=0 buttons=0x0 pressed=0x0 released=0x0
SONIC_NATIVE_INPUT slot=2 connected=0 buttons=0x0 pressed=0x0 released=0x0
SONIC_NATIVE_INPUT slot=3 connected=0 buttons=0x0 pressed=0x0 released=0x0
SONIC_NATIVE_PRETRANSFORMED_PROBE r4=0x8c00f358 pr=0x8c09b4ea sp=0x8c00f350 fullscreen=1 r5=0x4 r6=0x60 fr4=0xbc23d70a streams=0x8c00f368,0x8c00f388,0x0 v0=[0x0,0x0,0xef000000] v1=[0x0,0x43f00000,0xef000000] v2=[0x44200000,0x43f00000,0xef000000] v3=[0x44200000,0x0,0xef000000]
SONIC_NATIVE_DRAW_PACKET frame=1 ordinal=0 vertices=4 topology=4 cull=0 shading=0 blend=1:6:7 depth=1:1:6 list=2 material=1:1:1:0
SONIC_NATIVE_DRAW_VERTEX ordinal=0 index=0 position=0,0,1 color=0,0,0,0.937255
SONIC_NATIVE_DRAW_VERTEX ordinal=0 index=1 position=640,0,1 color=0,0,0,0.937255
SONIC_NATIVE_DRAW_VERTEX ordinal=0 index=2 position=0,480,1 color=0,0,0,0.937255
SONIC_NATIVE_DRAW_VERTEX ordinal=0 index=3 position=640,480,1 color=0,0,0,0.937255
SONIC_NATIVE_DRAW_PACKET frame=1 ordinal=1 vertices=4 topology=4 cull=0 shading=1 blend=0:1:0 depth=1:1:6 list=0 material=1:0:0:0
SONIC_NATIVE_DRAW_VERTEX ordinal=1 index=0 position=-64,0,0.1 color=1,1,1,1
SONIC_NATIVE_DRAW_VERTEX ordinal=1 index=1 position=-64,256,0.1 color=1,1,1,1
SONIC_NATIVE_DRAW_VERTEX ordinal=1 index=2 position=192,0,0.1 color=1,1,1,1
SONIC_NATIVE_DRAW_VERTEX ordinal=1 index=3 position=192,256,0.1 color=1,1,1,1
SONIC_NATIVE_DRAW_PACKET frame=1 ordinal=2 vertices=4 topology=4 cull=0 shading=1 blend=0:1:0 depth=1:1:6 list=0 material=1:0:0:0
SONIC_NATIVE_DRAW_VERTEX ordinal=2 index=0 position=192,0,0.1 color=1,1,1,1
SONIC_NATIVE_DRAW_VERTEX ordinal=2 index=1 position=192,256,0.1 color=1,1,1,1
SONIC_NATIVE_DRAW_VERTEX ordinal=2 index=2 position=448,0,0.1 color=1,1,1,1
SONIC_NATIVE_DRAW_VERTEX ordinal=2 index=3 position=448,256,0.1 color=1,1,1,1
SONIC_NATIVE_DRAW_PACKET frame=1 ordinal=3 vertices=4 topology=4 cull=0 shading=1 blend=0:1:0 depth=1:1:6 list=0 material=1:0:0:0
SONIC_NATIVE_DRAW_VERTEX ordinal=3 index=0 position=448,0,0.1 color=1,1,1,1
SONIC_NATIVE_DRAW_VERTEX ordinal=3 index=1 position=448,256,0.1 color=1,1,1,1
SONIC_NATIVE_DRAW_VERTEX ordinal=3 index=2 position=704,0,0.1 color=1,1,1,1
SONIC_NATIVE_DRAW_VERTEX ordinal=3 index=3 position=704,256,0.1 color=1,1,1,1
SONIC_NATIVE_DRAW_PACKET frame=1 ordinal=4 vertices=4 topology=4 cull=0 shading=1 blend=0:1:0 depth=1:1:6 list=0 material=1:0:0:0
SONIC_NATIVE_DRAW_VERTEX ordinal=4 index=0 position=-64,256,0.1 color=1,1,1,1
SONIC_NATIVE_DRAW_VERTEX ordinal=4 index=1 position=-64,512,0.1 color=1,1,1,1
SONIC_NATIVE_DRAW_VERTEX ordinal=4 index=2 position=192,256,0.1 color=1,1,1,1
SONIC_NATIVE_DRAW_VERTEX ordinal=4 index=3 position=192,512,0.1 color=1,1,1,1
SONIC_NATIVE_DRAW_PACKET frame=1 ordinal=5 vertices=4 topology=4 cull=0 shading=1 blend=0:1:0 depth=1:1:6 list=0 material=1:0:0:0
SONIC_NATIVE_DRAW_VERTEX ordinal=5 index=0 position=192,256,0.1 color=1,1,1,1
SONIC_NATIVE_DRAW_VERTEX ordinal=5 index=1 position=192,512,0.1 color=1,1,1,1
SONIC_NATIVE_DRAW_VERTEX ordinal=5 index=2 position=448,256,0.1 color=1,1,1,1
SONIC_NATIVE_DRAW_VERTEX ordinal=5 index=3 position=448,512,0.1 color=1,1,1,1
SONIC_NATIVE_DRAW_PACKET frame=1 ordinal=6 vertices=4 topology=4 cull=0 shading=1 blend=0:1:0 depth=1:1:6 list=0 material=1:0:0:0
SONIC_NATIVE_DRAW_VERTEX ordinal=6 index=0 position=448,256,0.1 color=1,1,1,1
SONIC_NATIVE_DRAW_VERTEX ordinal=6 index=1 position=448,512,0.1 color=1,1,1,1
SONIC_NATIVE_DRAW_VERTEX ordinal=6 index=2 position=704,256,0.1 color=1,1,1,1
SONIC_NATIVE_DRAW_VERTEX ordinal=6 index=3 position=704,512,0.1 color=1,1,1,1
SONIC_NATIVE_FRAME_BOUNDARY owner=frame-begin index=1 action=present open=1 draws=7 clear=0,0,0,1
SONIC_VULKAN_PRESENT mode=immediate vsync_setting=2 visible=0
SONIC_VULKAN_PIPELINE kind=3 warmup=0 elapsed_ms=10.008
SONIC_STARTUP ready=1 elapsed_ms=14051.495
SONIC_NATIVE_FRAME_BOUNDARY owner=frame-begin index=2 action=present open=1 draws=7 clear=0,0,0,1
SONIC_VULKAN_PIPELINE kind=0 warmup=0 elapsed_ms=84.107
SONIC_VULKAN_PIPELINE kind=1 warmup=0 elapsed_ms=85.491
SONIC_VULKAN_PIPELINE kind=2 warmup=0 elapsed_ms=64.518
SONIC_NATIVE_FRAME_BOUNDARY owner=frame-begin index=3 action=present open=1 draws=7 clear=0,0,0,1
SONIC_NATIVE_FRAME_BOUNDARY owner=frame-begin index=4 action=present open=1 draws=7 clear=0,0,0,1
SONIC_NATIVE_FRAME_BOUNDARY owner=frame-begin index=5 action=present open=1 draws=7 clear=0,0,0,1
SONIC_NATIVE_FRAME_BOUNDARY owner=frame-begin index=6 action=present open=1 draws=7 clear=0,0,0,1
SONIC_NATIVE_FRAME_BOUNDARY owner=frame-begin index=7 action=present open=1 draws=7 clear=0,0,0,1
SONIC_NATIVE_FRAME_BOUNDARY owner=frame-begin index=8 action=present open=1 draws=7 clear=0,0,0,1
SONIC_NATIVE_FRAME_BOUNDARY owner=frame-begin index=9 action=present open=1 draws=7 clear=0,0,0,1
SONIC_NATIVE_MOVIE_SEQUENCE diagnostic-menu-edge=1
SONIC_NATIVE_MOVIE_SEQUENCE skip id=0 clip=0 input=menu
SONIC_NATIVE_MOVIE_SEQUENCE completed id=0 clips=0 skipped=1 completion_status=1 decoded_video=0 presented_video=0 audio_frames=0 visibly_non_black=0
SONIC_NATIVE_CONTENT request=advertise.prs normalized=ADVERTISE.PRS destination=0xcd00000
SONIC_NATIVE_PRS_SOURCE staged=SONICAD/ADVERTISE.PRS decoded=sha256:6e8a5806f1f32e6c17c70c30c953600f16fcdb4959b8cd91094c4b32062793d5 encoded_start=0xcd00000 encoded_bytes=0x2b000 sequence=1
SONIC_NATIVE_CONTENT loaded=SONICAD/ADVERTISE.PRS destination=0xcd00000 bytes=0x2ae96 sector_bytes=0x2b000
SONIC_NATIVE_PRS retired_runtime_images=1 retired_loaded_aot=0 destination=0xc900000
SONIC_NATIVE_PRS_MODULE identity=sha256:6e8a5806f1f32e6c17c70c30c953600f16fcdb4959b8cd91094c4b32062793d5 source=0x8088b000 runtime=0xc900000 bytes=0xe4648 generation=3 transition_epoch=1
SONIC_NATIVE_SOUND_BANK_MAP collection=0:1 available=13 retained=0 replaced=0 retired_one_shot=0 retired_sequence=0 stale_handles=0
SONIC_NATIVE_SOUND_COLLECTION loaded=SONICAD/MOBILE1.MLT bytes=1222016 active=1
SONIC_NATIVE_SOUND_BANK_MAP collection=1:1 available=13 retained=0 replaced=13 retired_one_shot=0 retired_sequence=0 stale_handles=0
SONIC_NATIVE_SOUND_COLLECTION loaded=SONICAD/EGGCARRIER.MLT bytes=1311520 active=2
SONIC_NATIVE_SOUND_BANK_MAP collection=2:1 available=5 retained=10 replaced=3 retired_one_shot=0 retired_sequence=0 stale_handles=0
SONIC_NATIVE_SOUND_COLLECTION loaded=SONICAD/V_SONICTAILS_E.MLT bytes=201472 active=3
SONIC_NATIVE_SOUND_BANK_MAP collection=3:1 available=5 retained=12 replaced=3 retired_one_shot=0 retired_sequence=0 stale_handles=0
SONIC_NATIVE_SOUND_COLLECTION loaded=SONICAD/P_SONICTAILS.MLT bytes=144000 active=4
SONIC_NATIVE_SCENARIO_STAGE_QUEUED id=knuckles-lost-world stage=7:1 context=3 table=22:2 main=11->2 tuple_override=0 gameplay_probe=1 protocol=3 input_profile=3 frame=193 presentations=190
SONIC_NATIVE_CONTENT request=k_mot.PRS normalized=K_MOT.PRS destination=0xcd00000
SONIC_NATIVE_CONTENT loaded=SONICAD/K_MOT.PRS destination=0xcd00000 bytes=0x26ab7 sector_bytes=0x27000
SONIC_NATIVE_TEXTURE_SET acquired domain=character index=3 rows=2 archives=2 publication=guest-registry
SONIC_NATIVE_TEXTURE_SET acquired domain=main index=0 rows=7 archives=7 publication=guest-registry
SONIC_NATIVE_SDK_TEXTURE_VIEW pvm=0 acquired=1 copied=1 texlist=0x8c1bee94
SONIC_NATIVE_PRETRANSFORMED_STREAM kind=textured source=0x8c798718 count=4 texture_key=0x989803 translucent=0
SONIC_VULKAN_PIPELINE kind=0 warmup=0 elapsed_ms=80.937
SONIC_NATIVE_SOUND_BANK_MAP collection=4:1 available=13 retained=4 replaced=13 retired_one_shot=0 retired_sequence=0 stale_handles=0
SONIC_NATIVE_SOUND_COLLECTION loaded=SONICAD/LOSTWORLD.MLT bytes=1048960 active=5
SONIC_NATIVE_SOUND_BANK_MAP collection=5:1 available=5 retained=12 replaced=5 retired_one_shot=0 retired_sequence=0 stale_handles=0
SONIC_NATIVE_SOUND_COLLECTION loaded=SONICAD/V_KNUCKLES_E.MLT bytes=157408 active=6
SONIC_NATIVE_SOUND_BANK_MAP collection=6:1 available=5 retained=12 replaced=5 retired_one_shot=0 retired_sequence=0 stale_handles=0
SONIC_NATIVE_SOUND_COLLECTION loaded=SONICAD/P_KNUCKLES.MLT bytes=200160 active=7
SONIC_NATIVE_CONTENT request=stg07.PRS normalized=STG07.PRS destination=0xcd00000
SONIC_NATIVE_PRS_SOURCE staged=SONICAD/STG07.PRS decoded=sha256:4061569d533458514f2e0e26c88631a20f3ffd5c260e0521717a9c2bc3a3b44c encoded_start=0xcd00000 encoded_bytes=0xa1800 sequence=2
SONIC_NATIVE_CONTENT loaded=SONICAD/STG07.PRS destination=0xcd00000 bytes=0xa1304 sector_bytes=0xa1800
SONIC_NATIVE_OVERLAY_TASK_RETIRE destination=0xc900000 bytes=0x15d36c owners=1 tasks=2 roots=2 child_graph=1 transition=sha256:4061569d533458514f2e0e26c88631a20f3ffd5c260e0521717a9c2bc3a3b44c
SONIC_NATIVE_OVERLAY_TASK_OWNER kind=loaded-aot identity=sha256:6e8a5806f1f32e6c17c70c30c953600f16fcdb4959b8cd91094c4b32062793d5 runtime=0x8c900000 bytes=0xe4648 generation=3
SONIC_NATIVE_PRS retired_runtime_images=0 retired_loaded_aot=1 destination=0xc900000
SONIC_NATIVE_PRS_MODULE identity=sha256:4061569d533458514f2e0e26c88631a20f3ffd5c260e0521717a9c2bc3a3b44c source=0x838a3000 runtime=0xc900000 bytes=0x15d36c generation=5 transition_epoch=2
SONIC_NATIVE_CONTENT request=set0700K.bin normalized=SET0700K.BIN destination=0xcb68000
SONIC_NATIVE_CONTENT missing_path=SET0700K.BIN guest_pointer=0x8c00f314 destination=0xcb68000
SONIC_NATIVE_CONTENT request=set0700S.bin normalized=SET0700S.BIN destination=0xcb68000
SONIC_NATIVE_CONTENT loaded=SONICAD/SET0700S.BIN destination=0xcb68000 bytes=0x3c40 sector_bytes=0x4000
SONIC_NATIVE_CONTENT request=set0701K.bin normalized=SET0701K.BIN destination=0xcb70000
SONIC_NATIVE_CONTENT loaded=SONICAD/SET0701K.BIN destination=0xcb70000 bytes=0x7ce0 sector_bytes=0x8000
SONIC_NATIVE_CONTENT request=set0702K.bin normalized=SET0702K.BIN destination=0xcb78000
SONIC_NATIVE_CONTENT missing_path=SET0702K.BIN guest_pointer=0x8c00f314 destination=0xcb78000
SONIC_NATIVE_CONTENT request=set0702S.bin normalized=SET0702S.BIN destination=0xcb78000
SONIC_NATIVE_CONTENT loaded=SONICAD/SET0702S.BIN destination=0xcb78000 bytes=0x420 sector_bytes=0x800
SONIC_NATIVE_CONTENT request=cam0700K.bin normalized=CAM0700K.BIN destination=0xcb50000
SONIC_NATIVE_CONTENT missing_path=CAM0700K.BIN guest_pointer=0x8c00f318 destination=0xcb50000
SONIC_NATIVE_CONTENT request=cam0700S.bin normalized=CAM0700S.BIN destination=0xcb50000
SONIC_NATIVE_CONTENT loaded=SONICAD/CAM0700S.BIN destination=0xcb50000 bytes=0x1840 sector_bytes=0x2000
SONIC_NATIVE_CONTENT request=cam0701K.bin normalized=CAM0701K.BIN destination=0xcb58000
SONIC_NATIVE_CONTENT loaded=SONICAD/CAM0701K.BIN destination=0xcb58000 bytes=0x1dc0 sector_bytes=0x2000
SONIC_NATIVE_CONTENT request=cam0702K.bin normalized=CAM0702K.BIN destination=0xcb60000
SONIC_NATIVE_CONTENT missing_path=CAM0702K.BIN guest_pointer=0x8c00f338 destination=0xcb60000
SONIC_NATIVE_CONTENT request=cam0702S.bin normalized=CAM0702S.BIN destination=0xcb60000
SONIC_NATIVE_CONTENT loaded=SONICAD/CAM0702S.BIN destination=0xcb60000 bytes=0x440 sector_bytes=0x800
SONIC_NATIVE_TEXTURE_SET acquired domain=character index=3 rows=2 archives=2 publication=guest-registry
SONIC_NATIVE_TEXTURE_SET acquired domain=main index=0 rows=7 archives=7 publication=guest-registry
SONIC_NATIVE_SDK_TEXTURE_VIEW pvm=1 acquired=127 copied=127 texlist=0xca27608
SONIC_NATIVE_SDK_TEXTURE_VIEW pvm=1 acquired=41 copied=41 texlist=0xca27814
SONIC_NATIVE_SDK_TEXTURE_VIEW pvm=1 acquired=18 copied=18 texlist=0x8c5b3d58
SONIC_NATIVE_SDK_TEXTURE_VIEW pvm=1 acquired=9 copied=9 texlist=0x8c59d484
SONIC_NATIVE_SDK_TEXTURE_VIEW pvm=1 acquired=3 copied=3 texlist=0x8c5c3698
SONIC_NATIVE_SDK_TEXTURE_VIEW pvm=1 acquired=2 copied=2 texlist=0x8c18610c
SONIC_NATIVE_SDK_TEXTURE_VIEW pvm=1 acquired=4 copied=4 texlist=0x8c1843a0
SONIC_NATIVE_SDK_TEXTURE_VIEW pvm=1 acquired=3 copied=3 texlist=0x8c181138
SONIC_NATIVE_SDK_TEXTURE_VIEW pvm=1 acquired=5 copied=5 texlist=0x8c16887c
SONIC_NATIVE_SDK_TEXTURE_VIEW pvm=1 acquired=4 copied=4 texlist=0x8c17df3c
SONIC_NATIVE_SDK_TEXTURE_VIEW pvm=1 acquired=95 copied=95 texlist=0xc963f04
SONIC_NATIVE_LIGHTING_CONTENT loaded=SONICAD/SL_71B.BIN destination=0x8c6aeec4 backing=0xc6aeec4 bytes=0xa00 sector_bytes=0x1000
SONIC_NATIVE_LIGHTING_CONTENT loaded=SONICAD/PL_71B.BIN destination=0x8c038f60 backing=0xc038f60 bytes=0x2400 sector_bytes=0x2800
SONIC_NATIVE_SDK_TEXTURE_VIEW pvm=0 acquired=1 copied=1 texlist=0x8c6b67b8
SONIC_NATIVE_SDK_TEXTURE_VIEW pvm=1 acquired=4 copied=4 texlist=0xca2784c
SONIC_VULKAN_PIPELINE kind=0 warmup=0 elapsed_ms=104.940
SONIC_VULKAN_PIPELINE kind=1 warmup=0 elapsed_ms=111.739
SONIC_VULKAN_PIPELINE kind=0 warmup=0 elapsed_ms=95.382
SONIC_VULKAN_PIPELINE kind=1 warmup=0 elapsed_ms=95.870
SONIC_VULKAN_PIPELINE kind=1 warmup=0 elapsed_ms=104.988
SONIC_NATIVE_CONTENT_RANGE bound=SONICAD/EVENT_ADX_US.AFS start_sector=450138 sectors=31836 bytes=65200128
SONIC_NATIVE_ADX_AFS bound=SONICAD/EVENT_ADX_US.AFS identity=sha256:58a427309d55eb6613b09a056461c5d5f4e3c82e61936980d2d2d1bf04cd0dcd afs_id=0 entries=2044
SONIC_NATIVE_PCM_STREAM_RING registered bank=15 offset=0x1fbfc0 bytes=0x4000 resource=0x141f8 mirror=0x8c8d371c
SONIC_NATIVE_PCM_STREAM_RING registered bank=14 offset=0x1f7f80 bytes=0x4000 resource=0x141f0 mirror=0x8c8d3714
SONIC_NATIVE_PCM_STREAM_RING registered bank=13 offset=0x1f3f40 bytes=0x4000 resource=0x141e8 mirror=0x8c8d370c
[adx @ 0x7aed2c07b9c0] Estimating duration from bitrate, this may be inaccurate
SONIC_NATIVE_ADX start=SONICAD/LSTWRLD3.ADX identity=sha256:c3a15a5b6f655a264354e0209fdb5cf5eb6a34a61d6022b21c4e3330e8822dab guest_handle=0x8c6736f0 callsite=0x8c107892 pr=0x8c107894 bgm_signature=0x0 bgm_trace=0 bgm_frame=0 bgm_selection=0 bgm_request=0 bgm_mirror=0 bgm_handles=0x0,0x0 voice=0:1 active=1 playing=1 queued=2048 loop=1 loop_start=627680 loop_end=3833886 gain=0.891251 wrapper_valid=1 wrapper=0x2000301,0x8c8a3850,0x0,0x8c8a4950,0x8c8a64f8,0x8c8a64f8
SONIC_NATIVE_SCENARIO_GAMEPLAY_STARTED id=knuckles-lost-world protocol=3 input_profile=3 monotonic_ns=125566338649458 frame=252 presentations=247 load_ms=69893 owner_generation=5 stage_state=0 stage_mode=1
SONIC_NATIVE_INPUT slot=0 connected=1 buttons=0x0 pressed=0x0 released=0x0
SONIC_NATIVE_SCENARIO_GAMEPLAY_SAMPLE id=knuckles-lost-world protocol=3 input_profile=3 monotonic_ns=125568364918351 elapsed_ms=2026 collision_debug_signed=-1 frame=254 presentations=249 relative_frame=2 max_frame_ns=1095168411 input_applied_frames=2 completed_frames=3 drawn_frames=2 cadence_readable=1 active_video_hz=50 clock_owner=postpal-checkpoint clock_bound_frame=0 tv_mode_readable=1 tv_mode_word=1 release_slots=2 logical_delta=2 sixty_frame_fixture=0 native_gameplay_math=1 native_leaf_math=1 math_scope_readable=1 main_state=4 scene=15 palette_native_calls=3898 palette_original_calls=0 vertex_normals_native_calls=0 vertex_normals_original_calls=0 matrix_push_native_calls=24890 matrix_push_original_calls=0 matrix_pop_native_calls=26040 matrix_pop_original_calls=0 matrix_staged_groups=0 collision_cross_native_calls=360 collision_length_native_calls=12569 collision_normalize_native_calls=727 collision_cross_original_calls=0 collision_length_original_calls=0 collision_normalize_original_calls=0 matrix_inverse_native_calls=4652 triangle_contacts_native_calls=2486 triangle_contacts_original_calls=0 triangle_contacts_scope_blocked_calls=0 collision_candidates_native_calls=716 collision_candidates_scope_blocked_calls=0 collision_candidates_original_calls=0 motion_sampling_native_calls=0 motion_sampling_original_calls=0 animation_hierarchy_native_calls=233 model_packets=0 model_snapshots=0 model_packet_verified=0 model_packet_vertices=0 model_gpu_draws=0 model_point_uploads=0 model_corner_uploads=0 closed_memory_calls=112614 closed_memory_words=1531752 collision_memory_intervals=0 collision_memory_reads=0 collision_memory_writes=0 model_pipeline_calls=7908 model_pipeline_declined=0 model_pipeline_points=121810 model_pipeline_normals=2787 model_pipeline_draws=2787 model_pipeline_direct_outputs=2790 model_pipeline_root_operations=0 model_pipeline_closed_children=12195 object_distance_calls=180382 object_distance_native=180382 object_distance_fallback=0 object_activation_calls=179 object_lifetime_calls=36947 object_records=178642 object_created=272 object_retired=74 object_declined=0 object_slow_accesses=0 movement_calls=0 movement_declined=0 movement_callbacks=0 movement_reentries=0 contact_family_calls=538 object_contact_calls=180 camera_operation_calls=179 contact_family_internal=510172 contact_family_foreign=6055 contact_family_resumes=0 world_calls=180 world_declined=0 world_internal=22862 world_callbacks=57468 world_resumes=0 world_membership=4704 world_eligibility=4710 render_hierarchy_calls=2784 render_hierarchy_declined=0 render_hierarchy_internal=67358 render_hierarchy_callbacks=522 render_model_calls=7908 render_model_revocations=0 render_hierarchy_resumes=0 rigid_hierarchy_calls=2498 morph_hierarchy_calls=0 land_render_calls=180 actor_operation_calls=0 actor_state_transfers=0 collision_fused_cross=0 collision_fused_length=0 collision_fused_normalize=0 matrix_bulk_pushes=0 matrix_bulk_pops=0 matrix_bulk_saved=0 matrix_bulk_loaded=0 render_context_captures=4582 render_context_commits=4582 render_context_fallbacks=0 render_context_direct_calls=9164 palette_batch_calls=3898 palette_batch_vertices=163562 palette_batch_declined=0 palette_batch_closed_loops=3898 projection_batch_calls=4360 projection_batch_vertices=165386 projection_batch_declined=5 projection_batch_verified=0 sound_metadata_hits=0 sound_metadata_misses=0 sound_metadata_verified=0 deferred_midi_notes=0 animation_hierarchy_original_calls=0 animation_hierarchy_nodes=13175 animation_direct_write_calls=233 pose_blend_native_calls=0 pose_blend_original_calls=0 pose_direct_write_calls=0 matrix_vector_point_native_calls=23357 matrix_vector_point_original_calls=0 matrix_vector_direction_native_calls=28049 matrix_vector_direction_original_calls=0 matrix_vector_store_native_calls=0 matrix_vector_store_original_calls=0 matrix_vector_translation_native_calls=0 matrix_vector_translation_original_calls=0 atan_native_calls=0 inverse_trig_native_calls=13601 inverse_trig_declined=0 inverse_memory_calls=0 inverse_memory_stores=0 atan_original_calls=0 atan_quotient_native_calls=2 atan_quotient_original_calls=0 atan_polynomial_native_calls=0 atan_polynomial_original_calls=0 atan_scale_native_calls=0 atan_scale_original_calls=0 matrix_inverse_original_calls=0 matrix_determinant_native_calls=0 matrix_determinant_original_calls=0 player_state_readable=1 player_x=7481.87 player_y=-2640.4 player_z=907.881 player_x_bits=1172950773 player_y_bits=3307538021 player_z_bits=1147336810 frame_window_begin=5 frame_window_end=25 game_ticks=180 hud_timer_ticks=14 update_timing=0 update_tasks=0 update_tails=0 update_main_tasks=0 update_alternate_tasks=0 update_waits=0 update_elapsed=0 update_elapsed_extra=0 update_timer_setups=0 periodic_epoch_ns=125567270468467 periodic_callbacks=1 render_completion_experiment=0 guest_render_submitted=0 guest_render_completed=0 guest_render_dispatched=0 guest_render_callback=0 guest_render_counter=0 guest_render_nonzero_callbacks=0 update_unreadable=0 execution_thread_id=71936 execution_cpu_valid=1 execution_cpu_100ns=778370245 process_cpu_valid=1 process_cpu_100ns=3223432576 execution_cycles_valid=0 execution_cycles=0 phase=0 final=0
SONIC_NATIVE_SCENARIO_GAMEPLAY_SAMPLE id=knuckles-lost-world protocol=3 input_profile=3 monotonic_ns=125569619047611 elapsed_ms=3280 collision_debug_signed=-1 frame=255 presentations=250 relative_frame=3 max_frame_ns=1254129260 input_applied_frames=3 completed_frames=4 drawn_frames=3 cadence_readable=1 active_video_hz=50 clock_owner=postpal-checkpoint clock_bound_frame=0 tv_mode_readable=1 tv_mode_word=1 release_slots=2 logical_delta=2 sixty_frame_fixture=0 native_gameplay_math=1 native_leaf_math=1 math_scope_readable=1 main_state=4 scene=15 palette_native_calls=3990 palette_original_calls=0 vertex_normals_native_calls=0 vertex_normals_original_calls=0 matrix_push_native_calls=25305 matrix_push_original_calls=0 matrix_pop_native_calls=26472 matrix_pop_original_calls=0 matrix_staged_groups=0 collision_cross_native_calls=366 collision_length_native_calls=12777 collision_normalize_native_calls=739 collision_cross_original_calls=0 collision_length_original_calls=0 collision_normalize_original_calls=0 matrix_inverse_native_calls=4730 triangle_contacts_native_calls=2534 triangle_contacts_original_calls=0 triangle_contacts_scope_blocked_calls=0 collision_candidates_native_calls=728 collision_candidates_scope_blocked_calls=0 collision_candidates_original_calls=0 motion_sampling_native_calls=0 motion_sampling_original_calls=0 animation_hierarchy_native_calls=238 model_packets=0 model_snapshots=0 model_packet_verified=0 model_packet_vertices=0 model_gpu_draws=0 model_point_uploads=0 model_corner_uploads=0 closed_memory_calls=114401 closed_memory_words=1558248 collision_memory_intervals=0 collision_memory_reads=0 collision_memory_writes=0 model_pipeline_calls=8062 model_pipeline_declined=0 model_pipeline_points=124316 model_pipeline_normals=2853 model_pipeline_draws=2853 model_pipeline_direct_outputs=2856 model_pipeline_root_operations=0 model_pipeline_closed_children=12512 object_distance_calls=183406 object_distance_native=183406 object_distance_fallback=0 object_activation_calls=182 object_lifetime_calls=37568 object_records=181636 object_created=272 object_retired=74 object_declined=0 object_slow_accesses=0 movement_calls=0 movement_declined=0 movement_callbacks=0 movement_reentries=0 contact_family_calls=547 object_contact_calls=183 camera_operation_calls=182 contact_family_internal=519163 contact_family_foreign=6163 contact_family_resumes=0 world_calls=183 world_declined=0 world_internal=22866 world_callbacks=58290 world_resumes=0 world_membership=4782 world_eligibility=4789 render_hierarchy_calls=2832 render_hierarchy_declined=0 render_hierarchy_internal=69035 render_hierarchy_callbacks=531 render_model_calls=8062 render_model_revocations=0 render_hierarchy_resumes=0 rigid_hierarchy_calls=2540 morph_hierarchy_calls=0 land_render_calls=183 actor_operation_calls=0 actor_state_transfers=0 collision_fused_cross=0 collision_fused_length=0 collision_fused_normalize=0 matrix_bulk_pushes=0 matrix_bulk_pops=0 matrix_bulk_saved=0 matrix_bulk_loaded=0 render_context_captures=4686 render_context_commits=4686 render_context_fallbacks=0 render_context_direct_calls=9372 palette_batch_calls=3990 palette_batch_vertices=166902 palette_batch_declined=0 palette_batch_closed_loops=3990 projection_batch_calls=4461 projection_batch_vertices=168762 projection_batch_declined=5 projection_batch_verified=0 sound_metadata_hits=0 sound_metadata_misses=0 sound_metadata_verified=0 deferred_midi_notes=0 animation_hierarchy_original_calls=0 animation_hierarchy_nodes=13398 animation_direct_write_calls=238 pose_blend_native_calls=0 pose_blend_original_calls=0 pose_direct_write_calls=0 matrix_vector_point_native_calls=23623 matrix_vector_point_original_calls=0 matrix_vector_direction_native_calls=28517 matrix_vector_direction_original_calls=0 matrix_vector_store_native_calls=0 matrix_vector_store_original_calls=0 matrix_vector_translation_native_calls=0 matrix_vector_translation_original_calls=0 atan_native_calls=0 inverse_trig_native_calls=13840 inverse_trig_declined=0 inverse_memory_calls=0 inverse_memory_stores=0 atan_original_calls=0 atan_quotient_native_calls=2 atan_quotient_original_calls=0 atan_polynomial_native_calls=0 atan_polynomial_original_calls=0 atan_scale_native_calls=0 atan_scale_original_calls=0 matrix_inverse_original_calls=0 matrix_determinant_native_calls=0 matrix_determinant_original_calls=0 player_state_readable=1 player_x=7481.63 player_y=-2640.4 player_z=907.676 player_x_bits=1172950278 player_y_bits=3307538021 player_z_bits=1147333446 frame_window_begin=5 frame_window_end=25 game_ticks=183 hud_timer_ticks=17 update_timing=0 update_tasks=0 update_tails=0 update_main_tasks=0 update_alternate_tasks=0 update_waits=0 update_elapsed=0 update_elapsed_extra=0 update_timer_setups=0 periodic_epoch_ns=125568370070407 periodic_callbacks=1 render_completion_experiment=0 guest_render_submitted=0 guest_render_completed=0 guest_render_dispatched=0 guest_render_callback=0 guest_render_counter=0 guest_render_nonzero_callbacks=0 update_unreadable=0 execution_thread_id=71936 execution_cpu_valid=1 execution_cpu_100ns=786983024 process_cpu_valid=1 process_cpu_100ns=3258516549 execution_cycles_valid=0 execution_cycles=0 phase=0 final=0
SONIC_NATIVE_SCENARIO_GAMEPLAY_SAMPLE id=knuckles-lost-world protocol=3 input_profile=3 monotonic_ns=125570743880989 elapsed_ms=4405 collision_debug_signed=-1 frame=256 presentations=251 relative_frame=4 max_frame_ns=1254129260 input_applied_frames=4 completed_frames=5 drawn_frames=4 cadence_readable=1 active_video_hz=50 clock_owner=postpal-checkpoint clock_bound_frame=0 tv_mode_readable=1 tv_mode_word=1 release_slots=2 logical_delta=2 sixty_frame_fixture=0 native_gameplay_math=1 native_leaf_math=1 math_scope_readable=1 main_state=4 scene=15 palette_native_calls=4082 palette_original_calls=0 vertex_normals_native_calls=0 vertex_normals_original_calls=0 matrix_push_native_calls=25841 matrix_push_original_calls=0 matrix_pop_native_calls=27031 matrix_pop_original_calls=0 matrix_staged_groups=0 collision_cross_native_calls=374 collision_length_native_calls=13054 collision_normalize_native_calls=755 collision_cross_original_calls=0 collision_length_original_calls=0 collision_normalize_original_calls=0 matrix_inverse_native_calls=4834 triangle_contacts_native_calls=2598 triangle_contacts_original_calls=0 triangle_contacts_scope_blocked_calls=0 collision_candidates_native_calls=744 collision_candidates_scope_blocked_calls=0 collision_candidates_original_calls=0 motion_sampling_native_calls=0 motion_sampling_original_calls=0 animation_hierarchy_native_calls=244 model_packets=0 model_snapshots=0 model_packet_verified=0 model_packet_vertices=0 model_gpu_draws=0 model_point_uploads=0 model_corner_uploads=0 closed_memory_calls=116716 closed_memory_words=1590636 collision_memory_intervals=0 collision_memory_reads=0 collision_memory_writes=0 model_pipeline_calls=8246 model_pipeline_declined=0 model_pipeline_points=126822 model_pipeline_normals=2919 model_pipeline_draws=2919 model_pipeline_direct_outputs=2922 model_pipeline_root_operations=0 model_pipeline_closed_children=12829 object_distance_calls=187438 object_distance_native=187438 object_distance_fallback=0 object_activation_calls=186 object_lifetime_calls=38396 object_records=185628 object_created=272 object_retired=74 object_declined=0 object_slow_accesses=0 movement_calls=0 movement_declined=0 movement_callbacks=0 movement_reentries=0 contact_family_calls=559 object_contact_calls=187 camera_operation_calls=186 contact_family_internal=531151 contact_family_foreign=6307 contact_family_resumes=0 world_calls=187 world_declined=0 world_internal=22870 world_callbacks=59386 world_resumes=0 world_membership=4886 world_eligibility=4893 render_hierarchy_calls=2895 render_hierarchy_declined=0 render_hierarchy_internal=70793 render_hierarchy_callbacks=542 render_model_calls=8246 render_model_revocations=0 render_hierarchy_resumes=0 rigid_hierarchy_calls=2596 morph_hierarchy_calls=0 land_render_calls=187 actor_operation_calls=0 actor_state_transfers=0 collision_fused_cross=0 collision_fused_length=0 collision_fused_normalize=0 matrix_bulk_pushes=0 matrix_bulk_pops=0 matrix_bulk_saved=0 matrix_bulk_loaded=0 render_context_captures=4804 render_context_commits=4804 render_context_fallbacks=0 render_context_direct_calls=9608 palette_batch_calls=4082 palette_batch_vertices=170242 palette_batch_declined=0 palette_batch_closed_loops=4082 projection_batch_calls=4562 projection_batch_vertices=172138 projection_batch_declined=5 projection_batch_verified=0 sound_metadata_hits=0 sound_metadata_misses=0 sound_metadata_verified=0 deferred_midi_notes=0 animation_hierarchy_original_calls=0 animation_hierarchy_nodes=13694 animation_direct_write_calls=244 pose_blend_native_calls=0 pose_blend_original_calls=0 pose_direct_write_calls=0 matrix_vector_point_native_calls=23976 matrix_vector_point_original_calls=0 matrix_vector_direction_native_calls=29140 matrix_vector_direction_original_calls=0 matrix_vector_store_native_calls=0 matrix_vector_store_original_calls=0 matrix_vector_translation_native_calls=0 matrix_vector_translation_original_calls=0 atan_native_calls=0 inverse_trig_native_calls=14158 inverse_trig_declined=0 inverse_memory_calls=0 inverse_memory_stores=0 atan_original_calls=0 atan_quotient_native_calls=2 atan_quotient_original_calls=0 atan_polynomial_native_calls=0 atan_polynomial_original_calls=0 atan_scale_native_calls=0 atan_scale_original_calls=0 matrix_inverse_original_calls=0 matrix_determinant_native_calls=0 matrix_determinant_original_calls=0 player_state_readable=1 player_x=7481.11 player_y=-2640.4 player_z=907.255 player_x_bits=1172949212 player_y_bits=3307538021 player_z_bits=1147326548 frame_window_begin=5 frame_window_end=25 game_ticks=187 hud_timer_ticks=21 update_timing=0 update_tasks=0 update_tails=0 update_main_tasks=0 update_alternate_tasks=0 update_waits=0 update_elapsed=0 update_elapsed_extra=0 update_timer_setups=0 periodic_epoch_ns=125569623656302 periodic_callbacks=1 render_completion_experiment=0 guest_render_submitted=0 guest_render_completed=0 guest_render_dispatched=0 guest_render_callback=0 guest_render_counter=0 guest_render_nonzero_callbacks=0 update_unreadable=0 execution_thread_id=71936 execution_cpu_valid=1 execution_cpu_100ns=798116024 process_cpu_valid=1 process_cpu_100ns=3295073412 execution_cycles_valid=0 execution_cycles=0 phase=0 final=0
SONIC_NATIVE_SCENARIO_GAMEPLAY_SAMPLE id=knuckles-lost-world protocol=3 input_profile=3 monotonic_ns=125571619777470 elapsed_ms=5281 collision_debug_signed=-1 frame=257 presentations=252 relative_frame=5 max_frame_ns=1254129260 input_applied_frames=5 completed_frames=6 drawn_frames=5 cadence_readable=1 active_video_hz=50 clock_owner=postpal-checkpoint clock_bound_frame=0 tv_mode_readable=1 tv_mode_word=1 release_slots=2 logical_delta=2 sixty_frame_fixture=0 native_gameplay_math=1 native_leaf_math=1 math_scope_readable=1 main_state=4 scene=15 palette_native_calls=4174 palette_original_calls=0 vertex_normals_native_calls=0 vertex_normals_original_calls=0 matrix_push_native_calls=26256 matrix_push_original_calls=0 matrix_pop_native_calls=27463 matrix_pop_original_calls=0 matrix_staged_groups=0 collision_cross_native_calls=380 collision_length_native_calls=13262 collision_normalize_native_calls=767 collision_cross_original_calls=0 collision_length_original_calls=0 collision_normalize_original_calls=0 matrix_inverse_native_calls=4912 triangle_contacts_native_calls=2646 triangle_contacts_original_calls=0 triangle_contacts_scope_blocked_calls=0 collision_candidates_native_calls=756 collision_candidates_scope_blocked_calls=0 collision_candidates_original_calls=0 motion_sampling_native_calls=0 motion_sampling_original_calls=0 animation_hierarchy_native_calls=249 model_packets=0 model_snapshots=0 model_packet_verified=0 model_packet_vertices=0 model_gpu_draws=0 model_point_uploads=0 model_corner_uploads=0 closed_memory_calls=118503 closed_memory_words=1617132 collision_memory_intervals=0 collision_memory_reads=0 collision_memory_writes=0 model_pipeline_calls=8400 model_pipeline_declined=0 model_pipeline_points=129328 model_pipeline_normals=2985 model_pipeline_draws=2985 model_pipeline_direct_outputs=2988 model_pipeline_root_operations=0 model_pipeline_closed_children=13146 object_distance_calls=190462 object_distance_native=190462 object_distance_fallback=0 object_activation_calls=189 object_lifetime_calls=39017 object_records=188622 object_created=272 object_retired=74 object_declined=0 object_slow_accesses=0 movement_calls=0 movement_declined=0 movement_callbacks=0 movement_reentries=0 contact_family_calls=568 object_contact_calls=190 camera_operation_calls=189 contact_family_internal=540142 contact_family_foreign=6415 contact_family_resumes=0 world_calls=190 world_declined=0 world_internal=22873 world_callbacks=60208 world_resumes=0 world_membership=4964 world_eligibility=4971 render_hierarchy_calls=2943 render_hierarchy_declined=0 render_hierarchy_internal=72470 render_hierarchy_callbacks=551 render_model_calls=8400 render_model_revocations=0 render_hierarchy_resumes=0 rigid_hierarchy_calls=2638 morph_hierarchy_calls=0 land_render_calls=190 actor_operation_calls=0 actor_state_transfers=0 collision_fused_cross=0 collision_fused_length=0 collision_fused_normalize=0 matrix_bulk_pushes=0 matrix_bulk_pops=0 matrix_bulk_saved=0 matrix_bulk_loaded=0 render_context_captures=4908 render_context_commits=4908 render_context_fallbacks=0 render_context_direct_calls=9816 palette_batch_calls=4174 palette_batch_vertices=173582 palette_batch_declined=0 palette_batch_closed_loops=4174 projection_batch_calls=4663 projection_batch_vertices=175514 projection_batch_declined=5 projection_batch_verified=0 sound_metadata_hits=0 sound_metadata_misses=0 sound_metadata_verified=0 deferred_midi_notes=0 animation_hierarchy_original_calls=0 animation_hierarchy_nodes=13917 animation_direct_write_calls=249 pose_blend_native_calls=0 pose_blend_original_calls=0 pose_direct_write_calls=0 matrix_vector_point_native_calls=24242 matrix_vector_point_original_calls=0 matrix_vector_direction_native_calls=29608 matrix_vector_direction_original_calls=0 matrix_vector_store_native_calls=0 matrix_vector_store_original_calls=0 matrix_vector_translation_native_calls=0 matrix_vector_translation_original_calls=0 atan_native_calls=0 inverse_trig_native_calls=14397 inverse_trig_declined=0 inverse_memory_calls=0 inverse_memory_stores=0 atan_original_calls=0 atan_quotient_native_calls=2 atan_quotient_original_calls=0 atan_polynomial_native_calls=0 atan_polynomial_original_calls=0 atan_scale_native_calls=0 atan_scale_original_calls=0 matrix_inverse_original_calls=0 matrix_determinant_native_calls=0 matrix_determinant_original_calls=0 player_state_readable=1 player_x=7480.65 player_y=-2640.4 player_z=906.897 player_x_bits=1172948276 player_y_bits=3307538021 player_z_bits=1147320673 frame_window_begin=5 frame_window_end=25 game_ticks=190 hud_timer_ticks=24 update_timing=0 update_tasks=0 update_tails=0 update_main_tasks=0 update_alternate_tasks=0 update_waits=0 update_elapsed=0 update_elapsed_extra=0 update_timer_setups=0 periodic_epoch_ns=125570748545552 periodic_callbacks=0 render_completion_experiment=0 guest_render_submitted=0 guest_render_completed=0 guest_render_dispatched=0 guest_render_callback=0 guest_render_counter=0 guest_render_nonzero_callbacks=0 update_unreadable=0 execution_thread_id=71936 execution_cpu_valid=1 execution_cpu_100ns=806841356 process_cpu_valid=1 process_cpu_100ns=3326757362 execution_cycles_valid=0 execution_cycles=0 phase=0 final=0
SONIC_NATIVE_SCENARIO_GAMEPLAY_SAMPLE id=knuckles-lost-world protocol=3 input_profile=3 monotonic_ns=125573755078737 elapsed_ms=7416 collision_debug_signed=-1 frame=259 presentations=254 relative_frame=7 max_frame_ns=1268041368 input_applied_frames=7 completed_frames=8 drawn_frames=7 cadence_readable=1 active_video_hz=50 clock_owner=postpal-checkpoint clock_bound_frame=0 tv_mode_readable=1 tv_mode_word=1 release_slots=2 logical_delta=2 sixty_frame_fixture=0 native_gameplay_math=1 native_leaf_math=1 math_scope_readable=1 main_state=4 scene=15 palette_native_calls=4359 palette_original_calls=0 vertex_normals_native_calls=0 vertex_normals_original_calls=0 matrix_push_native_calls=27207 matrix_push_original_calls=0 matrix_pop_native_calls=28454 matrix_pop_original_calls=0 matrix_staged_groups=0 collision_cross_native_calls=394 collision_length_native_calls=13747 collision_normalize_native_calls=795 collision_cross_original_calls=0 collision_length_original_calls=0 collision_normalize_original_calls=0 matrix_inverse_native_calls=5094 triangle_contacts_native_calls=2758 triangle_contacts_original_calls=0 triangle_contacts_scope_blocked_calls=0 collision_candidates_native_calls=784 collision_candidates_scope_blocked_calls=0 collision_candidates_original_calls=0 motion_sampling_native_calls=0 motion_sampling_original_calls=0 animation_hierarchy_native_calls=260 model_packets=0 model_snapshots=0 model_packet_verified=0 model_packet_vertices=0 model_gpu_draws=0 model_point_uploads=0 model_corner_uploads=0 closed_memory_calls=122606 closed_memory_words=1676089 collision_memory_intervals=0 collision_memory_reads=0 collision_memory_writes=0 model_pipeline_calls=8739 model_pipeline_declined=0 model_pipeline_points=134376 model_pipeline_normals=3118 model_pipeline_draws=3118 model_pipeline_direct_outputs=3121 model_pipeline_root_operations=0 model_pipeline_closed_children=13783 object_distance_calls=197518 object_distance_native=197518 object_distance_fallback=0 object_activation_calls=196 object_lifetime_calls=40466 object_records=195608 object_created=272 object_retired=74 object_declined=0 object_slow_accesses=0 movement_calls=0 movement_declined=0 movement_callbacks=0 movement_reentries=0 contact_family_calls=589 object_contact_calls=197 camera_operation_calls=196 contact_family_internal=561121 contact_family_foreign=6667 contact_family_resumes=0 world_calls=197 world_declined=0 world_internal=22880 world_callbacks=62126 world_resumes=0 world_membership=5146 world_eligibility=5153 render_hierarchy_calls=3054 render_hierarchy_declined=0 render_hierarchy_internal=75908 render_hierarchy_callbacks=571 render_model_calls=8739 render_model_revocations=0 render_hierarchy_resumes=0 rigid_hierarchy_calls=2736 morph_hierarchy_calls=0 land_render_calls=197 actor_operation_calls=0 actor_state_transfers=0 collision_fused_cross=0 collision_fused_length=0 collision_fused_normalize=0 matrix_bulk_pushes=0 matrix_bulk_pops=0 matrix_bulk_saved=0 matrix_bulk_loaded=0 render_context_captures=5130 render_context_commits=5130 render_context_fallbacks=0 render_context_direct_calls=10260 palette_batch_calls=4359 palette_batch_vertices=180298 palette_batch_declined=0 palette_batch_closed_loops=4359 projection_batch_calls=4866 projection_batch_vertices=182302 projection_batch_declined=5 projection_batch_verified=0 sound_metadata_hits=0 sound_metadata_misses=0 sound_metadata_verified=0 deferred_midi_notes=0 animation_hierarchy_original_calls=0 animation_hierarchy_nodes=14436 animation_direct_write_calls=260 pose_blend_native_calls=0 pose_blend_original_calls=0 pose_direct_write_calls=0 matrix_vector_point_native_calls=24861 matrix_vector_point_original_calls=0 matrix_vector_direction_native_calls=30699 matrix_vector_direction_original_calls=0 matrix_vector_store_native_calls=0 matrix_vector_store_original_calls=0 matrix_vector_translation_native_calls=0 matrix_vector_translation_original_calls=0 atan_native_calls=0 inverse_trig_native_calls=14954 inverse_trig_declined=0 inverse_memory_calls=0 inverse_memory_stores=0 atan_original_calls=0 atan_quotient_native_calls=2 atan_quotient_original_calls=0 atan_polynomial_native_calls=0 atan_polynomial_original_calls=0 atan_scale_native_calls=0 atan_scale_original_calls=0 matrix_inverse_original_calls=0 matrix_determinant_native_calls=0 matrix_determinant_original_calls=0 player_state_readable=1 player_x=7479.57 player_y=-2640.4 player_z=906.075 player_x_bits=1172946067 player_y_bits=3307538021 player_z_bits=1147307212 frame_window_begin=5 frame_window_end=25 game_ticks=197 hud_timer_ticks=31 update_timing=0 update_tasks=0 update_tails=0 update_main_tasks=0 update_alternate_tasks=0 update_waits=0 update_elapsed=0 update_elapsed_extra=0 update_timer_setups=0 periodic_epoch_ns=125572487456138 periodic_callbacks=1 render_completion_experiment=0 guest_render_submitted=0 guest_render_completed=0 guest_render_dispatched=0 guest_render_callback=0 guest_render_counter=0 guest_render_nonzero_callbacks=0 update_unreadable=0 execution_thread_id=71936 execution_cpu_valid=1 execution_cpu_100ns=826579098 process_cpu_valid=1 process_cpu_100ns=3396007366 execution_cycles_valid=0 execution_cycles=0 phase=0 final=0
SONIC_NATIVE_SCENARIO_GAMEPLAY_SAMPLE id=knuckles-lost-world protocol=3 input_profile=3 monotonic_ns=125575768028861 elapsed_ms=9429 collision_debug_signed=-1 frame=261 presentations=256 relative_frame=9 max_frame_ns=1268041368 input_applied_frames=9 completed_frames=10 drawn_frames=9 cadence_readable=1 active_video_hz=50 clock_owner=postpal-checkpoint clock_bound_frame=0 tv_mode_readable=1 tv_mode_word=1 release_slots=2 logical_delta=2 sixty_frame_fixture=0 native_gameplay_math=1 native_leaf_math=1 math_scope_readable=1 main_state=4 scene=15 palette_native_calls=4545 palette_original_calls=0 vertex_normals_native_calls=0 vertex_normals_original_calls=0 matrix_push_native_calls=28161 matrix_push_original_calls=0 matrix_pop_native_calls=29448 matrix_pop_original_calls=0 matrix_staged_groups=0 collision_cross_native_calls=408 collision_length_native_calls=14232 collision_normalize_native_calls=825 collision_cross_original_calls=0 collision_length_original_calls=0 collision_normalize_original_calls=0 matrix_inverse_native_calls=5276 triangle_contacts_native_calls=2870 triangle_contacts_original_calls=0 triangle_contacts_scope_blocked_calls=0 collision_candidates_native_calls=812 collision_candidates_scope_blocked_calls=0 collision_candidates_original_calls=0 motion_sampling_native_calls=0 motion_sampling_original_calls=0 animation_hierarchy_native_calls=271 model_packets=0 model_snapshots=0 model_packet_verified=0 model_packet_vertices=0 model_gpu_draws=0 model_point_uploads=0 model_corner_uploads=0 closed_memory_calls=126716 closed_memory_words=1735239 collision_memory_intervals=0 collision_memory_reads=0 collision_memory_writes=0 model_pipeline_calls=9079 model_pipeline_declined=0 model_pipeline_points=139460 model_pipeline_normals=3252 model_pipeline_draws=3252 model_pipeline_direct_outputs=3255 model_pipeline_root_operations=0 model_pipeline_closed_children=14423 object_distance_calls=204577 object_distance_native=204577 object_distance_fallback=0 object_activation_calls=203 object_lifetime_calls=41918 object_records=202594 object_created=272 object_retired=74 object_declined=0 object_slow_accesses=0 movement_calls=0 movement_declined=0 movement_callbacks=0 movement_reentries=0 contact_family_calls=610 object_contact_calls=204 camera_operation_calls=203 contact_family_internal=582100 contact_family_foreign=6919 contact_family_resumes=0 world_calls=204 world_declined=0 world_internal=22887 world_callbacks=64044 world_resumes=0 world_membership=5328 world_eligibility=5335 render_hierarchy_calls=3165 render_hierarchy_declined=0 render_hierarchy_internal=79349 render_hierarchy_callbacks=591 render_model_calls=9079 render_model_revocations=0 render_hierarchy_resumes=0 rigid_hierarchy_calls=2834 morph_hierarchy_calls=0 land_render_calls=204 actor_operation_calls=0 actor_state_transfers=0 collision_fused_cross=0 collision_fused_length=0 collision_fused_normalize=0 matrix_bulk_pushes=0 matrix_bulk_pops=0 matrix_bulk_saved=0 matrix_bulk_loaded=0 render_context_captures=5352 render_context_commits=5352 render_context_fallbacks=0 render_context_direct_calls=10704 palette_batch_calls=4545 palette_batch_vertices=187050 palette_batch_declined=0 palette_batch_closed_loops=4545 projection_batch_calls=5070 projection_batch_vertices=189126 projection_batch_declined=5 projection_batch_verified=0 sound_metadata_hits=0 sound_metadata_misses=0 sound_metadata_verified=0 deferred_midi_notes=0 animation_hierarchy_original_calls=0 animation_hierarchy_nodes=14955 animation_direct_write_calls=271 pose_blend_native_calls=0 pose_blend_original_calls=0 pose_direct_write_calls=0 matrix_vector_point_native_calls=25480 matrix_vector_point_original_calls=0 matrix_vector_direction_native_calls=31790 matrix_vector_direction_original_calls=0 matrix_vector_store_native_calls=0 matrix_vector_store_original_calls=0 matrix_vector_translation_native_calls=0 matrix_vector_translation_original_calls=0 atan_native_calls=0 inverse_trig_native_calls=15515 inverse_trig_declined=0 inverse_memory_calls=0 inverse_memory_stores=0 atan_original_calls=0 atan_quotient_native_calls=2 atan_quotient_original_calls=0 atan_polynomial_native_calls=0 atan_polynomial_original_calls=0 atan_scale_native_calls=0 atan_scale_original_calls=0 matrix_inverse_original_calls=0 matrix_determinant_native_calls=0 matrix_determinant_original_calls=0 player_state_readable=1 player_x=7478.48 player_y=-2640.4 player_z=905.267 player_x_bits=1172943839 player_y_bits=3307538021 player_z_bits=1147293968 frame_window_begin=5 frame_window_end=25 game_ticks=204 hud_timer_ticks=38 update_timing=0 update_tasks=0 update_tails=0 update_main_tasks=0 update_alternate_tasks=0 update_waits=0 update_elapsed=0 update_elapsed_extra=0 update_timer_setups=0 periodic_epoch_ns=125574630854528 periodic_callbacks=1 render_completion_experiment=0 guest_render_submitted=0 guest_render_completed=0 guest_render_dispatched=0 guest_render_callback=0 guest_render_counter=0 guest_render_nonzero_callbacks=0 update_unreadable=0 execution_thread_id=71936 execution_cpu_valid=1 execution_cpu_100ns=846662912 process_cpu_valid=1 process_cpu_100ns=3464184482 execution_cycles_valid=0 execution_cycles=0 phase=0 final=0
SONIC_NATIVE_SCENARIO_GAMEPLAY_SAMPLE id=knuckles-lost-world protocol=3 input_profile=3 monotonic_ns=125577752822860 elapsed_ms=11414 collision_debug_signed=-1 frame=263 presentations=258 relative_frame=11 max_frame_ns=1268041368 input_applied_frames=11 completed_frames=12 drawn_frames=11 cadence_readable=1 active_video_hz=50 clock_owner=postpal-checkpoint clock_bound_frame=0 tv_mode_readable=1 tv_mode_word=1 release_slots=2 logical_delta=2 sixty_frame_fixture=0 native_gameplay_math=1 native_leaf_math=1 math_scope_readable=1 main_state=4 scene=15 palette_native_calls=4731 palette_original_calls=0 vertex_normals_native_calls=0 vertex_normals_original_calls=0 matrix_push_native_calls=28991 matrix_push_original_calls=0 matrix_pop_native_calls=30312 matrix_pop_original_calls=0 matrix_staged_groups=0 collision_cross_native_calls=420 collision_length_native_calls=14648 collision_normalize_native_calls=855 collision_cross_original_calls=0 collision_length_original_calls=0 collision_normalize_original_calls=0 matrix_inverse_native_calls=5432 triangle_contacts_native_calls=2966 triangle_contacts_original_calls=0 triangle_contacts_scope_blocked_calls=0 collision_candidates_native_calls=836 collision_candidates_scope_blocked_calls=0 collision_candidates_original_calls=0 motion_sampling_native_calls=0 motion_sampling_original_calls=0 animation_hierarchy_native_calls=281 model_packets=0 model_snapshots=0 model_packet_verified=0 model_packet_vertices=0 model_gpu_draws=0 model_point_uploads=0 model_corner_uploads=0 closed_memory_calls=130292 closed_memory_words=1788377 collision_memory_intervals=0 collision_memory_reads=0 collision_memory_writes=0 model_pipeline_calls=9389 model_pipeline_declined=0 model_pipeline_points=144544 model_pipeline_normals=3386 model_pipeline_draws=3386 model_pipeline_direct_outputs=3389 model_pipeline_root_operations=0 model_pipeline_closed_children=15063 object_distance_calls=210625 object_distance_native=210625 object_distance_fallback=0 object_activation_calls=209 object_lifetime_calls=43160 object_records=208582 object_created=272 object_retired=74 object_declined=0 object_slow_accesses=0 movement_calls=0 movement_declined=0 movement_callbacks=0 movement_reentries=0 contact_family_calls=628 object_contact_calls=210 camera_operation_calls=209 contact_family_internal=600148 contact_family_foreign=7135 contact_family_resumes=0 world_calls=210 world_declined=0 world_internal=22893 world_callbacks=65688 world_resumes=0 world_membership=5484 world_eligibility=5491 render_hierarchy_calls=3261 render_hierarchy_declined=0 render_hierarchy_internal=82709 render_hierarchy_callbacks=609 render_model_calls=9389 render_model_revocations=0 render_hierarchy_resumes=0 rigid_hierarchy_calls=2918 morph_hierarchy_calls=0 land_render_calls=210 actor_operation_calls=0 actor_state_transfers=0 collision_fused_cross=0 collision_fused_length=0 collision_fused_normalize=0 matrix_bulk_pushes=0 matrix_bulk_pops=0 matrix_bulk_saved=0 matrix_bulk_loaded=0 render_context_captures=5560 render_context_commits=5560 render_context_fallbacks=0 render_context_direct_calls=11120 palette_batch_calls=4731 palette_batch_vertices=193802 palette_batch_declined=0 palette_batch_closed_loops=4731 projection_batch_calls=5274 projection_batch_vertices=195950 projection_batch_declined=5 projection_batch_verified=0 sound_metadata_hits=0 sound_metadata_misses=0 sound_metadata_verified=0 deferred_midi_notes=0 animation_hierarchy_original_calls=0 animation_hierarchy_nodes=15401 animation_direct_write_calls=281 pose_blend_native_calls=0 pose_blend_original_calls=0 pose_direct_write_calls=0 matrix_vector_point_native_calls=26012 matrix_vector_point_original_calls=0 matrix_vector_direction_native_calls=32726 matrix_vector_direction_original_calls=0 matrix_vector_store_native_calls=0 matrix_vector_store_original_calls=0 matrix_vector_translation_native_calls=0 matrix_vector_translation_original_calls=0 atan_native_calls=0 inverse_trig_native_calls=16005 inverse_trig_declined=0 inverse_memory_calls=0 inverse_memory_stores=0 atan_original_calls=0 atan_quotient_native_calls=2 atan_quotient_original_calls=0 atan_polynomial_native_calls=0 atan_polynomial_original_calls=0 atan_scale_native_calls=0 atan_scale_original_calls=0 matrix_inverse_original_calls=0 matrix_determinant_native_calls=0 matrix_determinant_original_calls=0 player_state_readable=1 player_x=7477.55 player_y=-2640.4 player_z=904.581 player_x_bits=1172941917 player_y_bits=3307538021 player_z_bits=1147282731 frame_window_begin=5 frame_window_end=25 game_ticks=210 hud_timer_ticks=44 update_timing=0 update_tasks=0 update_tails=0 update_main_tasks=0 update_alternate_tasks=0 update_waits=0 update_elapsed=0 update_elapsed_extra=0 update_timer_setups=0 periodic_epoch_ns=125576648014126 periodic_callbacks=1 render_completion_experiment=0 guest_render_submitted=0 guest_render_completed=0 guest_render_dispatched=0 guest_render_callback=0 guest_render_counter=0 guest_render_nonzero_callbacks=0 update_unreadable=0 execution_thread_id=71936 execution_cpu_valid=1 execution_cpu_100ns=864152046 process_cpu_valid=1 process_cpu_100ns=3529061083 execution_cycles_valid=0 execution_cycles=0 phase=0 final=0
SONIC_NATIVE_SCENARIO_GAMEPLAY_SAMPLE id=knuckles-lost-world protocol=3 input_profile=3 monotonic_ns=125578880711361 elapsed_ms=12542 collision_debug_signed=-1 frame=264 presentations=259 relative_frame=12 max_frame_ns=1268041368 input_applied_frames=12 completed_frames=13 drawn_frames=12 cadence_readable=1 active_video_hz=50 clock_owner=postpal-checkpoint clock_bound_frame=0 tv_mode_readable=1 tv_mode_word=1 release_slots=2 logical_delta=2 sixty_frame_fixture=0 native_gameplay_math=1 native_leaf_math=1 math_scope_readable=1 main_state=4 scene=15 palette_native_calls=4825 palette_original_calls=0 vertex_normals_native_calls=0 vertex_normals_original_calls=0 matrix_push_native_calls=29527 matrix_push_original_calls=0 matrix_pop_native_calls=30871 matrix_pop_original_calls=0 matrix_staged_groups=0 collision_cross_native_calls=428 collision_length_native_calls=14925 collision_normalize_native_calls=873 collision_cross_original_calls=0 collision_length_original_calls=0 collision_normalize_original_calls=0 matrix_inverse_native_calls=5536 triangle_contacts_native_calls=3030 triangle_contacts_original_calls=0 triangle_contacts_scope_blocked_calls=0 collision_candidates_native_calls=852 collision_candidates_scope_blocked_calls=0 collision_candidates_original_calls=0 motion_sampling_native_calls=0 motion_sampling_original_calls=0 animation_hierarchy_native_calls=287 model_packets=0 model_snapshots=0 model_packet_verified=0 model_packet_vertices=0 model_gpu_draws=0 model_point_uploads=0 model_corner_uploads=0 closed_memory_calls=132609 closed_memory_words=1820895 collision_memory_intervals=0 collision_memory_reads=0 collision_memory_writes=0 model_pipeline_calls=9574 model_pipeline_declined=0 model_pipeline_points=147086 model_pipeline_normals=3453 model_pipeline_draws=3453 model_pipeline_direct_outputs=3456 model_pipeline_root_operations=0 model_pipeline_closed_children=15383 object_distance_calls=214657 object_distance_native=214657 object_distance_fallback=0 object_activation_calls=213 object_lifetime_calls=43988 object_records=212574 object_created=272 object_retired=74 object_declined=0 object_slow_accesses=0 movement_calls=0 movement_declined=0 movement_callbacks=0 movement_reentries=0 contact_family_calls=640 object_contact_calls=214 camera_operation_calls=213 contact_family_internal=612400 contact_family_foreign=7279 contact_family_resumes=0 world_calls=214 world_declined=0 world_internal=22897 world_callbacks=66784 world_resumes=0 world_membership=5588 world_eligibility=5595 render_hierarchy_calls=3324 render_hierarchy_declined=0 render_hierarchy_internal=84470 render_hierarchy_callbacks=620 render_model_calls=9574 render_model_revocations=0 render_hierarchy_resumes=0 rigid_hierarchy_calls=2974 morph_hierarchy_calls=0 land_render_calls=214 actor_operation_calls=0 actor_state_transfers=0 collision_fused_cross=0 collision_fused_length=0 collision_fused_normalize=0 matrix_bulk_pushes=0 matrix_bulk_pops=0 matrix_bulk_saved=0 matrix_bulk_loaded=0 render_context_captures=5679 render_context_commits=5679 render_context_fallbacks=0 render_context_direct_calls=11358 palette_batch_calls=4825 palette_batch_vertices=197206 palette_batch_declined=0 palette_batch_closed_loops=4825 projection_batch_calls=5377 projection_batch_vertices=199390 projection_batch_declined=5 projection_batch_verified=0 sound_metadata_hits=0 sound_metadata_misses=0 sound_metadata_verified=0 deferred_midi_notes=0 animation_hierarchy_original_calls=0 animation_hierarchy_nodes=15697 animation_direct_write_calls=287 pose_blend_native_calls=0 pose_blend_original_calls=0 pose_direct_write_calls=0 matrix_vector_point_native_calls=26365 matrix_vector_point_original_calls=0 matrix_vector_direction_native_calls=33349 matrix_vector_direction_original_calls=0 matrix_vector_store_native_calls=0 matrix_vector_store_original_calls=0 matrix_vector_translation_native_calls=0 matrix_vector_translation_original_calls=0 atan_native_calls=0 inverse_trig_native_calls=16327 inverse_trig_declined=0 inverse_memory_calls=0 inverse_memory_stores=0 atan_original_calls=0 atan_quotient_native_calls=2 atan_quotient_original_calls=0 atan_polynomial_native_calls=0 atan_polynomial_original_calls=0 atan_scale_native_calls=0 atan_scale_original_calls=0 matrix_inverse_original_calls=0 matrix_determinant_native_calls=0 matrix_determinant_original_calls=0 player_state_readable=1 player_x=7476.92 player_y=-2640.4 player_z=904.126 player_x_bits=1172940632 player_y_bits=3307538021 player_z_bits=1147275288 frame_window_begin=5 frame_window_end=25 game_ticks=214 hud_timer_ticks=48 update_timing=0 update_tasks=0 update_tails=0 update_main_tasks=0 update_alternate_tasks=0 update_waits=0 update_elapsed=0 update_elapsed_extra=0 update_timer_setups=0 periodic_epoch_ns=125577760216264 periodic_callbacks=1 render_completion_experiment=0 guest_render_submitted=0 guest_render_completed=0 guest_render_dispatched=0 guest_render_callback=0 guest_render_counter=0 guest_render_nonzero_callbacks=0 update_unreadable=0 execution_thread_id=71936 execution_cpu_valid=1 execution_cpu_100ns=875425804 process_cpu_valid=1 process_cpu_100ns=3565223634 execution_cycles_valid=0 execution_cycles=0 phase=0 final=0
SONIC_NATIVE_SCENARIO_GAMEPLAY_SAMPLE id=knuckles-lost-world protocol=3 input_profile=3 monotonic_ns=125580835596773 elapsed_ms=14496 collision_debug_signed=-1 frame=266 presentations=261 relative_frame=14 max_frame_ns=1268041368 input_applied_frames=14 completed_frames=15 drawn_frames=14 cadence_readable=1 active_video_hz=50 clock_owner=postpal-checkpoint clock_bound_frame=0 tv_mode_readable=1 tv_mode_word=1 release_slots=2 logical_delta=2 sixty_frame_fixture=0 native_gameplay_math=1 native_leaf_math=1 math_scope_readable=1 main_state=4 scene=15 palette_native_calls=5013 palette_original_calls=0 vertex_normals_native_calls=0 vertex_normals_original_calls=0 matrix_push_native_calls=30480 matrix_push_original_calls=0 matrix_pop_native_calls=31864 matrix_pop_original_calls=0 matrix_staged_groups=0 collision_cross_native_calls=442 collision_length_native_calls=15410 collision_normalize_native_calls=908 collision_cross_original_calls=0 collision_length_original_calls=0 collision_normalize_original_calls=0 matrix_inverse_native_calls=5718 triangle_contacts_native_calls=3138 triangle_contacts_original_calls=0 triangle_contacts_scope_blocked_calls=0 collision_candidates_native_calls=880 collision_candidates_scope_blocked_calls=0 collision_candidates_original_calls=0 motion_sampling_native_calls=0 motion_sampling_original_calls=0 animation_hierarchy_native_calls=298 model_packets=0 model_snapshots=0 model_packet_verified=0 model_packet_vertices=0 model_gpu_draws=0 model_point_uploads=0 model_corner_uploads=0 closed_memory_calls=136721 closed_memory_words=1880089 collision_memory_intervals=0 collision_memory_reads=0 collision_memory_writes=0 model_pipeline_calls=9914 model_pipeline_declined=0 model_pipeline_points=152170 model_pipeline_normals=3587 model_pipeline_draws=3587 model_pipeline_direct_outputs=3590 model_pipeline_root_operations=0 model_pipeline_closed_children=15951 object_distance_calls=221713 object_distance_native=221713 object_distance_fallback=0 object_activation_calls=220 object_lifetime_calls=45437 object_records=219560 object_created=272 object_retired=74 object_declined=0 object_slow_accesses=0 movement_calls=0 movement_declined=0 movement_callbacks=0 movement_reentries=0 contact_family_calls=661 object_contact_calls=221 camera_operation_calls=220 contact_family_internal=633841 contact_family_foreign=7531 contact_family_resumes=0 world_calls=221 world_declined=0 world_internal=22904 world_callbacks=68702 world_resumes=0 world_membership=5770 world_eligibility=5777 render_hierarchy_calls=3435 render_hierarchy_declined=0 render_hierarchy_internal=87499 render_hierarchy_callbacks=640 render_model_calls=9914 render_model_revocations=0 render_hierarchy_resumes=0 rigid_hierarchy_calls=3072 morph_hierarchy_calls=0 land_render_calls=221 actor_operation_calls=0 actor_state_transfers=0 collision_fused_cross=0 collision_fused_length=0 collision_fused_normalize=0 matrix_bulk_pushes=0 matrix_bulk_pops=0 matrix_bulk_saved=0 matrix_bulk_loaded=0 render_context_captures=5867 render_context_commits=5867 render_context_fallbacks=0 render_context_direct_calls=11734 palette_batch_calls=5013 palette_batch_vertices=204014 palette_batch_declined=0 palette_batch_closed_loops=5013 projection_batch_calls=5583 projection_batch_vertices=206270 projection_batch_declined=5 projection_batch_verified=0 sound_metadata_hits=0 sound_metadata_misses=0 sound_metadata_verified=0 deferred_midi_notes=0 animation_hierarchy_original_calls=0 animation_hierarchy_nodes=16216 animation_direct_write_calls=298 pose_blend_native_calls=0 pose_blend_original_calls=0 pose_direct_write_calls=0 matrix_vector_point_native_calls=26986 matrix_vector_point_original_calls=0 matrix_vector_direction_native_calls=34440 matrix_vector_direction_original_calls=0 matrix_vector_store_native_calls=0 matrix_vector_store_original_calls=0 matrix_vector_translation_native_calls=0 matrix_vector_translation_original_calls=0 atan_native_calls=0 inverse_trig_native_calls=16876 inverse_trig_declined=0 inverse_memory_calls=0 inverse_memory_stores=0 atan_original_calls=0 atan_quotient_native_calls=2 atan_quotient_original_calls=0 atan_polynomial_native_calls=0 atan_polynomial_original_calls=0 atan_scale_native_calls=0 atan_scale_original_calls=0 matrix_inverse_original_calls=0 matrix_determinant_native_calls=0 matrix_determinant_original_calls=0 player_state_readable=1 player_x=7475.82 player_y=-2640.4 player_z=903.336 player_x_bits=1172938375 player_y_bits=3307538021 player_z_bits=1147262345 frame_window_begin=5 frame_window_end=25 game_ticks=221 hud_timer_ticks=55 update_timing=0 update_tasks=0 update_tails=0 update_main_tasks=0 update_alternate_tasks=0 update_waits=0 update_elapsed=0 update_elapsed_extra=0 update_timer_setups=0 periodic_epoch_ns=125579756703932 periodic_callbacks=1 render_completion_experiment=0 guest_render_submitted=0 guest_render_completed=0 guest_render_dispatched=0 guest_render_callback=0 guest_render_counter=0 guest_render_nonzero_callbacks=0 update_unreadable=0 execution_thread_id=71936 execution_cpu_valid=1 execution_cpu_100ns=894965532 process_cpu_valid=1 process_cpu_100ns=3631459790 execution_cycles_valid=0 execution_cycles=0 phase=0 final=0
SONIC_NATIVE_SCENARIO_GAMEPLAY_SAMPLE id=knuckles-lost-world protocol=3 input_profile=3 monotonic_ns=125582287209384 elapsed_ms=15948 collision_debug_signed=-1 frame=267 presentations=262 relative_frame=15 max_frame_ns=1451612611 input_applied_frames=15 completed_frames=16 drawn_frames=15 cadence_readable=1 active_video_hz=50 clock_owner=postpal-checkpoint clock_bound_frame=0 tv_mode_readable=1 tv_mode_word=1 release_slots=2 logical_delta=2 sixty_frame_fixture=0 native_gameplay_math=1 native_leaf_math=1 math_scope_readable=1 main_state=4 scene=15 palette_native_calls=5108 palette_original_calls=0 vertex_normals_native_calls=0 vertex_normals_original_calls=0 matrix_push_native_calls=30896 matrix_push_original_calls=0 matrix_pop_native_calls=32297 matrix_pop_original_calls=0 matrix_staged_groups=0 collision_cross_native_calls=448 collision_length_native_calls=15618 collision_normalize_native_calls=923 collision_cross_original_calls=0 collision_length_original_calls=0 collision_normalize_original_calls=0 matrix_inverse_native_calls=5796 triangle_contacts_native_calls=3183 triangle_contacts_original_calls=0 triangle_contacts_scope_blocked_calls=0 collision_candidates_native_calls=892 collision_candidates_scope_blocked_calls=0 collision_candidates_original_calls=0 motion_sampling_native_calls=0 motion_sampling_original_calls=0 animation_hierarchy_native_calls=303 model_packets=0 model_snapshots=0 model_packet_verified=0 model_packet_vertices=0 model_gpu_draws=0 model_point_uploads=0 model_corner_uploads=0 closed_memory_calls=138514 closed_memory_words=1906797 collision_memory_intervals=0 collision_memory_reads=0 collision_memory_writes=0 model_pipeline_calls=10069 model_pipeline_declined=0 model_pipeline_points=154712 model_pipeline_normals=3654 model_pipeline_draws=3654 model_pipeline_direct_outputs=3657 model_pipeline_root_operations=0 model_pipeline_closed_children=16235 object_distance_calls=224737 object_distance_native=224737 object_distance_fallback=0 object_activation_calls=223 object_lifetime_calls=46058 object_records=222554 object_created=272 object_retired=74 object_declined=0 object_slow_accesses=0 movement_calls=0 movement_declined=0 movement_callbacks=0 movement_reentries=0 contact_family_calls=670 object_contact_calls=224 camera_operation_calls=223 contact_family_internal=643030 contact_family_foreign=7639 contact_family_resumes=0 world_calls=224 world_declined=0 world_internal=22907 world_callbacks=69524 world_resumes=0 world_membership=5848 world_eligibility=5855 render_hierarchy_calls=3483 render_hierarchy_declined=0 render_hierarchy_internal=88973 render_hierarchy_callbacks=649 render_model_calls=10069 render_model_revocations=0 render_hierarchy_resumes=0 rigid_hierarchy_calls=3114 morph_hierarchy_calls=0 land_render_calls=224 actor_operation_calls=0 actor_state_transfers=0 collision_fused_cross=0 collision_fused_length=0 collision_fused_normalize=0 matrix_bulk_pushes=0 matrix_bulk_pops=0 matrix_bulk_saved=0 matrix_bulk_loaded=0 render_context_captures=5955 render_context_commits=5955 render_context_fallbacks=0 render_context_direct_calls=11910 palette_batch_calls=5108 palette_batch_vertices=207446 palette_batch_declined=0 palette_batch_closed_loops=5108 projection_batch_calls=5687 projection_batch_vertices=209738 projection_batch_declined=5 projection_batch_verified=0 sound_metadata_hits=0 sound_metadata_misses=0 sound_metadata_verified=0 deferred_midi_notes=0 animation_hierarchy_original_calls=0 animation_hierarchy_nodes=16439 animation_direct_write_calls=303 pose_blend_native_calls=0 pose_blend_original_calls=0 pose_direct_write_calls=0 matrix_vector_point_native_calls=27253 matrix_vector_point_original_calls=0 matrix_vector_direction_native_calls=34908 matrix_vector_direction_original_calls=0 matrix_vector_store_native_calls=0 matrix_vector_store_original_calls=0 matrix_vector_translation_native_calls=0 matrix_vector_translation_original_calls=0 atan_native_calls=0 inverse_trig_native_calls=17109 inverse_trig_declined=0 inverse_memory_calls=0 inverse_memory_stores=0 atan_original_calls=0 atan_quotient_native_calls=2 atan_quotient_original_calls=0 atan_polynomial_native_calls=0 atan_polynomial_original_calls=0 atan_scale_native_calls=0 atan_scale_original_calls=0 matrix_inverse_original_calls=0 matrix_determinant_native_calls=0 matrix_determinant_original_calls=0 player_state_readable=1 player_x=7475.34 player_y=-2640.4 player_z=903 player_x_bits=1172937406 player_y_bits=3307538021 player_z_bits=1147256828 frame_window_begin=5 frame_window_end=25 game_ticks=224 hud_timer_ticks=58 update_timing=0 update_tasks=0 update_tails=0 update_main_tasks=0 update_alternate_tasks=0 update_waits=0 update_elapsed=0 update_elapsed_extra=0 update_timer_setups=0 periodic_epoch_ns=125580840578137 periodic_callbacks=1 render_completion_experiment=0 guest_render_submitted=0 guest_render_completed=0 guest_render_dispatched=0 guest_render_callback=0 guest_render_counter=0 guest_render_nonzero_callbacks=0 update_unreadable=0 execution_thread_id=71936 execution_cpu_valid=1 execution_cpu_100ns=903698275 process_cpu_valid=1 process_cpu_100ns=3668207837 execution_cycles_valid=0 execution_cycles=0 phase=0 final=0
SONIC_NATIVE_SCENARIO_GAMEPLAY_SAMPLE id=knuckles-lost-world protocol=3 input_profile=3 monotonic_ns=125584277989882 elapsed_ms=17939 collision_debug_signed=-1 frame=269 presentations=264 relative_frame=17 max_frame_ns=1451612611 input_applied_frames=17 completed_frames=18 drawn_frames=17 cadence_readable=1 active_video_hz=50 clock_owner=postpal-checkpoint clock_bound_frame=0 tv_mode_readable=1 tv_mode_word=1 release_slots=2 logical_delta=2 sixty_frame_fixture=0 native_gameplay_math=1 native_leaf_math=1 math_scope_readable=1 main_state=4 scene=15 palette_native_calls=5298 palette_original_calls=0 vertex_normals_native_calls=0 vertex_normals_original_calls=0 matrix_push_native_calls=31849 matrix_push_original_calls=0 matrix_pop_native_calls=33290 matrix_pop_original_calls=0 matrix_staged_groups=0 collision_cross_native_calls=462 collision_length_native_calls=16103 collision_normalize_native_calls=956 collision_cross_original_calls=0 collision_length_original_calls=0 collision_normalize_original_calls=0 matrix_inverse_native_calls=5978 triangle_contacts_native_calls=3285 triangle_contacts_original_calls=0 triangle_contacts_scope_blocked_calls=0 collision_candidates_native_calls=920 collision_candidates_scope_blocked_calls=0 collision_candidates_original_calls=0 motion_sampling_native_calls=0 motion_sampling_original_calls=0 animation_hierarchy_native_calls=314 model_packets=0 model_snapshots=0 model_packet_verified=0 model_packet_vertices=0 model_gpu_draws=0 model_point_uploads=0 model_corner_uploads=0 closed_memory_calls=142628 closed_memory_words=1966105 collision_memory_intervals=0 collision_memory_reads=0 collision_memory_writes=0 model_pipeline_calls=10409 model_pipeline_declined=0 model_pipeline_points=159796 model_pipeline_normals=3788 model_pipeline_draws=3788 model_pipeline_direct_outputs=3791 model_pipeline_root_operations=0 model_pipeline_closed_children=16803 object_distance_calls=231793 object_distance_native=231793 object_distance_fallback=0 object_activation_calls=230 object_lifetime_calls=47507 object_records=229540 object_created=272 object_retired=74 object_declined=0 object_slow_accesses=0 movement_calls=0 movement_declined=0 movement_callbacks=0 movement_reentries=0 contact_family_calls=691 object_contact_calls=231 camera_operation_calls=230 contact_family_internal=664471 contact_family_foreign=7891 contact_family_resumes=0 world_calls=231 world_declined=0 world_internal=22914 world_callbacks=71442 world_resumes=0 world_membership=6030 world_eligibility=6037 render_hierarchy_calls=3594 render_hierarchy_declined=0 render_hierarchy_internal=92002 render_hierarchy_callbacks=669 render_model_calls=10409 render_model_revocations=0 render_hierarchy_resumes=0 rigid_hierarchy_calls=3212 morph_hierarchy_calls=0 land_render_calls=231 actor_operation_calls=0 actor_state_transfers=0 collision_fused_cross=0 collision_fused_length=0 collision_fused_normalize=0 matrix_bulk_pushes=0 matrix_bulk_pops=0 matrix_bulk_saved=0 matrix_bulk_loaded=0 render_context_captures=6145 render_context_commits=6145 render_context_fallbacks=0 render_context_direct_calls=12290 palette_batch_calls=5298 palette_batch_vertices=214310 palette_batch_declined=0 palette_batch_closed_loops=5298 projection_batch_calls=5895 projection_batch_vertices=216674 projection_batch_declined=5 projection_batch_verified=0 sound_metadata_hits=0 sound_metadata_misses=0 sound_metadata_verified=0 deferred_midi_notes=0 animation_hierarchy_original_calls=0 animation_hierarchy_nodes=16958 animation_direct_write_calls=314 pose_blend_native_calls=0 pose_blend_original_calls=0 pose_direct_write_calls=0 matrix_vector_point_native_calls=27874 matrix_vector_point_original_calls=0 matrix_vector_direction_native_calls=35999 matrix_vector_direction_original_calls=0 matrix_vector_store_native_calls=0 matrix_vector_store_original_calls=0 matrix_vector_translation_native_calls=0 matrix_vector_translation_original_calls=0 atan_native_calls=0 inverse_trig_native_calls=17646 inverse_trig_declined=0 inverse_memory_calls=0 inverse_memory_stores=0 atan_original_calls=0 atan_quotient_native_calls=2 atan_quotient_original_calls=0 atan_polynomial_native_calls=0 atan_polynomial_original_calls=0 atan_scale_native_calls=0 atan_scale_original_calls=0 matrix_inverse_original_calls=0 matrix_determinant_native_calls=0 matrix_determinant_original_calls=0 player_state_readable=1 player_x=7474.23 player_y=-2640.4 player_z=902.218 player_x_bits=1172935137 player_y_bits=3307538021 player_z_bits=1147244024 frame_window_begin=5 frame_window_end=25 game_ticks=231 hud_timer_ticks=65 update_timing=0 update_tasks=0 update_tails=0 update_main_tasks=0 update_alternate_tasks=0 update_waits=0 update_elapsed=0 update_elapsed_extra=0 update_timer_setups=0 periodic_epoch_ns=125583177085850 periodic_callbacks=1 render_completion_experiment=0 guest_render_submitted=0 guest_render_completed=0 guest_render_dispatched=0 guest_render_callback=0 guest_render_counter=0 guest_render_nonzero_callbacks=0 update_unreadable=0 execution_thread_id=71936 execution_cpu_valid=1 execution_cpu_100ns=923582101 process_cpu_valid=1 process_cpu_100ns=3735055632 execution_cycles_valid=0 execution_cycles=0 phase=0 final=0
SONIC_NATIVE_SCENARIO_GAMEPLAY_SAMPLE id=knuckles-lost-world protocol=3 input_profile=3 monotonic_ns=125586535962670 elapsed_ms=20197 collision_debug_signed=-1 frame=271 presentations=266 relative_frame=19 max_frame_ns=1451612611 input_applied_frames=19 completed_frames=20 drawn_frames=19 cadence_readable=1 active_video_hz=50 clock_owner=postpal-checkpoint clock_bound_frame=0 tv_mode_readable=1 tv_mode_word=1 release_slots=2 logical_delta=2 sixty_frame_fixture=0 native_gameplay_math=1 native_leaf_math=1 math_scope_readable=1 main_state=4 scene=15 palette_native_calls=5488 palette_original_calls=0 vertex_normals_native_calls=0 vertex_normals_original_calls=0 matrix_push_native_calls=32803 matrix_push_original_calls=0 matrix_pop_native_calls=34284 matrix_pop_original_calls=0 matrix_staged_groups=0 collision_cross_native_calls=476 collision_length_native_calls=16589 collision_normalize_native_calls=984 collision_cross_original_calls=0 collision_length_original_calls=0 collision_normalize_original_calls=0 matrix_inverse_native_calls=6160 triangle_contacts_native_calls=3378 triangle_contacts_original_calls=0 triangle_contacts_scope_blocked_calls=0 collision_candidates_native_calls=948 collision_candidates_scope_blocked_calls=0 collision_candidates_original_calls=0 motion_sampling_native_calls=0 motion_sampling_original_calls=0 animation_hierarchy_native_calls=325 model_packets=0 model_snapshots=0 model_packet_verified=0 model_packet_vertices=0 model_gpu_draws=0 model_point_uploads=0 model_corner_uploads=0 closed_memory_calls=146744 closed_memory_words=2025453 collision_memory_intervals=0 collision_memory_reads=0 collision_memory_writes=0 model_pipeline_calls=10749 model_pipeline_declined=0 model_pipeline_points=164880 model_pipeline_normals=3922 model_pipeline_draws=3922 model_pipeline_direct_outputs=3925 model_pipeline_root_operations=0 model_pipeline_closed_children=17371 object_distance_calls=238856 object_distance_native=238856 object_distance_fallback=0 object_activation_calls=237 object_lifetime_calls=48962 object_records=236526 object_created=274 object_retired=75 object_declined=0 object_slow_accesses=0 movement_calls=0 movement_declined=0 movement_callbacks=0 movement_reentries=0 contact_family_calls=712 object_contact_calls=238 camera_operation_calls=237 contact_family_internal=685924 contact_family_foreign=8143 contact_family_resumes=0 world_calls=238 world_declined=0 world_internal=22921 world_callbacks=73360 world_resumes=0 world_membership=6212 world_eligibility=6219 render_hierarchy_calls=3705 render_hierarchy_declined=0 render_hierarchy_internal=95031 render_hierarchy_callbacks=689 render_model_calls=10749 render_model_revocations=0 render_hierarchy_resumes=0 rigid_hierarchy_calls=3310 morph_hierarchy_calls=0 land_render_calls=238 actor_operation_calls=0 actor_state_transfers=0 collision_fused_cross=0 collision_fused_length=0 collision_fused_normalize=0 matrix_bulk_pushes=0 matrix_bulk_pops=0 matrix_bulk_saved=0 matrix_bulk_loaded=0 render_context_captures=6335 render_context_commits=6335 render_context_fallbacks=0 render_context_direct_calls=12670 palette_batch_calls=5488 palette_batch_vertices=221174 palette_batch_declined=0 palette_batch_closed_loops=5488 projection_batch_calls=6103 projection_batch_vertices=223610 projection_batch_declined=5 projection_batch_verified=0 sound_metadata_hits=0 sound_metadata_misses=0 sound_metadata_verified=0 deferred_midi_notes=0 animation_hierarchy_original_calls=0 animation_hierarchy_nodes=17477 animation_direct_write_calls=325 pose_blend_native_calls=0 pose_blend_original_calls=0 pose_direct_write_calls=0 matrix_vector_point_native_calls=28495 matrix_vector_point_original_calls=0 matrix_vector_direction_native_calls=37090 matrix_vector_direction_original_calls=0 matrix_vector_store_native_calls=0 matrix_vector_store_original_calls=0 matrix_vector_translation_native_calls=0 matrix_vector_translation_original_calls=0 atan_native_calls=0 inverse_trig_native_calls=18165 inverse_trig_declined=0 inverse_memory_calls=0 inverse_memory_stores=0 atan_original_calls=0 atan_quotient_native_calls=2 atan_quotient_original_calls=0 atan_polynomial_native_calls=0 atan_polynomial_original_calls=0 atan_scale_native_calls=0 atan_scale_original_calls=0 matrix_inverse_original_calls=0 matrix_determinant_native_calls=0 matrix_determinant_original_calls=0 player_state_readable=1 player_x=7473.12 player_y=-2640.4 player_z=901.442 player_x_bits=1172932860 player_y_bits=3307538021 player_z_bits=1147231308 frame_window_begin=5 frame_window_end=25 game_ticks=238 hud_timer_ticks=72 update_timing=0 update_tasks=0 update_tails=0 update_main_tasks=0 update_alternate_tasks=0 update_waits=0 update_elapsed=0 update_elapsed_extra=0 update_timer_setups=0 periodic_epoch_ns=125585153105517 periodic_callbacks=1 render_completion_experiment=0 guest_render_submitted=0 guest_render_completed=0 guest_render_dispatched=0 guest_render_callback=0 guest_render_counter=0 guest_render_nonzero_callbacks=0 update_unreadable=0 execution_thread_id=71936 execution_cpu_valid=1 execution_cpu_100ns=942943936 process_cpu_valid=1 process_cpu_100ns=3804211279 execution_cycles_valid=0 execution_cycles=0 phase=0 final=0
SONIC_NATIVE_SCENARIO_GAMEPLAY_SAMPLE id=knuckles-lost-world protocol=3 input_profile=3 monotonic_ns=125588241799703 elapsed_ms=21903 collision_debug_signed=-1 frame=273 presentations=268 relative_frame=21 max_frame_ns=1451612611 input_applied_frames=21 completed_frames=22 drawn_frames=21 cadence_readable=1 active_video_hz=50 clock_owner=postpal-checkpoint clock_bound_frame=0 tv_mode_readable=1 tv_mode_word=1 release_slots=2 logical_delta=2 sixty_frame_fixture=0 native_gameplay_math=1 native_leaf_math=1 math_scope_readable=1 main_state=4 scene=15 palette_native_calls=5678 palette_original_calls=0 vertex_normals_native_calls=0 vertex_normals_original_calls=0 matrix_push_native_calls=33635 matrix_push_original_calls=0 matrix_pop_native_calls=35150 matrix_pop_original_calls=0 matrix_staged_groups=0 collision_cross_native_calls=488 collision_length_native_calls=17005 collision_normalize_native_calls=1008 collision_cross_original_calls=0 collision_length_original_calls=0 collision_normalize_original_calls=0 matrix_inverse_native_calls=6316 triangle_contacts_native_calls=3456 triangle_contacts_original_calls=0 triangle_contacts_scope_blocked_calls=0 collision_candidates_native_calls=972 collision_candidates_scope_blocked_calls=0 collision_candidates_original_calls=0 motion_sampling_native_calls=0 motion_sampling_original_calls=0 animation_hierarchy_native_calls=335 model_packets=0 model_snapshots=0 model_packet_verified=0 model_packet_vertices=0 model_gpu_draws=0 model_point_uploads=0 model_corner_uploads=0 closed_memory_calls=150330 closed_memory_words=2078869 collision_memory_intervals=0 collision_memory_reads=0 collision_memory_writes=0 model_pipeline_calls=11059 model_pipeline_declined=0 model_pipeline_points=169964 model_pipeline_normals=4056 model_pipeline_draws=4056 model_pipeline_direct_outputs=4059 model_pipeline_root_operations=0 model_pipeline_closed_children=17939 object_distance_calls=244910 object_distance_native=244910 object_distance_fallback=0 object_activation_calls=243 object_lifetime_calls=50210 object_records=242514 object_created=274 object_retired=75 object_declined=0 object_slow_accesses=0 movement_calls=0 movement_declined=0 movement_callbacks=0 movement_reentries=0 contact_family_calls=730 object_contact_calls=244 camera_operation_calls=243 contact_family_internal=704320 contact_family_foreign=8359 contact_family_resumes=0 world_calls=244 world_declined=0 world_internal=22927 world_callbacks=75004 world_resumes=0 world_membership=6368 world_eligibility=6375 render_hierarchy_calls=3801 render_hierarchy_declined=0 render_hierarchy_internal=97979 render_hierarchy_callbacks=707 render_model_calls=11059 render_model_revocations=0 render_hierarchy_resumes=0 rigid_hierarchy_calls=3394 morph_hierarchy_calls=0 land_render_calls=244 actor_operation_calls=0 actor_state_transfers=0 collision_fused_cross=0 collision_fused_length=0 collision_fused_normalize=0 matrix_bulk_pushes=0 matrix_bulk_pops=0 matrix_bulk_saved=0 matrix_bulk_loaded=0 render_context_captures=6511 render_context_commits=6511 render_context_fallbacks=0 render_context_direct_calls=13022 palette_batch_calls=5678 palette_batch_vertices=228038 palette_batch_declined=0 palette_batch_closed_loops=5678 projection_batch_calls=6311 projection_batch_vertices=230546 projection_batch_declined=5 projection_batch_verified=0 sound_metadata_hits=0 sound_metadata_misses=0 sound_metadata_verified=0 deferred_midi_notes=0 animation_hierarchy_original_calls=0 animation_hierarchy_nodes=17923 animation_direct_write_calls=335 pose_blend_native_calls=0 pose_blend_original_calls=0 pose_direct_write_calls=0 matrix_vector_point_native_calls=29029 matrix_vector_point_original_calls=0 matrix_vector_direction_native_calls=38026 matrix_vector_direction_original_calls=0 matrix_vector_store_native_calls=0 matrix_vector_store_original_calls=0 matrix_vector_translation_native_calls=0 matrix_vector_translation_original_calls=0 atan_native_calls=0 inverse_trig_native_calls=18613 inverse_trig_declined=0 inverse_memory_calls=0 inverse_memory_stores=0 atan_original_calls=0 atan_quotient_native_calls=2 atan_quotient_original_calls=0 atan_polynomial_native_calls=0 atan_polynomial_original_calls=0 atan_scale_native_calls=0 atan_scale_original_calls=0 matrix_inverse_original_calls=0 matrix_determinant_native_calls=0 matrix_determinant_original_calls=0 player_state_readable=1 player_x=7472.17 player_y=-2640.4 player_z=900.781 player_x_bits=1172930903 player_y_bits=3307538021 player_z_bits=1147220476 frame_window_begin=5 frame_window_end=25 game_ticks=244 hud_timer_ticks=78 update_timing=0 update_tasks=0 update_tails=0 update_main_tasks=0 update_alternate_tasks=0 update_waits=0 update_elapsed=0 update_elapsed_extra=0 update_timer_setups=0 periodic_epoch_ns=125587380298943 periodic_callbacks=0 render_completion_experiment=0 guest_render_submitted=0 guest_render_completed=0 guest_render_dispatched=0 guest_render_callback=0 guest_render_counter=0 guest_render_nonzero_callbacks=0 update_unreadable=0 execution_thread_id=71936 execution_cpu_valid=1 execution_cpu_100ns=959994689 process_cpu_valid=1 process_cpu_100ns=3865081192 execution_cycles_valid=0 execution_cycles=0 phase=0 final=0
SONIC_NATIVE_SCENARIO_GAMEPLAY_SAMPLE id=knuckles-lost-world protocol=3 input_profile=3 monotonic_ns=125589326426782 elapsed_ms=22987 collision_debug_signed=-1 frame=274 presentations=269 relative_frame=22 max_frame_ns=1451612611 input_applied_frames=22 completed_frames=23 drawn_frames=22 cadence_readable=1 active_video_hz=50 clock_owner=postpal-checkpoint clock_bound_frame=0 tv_mode_readable=1 tv_mode_word=1 release_slots=2 logical_delta=2 sixty_frame_fixture=0 native_gameplay_math=1 native_leaf_math=1 math_scope_readable=1 main_state=4 scene=15 palette_native_calls=5774 palette_original_calls=0 vertex_normals_native_calls=0 vertex_normals_original_calls=0 matrix_push_native_calls=34172 matrix_push_original_calls=0 matrix_pop_native_calls=35710 matrix_pop_original_calls=0 matrix_staged_groups=0 collision_cross_native_calls=496 collision_length_native_calls=17282 collision_normalize_native_calls=1024 collision_cross_original_calls=0 collision_length_original_calls=0 collision_normalize_original_calls=0 matrix_inverse_native_calls=6420 triangle_contacts_native_calls=3508 triangle_contacts_original_calls=0 triangle_contacts_scope_blocked_calls=0 collision_candidates_native_calls=988 collision_candidates_scope_blocked_calls=0 collision_candidates_original_calls=0 motion_sampling_native_calls=0 motion_sampling_original_calls=0 animation_hierarchy_native_calls=341 model_packets=0 model_snapshots=0 model_packet_verified=0 model_packet_vertices=0 model_gpu_draws=0 model_point_uploads=0 model_corner_uploads=0 closed_memory_calls=152652 closed_memory_words=2111542 collision_memory_intervals=0 collision_memory_reads=0 collision_memory_writes=0 model_pipeline_calls=11245 model_pipeline_declined=0 model_pipeline_points=172542 model_pipeline_normals=4124 model_pipeline_draws=4124 model_pipeline_direct_outputs=4127 model_pipeline_root_operations=0 model_pipeline_closed_children=18226 object_distance_calls=248946 object_distance_native=248946 object_distance_fallback=0 object_activation_calls=247 object_lifetime_calls=51042 object_records=246506 object_created=274 object_retired=75 object_declined=0 object_slow_accesses=0 movement_calls=0 movement_declined=0 movement_callbacks=0 movement_reentries=0 contact_family_calls=742 object_contact_calls=248 camera_operation_calls=247 contact_family_internal=716593 contact_family_foreign=8503 contact_family_resumes=0 world_calls=248 world_declined=0 world_internal=22931 world_callbacks=76100 world_resumes=0 world_membership=6472 world_eligibility=6479 render_hierarchy_calls=3864 render_hierarchy_declined=0 render_hierarchy_internal=99537 render_hierarchy_callbacks=718 render_model_calls=11245 render_model_revocations=0 render_hierarchy_resumes=0 rigid_hierarchy_calls=3450 morph_hierarchy_calls=0 land_render_calls=248 actor_operation_calls=0 actor_state_transfers=0 collision_fused_cross=0 collision_fused_length=0 collision_fused_normalize=0 matrix_bulk_pushes=0 matrix_bulk_pops=0 matrix_bulk_saved=0 matrix_bulk_loaded=0 render_context_captures=6613 render_context_commits=6613 render_context_fallbacks=0 render_context_direct_calls=13226 palette_batch_calls=5774 palette_batch_vertices=231506 palette_batch_declined=0 palette_batch_closed_loops=5774 projection_batch_calls=6416 projection_batch_vertices=234050 projection_batch_declined=5 projection_batch_verified=0 sound_metadata_hits=0 sound_metadata_misses=0 sound_metadata_verified=0 deferred_midi_notes=0 animation_hierarchy_original_calls=0 animation_hierarchy_nodes=18219 animation_direct_write_calls=341 pose_blend_native_calls=0 pose_blend_original_calls=0 pose_direct_write_calls=0 matrix_vector_point_native_calls=29383 matrix_vector_point_original_calls=0 matrix_vector_direction_native_calls=38649 matrix_vector_direction_original_calls=0 matrix_vector_store_native_calls=0 matrix_vector_store_original_calls=0 matrix_vector_translation_native_calls=0 matrix_vector_translation_original_calls=0 atan_native_calls=0 inverse_trig_native_calls=18915 inverse_trig_declined=0 inverse_memory_calls=0 inverse_memory_stores=0 atan_original_calls=0 atan_quotient_native_calls=2 atan_quotient_original_calls=0 atan_polynomial_native_calls=0 atan_polynomial_original_calls=0 atan_scale_native_calls=0 atan_scale_original_calls=0 matrix_inverse_original_calls=0 matrix_determinant_native_calls=0 matrix_determinant_original_calls=0 player_state_readable=1 player_x=7471.53 player_y=-2640.4 player_z=900.342 player_x_bits=1172929595 player_y_bits=3307538021 player_z_bits=1147213290 frame_window_begin=5 frame_window_end=25 game_ticks=248 hud_timer_ticks=82 update_timing=0 update_tasks=0 update_tails=0 update_main_tasks=0 update_alternate_tasks=0 update_waits=0 update_elapsed=0 update_elapsed_extra=0 update_timer_setups=0 periodic_epoch_ns=125588246170653 periodic_callbacks=1 render_completion_experiment=0 guest_render_submitted=0 guest_render_completed=0 guest_render_dispatched=0 guest_render_callback=0 guest_render_counter=0 guest_render_nonzero_callbacks=0 update_unreadable=0 execution_thread_id=71936 execution_cpu_valid=1 execution_cpu_100ns=970826606 process_cpu_valid=1 process_cpu_100ns=3900130918 execution_cycles_valid=0 execution_cycles=0 phase=0 final=0
SONIC_NATIVE_SCENARIO_GAMEPLAY_SAMPLE id=knuckles-lost-world protocol=3 input_profile=3 monotonic_ns=125591768887966 elapsed_ms=25430 collision_debug_signed=-1 frame=276 presentations=271 relative_frame=24 max_frame_ns=1600246135 input_applied_frames=24 completed_frames=25 drawn_frames=24 cadence_readable=1 active_video_hz=50 clock_owner=postpal-checkpoint clock_bound_frame=0 tv_mode_readable=1 tv_mode_word=1 release_slots=2 logical_delta=2 sixty_frame_fixture=0 native_gameplay_math=1 native_leaf_math=1 math_scope_readable=1 main_state=4 scene=15 palette_native_calls=5966 palette_original_calls=0 vertex_normals_native_calls=0 vertex_normals_original_calls=0 matrix_push_native_calls=35125 matrix_push_original_calls=0 matrix_pop_native_calls=36703 matrix_pop_original_calls=0 matrix_staged_groups=0 collision_cross_native_calls=510 collision_length_native_calls=17767 collision_normalize_native_calls=1052 collision_cross_original_calls=0 collision_length_original_calls=0 collision_normalize_original_calls=0 matrix_inverse_native_calls=6602 triangle_contacts_native_calls=3599 triangle_contacts_original_calls=0 triangle_contacts_scope_blocked_calls=0 collision_candidates_native_calls=1016 collision_candidates_scope_blocked_calls=0 collision_candidates_original_calls=0 motion_sampling_native_calls=0 motion_sampling_original_calls=0 animation_hierarchy_native_calls=352 model_packets=0 model_snapshots=0 model_packet_verified=0 model_packet_vertices=0 model_gpu_draws=0 model_point_uploads=0 model_corner_uploads=0 closed_memory_calls=156768 closed_memory_words=2170996 collision_memory_intervals=0 collision_memory_reads=0 collision_memory_writes=0 model_pipeline_calls=11587 model_pipeline_declined=0 model_pipeline_points=177698 model_pipeline_normals=4260 model_pipeline_draws=4260 model_pipeline_direct_outputs=4263 model_pipeline_root_operations=0 model_pipeline_closed_children=18800 object_distance_calls=256009 object_distance_native=256009 object_distance_fallback=0 object_activation_calls=254 object_lifetime_calls=52498 object_records=253492 object_created=274 object_retired=75 object_declined=0 object_slow_accesses=0 movement_calls=0 movement_declined=0 movement_callbacks=0 movement_reentries=0 contact_family_calls=763 object_contact_calls=255 camera_operation_calls=254 contact_family_internal=738172 contact_family_foreign=8755 contact_family_resumes=0 world_calls=255 world_declined=0 world_internal=22938 world_callbacks=78018 world_resumes=0 world_membership=6654 world_eligibility=6661 render_hierarchy_calls=3975 render_hierarchy_declined=0 render_hierarchy_internal=102572 render_hierarchy_callbacks=738 render_model_calls=11587 render_model_revocations=0 render_hierarchy_resumes=0 rigid_hierarchy_calls=3548 morph_hierarchy_calls=0 land_render_calls=255 actor_operation_calls=0 actor_state_transfers=0 collision_fused_cross=0 collision_fused_length=0 collision_fused_normalize=0 matrix_bulk_pushes=0 matrix_bulk_pops=0 matrix_bulk_saved=0 matrix_bulk_loaded=0 render_context_captures=6803 render_context_commits=6803 render_context_fallbacks=0 render_context_direct_calls=13606 palette_batch_calls=5966 palette_batch_vertices=238442 palette_batch_declined=0 palette_batch_closed_loops=5966 projection_batch_calls=6626 projection_batch_vertices=241058 projection_batch_declined=5 projection_batch_verified=0 sound_metadata_hits=0 sound_metadata_misses=0 sound_metadata_verified=0 deferred_midi_notes=0 animation_hierarchy_original_calls=0 animation_hierarchy_nodes=18738 animation_direct_write_calls=352 pose_blend_native_calls=0 pose_blend_original_calls=0 pose_direct_write_calls=0 matrix_vector_point_native_calls=30004 matrix_vector_point_original_calls=0 matrix_vector_direction_native_calls=39740 matrix_vector_direction_original_calls=0 matrix_vector_store_native_calls=0 matrix_vector_store_original_calls=0 matrix_vector_translation_native_calls=0 matrix_vector_translation_original_calls=0 atan_native_calls=0 inverse_trig_native_calls=19444 inverse_trig_declined=0 inverse_memory_calls=0 inverse_memory_stores=0 atan_original_calls=0 atan_quotient_native_calls=2 atan_quotient_original_calls=0 atan_polynomial_native_calls=0 atan_polynomial_original_calls=0 atan_scale_native_calls=0 atan_scale_original_calls=0 matrix_inverse_original_calls=0 matrix_determinant_native_calls=0 matrix_determinant_original_calls=0 player_state_readable=1 player_x=7470.41 player_y=-2640.4 player_z=899.579 player_x_bits=1172927301 player_y_bits=3307538021 player_z_bits=1147200782 frame_window_begin=5 frame_window_end=25 game_ticks=255 hud_timer_ticks=89 update_timing=0 update_tasks=0 update_tails=0 update_main_tasks=0 update_alternate_tasks=0 update_waits=0 update_elapsed=0 update_elapsed_extra=0 update_timer_setups=0 periodic_epoch_ns=125590169469032 periodic_callbacks=1 render_completion_experiment=0 guest_render_submitted=0 guest_render_completed=0 guest_render_dispatched=0 guest_render_callback=0 guest_render_counter=0 guest_render_nonzero_callbacks=0 update_unreadable=0 execution_thread_id=71936 execution_cpu_valid=1 execution_cpu_100ns=989380168 process_cpu_valid=1 process_cpu_100ns=3969498363 execution_cycles_valid=0 execution_cycles=0 phase=0 final=0
SONIC_NATIVE_SCENARIO_GAMEPLAY_SAMPLE id=knuckles-lost-world protocol=3 input_profile=3 monotonic_ns=125592602028107 elapsed_ms=26263 collision_debug_signed=-1 frame=277 presentations=272 relative_frame=25 max_frame_ns=1600246135 input_applied_frames=25 completed_frames=26 drawn_frames=25 cadence_readable=1 active_video_hz=50 clock_owner=postpal-checkpoint clock_bound_frame=0 tv_mode_readable=1 tv_mode_word=1 release_slots=2 logical_delta=2 sixty_frame_fixture=0 native_gameplay_math=1 native_leaf_math=1 math_scope_readable=1 main_state=4 scene=15 palette_native_calls=6064 palette_original_calls=0 vertex_normals_native_calls=0 vertex_normals_original_calls=0 matrix_push_native_calls=35541 matrix_push_original_calls=0 matrix_pop_native_calls=37136 matrix_pop_original_calls=0 matrix_staged_groups=0 collision_cross_native_calls=516 collision_length_native_calls=17975 collision_normalize_native_calls=1064 collision_cross_original_calls=0 collision_length_original_calls=0 collision_normalize_original_calls=0 matrix_inverse_native_calls=6680 triangle_contacts_native_calls=3638 triangle_contacts_original_calls=0 triangle_contacts_scope_blocked_calls=0 collision_candidates_native_calls=1028 collision_candidates_scope_blocked_calls=0 collision_candidates_original_calls=0 motion_sampling_native_calls=0 motion_sampling_original_calls=0 animation_hierarchy_native_calls=357 model_packets=0 model_snapshots=0 model_packet_verified=0 model_packet_vertices=0 model_gpu_draws=0 model_point_uploads=0 model_corner_uploads=0 closed_memory_calls=158564 closed_memory_words=2198079 collision_memory_intervals=0 collision_memory_reads=0 collision_memory_writes=0 model_pipeline_calls=11744 model_pipeline_declined=0 model_pipeline_points=180378 model_pipeline_normals=4329 model_pipeline_draws=4329 model_pipeline_direct_outputs=4332 model_pipeline_root_operations=0 model_pipeline_closed_children=19090 object_distance_calls=259036 object_distance_native=259036 object_distance_fallback=0 object_activation_calls=257 object_lifetime_calls=53122 object_records=256486 object_created=274 object_retired=75 object_declined=0 object_slow_accesses=0 movement_calls=0 movement_declined=0 movement_callbacks=0 movement_reentries=0 contact_family_calls=772 object_contact_calls=258 camera_operation_calls=257 contact_family_internal=747424 contact_family_foreign=8863 contact_family_resumes=0 world_calls=258 world_declined=0 world_internal=22941 world_callbacks=78840 world_resumes=0 world_membership=6732 world_eligibility=6739 render_hierarchy_calls=4023 render_hierarchy_declined=0 render_hierarchy_internal=104052 render_hierarchy_callbacks=747 render_model_calls=11744 render_model_revocations=0 render_hierarchy_resumes=0 rigid_hierarchy_calls=3590 morph_hierarchy_calls=0 land_render_calls=258 actor_operation_calls=0 actor_state_transfers=0 collision_fused_cross=0 collision_fused_length=0 collision_fused_normalize=0 matrix_bulk_pushes=0 matrix_bulk_pops=0 matrix_bulk_saved=0 matrix_bulk_loaded=0 render_context_captures=6892 render_context_commits=6892 render_context_fallbacks=0 render_context_direct_calls=13784 palette_batch_calls=6064 palette_batch_vertices=242060 palette_batch_declined=0 palette_batch_closed_loops=6064 projection_batch_calls=6733 projection_batch_vertices=244712 projection_batch_declined=5 projection_batch_verified=0 sound_metadata_hits=0 sound_metadata_misses=0 sound_metadata_verified=0 deferred_midi_notes=0 animation_hierarchy_original_calls=0 animation_hierarchy_nodes=18961 animation_direct_write_calls=357 pose_blend_native_calls=0 pose_blend_original_calls=0 pose_direct_write_calls=0 matrix_vector_point_native_calls=30271 matrix_vector_point_original_calls=0 matrix_vector_direction_native_calls=40208 matrix_vector_direction_original_calls=0 matrix_vector_store_native_calls=0 matrix_vector_store_original_calls=0 matrix_vector_translation_native_calls=0 matrix_vector_translation_original_calls=0 atan_native_calls=0 inverse_trig_native_calls=19671 inverse_trig_declined=0 inverse_memory_calls=0 inverse_memory_stores=0 atan_original_calls=0 atan_quotient_native_calls=2 atan_quotient_original_calls=0 atan_polynomial_native_calls=0 atan_polynomial_original_calls=0 atan_scale_native_calls=0 atan_scale_original_calls=0 matrix_inverse_original_calls=0 matrix_determinant_native_calls=0 matrix_determinant_original_calls=0 player_state_readable=1 player_x=7469.93 player_y=-2640.4 player_z=899.253 player_x_bits=1172926315 player_y_bits=3307538021 player_z_bits=1147195448 frame_window_begin=5 frame_window_end=25 game_ticks=258 hud_timer_ticks=92 update_timing=0 update_tasks=0 update_tails=0 update_main_tasks=0 update_alternate_tasks=0 update_waits=0 update_elapsed=0 update_elapsed_extra=0 update_timer_setups=0 periodic_epoch_ns=125591775351922 periodic_callbacks=0 render_completion_experiment=0 guest_render_submitted=0 guest_render_completed=0 guest_render_dispatched=0 guest_render_callback=0 guest_render_counter=0 guest_render_nonzero_callbacks=0 update_unreadable=0 execution_thread_id=71936 execution_cpu_valid=1 execution_cpu_100ns=997706263 process_cpu_valid=1 process_cpu_100ns=3999423604 execution_cycles_valid=0 execution_cycles=0 phase=0 final=1
SONIC_NATIVE_SCENARIO_GAMEPLAY_COMPLETE id=knuckles-lost-world protocol=3 input_profile=3 monotonic_ns=125592602028107 elapsed_ms=26263 frame=277 presentations=272 relative_frame=25 input_applied_frames=25 completed_frames=26 drawn_frames=25 max_frame_ns=1600246135 p95_frame_ns=1451612611 p99_frame_ns=1600246135 frame_samples=25 frame_samples_truncated=0
SONIC_NATIVE_SCENARIO_DEADLINE_ARMED frame=277 presentations=272
KATANA_NATIVE_FRAME_PACING_SNAPSHOT {"schema":1,"simulation_frames":277,"presentation_frames":273,"repeated_presentations":0,"late_simulation_frames":0,"missed_presentation_deadlines":6207,"simulation_rate_hz":30,"presentation_rate_hz":60,"enabled":true}
KATANA_NATIVE_PRODUCT_GATE status=not-reached milestone=FirstVisibleGameFrame stop_reason=2 bootstrap_phase=2
KATANA_RUNTIME_STOP_FRONTIER {"version":2,"stop_reason":2,"pc":2349152670,"pr":2349152670,"active_instruction":2349161410,"active_instruction_physical":201677762,"active_block":0,"active_block_physical":0,"active_block_size":0,"gpr":[120497818,2356798248,0,2349143952,0,2356800708,2356800704,4,2356545712,2349898930,2350259184,2348878714,2348878680,2349252608,2350509724,2348872648],"gbr":2358246912,"vbr":2348872704,"sr":1610612992,"mach":0,"macl":1924,"fpul":4294967096,"fpscr":262245,"retired_guest_instructions":82543772,"attempted_guest_instructions":82543772}
