SONIC_CPU_PATH_DEFAULTS version=20260916 ram_regions=1 prepared_transfers=1
SONIC_INTERNAL_DIAGNOSTICS version=1 enabled=0
KATANA_NATIVE_PORT_BRINGUP unresolved_hardware_sites=96 probes=1
KATANA_NATIVE_BUILD_PROFILE name=performance pgo_mode=off pgo_profile_sha256=none aot_all_o2=1
SONIC_PRESENTATION mode=hor-plus output=800x500 renderer=vulkan camera=original render_percent=50 x_scale=0.833333 gameplay_timing=original
SONIC_STARTUP phase=Loading game code...
SONIC_STARTUP_PREFETCH backend=linux advised_bytes=325884586 mode=asynchronous
SONIC_STARTUP phase=Loading game data...
SONIC_STARTUP phase=Connecting controllers...
SONIC_STARTUP phase=Preparing graphics...
SONIC_VULKAN_DEVICE name=llvmpipe (LLVM 20.1.2, 256 bits) api=1.4 type2_nodes=5592405
SONIC_SHADER_CACHE backend=vulkan driver_hit=0 bytes=0
SONIC_VULKAN_WARMUP pipelines=0
SONIC_STARTUP phase=Starting game...
KATANA_NATIVE_FRAME_PACING simulation_fps=30 presentation_fps=60 catch_up=disabled
KATANA_NATIVE_PORT_BUILD_IDENTITY_V1:sha256:05a1c67fc1d6e5aee33963d0c1456242e84507378b637b71a9b3dd885ddc8e47
SONIC_NATIVE_PERIODIC_ADOPT reload=12500000 observed=12251537
SONIC_NATIVE_TEXTURE_SET acquired domain=main index=0 rows=7 archives=7 publication=guest-registry
SONIC_NATIVE_FRAME_BOUNDARY owner=frame-begin index=0 action=present open=1 draws=0 clear=0,0,0,1
SONIC_NATIVE_INPUT slot=0 connected=0 buttons=0x0 pressed=0x0 released=0x0
SONIC_NATIVE_INPUT slot=1 connected=0 buttons=0x0 pressed=0x0 released=0x0
SONIC_NATIVE_INPUT slot=2 connected=0 buttons=0x0 pressed=0x0 released=0x0
SONIC_NATIVE_INPUT slot=3 connected=0 buttons=0x0 pressed=0x0 released=0x0
SONIC_NATIVE_PRETRANSFORMED_PROBE r4=0x8c00f358 pr=0x8c09b4ea sp=0x8c00f350 fullscreen=1 r5=0x4 r6=0x60 fr4=0xbc23d70a streams=0x8c00f368,0x8c00f388,0x0 v0=[0x0,0x0,0xef000000] v1=[0x0,0x43f00000,0xef000000] v2=[0x44200000,0x43f00000,0xef000000] v3=[0x44200000,0x0,0xef000000]
SONIC_NATIVE_DRAW_PACKET frame=1 ordinal=0 vertices=4 topology=4 cull=0 shading=0 blend=1:6:7 depth=1:1:6 list=2 material=1:1:1:0
SONIC_NATIVE_DRAW_VERTEX ordinal=0 index=0 position=0,0,1 color=0,0,0,0.937255
SONIC_NATIVE_DRAW_VERTEX ordinal=0 index=1 position=640,0,1 color=0,0,0,0.937255
SONIC_NATIVE_DRAW_VERTEX ordinal=0 index=2 position=0,480,1 color=0,0,0,0.937255
SONIC_NATIVE_DRAW_VERTEX ordinal=0 index=3 position=640,480,1 color=0,0,0,0.937255
SONIC_NATIVE_DRAW_PACKET frame=1 ordinal=1 vertices=4 topology=4 cull=0 shading=1 blend=0:1:0 depth=1:1:6 list=0 material=1:0:0:0
SONIC_NATIVE_DRAW_VERTEX ordinal=1 index=0 position=-64,0,0.1 color=1,1,1,1
SONIC_NATIVE_DRAW_VERTEX ordinal=1 index=1 position=-64,256,0.1 color=1,1,1,1
SONIC_NATIVE_DRAW_VERTEX ordinal=1 index=2 position=192,0,0.1 color=1,1,1,1
SONIC_NATIVE_DRAW_VERTEX ordinal=1 index=3 position=192,256,0.1 color=1,1,1,1
SONIC_NATIVE_DRAW_PACKET frame=1 ordinal=2 vertices=4 topology=4 cull=0 shading=1 blend=0:1:0 depth=1:1:6 list=0 material=1:0:0:0
SONIC_NATIVE_DRAW_VERTEX ordinal=2 index=0 position=192,0,0.1 color=1,1,1,1
SONIC_NATIVE_DRAW_VERTEX ordinal=2 index=1 position=192,256,0.1 color=1,1,1,1
SONIC_NATIVE_DRAW_VERTEX ordinal=2 index=2 position=448,0,0.1 color=1,1,1,1
SONIC_NATIVE_DRAW_VERTEX ordinal=2 index=3 position=448,256,0.1 color=1,1,1,1
SONIC_NATIVE_DRAW_PACKET frame=1 ordinal=3 vertices=4 topology=4 cull=0 shading=1 blend=0:1:0 depth=1:1:6 list=0 material=1:0:0:0
SONIC_NATIVE_DRAW_VERTEX ordinal=3 index=0 position=448,0,0.1 color=1,1,1,1
SONIC_NATIVE_DRAW_VERTEX ordinal=3 index=1 position=448,256,0.1 color=1,1,1,1
SONIC_NATIVE_DRAW_VERTEX ordinal=3 index=2 position=704,0,0.1 color=1,1,1,1
SONIC_NATIVE_DRAW_VERTEX ordinal=3 index=3 position=704,256,0.1 color=1,1,1,1
SONIC_NATIVE_DRAW_PACKET frame=1 ordinal=4 vertices=4 topology=4 cull=0 shading=1 blend=0:1:0 depth=1:1:6 list=0 material=1:0:0:0
SONIC_NATIVE_DRAW_VERTEX ordinal=4 index=0 position=-64,256,0.1 color=1,1,1,1
SONIC_NATIVE_DRAW_VERTEX ordinal=4 index=1 position=-64,512,0.1 color=1,1,1,1
SONIC_NATIVE_DRAW_VERTEX ordinal=4 index=2 position=192,256,0.1 color=1,1,1,1
SONIC_NATIVE_DRAW_VERTEX ordinal=4 index=3 position=192,512,0.1 color=1,1,1,1
SONIC_NATIVE_DRAW_PACKET frame=1 ordinal=5 vertices=4 topology=4 cull=0 shading=1 blend=0:1:0 depth=1:1:6 list=0 material=1:0:0:0
SONIC_NATIVE_DRAW_VERTEX ordinal=5 index=0 position=192,256,0.1 color=1,1,1,1
SONIC_NATIVE_DRAW_VERTEX ordinal=5 index=1 position=192,512,0.1 color=1,1,1,1
SONIC_NATIVE_DRAW_VERTEX ordinal=5 index=2 position=448,256,0.1 color=1,1,1,1
SONIC_NATIVE_DRAW_VERTEX ordinal=5 index=3 position=448,512,0.1 color=1,1,1,1
SONIC_NATIVE_DRAW_PACKET frame=1 ordinal=6 vertices=4 topology=4 cull=0 shading=1 blend=0:1:0 depth=1:1:6 list=0 material=1:0:0:0
SONIC_NATIVE_DRAW_VERTEX ordinal=6 index=0 position=448,256,0.1 color=1,1,1,1
SONIC_NATIVE_DRAW_VERTEX ordinal=6 index=1 position=448,512,0.1 color=1,1,1,1
SONIC_NATIVE_DRAW_VERTEX ordinal=6 index=2 position=704,256,0.1 color=1,1,1,1
SONIC_NATIVE_DRAW_VERTEX ordinal=6 index=3 position=704,512,0.1 color=1,1,1,1
SONIC_VULKAN_PRESENT mode=immediate vsync_setting=2 visible=0
SONIC_NATIVE_FRAME_BOUNDARY owner=frame-begin index=1 action=present open=1 draws=7 clear=0,0,0,1
SONIC_VULKAN_PIPELINE kind=3 warmup=0 elapsed_ms=14.290
SONIC_STARTUP ready=1 elapsed_ms=16529.520
SONIC_NATIVE_FRAME_BOUNDARY owner=frame-begin index=2 action=present open=1 draws=7 clear=0,0,0,1
SONIC_VULKAN_PIPELINE kind=0 warmup=0 elapsed_ms=85.826
SONIC_VULKAN_PIPELINE kind=1 warmup=0 elapsed_ms=99.443
SONIC_VULKAN_PIPELINE kind=2 warmup=0 elapsed_ms=86.240
SONIC_NATIVE_FRAME_BOUNDARY owner=frame-begin index=3 action=present open=1 draws=7 clear=0,0,0,1
SONIC_NATIVE_FRAME_BOUNDARY owner=frame-begin index=4 action=present open=1 draws=7 clear=0,0,0,1
SONIC_NATIVE_FRAME_BOUNDARY owner=frame-begin index=5 action=present open=1 draws=7 clear=0,0,0,1
SONIC_NATIVE_FRAME_BOUNDARY owner=frame-begin index=6 action=present open=1 draws=7 clear=0,0,0,1
SONIC_NATIVE_FRAME_BOUNDARY owner=frame-begin index=7 action=present open=1 draws=7 clear=0,0,0,1
SONIC_NATIVE_FRAME_BOUNDARY owner=frame-begin index=8 action=present open=1 draws=7 clear=0,0,0,1
SONIC_NATIVE_FRAME_BOUNDARY owner=frame-begin index=9 action=present open=1 draws=7 clear=0,0,0,1
SONIC_NATIVE_MOVIE_SEQUENCE diagnostic-menu-edge=1
SONIC_NATIVE_MOVIE_SEQUENCE skip id=0 clip=0 input=menu
SONIC_NATIVE_MOVIE_SEQUENCE completed id=0 clips=0 skipped=1 completion_status=1 decoded_video=0 presented_video=0 audio_frames=0 visibly_non_black=0
SONIC_NATIVE_CONTENT request=advertise.prs normalized=ADVERTISE.PRS destination=0xcd00000
SONIC_NATIVE_PRS_SOURCE staged=SONICAD/ADVERTISE.PRS decoded=sha256:6e8a5806f1f32e6c17c70c30c953600f16fcdb4959b8cd91094c4b32062793d5 encoded_start=0xcd00000 encoded_bytes=0x2b000 sequence=1
SONIC_NATIVE_CONTENT loaded=SONICAD/ADVERTISE.PRS destination=0xcd00000 bytes=0x2ae96 sector_bytes=0x2b000
SONIC_NATIVE_PRS retired_runtime_images=1 retired_loaded_aot=0 destination=0xc900000
SONIC_NATIVE_PRS_MODULE identity=sha256:6e8a5806f1f32e6c17c70c30c953600f16fcdb4959b8cd91094c4b32062793d5 source=0x8088b000 runtime=0xc900000 bytes=0xe4648 generation=3 transition_epoch=1
SONIC_NATIVE_SOUND_BANK_MAP collection=0:1 available=13 retained=0 replaced=0 retired_one_shot=0 retired_sequence=0 stale_handles=0
SONIC_NATIVE_SOUND_COLLECTION loaded=SONICAD/MOBILE1.MLT bytes=1222016 active=1
SONIC_NATIVE_SOUND_BANK_MAP collection=1:1 available=13 retained=0 replaced=13 retired_one_shot=0 retired_sequence=0 stale_handles=0
SONIC_NATIVE_SOUND_COLLECTION loaded=SONICAD/EGGCARRIER.MLT bytes=1311520 active=2
SONIC_NATIVE_SOUND_BANK_MAP collection=2:1 available=5 retained=10 replaced=3 retired_one_shot=0 retired_sequence=0 stale_handles=0
SONIC_NATIVE_SOUND_COLLECTION loaded=SONICAD/V_SONICTAILS_E.MLT bytes=201472 active=3
SONIC_NATIVE_SOUND_BANK_MAP collection=3:1 available=5 retained=12 replaced=3 retired_one_shot=0 retired_sequence=0 stale_handles=0
SONIC_NATIVE_SOUND_COLLECTION loaded=SONICAD/P_SONICTAILS.MLT bytes=144000 active=4
SONIC_NATIVE_SCENARIO_STAGE_QUEUED id=gamma-emerald-coast stage=1:0 context=6 table=3:5 main=11->2 tuple_override=0 gameplay_probe=1 protocol=3 input_profile=3 frame=193 presentations=190
SONIC_NATIVE_CONTENT request=e_mot.PRS normalized=E_MOT.PRS destination=0xcd00000
SONIC_NATIVE_CONTENT loaded=SONICAD/E_MOT.PRS destination=0xcd00000 bytes=0x15c76 sector_bytes=0x16000
SONIC_NATIVE_TEXTURE_SET acquired domain=character index=6 rows=5 archives=5 publication=guest-registry
SONIC_NATIVE_TEXTURE_SET acquired domain=main index=0 rows=7 archives=7 publication=guest-registry
SONIC_NATIVE_SDK_TEXTURE_VIEW pvm=0 acquired=1 copied=1 texlist=0x8c1bee94
SONIC_NATIVE_PRETRANSFORMED_STREAM kind=textured source=0x8c798718 count=4 texture_key=0x9897fc translucent=0
SONIC_VULKAN_PIPELINE kind=0 warmup=0 elapsed_ms=99.871
SONIC_NATIVE_SOUND_BANK_MAP collection=4:1 available=13 retained=4 replaced=13 retired_one_shot=0 retired_sequence=0 stale_handles=0
SONIC_NATIVE_SOUND_COLLECTION loaded=SONICAD/EMERALDCOAST.MLT bytes=1125984 active=5
SONIC_NATIVE_SOUND_BANK_MAP collection=5:1 available=5 retained=12 replaced=5 retired_one_shot=0 retired_sequence=0 stale_handles=0
SONIC_NATIVE_SOUND_COLLECTION loaded=SONICAD/V_E102_E.MLT bytes=102144 active=6
SONIC_NATIVE_SOUND_BANK_MAP collection=6:1 available=5 retained=12 replaced=5 retired_one_shot=0 retired_sequence=0 stale_handles=0
SONIC_NATIVE_SOUND_COLLECTION loaded=SONICAD/P_E102.MLT bytes=198400 active=7
SONIC_NATIVE_CONTENT request=stg01.PRS normalized=STG01.PRS destination=0xcd00000
SONIC_NATIVE_PRS_SOURCE staged=SONICAD/STG01.PRS decoded=sha256:4c4478ef6bc50c53a85e2c08d88bed8fcfcfdf47c9db378f7ad8f693f8b29538 encoded_start=0xcd00000 encoded_bytes=0x13e000 sequence=2
SONIC_NATIVE_CONTENT loaded=SONICAD/STG01.PRS destination=0xcd00000 bytes=0x13d9dc sector_bytes=0x13e000
SONIC_NATIVE_OVERLAY_TASK_RETIRE destination=0xc900000 bytes=0x1dd108 owners=1 tasks=2 roots=2 child_graph=1 transition=sha256:4c4478ef6bc50c53a85e2c08d88bed8fcfcfdf47c9db378f7ad8f693f8b29538
SONIC_NATIVE_OVERLAY_TASK_OWNER kind=loaded-aot identity=sha256:6e8a5806f1f32e6c17c70c30c953600f16fcdb4959b8cd91094c4b32062793d5 runtime=0x8c900000 bytes=0xe4648 generation=3
SONIC_NATIVE_PRS retired_runtime_images=0 retired_loaded_aot=1 destination=0xc900000
SONIC_NATIVE_PRS_MODULE identity=sha256:4c4478ef6bc50c53a85e2c08d88bed8fcfcfdf47c9db378f7ad8f693f8b29538 source=0x82f44000 runtime=0xc900000 bytes=0x1dd108 generation=5 transition_epoch=2
SONIC_NATIVE_CONTENT request=set0100E.bin normalized=SET0100E.BIN destination=0xcb68000
SONIC_NATIVE_CONTENT loaded=SONICAD/SET0100E.BIN destination=0xcb68000 bytes=0x4b80 sector_bytes=0x5000
SONIC_NATIVE_CONTENT request=set0101E.bin normalized=SET0101E.BIN destination=0xcb70000
SONIC_NATIVE_CONTENT missing_path=SET0101E.BIN guest_pointer=0x8c00f314 destination=0xcb70000
SONIC_NATIVE_CONTENT request=set0101S.bin normalized=SET0101S.BIN destination=0xcb70000
SONIC_NATIVE_CONTENT loaded=SONICAD/SET0101S.BIN destination=0xcb70000 bytes=0x7bc0 sector_bytes=0x8000
SONIC_NATIVE_CONTENT request=set0102E.bin normalized=SET0102E.BIN destination=0xcb78000
SONIC_NATIVE_CONTENT missing_path=SET0102E.BIN guest_pointer=0x8c00f314 destination=0xcb78000
SONIC_NATIVE_CONTENT request=set0102S.bin normalized=SET0102S.BIN destination=0xcb78000
SONIC_NATIVE_CONTENT loaded=SONICAD/SET0102S.BIN destination=0xcb78000 bytes=0x40 sector_bytes=0x800
SONIC_NATIVE_CONTENT request=cam0100E.bin normalized=CAM0100E.BIN destination=0xcb50000
SONIC_NATIVE_CONTENT loaded=SONICAD/CAM0100E.BIN destination=0xcb50000 bytes=0x1780 sector_bytes=0x1800
SONIC_NATIVE_CONTENT request=cam0101E.bin normalized=CAM0101E.BIN destination=0xcb58000
SONIC_NATIVE_CONTENT missing_path=CAM0101E.BIN guest_pointer=0x8c00f318 destination=0xcb58000
SONIC_NATIVE_CONTENT request=cam0101S.bin normalized=CAM0101S.BIN destination=0xcb58000
SONIC_NATIVE_CONTENT loaded=SONICAD/CAM0101S.BIN destination=0xcb58000 bytes=0x2180 sector_bytes=0x2800
SONIC_NATIVE_CONTENT request=cam0102E.bin normalized=CAM0102E.BIN destination=0xcb60000
SONIC_NATIVE_CONTENT missing_path=CAM0102E.BIN guest_pointer=0x8c00f338 destination=0xcb60000
SONIC_NATIVE_CONTENT request=cam0102S.bin normalized=CAM0102S.BIN destination=0xcb60000
SONIC_NATIVE_CONTENT loaded=SONICAD/CAM0102S.BIN destination=0xcb60000 bytes=0x80 sector_bytes=0x800
SONIC_NATIVE_TEXTURE_SET acquired domain=character index=6 rows=5 archives=5 publication=guest-registry
SONIC_NATIVE_TEXTURE_SET acquired domain=main index=0 rows=7 archives=7 publication=guest-registry
SONIC_NATIVE_SDK_TEXTURE_VIEW pvm=1 acquired=90 copied=90 texlist=0xca1e21c
SONIC_NATIVE_SDK_TEXTURE_VIEW pvm=1 acquired=12 copied=12 texlist=0x8c5b81a4
SONIC_NATIVE_SDK_TEXTURE_VIEW pvm=1 acquired=26 copied=26 texlist=0x8c5993d0
SONIC_NATIVE_SDK_TEXTURE_VIEW pvm=1 acquired=23 copied=23 texlist=0x8c59f7f4
SONIC_NATIVE_SDK_TEXTURE_VIEW pvm=0 acquired=1 copied=1 texlist=0xca84470
SONIC_NATIVE_SDK_TEXTURE_VIEW pvm=0 acquired=1 copied=1 texlist=0xcaafb90
SONIC_NATIVE_SDK_TEXTURE_VIEW pvm=1 acquired=2 copied=2 texlist=0x8c5c0f04
SONIC_NATIVE_SDK_TEXTURE_VIEW pvm=1 acquired=2 copied=2 texlist=0x8c5c16cc
SONIC_NATIVE_SDK_TEXTURE_VIEW pvm=1 acquired=10 copied=10 texlist=0xcaa14dc
SONIC_NATIVE_SDK_TEXTURE_VIEW pvm=1 acquired=3 copied=3 texlist=0xca1ec64
SONIC_NATIVE_SDK_TEXTURE_VIEW pvm=1 acquired=5 copied=5 texlist=0x8c165980
SONIC_NATIVE_SDK_TEXTURE_VIEW pvm=1 acquired=5 copied=5 texlist=0x8c16887c
SONIC_NATIVE_SDK_TEXTURE_VIEW pvm=1 acquired=4 copied=4 texlist=0x8c18b724
SONIC_NATIVE_SDK_TEXTURE_VIEW pvm=1 acquired=4 copied=4 texlist=0x8c17bb5c
SONIC_NATIVE_SDK_TEXTURE_VIEW pvm=1 acquired=4 copied=4 texlist=0x8c172db4
SONIC_NATIVE_SDK_TEXTURE_VIEW pvm=1 acquired=7 copied=7 texlist=0xcab21a0
SONIC_NATIVE_SDK_TEXTURE_VIEW pvm=1 acquired=6 copied=6 texlist=0xcab9ef0
SONIC_NATIVE_SDK_TEXTURE_VIEW pvm=1 acquired=6 copied=6 texlist=0xcabc1f8
SONIC_NATIVE_SDK_TEXTURE_VIEW pvm=1 acquired=8 copied=8 texlist=0xcac0a10
SONIC_NATIVE_SDK_TEXTURE_VIEW pvm=1 acquired=7 copied=7 texlist=0xcacca40
SONIC_NATIVE_SDK_TEXTURE_VIEW pvm=1 acquired=7 copied=7 texlist=0xcac5e74
SONIC_NATIVE_SDK_TEXTURE_VIEW pvm=1 acquired=12 copied=12 texlist=0xcac81e0
SONIC_NATIVE_SDK_TEXTURE_VIEW pvm=1 acquired=6 copied=6 texlist=0xcad0c18
SONIC_NATIVE_SDK_TEXTURE_VIEW pvm=1 acquired=8 copied=8 texlist=0x8c5661a8
SONIC_NATIVE_SDK_TEXTURE_VIEW pvm=1 acquired=97 copied=97 texlist=0xc911ec0
SONIC_NATIVE_LIGHTING_CONTENT loaded=SONICAD/SL_10B.BIN destination=0x8c6aeec4 backing=0xc6aeec4 bytes=0xa00 sector_bytes=0x1000
SONIC_NATIVE_LIGHTING_CONTENT loaded=SONICAD/PL_10B.BIN destination=0x8c038f60 backing=0xc038f60 bytes=0x2400 sector_bytes=0x2800
SONIC_NATIVE_SDK_TEXTURE_VIEW pvm=0 acquired=1 copied=1 texlist=0x8c6b67b8
SONIC_VULKAN_PIPELINE kind=0 warmup=0 elapsed_ms=95.642
SONIC_VULKAN_PIPELINE kind=0 warmup=0 elapsed_ms=95.994
SONIC_VULKAN_PIPELINE kind=1 warmup=0 elapsed_ms=102.891
SONIC_VULKAN_PIPELINE kind=1 warmup=0 elapsed_ms=103.584
SONIC_VULKAN_PIPELINE kind=1 warmup=0 elapsed_ms=106.525
SONIC_VULKAN_PIPELINE kind=1 warmup=0 elapsed_ms=102.956
SONIC_NATIVE_CONTENT_RANGE bound=SONICAD/EVENT_ADX_US.AFS start_sector=450138 sectors=31836 bytes=65200128
SONIC_NATIVE_ADX_AFS bound=SONICAD/EVENT_ADX_US.AFS identity=sha256:58a427309d55eb6613b09a056461c5d5f4e3c82e61936980d2d2d1bf04cd0dcd afs_id=0 entries=2044
SONIC_NATIVE_PCM_STREAM_RING registered bank=15 offset=0x1fbfc0 bytes=0x4000 resource=0x141f8 mirror=0x8c8d371c
SONIC_NATIVE_PCM_STREAM_RING registered bank=14 offset=0x1f7f80 bytes=0x4000 resource=0x141f0 mirror=0x8c8d3714
SONIC_NATIVE_PCM_STREAM_RING registered bank=13 offset=0x1f3f40 bytes=0x4000 resource=0x141e8 mirror=0x8c8d370c
[adx @ 0x7a92ac07b880] Estimating duration from bitrate, this may be inaccurate
SONIC_NATIVE_ADX start=SONICAD/ECOAST1.ADX identity=sha256:07d941ddf108678898194bdf04a43ca789e0371e0098cbd46fa02f7a3f939e32 guest_handle=0x8c6736f0 callsite=0x8c107892 pr=0x8c107894 bgm_signature=0x0 bgm_trace=0 bgm_frame=0 bgm_selection=0 bgm_request=0 bgm_mirror=0 bgm_handles=0x0,0x0 voice=0:1 active=1 playing=1 queued=2048 loop=1 loop_start=1888096 loop_end=4944080 gain=0.891251 wrapper_valid=1 wrapper=0x2000301,0x8c8a3850,0x0,0x8c8a4950,0x8c8a64f8,0x8c8a64f8
SONIC_NATIVE_SCENARIO_GAMEPLAY_STARTED id=gamma-emerald-coast protocol=3 input_profile=3 monotonic_ns=118817266743843 frame=252 presentations=247 load_ms=74830 owner_generation=5 stage_state=0 stage_mode=1
SONIC_NATIVE_INPUT slot=0 connected=1 buttons=0x0 pressed=0x0 released=0x0
SONIC_NATIVE_SCENARIO_GAMEPLAY_SAMPLE id=gamma-emerald-coast protocol=3 input_profile=3 monotonic_ns=118818306481234 elapsed_ms=1039 collision_debug_signed=-1 frame=253 presentations=248 relative_frame=1 max_frame_ns=1039737391 input_applied_frames=1 completed_frames=2 drawn_frames=1 cadence_readable=1 active_video_hz=50 clock_owner=postpal-checkpoint clock_bound_frame=0 tv_mode_readable=1 tv_mode_word=1 release_slots=2 logical_delta=2 sixty_frame_fixture=0 native_gameplay_math=1 native_leaf_math=1 math_scope_readable=1 main_state=4 scene=15 palette_native_calls=15195 palette_original_calls=0 vertex_normals_native_calls=0 vertex_normals_original_calls=0 matrix_push_native_calls=16470 matrix_push_original_calls=0 matrix_pop_native_calls=17520 matrix_pop_original_calls=0 matrix_staged_groups=0 collision_cross_native_calls=176 collision_length_native_calls=2754 collision_normalize_native_calls=2023 collision_cross_original_calls=0 collision_length_original_calls=0 collision_normalize_original_calls=0 matrix_inverse_native_calls=1 triangle_contacts_native_calls=0 triangle_contacts_original_calls=0 triangle_contacts_scope_blocked_calls=0 collision_candidates_native_calls=522 collision_candidates_scope_blocked_calls=0 collision_candidates_original_calls=0 motion_sampling_native_calls=0 motion_sampling_original_calls=0 animation_hierarchy_native_calls=351 model_packets=0 model_snapshots=0 model_packet_verified=0 model_packet_vertices=0 model_gpu_draws=0 model_point_uploads=0 model_corner_uploads=0 closed_memory_calls=65371 closed_memory_words=1787809 collision_memory_intervals=0 collision_memory_reads=0 collision_memory_writes=0 model_pipeline_calls=25436 model_pipeline_declined=0 model_pipeline_points=474278 model_pipeline_normals=13647 model_pipeline_draws=13647 model_pipeline_direct_outputs=13698 model_pipeline_root_operations=0 model_pipeline_closed_children=52665 object_distance_calls=107735 object_distance_native=107735 object_distance_fallback=0 object_activation_calls=175 object_lifetime_calls=10992 object_records=105525 object_created=56 object_retired=0 object_declined=0 object_slow_accesses=0 movement_calls=0 movement_declined=0 movement_callbacks=0 movement_reentries=0 contact_family_calls=526 object_contact_calls=176 camera_operation_calls=175 contact_family_internal=386698 contact_family_foreign=5036 contact_family_resumes=0 world_calls=176 world_declined=0 world_internal=10554 world_callbacks=32112 world_resumes=0 world_membership=2992 world_eligibility=3150 render_hierarchy_calls=6751 render_hierarchy_declined=0 render_hierarchy_internal=348147 render_hierarchy_callbacks=14063 render_model_calls=25436 render_model_revocations=0 render_hierarchy_resumes=0 rigid_hierarchy_calls=5573 morph_hierarchy_calls=0 land_render_calls=176 collision_fused_cross=0 collision_fused_length=0 collision_fused_normalize=0 matrix_bulk_pushes=0 matrix_bulk_pops=0 matrix_bulk_saved=0 matrix_bulk_loaded=0 render_context_captures=10309 render_context_commits=10309 render_context_fallbacks=0 render_context_direct_calls=20618 palette_batch_calls=15195 palette_batch_vertices=539405 palette_batch_declined=0 palette_batch_closed_loops=15195 projection_batch_calls=15654 projection_batch_vertices=542975 projection_batch_declined=1 projection_batch_verified=0 sound_metadata_hits=0 sound_metadata_misses=0 sound_metadata_verified=0 deferred_midi_notes=0 animation_hierarchy_original_calls=0 animation_hierarchy_nodes=14003 animation_direct_write_calls=351 pose_blend_native_calls=0 pose_blend_original_calls=0 pose_direct_write_calls=0 matrix_vector_point_native_calls=5440 matrix_vector_point_original_calls=0 matrix_vector_direction_native_calls=3059 matrix_vector_direction_original_calls=0 matrix_vector_store_native_calls=0 matrix_vector_store_original_calls=0 matrix_vector_translation_native_calls=0 matrix_vector_translation_original_calls=0 atan_native_calls=0 inverse_trig_native_calls=9115 inverse_trig_declined=0 inverse_memory_calls=0 inverse_memory_stores=0 atan_original_calls=0 atan_quotient_native_calls=2 atan_quotient_original_calls=0 atan_polynomial_native_calls=0 atan_polynomial_original_calls=0 atan_scale_native_calls=0 atan_scale_original_calls=0 matrix_inverse_original_calls=0 matrix_determinant_native_calls=0 matrix_determinant_original_calls=0 player_state_readable=1 player_x=0.357781 player_y=3.65463 player_z=-0.147472 player_x_bits=1052192519 player_y_bits=1080681828 player_z_bits=3189179135 frame_window_begin=5 frame_window_end=25 game_ticks=176 hud_timer_ticks=10790 update_timing=0 update_tasks=0 update_tails=0 update_main_tasks=0 update_alternate_tasks=0 update_waits=0 update_elapsed=0 update_elapsed_extra=0 update_timer_setups=0 periodic_epoch_ns=118817268578435 periodic_callbacks=0 render_completion_experiment=0 guest_render_submitted=0 guest_render_completed=0 guest_render_dispatched=0 guest_render_callback=0 guest_render_counter=0 guest_render_nonzero_callbacks=0 update_unreadable=0 execution_thread_id=67397 execution_cpu_valid=1 execution_cpu_100ns=572733578 process_cpu_valid=1 process_cpu_100ns=3298383048 execution_cycles_valid=0 execution_cycles=0 phase=0 final=0
SONIC_NATIVE_SCENARIO_GAMEPLAY_SAMPLE id=gamma-emerald-coast protocol=3 input_profile=3 monotonic_ns=118819391000607 elapsed_ms=2124 collision_debug_signed=-1 frame=254 presentations=249 relative_frame=2 max_frame_ns=1084519373 input_applied_frames=2 completed_frames=3 drawn_frames=2 cadence_readable=1 active_video_hz=50 clock_owner=postpal-checkpoint clock_bound_frame=0 tv_mode_readable=1 tv_mode_word=1 release_slots=2 logical_delta=2 sixty_frame_fixture=0 native_gameplay_math=1 native_leaf_math=1 math_scope_readable=1 main_state=4 scene=15 palette_native_calls=15497 palette_original_calls=0 vertex_normals_native_calls=0 vertex_normals_original_calls=0 matrix_push_native_calls=16837 matrix_push_original_calls=0 matrix_pop_native_calls=17907 matrix_pop_original_calls=0 matrix_staged_groups=0 collision_cross_native_calls=180 collision_length_native_calls=2811 collision_normalize_native_calls=2069 collision_cross_original_calls=0 collision_length_original_calls=0 collision_normalize_original_calls=0 matrix_inverse_native_calls=1 triangle_contacts_native_calls=0 triangle_contacts_original_calls=0 triangle_contacts_scope_blocked_calls=0 collision_candidates_native_calls=534 collision_candidates_scope_blocked_calls=0 collision_candidates_original_calls=0 motion_sampling_native_calls=0 motion_sampling_original_calls=0 animation_hierarchy_native_calls=359 model_packets=0 model_snapshots=0 model_packet_verified=0 model_packet_vertices=0 model_gpu_draws=0 model_point_uploads=0 model_corner_uploads=0 closed_memory_calls=66755 closed_memory_words=1824653 collision_memory_intervals=0 collision_memory_reads=0 collision_memory_writes=0 model_pipeline_calls=25957 model_pipeline_declined=0 model_pipeline_points=483554 model_pipeline_normals=13918 model_pipeline_draws=13918 model_pipeline_direct_outputs=13970 model_pipeline_root_operations=0 model_pipeline_closed_children=53730 object_distance_calls=110195 object_distance_native=110195 object_distance_fallback=0 object_activation_calls=179 object_lifetime_calls=11244 object_records=107937 object_created=56 object_retired=0 object_declined=0 object_slow_accesses=0 movement_calls=0 movement_declined=0 movement_callbacks=0 movement_reentries=0 contact_family_calls=538 object_contact_calls=180 camera_operation_calls=179 contact_family_internal=395766 contact_family_foreign=5172 contact_family_resumes=0 world_calls=180 world_declined=0 world_internal=10718 world_callbacks=32816 world_resumes=0 world_membership=3060 world_eligibility=3222 render_hierarchy_calls=6902 render_hierarchy_declined=0 render_hierarchy_internal=355121 render_hierarchy_callbacks=14382 render_model_calls=25957 render_model_revocations=0 render_hierarchy_resumes=0 rigid_hierarchy_calls=5701 morph_hierarchy_calls=0 land_render_calls=180 collision_fused_cross=0 collision_fused_length=0 collision_fused_normalize=0 matrix_bulk_pushes=0 matrix_bulk_pops=0 matrix_bulk_saved=0 matrix_bulk_loaded=0 render_context_captures=10541 render_context_commits=10541 render_context_fallbacks=0 render_context_direct_calls=21082 palette_batch_calls=15497 palette_batch_vertices=549969 palette_batch_declined=0 palette_batch_closed_loops=15497 projection_batch_calls=15965 projection_batch_vertices=553609 projection_batch_declined=1 projection_batch_verified=0 sound_metadata_hits=0 sound_metadata_misses=0 sound_metadata_verified=0 deferred_midi_notes=0 animation_hierarchy_original_calls=0 animation_hierarchy_nodes=14323 animation_direct_write_calls=359 pose_blend_native_calls=0 pose_blend_original_calls=0 pose_direct_write_calls=0 matrix_vector_point_native_calls=5537 matrix_vector_point_original_calls=0 matrix_vector_direction_native_calls=3122 matrix_vector_direction_original_calls=0 matrix_vector_store_native_calls=0 matrix_vector_store_original_calls=0 matrix_vector_translation_native_calls=0 matrix_vector_translation_original_calls=0 atan_native_calls=0 inverse_trig_native_calls=9323 inverse_trig_declined=0 inverse_memory_calls=0 inverse_memory_stores=0 atan_original_calls=0 atan_quotient_native_calls=2 atan_quotient_original_calls=0 atan_polynomial_native_calls=0 atan_polynomial_original_calls=0 atan_scale_native_calls=0 atan_scale_original_calls=0 matrix_inverse_original_calls=0 matrix_determinant_native_calls=0 matrix_determinant_original_calls=0 player_state_readable=1 player_x=0.0362416 player_y=3.65725 player_z=0.0366661 player_x_bits=1024750096 player_y_bits=1080692824 player_z_bits=1024864040 frame_window_begin=5 frame_window_end=25 game_ticks=180 hud_timer_ticks=10786 update_timing=0 update_tasks=0 update_tails=0 update_main_tasks=0 update_alternate_tasks=0 update_waits=0 update_elapsed=0 update_elapsed_extra=0 update_timer_setups=0 periodic_epoch_ns=118818312649341 periodic_callbacks=0 render_completion_experiment=0 guest_render_submitted=0 guest_render_completed=0 guest_render_dispatched=0 guest_render_callback=0 guest_render_counter=0 guest_render_nonzero_callbacks=0 update_unreadable=0 execution_thread_id=67397 execution_cpu_valid=1 execution_cpu_100ns=578897964 process_cpu_valid=1 process_cpu_100ns=3333685367 execution_cycles_valid=0 execution_cycles=0 phase=0 final=0
SONIC_NATIVE_SCENARIO_GAMEPLAY_SAMPLE id=gamma-emerald-coast protocol=3 input_profile=3 monotonic_ns=118820444363763 elapsed_ms=3177 collision_debug_signed=-1 frame=255 presentations=250 relative_frame=3 max_frame_ns=1084519373 input_applied_frames=3 completed_frames=4 drawn_frames=3 cadence_readable=1 active_video_hz=50 clock_owner=postpal-checkpoint clock_bound_frame=0 tv_mode_readable=1 tv_mode_word=1 release_slots=2 logical_delta=2 sixty_frame_fixture=0 native_gameplay_math=1 native_leaf_math=1 math_scope_readable=1 main_state=4 scene=15 palette_native_calls=15799 palette_original_calls=0 vertex_normals_native_calls=0 vertex_normals_original_calls=0 matrix_push_native_calls=17127 matrix_push_original_calls=0 matrix_pop_native_calls=18212 matrix_pop_original_calls=0 matrix_staged_groups=0 collision_cross_native_calls=183 collision_length_native_calls=2854 collision_normalize_native_calls=2104 collision_cross_original_calls=0 collision_length_original_calls=0 collision_normalize_original_calls=0 matrix_inverse_native_calls=1 triangle_contacts_native_calls=0 triangle_contacts_original_calls=0 triangle_contacts_scope_blocked_calls=0 collision_candidates_native_calls=543 collision_candidates_scope_blocked_calls=0 collision_candidates_original_calls=0 motion_sampling_native_calls=0 motion_sampling_original_calls=0 animation_hierarchy_native_calls=365 model_packets=0 model_snapshots=0 model_packet_verified=0 model_packet_vertices=0 model_gpu_draws=0 model_point_uploads=0 model_corner_uploads=0 closed_memory_calls=67915 closed_memory_words=1858136 collision_memory_intervals=0 collision_memory_reads=0 collision_memory_writes=0 model_pipeline_calls=26417 model_pipeline_declined=0 model_pipeline_points=492830 model_pipeline_normals=14189 model_pipeline_draws=14189 model_pipeline_direct_outputs=14242 model_pipeline_root_operations=0 model_pipeline_closed_children=54795 object_distance_calls=112040 object_distance_native=112040 object_distance_fallback=0 object_activation_calls=182 object_lifetime_calls=11433 object_records=109746 object_created=56 object_retired=0 object_declined=0 object_slow_accesses=0 movement_calls=0 movement_declined=0 movement_callbacks=0 movement_reentries=0 contact_family_calls=547 object_contact_calls=183 camera_operation_calls=182 contact_family_internal=402576 contact_family_foreign=5274 contact_family_resumes=0 world_calls=183 world_declined=0 world_internal=10841 world_callbacks=33344 world_resumes=0 world_membership=3111 world_eligibility=3276 render_hierarchy_calls=7019 render_hierarchy_declined=0 render_hierarchy_internal=361833 render_hierarchy_callbacks=14622 render_model_calls=26417 render_model_revocations=0 render_hierarchy_resumes=0 rigid_hierarchy_calls=5797 morph_hierarchy_calls=0 land_render_calls=183 collision_fused_cross=0 collision_fused_length=0 collision_fused_normalize=0 matrix_bulk_pushes=0 matrix_bulk_pops=0 matrix_bulk_saved=0 matrix_bulk_loaded=0 render_context_captures=10740 render_context_commits=10740 render_context_fallbacks=0 render_context_direct_calls=21480 palette_batch_calls=15799 palette_batch_vertices=560533 palette_batch_declined=0 palette_batch_closed_loops=15799 projection_batch_calls=16276 projection_batch_vertices=564243 projection_batch_declined=1 projection_batch_verified=0 sound_metadata_hits=0 sound_metadata_misses=0 sound_metadata_verified=0 deferred_midi_notes=0 animation_hierarchy_original_calls=0 animation_hierarchy_nodes=14563 animation_direct_write_calls=365 pose_blend_native_calls=0 pose_blend_original_calls=0 pose_direct_write_calls=0 matrix_vector_point_native_calls=5618 matrix_vector_point_original_calls=0 matrix_vector_direction_native_calls=3178 matrix_vector_direction_original_calls=0 matrix_vector_store_native_calls=0 matrix_vector_store_original_calls=0 matrix_vector_translation_native_calls=0 matrix_vector_translation_original_calls=0 atan_native_calls=0 inverse_trig_native_calls=9479 inverse_trig_declined=0 inverse_memory_calls=0 inverse_memory_stores=0 atan_original_calls=0 atan_quotient_native_calls=2 atan_quotient_original_calls=0 atan_polynomial_native_calls=0 atan_polynomial_original_calls=0 atan_scale_native_calls=0 atan_scale_original_calls=0 matrix_inverse_original_calls=0 matrix_determinant_native_calls=0 matrix_determinant_original_calls=0 player_state_readable=1 player_x=-0.152818 player_y=3.67591 player_z=0.19053 player_x_bits=3189537884 player_y_bits=1080771084 player_z_bits=1044585042 frame_window_begin=5 frame_window_end=25 game_ticks=183 hud_timer_ticks=10783 update_timing=0 update_tasks=0 update_tails=0 update_main_tasks=0 update_alternate_tasks=0 update_waits=0 update_elapsed=0 update_elapsed_extra=0 update_timer_setups=0 periodic_epoch_ns=118819396007113 periodic_callbacks=0 render_completion_experiment=0 guest_render_submitted=0 guest_render_completed=0 guest_render_dispatched=0 guest_render_callback=0 guest_render_counter=0 guest_render_nonzero_callbacks=0 update_unreadable=0 execution_thread_id=67397 execution_cpu_valid=1 execution_cpu_100ns=583994211 process_cpu_valid=1 process_cpu_100ns=3367403262 execution_cycles_valid=0 execution_cycles=0 phase=0 final=0
SONIC_NATIVE_SCENARIO_GAMEPLAY_SAMPLE id=gamma-emerald-coast protocol=3 input_profile=3 monotonic_ns=118821520840208 elapsed_ms=4254 collision_debug_signed=-1 frame=256 presentations=251 relative_frame=4 max_frame_ns=1084519373 input_applied_frames=4 completed_frames=5 drawn_frames=4 cadence_readable=1 active_video_hz=50 clock_owner=postpal-checkpoint clock_bound_frame=0 tv_mode_readable=1 tv_mode_word=1 release_slots=2 logical_delta=2 sixty_frame_fixture=0 native_gameplay_math=1 native_leaf_math=1 math_scope_readable=1 main_state=4 scene=15 palette_native_calls=16102 palette_original_calls=0 vertex_normals_native_calls=0 vertex_normals_original_calls=0 matrix_push_native_calls=17499 matrix_push_original_calls=0 matrix_pop_native_calls=18604 matrix_pop_original_calls=0 matrix_staged_groups=0 collision_cross_native_calls=187 collision_length_native_calls=2911 collision_normalize_native_calls=2150 collision_cross_original_calls=0 collision_length_original_calls=0 collision_normalize_original_calls=0 matrix_inverse_native_calls=1 triangle_contacts_native_calls=0 triangle_contacts_original_calls=0 triangle_contacts_scope_blocked_calls=0 collision_candidates_native_calls=555 collision_candidates_scope_blocked_calls=0 collision_candidates_original_calls=0 motion_sampling_native_calls=0 motion_sampling_original_calls=0 animation_hierarchy_native_calls=373 model_packets=0 model_snapshots=0 model_packet_verified=0 model_packet_vertices=0 model_gpu_draws=0 model_point_uploads=0 model_corner_uploads=0 closed_memory_calls=69300 closed_memory_words=1895099 collision_memory_intervals=0 collision_memory_reads=0 collision_memory_writes=0 model_pipeline_calls=26994 model_pipeline_declined=0 model_pipeline_points=502114 model_pipeline_normals=14461 model_pipeline_draws=14461 model_pipeline_direct_outputs=14515 model_pipeline_root_operations=0 model_pipeline_closed_children=55893 object_distance_calls=114500 object_distance_native=114500 object_distance_fallback=0 object_activation_calls=186 object_lifetime_calls=11685 object_records=112158 object_created=56 object_retired=0 object_declined=0 object_slow_accesses=0 movement_calls=0 movement_declined=0 movement_callbacks=0 movement_reentries=0 contact_family_calls=559 object_contact_calls=187 camera_operation_calls=186 contact_family_internal=411656 contact_family_foreign=5410 contact_family_resumes=0 world_calls=187 world_declined=0 world_internal=11005 world_callbacks=34048 world_resumes=0 world_membership=3179 world_eligibility=3348 render_hierarchy_calls=7175 render_hierarchy_declined=0 render_hierarchy_internal=370753 render_hierarchy_callbacks=14941 render_model_calls=26994 render_model_revocations=0 render_hierarchy_resumes=0 rigid_hierarchy_calls=5925 morph_hierarchy_calls=0 land_render_calls=187 collision_fused_cross=0 collision_fused_length=0 collision_fused_normalize=0 matrix_bulk_pushes=0 matrix_bulk_pops=0 matrix_bulk_saved=0 matrix_bulk_loaded=0 render_context_captures=10992 render_context_commits=10992 render_context_fallbacks=0 render_context_direct_calls=21984 palette_batch_calls=16102 palette_batch_vertices=571105 palette_batch_declined=0 palette_batch_closed_loops=16102 projection_batch_calls=16588 projection_batch_vertices=574885 projection_batch_declined=1 projection_batch_verified=0 sound_metadata_hits=0 sound_metadata_misses=0 sound_metadata_verified=0 deferred_midi_notes=0 animation_hierarchy_original_calls=0 animation_hierarchy_nodes=14883 animation_direct_write_calls=373 pose_blend_native_calls=0 pose_blend_original_calls=0 pose_direct_write_calls=0 matrix_vector_point_native_calls=5717 matrix_vector_point_original_calls=0 matrix_vector_direction_native_calls=3241 matrix_vector_direction_original_calls=0 matrix_vector_store_native_calls=0 matrix_vector_store_original_calls=0 matrix_vector_translation_native_calls=0 matrix_vector_translation_original_calls=0 atan_native_calls=0 inverse_trig_native_calls=9679 inverse_trig_declined=0 inverse_memory_calls=0 inverse_memory_stores=0 atan_original_calls=0 atan_quotient_native_calls=2 atan_quotient_original_calls=0 atan_polynomial_native_calls=0 atan_polynomial_original_calls=0 atan_scale_native_calls=0 atan_scale_original_calls=0 matrix_inverse_original_calls=0 matrix_determinant_native_calls=0 matrix_determinant_original_calls=0 player_state_readable=1 player_x=-0.560506 player_y=3.7155 player_z=0.501393 player_x_bits=3205463380 player_y_bits=1080937172 player_z_bits=1056987977 frame_window_begin=5 frame_window_end=25 game_ticks=187 hud_timer_ticks=10779 update_timing=0 update_tasks=0 update_tails=0 update_main_tasks=0 update_alternate_tasks=0 update_waits=0 update_elapsed=0 update_elapsed_extra=0 update_timer_setups=0 periodic_epoch_ns=118820449889050 periodic_callbacks=0 render_completion_experiment=0 guest_render_submitted=0 guest_render_completed=0 guest_render_dispatched=0 guest_render_callback=0 guest_render_counter=0 guest_render_nonzero_callbacks=0 update_unreadable=0 execution_thread_id=67397 execution_cpu_valid=1 execution_cpu_100ns=590313808 process_cpu_valid=1 process_cpu_100ns=3403188778 execution_cycles_valid=0 execution_cycles=0 phase=0 final=0
SONIC_NATIVE_SCENARIO_GAMEPLAY_SAMPLE id=gamma-emerald-coast protocol=3 input_profile=3 monotonic_ns=118822602499997 elapsed_ms=5335 collision_debug_signed=-1 frame=257 presentations=252 relative_frame=5 max_frame_ns=1084519373 input_applied_frames=5 completed_frames=6 drawn_frames=5 cadence_readable=1 active_video_hz=50 clock_owner=postpal-checkpoint clock_bound_frame=0 tv_mode_readable=1 tv_mode_word=1 release_slots=2 logical_delta=2 sixty_frame_fixture=0 native_gameplay_math=1 native_leaf_math=1 math_scope_readable=1 main_state=4 scene=15 palette_native_calls=16405 palette_original_calls=0 vertex_normals_native_calls=0 vertex_normals_original_calls=0 matrix_push_native_calls=17793 matrix_push_original_calls=0 matrix_pop_native_calls=18913 matrix_pop_original_calls=0 matrix_staged_groups=0 collision_cross_native_calls=190 collision_length_native_calls=2954 collision_normalize_native_calls=2185 collision_cross_original_calls=0 collision_length_original_calls=0 collision_normalize_original_calls=0 matrix_inverse_native_calls=1 triangle_contacts_native_calls=0 triangle_contacts_original_calls=0 triangle_contacts_scope_blocked_calls=0 collision_candidates_native_calls=564 collision_candidates_scope_blocked_calls=0 collision_candidates_original_calls=0 motion_sampling_native_calls=0 motion_sampling_original_calls=0 animation_hierarchy_native_calls=379 model_packets=0 model_snapshots=0 model_packet_verified=0 model_packet_vertices=0 model_gpu_draws=0 model_point_uploads=0 model_corner_uploads=0 closed_memory_calls=70436 closed_memory_words=1928510 collision_memory_intervals=0 collision_memory_reads=0 collision_memory_writes=0 model_pipeline_calls=27470 model_pipeline_declined=0 model_pipeline_points=511398 model_pipeline_normals=14733 model_pipeline_draws=14733 model_pipeline_direct_outputs=14788 model_pipeline_root_operations=0 model_pipeline_closed_children=56931 object_distance_calls=116345 object_distance_native=116345 object_distance_fallback=0 object_activation_calls=189 object_lifetime_calls=11874 object_records=113967 object_created=56 object_retired=0 object_declined=0 object_slow_accesses=0 movement_calls=0 movement_declined=0 movement_callbacks=0 movement_reentries=0 contact_family_calls=568 object_contact_calls=190 camera_operation_calls=189 contact_family_internal=418466 contact_family_foreign=5512 contact_family_resumes=0 world_calls=190 world_declined=0 world_internal=11128 world_callbacks=34576 world_resumes=0 world_membership=3230 world_eligibility=3402 render_hierarchy_calls=7293 render_hierarchy_declined=0 render_hierarchy_internal=377327 render_hierarchy_callbacks=15181 render_model_calls=27470 render_model_revocations=0 render_hierarchy_resumes=0 rigid_hierarchy_calls=6021 morph_hierarchy_calls=0 land_render_calls=190 collision_fused_cross=0 collision_fused_length=0 collision_fused_normalize=0 matrix_bulk_pushes=0 matrix_bulk_pops=0 matrix_bulk_saved=0 matrix_bulk_loaded=0 render_context_captures=11177 render_context_commits=11177 render_context_fallbacks=0 render_context_direct_calls=22354 palette_batch_calls=16405 palette_batch_vertices=581677 palette_batch_declined=0 palette_batch_closed_loops=16405 projection_batch_calls=16900 projection_batch_vertices=585527 projection_batch_declined=1 projection_batch_verified=0 sound_metadata_hits=0 sound_metadata_misses=0 sound_metadata_verified=0 deferred_midi_notes=0 animation_hierarchy_original_calls=0 animation_hierarchy_nodes=15123 animation_direct_write_calls=379 pose_blend_native_calls=0 pose_blend_original_calls=0 pose_direct_write_calls=0 matrix_vector_point_native_calls=5801 matrix_vector_point_original_calls=0 matrix_vector_direction_native_calls=3297 matrix_vector_direction_original_calls=0 matrix_vector_store_native_calls=0 matrix_vector_store_original_calls=0 matrix_vector_translation_native_calls=0 matrix_vector_translation_original_calls=0 atan_native_calls=0 inverse_trig_native_calls=9811 inverse_trig_declined=0 inverse_memory_calls=0 inverse_memory_stores=0 atan_original_calls=0 atan_quotient_native_calls=2 atan_quotient_original_calls=0 atan_polynomial_native_calls=0 atan_polynomial_original_calls=0 atan_scale_native_calls=0 atan_scale_original_calls=0 matrix_inverse_original_calls=0 matrix_determinant_native_calls=0 matrix_determinant_original_calls=0 player_state_readable=1 player_x=-0.98396 player_y=3.75624 player_z=0.811224 player_x_bits=3212567756 player_y_bits=1081108016 player_z_bits=1062186072 frame_window_begin=5 frame_window_end=25 game_ticks=190 hud_timer_ticks=10776 update_timing=0 update_tasks=0 update_tails=0 update_main_tasks=0 update_alternate_tasks=0 update_waits=0 update_elapsed=0 update_elapsed_extra=0 update_timer_setups=0 periodic_epoch_ns=118821526105686 periodic_callbacks=0 render_completion_experiment=0 guest_render_submitted=0 guest_render_completed=0 guest_render_dispatched=0 guest_render_callback=0 guest_render_counter=0 guest_render_nonzero_callbacks=0 update_unreadable=0 execution_thread_id=67397 execution_cpu_valid=1 execution_cpu_100ns=595550990 process_cpu_valid=1 process_cpu_100ns=3437705643 execution_cycles_valid=0 execution_cycles=0 phase=0 final=0
SONIC_NATIVE_SCENARIO_GAMEPLAY_SAMPLE id=gamma-emerald-coast protocol=3 input_profile=3 monotonic_ns=118823660060337 elapsed_ms=6393 collision_debug_signed=-1 frame=258 presentations=253 relative_frame=6 max_frame_ns=1084519373 input_applied_frames=6 completed_frames=7 drawn_frames=6 cadence_readable=1 active_video_hz=50 clock_owner=postpal-checkpoint clock_bound_frame=0 tv_mode_readable=1 tv_mode_word=1 release_slots=2 logical_delta=2 sixty_frame_fixture=0 native_gameplay_math=1 native_leaf_math=1 math_scope_readable=1 main_state=4 scene=15 palette_native_calls=16708 palette_original_calls=0 vertex_normals_native_calls=0 vertex_normals_original_calls=0 matrix_push_native_calls=18079 matrix_push_original_calls=0 matrix_pop_native_calls=19214 matrix_pop_original_calls=0 matrix_staged_groups=0 collision_cross_native_calls=193 collision_length_native_calls=2997 collision_normalize_native_calls=2220 collision_cross_original_calls=0 collision_length_original_calls=0 collision_normalize_original_calls=0 matrix_inverse_native_calls=1 triangle_contacts_native_calls=0 triangle_contacts_original_calls=0 triangle_contacts_scope_blocked_calls=0 collision_candidates_native_calls=573 collision_candidates_scope_blocked_calls=0 collision_candidates_original_calls=0 motion_sampling_native_calls=0 motion_sampling_original_calls=0 animation_hierarchy_native_calls=385 model_packets=0 model_snapshots=0 model_packet_verified=0 model_packet_vertices=0 model_gpu_draws=0 model_point_uploads=0 model_corner_uploads=0 closed_memory_calls=71540 closed_memory_words=1961697 collision_memory_intervals=0 collision_memory_reads=0 collision_memory_writes=0 model_pipeline_calls=27941 model_pipeline_declined=0 model_pipeline_points=520682 model_pipeline_normals=15005 model_pipeline_draws=15005 model_pipeline_direct_outputs=15061 model_pipeline_root_operations=0 model_pipeline_closed_children=57969 object_distance_calls=118190 object_distance_native=118190 object_distance_fallback=0 object_activation_calls=192 object_lifetime_calls=12063 object_records=115776 object_created=56 object_retired=0 object_declined=0 object_slow_accesses=0 movement_calls=0 movement_declined=0 movement_callbacks=0 movement_reentries=0 contact_family_calls=577 object_contact_calls=193 camera_operation_calls=192 contact_family_internal=425276 contact_family_foreign=5614 contact_family_resumes=0 world_calls=193 world_declined=0 world_internal=11251 world_callbacks=35104 world_resumes=0 world_membership=3281 world_eligibility=3456 render_hierarchy_calls=7410 render_hierarchy_declined=0 render_hierarchy_internal=383845 render_hierarchy_callbacks=15421 render_model_calls=27941 render_model_revocations=0 render_hierarchy_resumes=0 rigid_hierarchy_calls=6117 morph_hierarchy_calls=0 land_render_calls=193 collision_fused_cross=0 collision_fused_length=0 collision_fused_normalize=0 matrix_bulk_pushes=0 matrix_bulk_pops=0 matrix_bulk_saved=0 matrix_bulk_loaded=0 render_context_captures=11361 render_context_commits=11361 render_context_fallbacks=0 render_context_direct_calls=22722 palette_batch_calls=16708 palette_batch_vertices=592249 palette_batch_declined=0 palette_batch_closed_loops=16708 projection_batch_calls=17212 projection_batch_vertices=596169 projection_batch_declined=1 projection_batch_verified=0 sound_metadata_hits=0 sound_metadata_misses=0 sound_metadata_verified=0 deferred_midi_notes=0 animation_hierarchy_original_calls=0 animation_hierarchy_nodes=15363 animation_direct_write_calls=385 pose_blend_native_calls=0 pose_blend_original_calls=0 pose_direct_write_calls=0 matrix_vector_point_native_calls=5877 matrix_vector_point_original_calls=0 matrix_vector_direction_native_calls=3345 matrix_vector_direction_original_calls=0 matrix_vector_store_native_calls=0 matrix_vector_store_original_calls=0 matrix_vector_translation_native_calls=0 matrix_vector_translation_original_calls=0 atan_native_calls=0 inverse_trig_native_calls=9940 inverse_trig_declined=0 inverse_memory_calls=0 inverse_memory_stores=0 atan_original_calls=0 atan_quotient_native_calls=2 atan_quotient_original_calls=0 atan_polynomial_native_calls=0 atan_polynomial_original_calls=0 atan_scale_native_calls=0 atan_scale_original_calls=0 matrix_inverse_original_calls=0 matrix_determinant_native_calls=0 matrix_determinant_original_calls=0 player_state_readable=1 player_x=-1.50831 player_y=3.80641 player_z=1.18608 player_x_bits=3217100866 player_y_bits=1081318440 player_z_bits=1066914184 frame_window_begin=5 frame_window_end=25 game_ticks=193 hud_timer_ticks=10773 update_timing=0 update_tasks=0 update_tails=0 update_main_tasks=0 update_alternate_tasks=0 update_waits=0 update_elapsed=0 update_elapsed_extra=0 update_timer_setups=0 periodic_epoch_ns=118822607454821 periodic_callbacks=0 render_completion_experiment=0 guest_render_submitted=0 guest_render_completed=0 guest_render_dispatched=0 guest_render_callback=0 guest_render_counter=0 guest_render_nonzero_callbacks=0 update_unreadable=0 execution_thread_id=67397 execution_cpu_valid=1 execution_cpu_100ns=600656712 process_cpu_valid=1 process_cpu_100ns=3471599403 execution_cycles_valid=0 execution_cycles=0 phase=0 final=0
SONIC_NATIVE_SCENARIO_GAMEPLAY_SAMPLE id=gamma-emerald-coast protocol=3 input_profile=3 monotonic_ns=118824771345806 elapsed_ms=7504 collision_debug_signed=-1 frame=259 presentations=254 relative_frame=7 max_frame_ns=1111285469 input_applied_frames=7 completed_frames=8 drawn_frames=7 cadence_readable=1 active_video_hz=50 clock_owner=postpal-checkpoint clock_bound_frame=0 tv_mode_readable=1 tv_mode_word=1 release_slots=2 logical_delta=2 sixty_frame_fixture=0 native_gameplay_math=1 native_leaf_math=1 math_scope_readable=1 main_state=4 scene=15 palette_native_calls=17011 palette_original_calls=0 vertex_normals_native_calls=0 vertex_normals_original_calls=0 matrix_push_native_calls=18453 matrix_push_original_calls=0 matrix_pop_native_calls=19608 matrix_pop_original_calls=0 matrix_staged_groups=0 collision_cross_native_calls=197 collision_length_native_calls=3054 collision_normalize_native_calls=2266 collision_cross_original_calls=0 collision_length_original_calls=0 collision_normalize_original_calls=0 matrix_inverse_native_calls=1 triangle_contacts_native_calls=0 triangle_contacts_original_calls=0 triangle_contacts_scope_blocked_calls=0 collision_candidates_native_calls=585 collision_candidates_scope_blocked_calls=0 collision_candidates_original_calls=0 motion_sampling_native_calls=0 motion_sampling_original_calls=0 animation_hierarchy_native_calls=393 model_packets=0 model_snapshots=0 model_packet_verified=0 model_packet_vertices=0 model_gpu_draws=0 model_point_uploads=0 model_corner_uploads=0 closed_memory_calls=72895 closed_memory_words=1998506 collision_memory_intervals=0 collision_memory_reads=0 collision_memory_writes=0 model_pipeline_calls=28513 model_pipeline_declined=0 model_pipeline_points=529966 model_pipeline_normals=15277 model_pipeline_draws=15277 model_pipeline_direct_outputs=15334 model_pipeline_root_operations=0 model_pipeline_closed_children=59007 object_distance_calls=120650 object_distance_native=120650 object_distance_fallback=0 object_activation_calls=196 object_lifetime_calls=12315 object_records=118188 object_created=56 object_retired=0 object_declined=0 object_slow_accesses=0 movement_calls=0 movement_declined=0 movement_callbacks=0 movement_reentries=0 contact_family_calls=589 object_contact_calls=197 camera_operation_calls=196 contact_family_internal=434422 contact_family_foreign=5750 contact_family_resumes=0 world_calls=197 world_declined=0 world_internal=11415 world_callbacks=35808 world_resumes=0 world_membership=3349 world_eligibility=3528 render_hierarchy_calls=7565 render_hierarchy_declined=0 render_hierarchy_internal=391739 render_hierarchy_callbacks=15740 render_model_calls=28513 render_model_revocations=0 render_hierarchy_resumes=0 rigid_hierarchy_calls=6245 morph_hierarchy_calls=0 land_render_calls=197 collision_fused_cross=0 collision_fused_length=0 collision_fused_normalize=0 matrix_bulk_pushes=0 matrix_bulk_pops=0 matrix_bulk_saved=0 matrix_bulk_loaded=0 render_context_captures=11582 render_context_commits=11582 render_context_fallbacks=0 render_context_direct_calls=23164 palette_batch_calls=17011 palette_batch_vertices=602821 palette_batch_declined=0 palette_batch_closed_loops=17011 projection_batch_calls=17524 projection_batch_vertices=606811 projection_batch_declined=1 projection_batch_verified=0 sound_metadata_hits=0 sound_metadata_misses=0 sound_metadata_verified=0 deferred_midi_notes=0 animation_hierarchy_original_calls=0 animation_hierarchy_nodes=15683 animation_direct_write_calls=393 pose_blend_native_calls=0 pose_blend_original_calls=0 pose_direct_write_calls=0 matrix_vector_point_native_calls=5978 matrix_vector_point_original_calls=0 matrix_vector_direction_native_calls=3408 matrix_vector_direction_original_calls=0 matrix_vector_store_native_calls=0 matrix_vector_store_original_calls=0 matrix_vector_translation_native_calls=0 matrix_vector_translation_original_calls=0 atan_native_calls=0 inverse_trig_native_calls=10112 inverse_trig_declined=0 inverse_memory_calls=0 inverse_memory_stores=0 atan_original_calls=0 atan_quotient_native_calls=2 atan_quotient_original_calls=0 atan_polynomial_native_calls=0 atan_polynomial_original_calls=0 atan_scale_native_calls=0 atan_scale_original_calls=0 matrix_inverse_original_calls=0 matrix_determinant_native_calls=0 matrix_determinant_original_calls=0 player_state_readable=1 player_x=-2.36405 player_y=3.88795 player_z=1.78691 player_x_bits=3222752394 player_y_bits=1081660464 player_z_bits=1071954257 frame_window_begin=5 frame_window_end=25 game_ticks=197 hud_timer_ticks=10769 update_timing=0 update_tasks=0 update_tails=0 update_main_tasks=0 update_alternate_tasks=0 update_waits=0 update_elapsed=0 update_elapsed_extra=0 update_timer_setups=0 periodic_epoch_ns=118823667402337 periodic_callbacks=0 render_completion_experiment=0 guest_render_submitted=0 guest_render_completed=0 guest_render_dispatched=0 guest_render_callback=0 guest_render_counter=0 guest_render_nonzero_callbacks=0 update_unreadable=0 execution_thread_id=67397 execution_cpu_valid=1 execution_cpu_100ns=606846663 process_cpu_valid=1 process_cpu_100ns=3507764886 execution_cycles_valid=0 execution_cycles=0 phase=0 final=0
SONIC_NATIVE_SCENARIO_GAMEPLAY_SAMPLE id=gamma-emerald-coast protocol=3 input_profile=3 monotonic_ns=118826092080626 elapsed_ms=8825 collision_debug_signed=-1 frame=260 presentations=255 relative_frame=8 max_frame_ns=1320734820 input_applied_frames=8 completed_frames=9 drawn_frames=8 cadence_readable=1 active_video_hz=50 clock_owner=postpal-checkpoint clock_bound_frame=0 tv_mode_readable=1 tv_mode_word=1 release_slots=2 logical_delta=2 sixty_frame_fixture=0 native_gameplay_math=1 native_leaf_math=1 math_scope_readable=1 main_state=4 scene=15 palette_native_calls=17314 palette_original_calls=0 vertex_normals_native_calls=0 vertex_normals_original_calls=0 matrix_push_native_calls=18747 matrix_push_original_calls=0 matrix_pop_native_calls=19917 matrix_pop_original_calls=0 matrix_staged_groups=0 collision_cross_native_calls=200 collision_length_native_calls=3097 collision_normalize_native_calls=2301 collision_cross_original_calls=0 collision_length_original_calls=0 collision_normalize_original_calls=0 matrix_inverse_native_calls=1 triangle_contacts_native_calls=0 triangle_contacts_original_calls=0 triangle_contacts_scope_blocked_calls=0 collision_candidates_native_calls=594 collision_candidates_scope_blocked_calls=0 collision_candidates_original_calls=0 motion_sampling_native_calls=0 motion_sampling_original_calls=0 animation_hierarchy_native_calls=399 model_packets=0 model_snapshots=0 model_packet_verified=0 model_packet_vertices=0 model_gpu_draws=0 model_point_uploads=0 model_corner_uploads=0 closed_memory_calls=74031 closed_memory_words=2031917 collision_memory_intervals=0 collision_memory_reads=0 collision_memory_writes=0 model_pipeline_calls=28989 model_pipeline_declined=0 model_pipeline_points=539250 model_pipeline_normals=15549 model_pipeline_draws=15549 model_pipeline_direct_outputs=15607 model_pipeline_root_operations=0 model_pipeline_closed_children=60045 object_distance_calls=122495 object_distance_native=122495 object_distance_fallback=0 object_activation_calls=199 object_lifetime_calls=12504 object_records=119997 object_created=56 object_retired=0 object_declined=0 object_slow_accesses=0 movement_calls=0 movement_declined=0 movement_callbacks=0 movement_reentries=0 contact_family_calls=598 object_contact_calls=200 camera_operation_calls=199 contact_family_internal=441628 contact_family_foreign=5852 contact_family_resumes=0 world_calls=200 world_declined=0 world_internal=11538 world_callbacks=36336 world_resumes=0 world_membership=3400 world_eligibility=3582 render_hierarchy_calls=7683 render_hierarchy_declined=0 render_hierarchy_internal=398313 render_hierarchy_callbacks=15980 render_model_calls=28989 render_model_revocations=0 render_hierarchy_resumes=0 rigid_hierarchy_calls=6341 morph_hierarchy_calls=0 land_render_calls=200 collision_fused_cross=0 collision_fused_length=0 collision_fused_normalize=0 matrix_bulk_pushes=0 matrix_bulk_pops=0 matrix_bulk_saved=0 matrix_bulk_loaded=0 render_context_captures=11767 render_context_commits=11767 render_context_fallbacks=0 render_context_direct_calls=23534 palette_batch_calls=17314 palette_batch_vertices=613393 palette_batch_declined=0 palette_batch_closed_loops=17314 projection_batch_calls=17836 projection_batch_vertices=617453 projection_batch_declined=1 projection_batch_verified=0 sound_metadata_hits=0 sound_metadata_misses=0 sound_metadata_verified=0 deferred_midi_notes=0 animation_hierarchy_original_calls=0 animation_hierarchy_nodes=15923 animation_direct_write_calls=399 pose_blend_native_calls=0 pose_blend_original_calls=0 pose_direct_write_calls=0 matrix_vector_point_native_calls=6062 matrix_vector_point_original_calls=0 matrix_vector_direction_native_calls=3464 matrix_vector_direction_original_calls=0 matrix_vector_store_native_calls=0 matrix_vector_store_original_calls=0 matrix_vector_translation_native_calls=0 matrix_vector_translation_original_calls=0 atan_native_calls=0 inverse_trig_native_calls=10241 inverse_trig_declined=0 inverse_memory_calls=0 inverse_memory_stores=0 atan_original_calls=0 atan_quotient_native_calls=2 atan_quotient_original_calls=0 atan_polynomial_native_calls=0 atan_polynomial_original_calls=0 atan_scale_native_calls=0 atan_scale_original_calls=0 matrix_inverse_original_calls=0 matrix_determinant_native_calls=0 matrix_determinant_original_calls=0 player_state_readable=1 player_x=-3.12292 player_y=3.96008 player_z=2.31354 player_x_bits=3225935339 player_y_bits=1081962984 player_z_bits=1075056899 frame_window_begin=5 frame_window_end=25 game_ticks=200 hud_timer_ticks=10766 update_timing=0 update_tasks=0 update_tails=0 update_main_tasks=0 update_alternate_tasks=0 update_waits=0 update_elapsed=0 update_elapsed_extra=0 update_timer_setups=0 periodic_epoch_ns=118824776873880 periodic_callbacks=1 render_completion_experiment=0 guest_render_submitted=0 guest_render_completed=0 guest_render_dispatched=0 guest_render_callback=0 guest_render_counter=0 guest_render_nonzero_callbacks=0 update_unreadable=0 execution_thread_id=67397 execution_cpu_valid=1 execution_cpu_100ns=612008372 process_cpu_valid=1 process_cpu_100ns=3544563562 execution_cycles_valid=0 execution_cycles=0 phase=0 final=0
SONIC_NATIVE_SCENARIO_GAMEPLAY_SAMPLE id=gamma-emerald-coast protocol=3 input_profile=3 monotonic_ns=118827155735484 elapsed_ms=9888 collision_debug_signed=-1 frame=261 presentations=256 relative_frame=9 max_frame_ns=1320734820 input_applied_frames=9 completed_frames=10 drawn_frames=9 cadence_readable=1 active_video_hz=50 clock_owner=postpal-checkpoint clock_bound_frame=0 tv_mode_readable=1 tv_mode_word=1 release_slots=2 logical_delta=2 sixty_frame_fixture=0 native_gameplay_math=1 native_leaf_math=1 math_scope_readable=1 main_state=4 scene=15 palette_native_calls=17618 palette_original_calls=0 vertex_normals_native_calls=0 vertex_normals_original_calls=0 matrix_push_native_calls=19119 matrix_push_original_calls=0 matrix_pop_native_calls=20311 matrix_pop_original_calls=0 matrix_staged_groups=0 collision_cross_native_calls=204 collision_length_native_calls=3154 collision_normalize_native_calls=2347 collision_cross_original_calls=0 collision_length_original_calls=0 collision_normalize_original_calls=0 matrix_inverse_native_calls=1 triangle_contacts_native_calls=0 triangle_contacts_original_calls=0 triangle_contacts_scope_blocked_calls=0 collision_candidates_native_calls=606 collision_candidates_scope_blocked_calls=0 collision_candidates_original_calls=0 motion_sampling_native_calls=0 motion_sampling_original_calls=0 animation_hierarchy_native_calls=407 model_packets=0 model_snapshots=0 model_packet_verified=0 model_packet_vertices=0 model_gpu_draws=0 model_point_uploads=0 model_corner_uploads=0 closed_memory_calls=75395 closed_memory_words=2068765 collision_memory_intervals=0 collision_memory_reads=0 collision_memory_writes=0 model_pipeline_calls=29567 model_pipeline_declined=0 model_pipeline_points=548542 model_pipeline_normals=15822 model_pipeline_draws=15822 model_pipeline_direct_outputs=15881 model_pipeline_root_operations=0 model_pipeline_closed_children=61086 object_distance_calls=124955 object_distance_native=124955 object_distance_fallback=0 object_activation_calls=203 object_lifetime_calls=12756 object_records=122409 object_created=56 object_retired=0 object_declined=0 object_slow_accesses=0 movement_calls=0 movement_declined=0 movement_callbacks=0 movement_reentries=0 contact_family_calls=610 object_contact_calls=204 camera_operation_calls=203 contact_family_internal=450286 contact_family_foreign=5968 contact_family_resumes=0 world_calls=204 world_declined=0 world_internal=11702 world_callbacks=37040 world_resumes=0 world_membership=3468 world_eligibility=3654 render_hierarchy_calls=7839 render_hierarchy_declined=0 render_hierarchy_internal=406378 render_hierarchy_callbacks=16299 render_model_calls=29567 render_model_revocations=0 render_hierarchy_resumes=0 rigid_hierarchy_calls=6469 morph_hierarchy_calls=0 land_render_calls=204 collision_fused_cross=0 collision_fused_length=0 collision_fused_normalize=0 matrix_bulk_pushes=0 matrix_bulk_pops=0 matrix_bulk_saved=0 matrix_bulk_loaded=0 render_context_captures=11989 render_context_commits=11989 render_context_fallbacks=0 render_context_direct_calls=23978 palette_batch_calls=17618 palette_batch_vertices=623973 palette_batch_declined=0 palette_batch_closed_loops=17618 projection_batch_calls=18149 projection_batch_vertices=628103 projection_batch_declined=1 projection_batch_verified=0 sound_metadata_hits=0 sound_metadata_misses=0 sound_metadata_verified=0 deferred_midi_notes=0 animation_hierarchy_original_calls=0 animation_hierarchy_nodes=16243 animation_direct_write_calls=407 pose_blend_native_calls=0 pose_blend_original_calls=0 pose_direct_write_calls=0 matrix_vector_point_native_calls=6159 matrix_vector_point_original_calls=0 matrix_vector_direction_native_calls=3529 matrix_vector_direction_original_calls=0 matrix_vector_store_native_calls=0 matrix_vector_store_original_calls=0 matrix_vector_translation_native_calls=0 matrix_vector_translation_original_calls=0 atan_native_calls=0 inverse_trig_native_calls=10416 inverse_trig_declined=0 inverse_memory_calls=0 inverse_memory_stores=0 atan_original_calls=0 atan_quotient_native_calls=2 atan_quotient_original_calls=0 atan_polynomial_native_calls=0 atan_polynomial_original_calls=0 atan_scale_native_calls=0 atan_scale_original_calls=0 matrix_inverse_original_calls=0 matrix_determinant_native_calls=0 matrix_determinant_original_calls=0 player_state_readable=1 player_x=-3.54103 player_y=4 player_z=2.60329 player_x_bits=3227689011 player_y_bits=1082130432 player_z_bits=1076272202 frame_window_begin=5 frame_window_end=25 game_ticks=204 hud_timer_ticks=10762 update_timing=0 update_tasks=0 update_tails=0 update_main_tasks=0 update_alternate_tasks=0 update_waits=0 update_elapsed=0 update_elapsed_extra=0 update_timer_setups=0 periodic_epoch_ns=118826097560054 periodic_callbacks=0 render_completion_experiment=0 guest_render_submitted=0 guest_render_completed=0 guest_render_dispatched=0 guest_render_callback=0 guest_render_counter=0 guest_render_nonzero_callbacks=0 update_unreadable=0 execution_thread_id=67397 execution_cpu_valid=1 execution_cpu_100ns=618371276 process_cpu_valid=1 process_cpu_100ns=3579846092 execution_cycles_valid=0 execution_cycles=0 phase=0 final=0
SONIC_NATIVE_SCENARIO_GAMEPLAY_SAMPLE id=gamma-emerald-coast protocol=3 input_profile=3 monotonic_ns=118828491812960 elapsed_ms=11225 collision_debug_signed=-1 frame=262 presentations=257 relative_frame=10 max_frame_ns=1336077476 input_applied_frames=10 completed_frames=11 drawn_frames=10 cadence_readable=1 active_video_hz=50 clock_owner=postpal-checkpoint clock_bound_frame=0 tv_mode_readable=1 tv_mode_word=1 release_slots=2 logical_delta=2 sixty_frame_fixture=0 native_gameplay_math=1 native_leaf_math=1 math_scope_readable=1 main_state=4 scene=15 palette_native_calls=17922 palette_original_calls=0 vertex_normals_native_calls=0 vertex_normals_original_calls=0 matrix_push_native_calls=19405 matrix_push_original_calls=0 matrix_pop_native_calls=20614 matrix_pop_original_calls=0 matrix_staged_groups=0 collision_cross_native_calls=207 collision_length_native_calls=3197 collision_normalize_native_calls=2382 collision_cross_original_calls=0 collision_length_original_calls=0 collision_normalize_original_calls=0 matrix_inverse_native_calls=1 triangle_contacts_native_calls=0 triangle_contacts_original_calls=0 triangle_contacts_scope_blocked_calls=0 collision_candidates_native_calls=615 collision_candidates_scope_blocked_calls=0 collision_candidates_original_calls=0 motion_sampling_native_calls=0 motion_sampling_original_calls=0 animation_hierarchy_native_calls=413 model_packets=0 model_snapshots=0 model_packet_verified=0 model_packet_vertices=0 model_gpu_draws=0 model_point_uploads=0 model_corner_uploads=0 closed_memory_calls=76540 closed_memory_words=2102183 collision_memory_intervals=0 collision_memory_reads=0 collision_memory_writes=0 model_pipeline_calls=30044 model_pipeline_declined=0 model_pipeline_points=557834 model_pipeline_normals=16095 model_pipeline_draws=16095 model_pipeline_direct_outputs=16155 model_pipeline_root_operations=0 model_pipeline_closed_children=62127 object_distance_calls=126800 object_distance_native=126800 object_distance_fallback=0 object_activation_calls=206 object_lifetime_calls=12945 object_records=124218 object_created=56 object_retired=0 object_declined=0 object_slow_accesses=0 movement_calls=0 movement_declined=0 movement_callbacks=0 movement_reentries=0 contact_family_calls=619 object_contact_calls=207 camera_operation_calls=206 contact_family_internal=457125 contact_family_foreign=6067 contact_family_resumes=0 world_calls=207 world_declined=0 world_internal=11825 world_callbacks=37568 world_resumes=0 world_membership=3519 world_eligibility=3708 render_hierarchy_calls=7957 render_hierarchy_declined=0 render_hierarchy_internal=413073 render_hierarchy_callbacks=16539 render_model_calls=30044 render_model_revocations=0 render_hierarchy_resumes=0 rigid_hierarchy_calls=6565 morph_hierarchy_calls=0 land_render_calls=207 collision_fused_cross=0 collision_fused_length=0 collision_fused_normalize=0 matrix_bulk_pushes=0 matrix_bulk_pops=0 matrix_bulk_saved=0 matrix_bulk_loaded=0 render_context_captures=12174 render_context_commits=12174 render_context_fallbacks=0 render_context_direct_calls=24348 palette_batch_calls=17922 palette_batch_vertices=634553 palette_batch_declined=0 palette_batch_closed_loops=17922 projection_batch_calls=18462 projection_batch_vertices=638753 projection_batch_declined=1 projection_batch_verified=0 sound_metadata_hits=0 sound_metadata_misses=0 sound_metadata_verified=0 deferred_midi_notes=0 animation_hierarchy_original_calls=0 animation_hierarchy_nodes=16483 animation_direct_write_calls=413 pose_blend_native_calls=0 pose_blend_original_calls=0 pose_direct_write_calls=0 matrix_vector_point_native_calls=6235 matrix_vector_point_original_calls=0 matrix_vector_direction_native_calls=3579 matrix_vector_direction_original_calls=0 matrix_vector_store_native_calls=0 matrix_vector_store_original_calls=0 matrix_vector_translation_native_calls=0 matrix_vector_translation_original_calls=0 atan_native_calls=0 inverse_trig_native_calls=10569 inverse_trig_declined=0 inverse_memory_calls=0 inverse_memory_stores=0 atan_original_calls=0 atan_quotient_native_calls=2 atan_quotient_original_calls=0 atan_polynomial_native_calls=0 atan_polynomial_original_calls=0 atan_scale_native_calls=0 atan_scale_original_calls=0 matrix_inverse_original_calls=0 matrix_determinant_native_calls=0 matrix_determinant_original_calls=0 player_state_readable=1 player_x=-3.67363 player_y=4 player_z=2.69377 player_x_bits=3228245200 player_y_bits=1082130432 player_z_bits=1076651700 frame_window_begin=5 frame_window_end=25 game_ticks=207 hud_timer_ticks=10759 update_timing=0 update_tasks=0 update_tails=0 update_main_tasks=0 update_alternate_tasks=0 update_waits=0 update_elapsed=0 update_elapsed_extra=0 update_timer_setups=0 periodic_epoch_ns=118827161190049 periodic_callbacks=1 render_completion_experiment=0 guest_render_submitted=0 guest_render_completed=0 guest_render_dispatched=0 guest_render_callback=0 guest_render_counter=0 guest_render_nonzero_callbacks=0 update_unreadable=0 execution_thread_id=67397 execution_cpu_valid=1 execution_cpu_100ns=623351652 process_cpu_valid=1 process_cpu_100ns=3616263447 execution_cycles_valid=0 execution_cycles=0 phase=0 final=0
SONIC_NATIVE_SCENARIO_GAMEPLAY_SAMPLE id=gamma-emerald-coast protocol=3 input_profile=3 monotonic_ns=118829536927920 elapsed_ms=12270 collision_debug_signed=-1 frame=263 presentations=258 relative_frame=11 max_frame_ns=1336077476 input_applied_frames=11 completed_frames=12 drawn_frames=11 cadence_readable=1 active_video_hz=50 clock_owner=postpal-checkpoint clock_bound_frame=0 tv_mode_readable=1 tv_mode_word=1 release_slots=2 logical_delta=2 sixty_frame_fixture=0 native_gameplay_math=1 native_leaf_math=1 math_scope_readable=1 main_state=4 scene=15 palette_native_calls=18221 palette_original_calls=0 vertex_normals_native_calls=0 vertex_normals_original_calls=0 matrix_push_native_calls=19691 matrix_push_original_calls=0 matrix_pop_native_calls=20915 matrix_pop_original_calls=0 matrix_staged_groups=0 collision_cross_native_calls=210 collision_length_native_calls=3240 collision_normalize_native_calls=2417 collision_cross_original_calls=0 collision_length_original_calls=0 collision_normalize_original_calls=0 matrix_inverse_native_calls=1 triangle_contacts_native_calls=0 triangle_contacts_original_calls=0 triangle_contacts_scope_blocked_calls=0 collision_candidates_native_calls=624 collision_candidates_scope_blocked_calls=0 collision_candidates_original_calls=0 motion_sampling_native_calls=0 motion_sampling_original_calls=0 animation_hierarchy_native_calls=419 model_packets=0 model_snapshots=0 model_packet_verified=0 model_packet_vertices=0 model_gpu_draws=0 model_point_uploads=0 model_corner_uploads=0 closed_memory_calls=77604 closed_memory_words=2135100 collision_memory_intervals=0 collision_memory_reads=0 collision_memory_writes=0 model_pipeline_calls=30510 model_pipeline_declined=0 model_pipeline_points=567087 model_pipeline_normals=16363 model_pipeline_draws=16363 model_pipeline_direct_outputs=16424 model_pipeline_root_operations=0 model_pipeline_closed_children=63148 object_distance_calls=128645 object_distance_native=128645 object_distance_fallback=0 object_activation_calls=209 object_lifetime_calls=13134 object_records=126027 object_created=56 object_retired=0 object_declined=0 object_slow_accesses=0 movement_calls=0 movement_declined=0 movement_callbacks=0 movement_reentries=0 contact_family_calls=628 object_contact_calls=210 camera_operation_calls=209 contact_family_internal=463971 contact_family_foreign=6169 contact_family_resumes=0 world_calls=210 world_declined=0 world_internal=11948 world_callbacks=38096 world_resumes=0 world_membership=3570 world_eligibility=3762 render_hierarchy_calls=8073 render_hierarchy_declined=0 render_hierarchy_internal=419659 render_hierarchy_callbacks=16779 render_model_calls=30510 render_model_revocations=0 render_hierarchy_resumes=0 rigid_hierarchy_calls=6661 morph_hierarchy_calls=0 land_render_calls=210 collision_fused_cross=0 collision_fused_length=0 collision_fused_normalize=0 matrix_bulk_pushes=0 matrix_bulk_pops=0 matrix_bulk_saved=0 matrix_bulk_loaded=0 render_context_captures=12357 render_context_commits=12357 render_context_fallbacks=0 render_context_direct_calls=24714 palette_batch_calls=18221 palette_batch_vertices=645094 palette_batch_declined=0 palette_batch_closed_loops=18221 projection_batch_calls=18770 projection_batch_vertices=649364 projection_batch_declined=1 projection_batch_verified=0 sound_metadata_hits=0 sound_metadata_misses=0 sound_metadata_verified=0 deferred_midi_notes=0 animation_hierarchy_original_calls=0 animation_hierarchy_nodes=16723 animation_direct_write_calls=419 pose_blend_native_calls=0 pose_blend_original_calls=0 pose_direct_write_calls=0 matrix_vector_point_native_calls=6311 matrix_vector_point_original_calls=0 matrix_vector_direction_native_calls=3627 matrix_vector_direction_original_calls=0 matrix_vector_store_native_calls=0 matrix_vector_store_original_calls=0 matrix_vector_translation_native_calls=0 matrix_vector_translation_original_calls=0 atan_native_calls=0 inverse_trig_native_calls=10674 inverse_trig_declined=0 inverse_memory_calls=0 inverse_memory_stores=0 atan_original_calls=0 atan_quotient_native_calls=2 atan_quotient_original_calls=0 atan_polynomial_native_calls=0 atan_polynomial_original_calls=0 atan_scale_native_calls=0 atan_scale_original_calls=0 matrix_inverse_original_calls=0 matrix_determinant_native_calls=0 matrix_determinant_original_calls=0 player_state_readable=1 player_x=-3.96337 player_y=4 player_z=2.89096 player_x_bits=3229460447 player_y_bits=1082130432 player_z_bits=1077478771 frame_window_begin=5 frame_window_end=25 game_ticks=210 hud_timer_ticks=10756 update_timing=0 update_tasks=0 update_tails=0 update_main_tasks=0 update_alternate_tasks=0 update_waits=0 update_elapsed=0 update_elapsed_extra=0 update_timer_setups=0 periodic_epoch_ns=118828497369213 periodic_callbacks=0 render_completion_experiment=0 guest_render_submitted=0 guest_render_completed=0 guest_render_dispatched=0 guest_render_callback=0 guest_render_counter=0 guest_render_nonzero_callbacks=0 update_unreadable=0 execution_thread_id=67397 execution_cpu_valid=1 execution_cpu_100ns=628359625 process_cpu_valid=1 process_cpu_100ns=3649562460 execution_cycles_valid=0 execution_cycles=0 phase=0 final=0
SONIC_NATIVE_SCENARIO_GAMEPLAY_SAMPLE id=gamma-emerald-coast protocol=3 input_profile=3 monotonic_ns=118830963255363 elapsed_ms=13696 collision_debug_signed=-1 frame=264 presentations=259 relative_frame=12 max_frame_ns=1426327443 input_applied_frames=12 completed_frames=13 drawn_frames=12 cadence_readable=1 active_video_hz=50 clock_owner=postpal-checkpoint clock_bound_frame=0 tv_mode_readable=1 tv_mode_word=1 release_slots=2 logical_delta=2 sixty_frame_fixture=0 native_gameplay_math=1 native_leaf_math=1 math_scope_readable=1 main_state=4 scene=15 palette_native_calls=18525 palette_original_calls=0 vertex_normals_native_calls=0 vertex_normals_original_calls=0 matrix_push_native_calls=20083 matrix_push_original_calls=0 matrix_pop_native_calls=21327 matrix_pop_original_calls=0 matrix_staged_groups=0 collision_cross_native_calls=214 collision_length_native_calls=3297 collision_normalize_native_calls=2463 collision_cross_original_calls=0 collision_length_original_calls=0 collision_normalize_original_calls=0 matrix_inverse_native_calls=1 triangle_contacts_native_calls=0 triangle_contacts_original_calls=0 triangle_contacts_scope_blocked_calls=0 collision_candidates_native_calls=636 collision_candidates_scope_blocked_calls=0 collision_candidates_original_calls=0 motion_sampling_native_calls=0 motion_sampling_original_calls=0 animation_hierarchy_native_calls=427 model_packets=0 model_snapshots=0 model_packet_verified=0 model_packet_vertices=0 model_gpu_draws=0 model_point_uploads=0 model_corner_uploads=0 closed_memory_calls=78980 closed_memory_words=2172174 collision_memory_intervals=0 collision_memory_reads=0 collision_memory_writes=0 model_pipeline_calls=31117 model_pipeline_declined=0 model_pipeline_points=576375 model_pipeline_normals=16636 model_pipeline_draws=16636 model_pipeline_direct_outputs=16698 model_pipeline_root_operations=0 model_pipeline_closed_children=64189 object_distance_calls=131105 object_distance_native=131105 object_distance_fallback=0 object_activation_calls=213 object_lifetime_calls=13386 object_records=128439 object_created=56 object_retired=0 object_declined=0 object_slow_accesses=0 movement_calls=0 movement_declined=0 movement_callbacks=0 movement_reentries=0 contact_family_calls=640 object_contact_calls=214 camera_operation_calls=213 contact_family_internal=472748 contact_family_foreign=6305 contact_family_resumes=0 world_calls=214 world_declined=0 world_internal=12112 world_callbacks=38800 world_resumes=0 world_membership=3638 world_eligibility=3834 render_hierarchy_calls=8231 render_hierarchy_declined=0 render_hierarchy_internal=428933 render_hierarchy_callbacks=17098 render_model_calls=31117 render_model_revocations=0 render_hierarchy_resumes=0 rigid_hierarchy_calls=6789 morph_hierarchy_calls=0 land_render_calls=214 collision_fused_cross=0 collision_fused_length=0 collision_fused_normalize=0 matrix_bulk_pushes=0 matrix_bulk_pops=0 matrix_bulk_saved=0 matrix_bulk_loaded=0 render_context_captures=12581 render_context_commits=12581 render_context_fallbacks=0 render_context_direct_calls=25162 palette_batch_calls=18525 palette_batch_vertices=655670 palette_batch_declined=0 palette_batch_closed_loops=18525 projection_batch_calls=19083 projection_batch_vertices=660010 projection_batch_declined=1 projection_batch_verified=0 sound_metadata_hits=0 sound_metadata_misses=0 sound_metadata_verified=0 deferred_midi_notes=0 animation_hierarchy_original_calls=0 animation_hierarchy_nodes=17043 animation_direct_write_calls=427 pose_blend_native_calls=0 pose_blend_original_calls=0 pose_direct_write_calls=0 matrix_vector_point_native_calls=6428 matrix_vector_point_original_calls=0 matrix_vector_direction_native_calls=3706 matrix_vector_direction_original_calls=0 matrix_vector_store_native_calls=0 matrix_vector_store_original_calls=0 matrix_vector_translation_native_calls=0 matrix_vector_translation_original_calls=0 atan_native_calls=0 inverse_trig_native_calls=10814 inverse_trig_declined=0 inverse_memory_calls=0 inverse_memory_stores=0 atan_original_calls=0 atan_quotient_native_calls=2 atan_quotient_original_calls=0 atan_polynomial_native_calls=0 atan_polynomial_original_calls=0 atan_scale_native_calls=0 atan_scale_original_calls=0 matrix_inverse_original_calls=0 matrix_determinant_native_calls=0 matrix_determinant_original_calls=0 player_state_readable=1 player_x=-4.59436 player_y=4 player_z=3.31951 player_x_bits=3230860537 player_y_bits=1082130432 player_z_bits=1079276255 frame_window_begin=5 frame_window_end=25 game_ticks=214 hud_timer_ticks=10752 update_timing=0 update_tasks=0 update_tails=0 update_main_tasks=0 update_alternate_tasks=0 update_waits=0 update_elapsed=0 update_elapsed_extra=0 update_timer_setups=0 periodic_epoch_ns=118829543915350 periodic_callbacks=1 render_completion_experiment=0 guest_render_submitted=0 guest_render_completed=0 guest_render_dispatched=0 guest_render_callback=0 guest_render_counter=0 guest_render_nonzero_callbacks=0 update_unreadable=0 execution_thread_id=67397 execution_cpu_valid=1 execution_cpu_100ns=634507347 process_cpu_valid=1 process_cpu_100ns=3687903036 execution_cycles_valid=0 execution_cycles=0 phase=0 final=0
SONIC_NATIVE_SCENARIO_GAMEPLAY_SAMPLE id=gamma-emerald-coast protocol=3 input_profile=3 monotonic_ns=118832021850185 elapsed_ms=14755 collision_debug_signed=-1 frame=265 presentations=260 relative_frame=13 max_frame_ns=1426327443 input_applied_frames=13 completed_frames=14 drawn_frames=13 cadence_readable=1 active_video_hz=50 clock_owner=postpal-checkpoint clock_bound_frame=0 tv_mode_readable=1 tv_mode_word=1 release_slots=2 logical_delta=2 sixty_frame_fixture=0 native_gameplay_math=1 native_leaf_math=1 math_scope_readable=1 main_state=4 scene=15 palette_native_calls=18830 palette_original_calls=0 vertex_normals_native_calls=0 vertex_normals_original_calls=0 matrix_push_native_calls=20382 matrix_push_original_calls=0 matrix_pop_native_calls=21641 matrix_pop_original_calls=0 matrix_staged_groups=0 collision_cross_native_calls=217 collision_length_native_calls=3340 collision_normalize_native_calls=2498 collision_cross_original_calls=0 collision_length_original_calls=0 collision_normalize_original_calls=0 matrix_inverse_native_calls=1 triangle_contacts_native_calls=0 triangle_contacts_original_calls=0 triangle_contacts_scope_blocked_calls=0 collision_candidates_native_calls=645 collision_candidates_scope_blocked_calls=0 collision_candidates_original_calls=0 motion_sampling_native_calls=0 motion_sampling_original_calls=0 animation_hierarchy_native_calls=433 model_packets=0 model_snapshots=0 model_packet_verified=0 model_packet_vertices=0 model_gpu_draws=0 model_point_uploads=0 model_corner_uploads=0 closed_memory_calls=80094 closed_memory_words=2205577 collision_memory_intervals=0 collision_memory_reads=0 collision_memory_writes=0 model_pipeline_calls=31639 model_pipeline_declined=0 model_pipeline_points=585671 model_pipeline_normals=16910 model_pipeline_draws=16910 model_pipeline_direct_outputs=16973 model_pipeline_root_operations=0 model_pipeline_closed_children=65233 object_distance_calls=132950 object_distance_native=132950 object_distance_fallback=0 object_activation_calls=216 object_lifetime_calls=13575 object_records=130248 object_created=56 object_retired=0 object_declined=0 object_slow_accesses=0 movement_calls=0 movement_declined=0 movement_callbacks=0 movement_reentries=0 contact_family_calls=649 object_contact_calls=217 camera_operation_calls=216 contact_family_internal=478892 contact_family_foreign=6407 contact_family_resumes=0 world_calls=217 world_declined=0 world_internal=12235 world_callbacks=39328 world_resumes=0 world_membership=3689 world_eligibility=3888 render_hierarchy_calls=8352 render_hierarchy_declined=0 render_hierarchy_internal=437231 render_hierarchy_callbacks=17338 render_model_calls=31639 render_model_revocations=0 render_hierarchy_resumes=0 rigid_hierarchy_calls=6885 morph_hierarchy_calls=0 land_render_calls=217 collision_fused_cross=0 collision_fused_length=0 collision_fused_normalize=0 matrix_bulk_pushes=0 matrix_bulk_pops=0 matrix_bulk_saved=0 matrix_bulk_loaded=0 render_context_captures=12769 render_context_commits=12769 render_context_fallbacks=0 render_context_direct_calls=25538 palette_batch_calls=18830 palette_batch_vertices=666254 palette_batch_declined=0 palette_batch_closed_loops=18830 projection_batch_calls=19397 projection_batch_vertices=670664 projection_batch_declined=1 projection_batch_verified=0 sound_metadata_hits=0 sound_metadata_misses=0 sound_metadata_verified=0 deferred_midi_notes=0 animation_hierarchy_original_calls=0 animation_hierarchy_nodes=17283 animation_direct_write_calls=433 pose_blend_native_calls=0 pose_blend_original_calls=0 pose_direct_write_calls=0 matrix_vector_point_native_calls=6514 matrix_vector_point_original_calls=0 matrix_vector_direction_native_calls=3762 matrix_vector_direction_original_calls=0 matrix_vector_store_native_calls=0 matrix_vector_store_original_calls=0 matrix_vector_translation_native_calls=0 matrix_vector_translation_original_calls=0 atan_native_calls=0 inverse_trig_native_calls=10919 inverse_trig_declined=0 inverse_memory_calls=0 inverse_memory_stores=0 atan_original_calls=0 atan_quotient_native_calls=2 atan_quotient_original_calls=0 atan_polynomial_native_calls=0 atan_polynomial_original_calls=0 atan_scale_native_calls=0 atan_scale_original_calls=0 matrix_inverse_original_calls=0 matrix_determinant_native_calls=0 matrix_determinant_original_calls=0 player_state_readable=1 player_x=-5.25121 player_y=4 player_z=3.76499 player_x_bits=3232238060 player_y_bits=1082130432 player_z_bits=1081144712 frame_window_begin=5 frame_window_end=25 game_ticks=217 hud_timer_ticks=10749 update_timing=0 update_tasks=0 update_tails=0 update_main_tasks=0 update_alternate_tasks=0 update_waits=0 update_elapsed=0 update_elapsed_extra=0 update_timer_setups=0 periodic_epoch_ns=118830968037222 periodic_callbacks=0 render_completion_experiment=0 guest_render_submitted=0 guest_render_completed=0 guest_render_dispatched=0 guest_render_callback=0 guest_render_counter=0 guest_render_nonzero_callbacks=0 update_unreadable=0 execution_thread_id=67397 execution_cpu_valid=1 execution_cpu_100ns=639603639 process_cpu_valid=1 process_cpu_100ns=3721571567 execution_cycles_valid=0 execution_cycles=0 phase=0 final=0
SONIC_NATIVE_SCENARIO_GAMEPLAY_SAMPLE id=gamma-emerald-coast protocol=3 input_profile=3 monotonic_ns=118833096900066 elapsed_ms=15830 collision_debug_signed=-1 frame=266 presentations=261 relative_frame=14 max_frame_ns=1426327443 input_applied_frames=14 completed_frames=15 drawn_frames=14 cadence_readable=1 active_video_hz=50 clock_owner=postpal-checkpoint clock_bound_frame=0 tv_mode_readable=1 tv_mode_word=1 release_slots=2 logical_delta=2 sixty_frame_fixture=0 native_gameplay_math=1 native_leaf_math=1 math_scope_readable=1 main_state=4 scene=15 palette_native_calls=19135 palette_original_calls=0 vertex_normals_native_calls=0 vertex_normals_original_calls=0 matrix_push_native_calls=20777 matrix_push_original_calls=0 matrix_pop_native_calls=22056 matrix_pop_original_calls=0 matrix_staged_groups=0 collision_cross_native_calls=221 collision_length_native_calls=3398 collision_normalize_native_calls=2544 collision_cross_original_calls=0 collision_length_original_calls=0 collision_normalize_original_calls=0 matrix_inverse_native_calls=1 triangle_contacts_native_calls=0 triangle_contacts_original_calls=0 triangle_contacts_scope_blocked_calls=0 collision_candidates_native_calls=657 collision_candidates_scope_blocked_calls=0 collision_candidates_original_calls=0 motion_sampling_native_calls=0 motion_sampling_original_calls=0 animation_hierarchy_native_calls=441 model_packets=0 model_snapshots=0 model_packet_verified=0 model_packet_vertices=0 model_gpu_draws=0 model_point_uploads=0 model_corner_uploads=0 closed_memory_calls=81451 closed_memory_words=2242890 collision_memory_intervals=0 collision_memory_reads=0 collision_memory_writes=0 model_pipeline_calls=32307 model_pipeline_declined=0 model_pipeline_points=594967 model_pipeline_normals=17184 model_pipeline_draws=17184 model_pipeline_direct_outputs=17248 model_pipeline_root_operations=0 model_pipeline_closed_children=66277 object_distance_calls=135415 object_distance_native=135415 object_distance_fallback=0 object_activation_calls=220 object_lifetime_calls=13831 object_records=132660 object_created=57 object_retired=0 object_declined=0 object_slow_accesses=0 movement_calls=0 movement_declined=0 movement_callbacks=0 movement_reentries=0 contact_family_calls=661 object_contact_calls=221 camera_operation_calls=220 contact_family_internal=486406 contact_family_foreign=6543 contact_family_resumes=0 world_calls=221 world_declined=0 world_internal=12399 world_callbacks=40032 world_resumes=0 world_membership=3757 world_eligibility=3960 render_hierarchy_calls=8514 render_hierarchy_declined=0 render_hierarchy_internal=448088 render_hierarchy_callbacks=17657 render_model_calls=32307 render_model_revocations=0 render_hierarchy_resumes=0 rigid_hierarchy_calls=7013 morph_hierarchy_calls=0 land_render_calls=221 collision_fused_cross=0 collision_fused_length=0 collision_fused_normalize=0 matrix_bulk_pushes=0 matrix_bulk_pops=0 matrix_bulk_saved=0 matrix_bulk_loaded=0 render_context_captures=12997 render_context_commits=12997 render_context_fallbacks=0 render_context_direct_calls=25994 palette_batch_calls=19135 palette_batch_vertices=676838 palette_batch_declined=0 palette_batch_closed_loops=19135 projection_batch_calls=19711 projection_batch_vertices=681318 projection_batch_declined=1 projection_batch_verified=0 sound_metadata_hits=0 sound_metadata_misses=0 sound_metadata_verified=0 deferred_midi_notes=0 animation_hierarchy_original_calls=0 animation_hierarchy_nodes=17603 animation_direct_write_calls=441 pose_blend_native_calls=0 pose_blend_original_calls=0 pose_direct_write_calls=0 matrix_vector_point_native_calls=6621 matrix_vector_point_original_calls=0 matrix_vector_direction_native_calls=3825 matrix_vector_direction_original_calls=0 matrix_vector_store_native_calls=0 matrix_vector_store_original_calls=0 matrix_vector_translation_native_calls=0 matrix_vector_translation_original_calls=0 atan_native_calls=0 inverse_trig_native_calls=11059 inverse_trig_declined=0 inverse_memory_calls=0 inverse_memory_stores=0 atan_original_calls=0 atan_quotient_native_calls=2 atan_quotient_original_calls=0 atan_polynomial_native_calls=0 atan_polynomial_original_calls=0 atan_scale_native_calls=0 atan_scale_original_calls=0 matrix_inverse_original_calls=0 matrix_determinant_native_calls=0 matrix_determinant_original_calls=0 player_state_readable=1 player_x=-6.372 player_y=4 player_z=4.52412 player_x_bits=3234588529 player_y_bits=1082130432 player_z_bits=1083229592 frame_window_begin=5 frame_window_end=25 game_ticks=221 hud_timer_ticks=10745 update_timing=0 update_tasks=0 update_tails=0 update_main_tasks=0 update_alternate_tasks=0 update_waits=0 update_elapsed=0 update_elapsed_extra=0 update_timer_setups=0 periodic_epoch_ns=118832026662494 periodic_callbacks=0 render_completion_experiment=0 guest_render_submitted=0 guest_render_completed=0 guest_render_dispatched=0 guest_render_callback=0 guest_render_counter=0 guest_render_nonzero_callbacks=0 update_unreadable=0 execution_thread_id=67397 execution_cpu_valid=1 execution_cpu_100ns=645967894 process_cpu_valid=1 process_cpu_100ns=3756887092 execution_cycles_valid=0 execution_cycles=0 phase=0 final=0
SONIC_NATIVE_SCENARIO_GAMEPLAY_SAMPLE id=gamma-emerald-coast protocol=3 input_profile=3 monotonic_ns=118834165526288 elapsed_ms=16898 collision_debug_signed=-1 frame=267 presentations=262 relative_frame=15 max_frame_ns=1426327443 input_applied_frames=15 completed_frames=16 drawn_frames=15 cadence_readable=1 active_video_hz=50 clock_owner=postpal-checkpoint clock_bound_frame=0 tv_mode_readable=1 tv_mode_word=1 release_slots=2 logical_delta=2 sixty_frame_fixture=0 native_gameplay_math=1 native_leaf_math=1 math_scope_readable=1 main_state=4 scene=15 palette_native_calls=19443 palette_original_calls=0 vertex_normals_native_calls=0 vertex_normals_original_calls=0 matrix_push_native_calls=21082 matrix_push_original_calls=0 matrix_pop_native_calls=22376 matrix_pop_original_calls=0 matrix_staged_groups=0 collision_cross_native_calls=224 collision_length_native_calls=3441 collision_normalize_native_calls=2579 collision_cross_original_calls=0 collision_length_original_calls=0 collision_normalize_original_calls=0 matrix_inverse_native_calls=1 triangle_contacts_native_calls=0 triangle_contacts_original_calls=0 triangle_contacts_scope_blocked_calls=0 collision_candidates_native_calls=666 collision_candidates_scope_blocked_calls=0 collision_candidates_original_calls=0 motion_sampling_native_calls=0 motion_sampling_original_calls=0 animation_hierarchy_native_calls=447 model_packets=0 model_snapshots=0 model_packet_verified=0 model_packet_vertices=0 model_gpu_draws=0 model_point_uploads=0 model_corner_uploads=0 closed_memory_calls=82568 closed_memory_words=2276820 collision_memory_intervals=0 collision_memory_reads=0 collision_memory_writes=0 model_pipeline_calls=32839 model_pipeline_declined=0 model_pipeline_points=604263 model_pipeline_normals=17458 model_pipeline_draws=17458 model_pipeline_direct_outputs=17523 model_pipeline_root_operations=0 model_pipeline_closed_children=67291 object_distance_calls=137263 object_distance_native=137263 object_distance_fallback=0 object_activation_calls=223 object_lifetime_calls=14023 object_records=134469 object_created=57 object_retired=0 object_declined=0 object_slow_accesses=0 movement_calls=0 movement_declined=0 movement_callbacks=0 movement_reentries=0 contact_family_calls=670 object_contact_calls=224 camera_operation_calls=223 contact_family_internal=492055 contact_family_foreign=6645 contact_family_resumes=0 world_calls=224 world_declined=0 world_internal=12522 world_callbacks=40560 world_resumes=0 world_membership=3808 world_eligibility=4014 render_hierarchy_calls=8635 render_hierarchy_declined=0 render_hierarchy_internal=456079 render_hierarchy_callbacks=17897 render_model_calls=32839 render_model_revocations=0 render_hierarchy_resumes=0 rigid_hierarchy_calls=7109 morph_hierarchy_calls=0 land_render_calls=224 collision_fused_cross=0 collision_fused_length=0 collision_fused_normalize=0 matrix_bulk_pushes=0 matrix_bulk_pops=0 matrix_bulk_saved=0 matrix_bulk_loaded=0 render_context_captures=13173 render_context_commits=13173 render_context_fallbacks=0 render_context_direct_calls=26346 palette_batch_calls=19443 palette_batch_vertices=687546 palette_batch_declined=0 palette_batch_closed_loops=19443 projection_batch_calls=20028 projection_batch_vertices=692096 projection_batch_declined=1 projection_batch_verified=0 sound_metadata_hits=0 sound_metadata_misses=0 sound_metadata_verified=0 deferred_midi_notes=0 animation_hierarchy_original_calls=0 animation_hierarchy_nodes=17843 animation_direct_write_calls=447 pose_blend_native_calls=0 pose_blend_original_calls=0 pose_direct_write_calls=0 matrix_vector_point_native_calls=6703 matrix_vector_point_original_calls=0 matrix_vector_direction_native_calls=3873 matrix_vector_direction_original_calls=0 matrix_vector_store_native_calls=0 matrix_vector_store_original_calls=0 matrix_vector_translation_native_calls=0 matrix_vector_translation_original_calls=0 atan_native_calls=0 inverse_trig_native_calls=11164 inverse_trig_declined=0 inverse_memory_calls=0 inverse_memory_stores=0 atan_original_calls=0 atan_quotient_native_calls=2 atan_quotient_original_calls=0 atan_polynomial_native_calls=0 atan_polynomial_original_calls=0 atan_scale_native_calls=0 atan_scale_original_calls=0 matrix_inverse_original_calls=0 matrix_determinant_native_calls=0 matrix_determinant_original_calls=0 player_state_readable=1 player_x=-7.37883 player_y=4 player_z=5.20555 player_x_bits=3236700006 player_y_bits=1082130432 player_z_bits=1084658657 frame_window_begin=5 frame_window_end=25 game_ticks=224 hud_timer_ticks=10742 update_timing=0 update_tasks=0 update_tails=0 update_main_tasks=0 update_alternate_tasks=0 update_waits=0 update_elapsed=0 update_elapsed_extra=0 update_timer_setups=0 periodic_epoch_ns=118833100625094 periodic_callbacks=0 render_completion_experiment=0 guest_render_submitted=0 guest_render_completed=0 guest_render_dispatched=0 guest_render_callback=0 guest_render_counter=0 guest_render_nonzero_callbacks=0 update_unreadable=0 execution_thread_id=67397 execution_cpu_valid=1 execution_cpu_100ns=651034772 process_cpu_valid=1 process_cpu_100ns=3790781582 execution_cycles_valid=0 execution_cycles=0 phase=0 final=0
SONIC_NATIVE_SCENARIO_GAMEPLAY_SAMPLE id=gamma-emerald-coast protocol=3 input_profile=3 monotonic_ns=118835547976766 elapsed_ms=18281 collision_debug_signed=-1 frame=268 presentations=263 relative_frame=16 max_frame_ns=1426327443 input_applied_frames=16 completed_frames=17 drawn_frames=16 cadence_readable=1 active_video_hz=50 clock_owner=postpal-checkpoint clock_bound_frame=0 tv_mode_readable=1 tv_mode_word=1 release_slots=2 logical_delta=2 sixty_frame_fixture=0 native_gameplay_math=1 native_leaf_math=1 math_scope_readable=1 main_state=4 scene=15 palette_native_calls=19747 palette_original_calls=0 vertex_normals_native_calls=0 vertex_normals_original_calls=0 matrix_push_native_calls=21393 matrix_push_original_calls=0 matrix_pop_native_calls=22702 matrix_pop_original_calls=0 matrix_staged_groups=0 collision_cross_native_calls=228 collision_length_native_calls=3485 collision_normalize_native_calls=2615 collision_cross_original_calls=0 collision_length_original_calls=0 collision_normalize_original_calls=0 matrix_inverse_native_calls=1 triangle_contacts_native_calls=0 triangle_contacts_original_calls=0 triangle_contacts_scope_blocked_calls=0 collision_candidates_native_calls=675 collision_candidates_scope_blocked_calls=0 collision_candidates_original_calls=0 motion_sampling_native_calls=0 motion_sampling_original_calls=0 animation_hierarchy_native_calls=453 model_packets=0 model_snapshots=0 model_packet_verified=0 model_packet_vertices=0 model_gpu_draws=0 model_point_uploads=0 model_corner_uploads=0 closed_memory_calls=83708 closed_memory_words=2310851 collision_memory_intervals=0 collision_memory_reads=0 collision_memory_writes=0 model_pipeline_calls=33357 model_pipeline_declined=0 model_pipeline_points=613532 model_pipeline_normals=17728 model_pipeline_draws=17728 model_pipeline_direct_outputs=17794 model_pipeline_root_operations=0 model_pipeline_closed_children=68288 object_distance_calls=139111 object_distance_native=139111 object_distance_fallback=0 object_activation_calls=226 object_lifetime_calls=14215 object_records=136278 object_created=57 object_retired=0 object_declined=0 object_slow_accesses=0 movement_calls=0 movement_declined=0 movement_callbacks=0 movement_reentries=0 contact_family_calls=679 object_contact_calls=227 camera_operation_calls=226 contact_family_internal=497747 contact_family_foreign=6749 contact_family_resumes=0 world_calls=227 world_declined=0 world_internal=12645 world_callbacks=41088 world_resumes=0 world_membership=3859 world_eligibility=4068 render_hierarchy_calls=8755 render_hierarchy_declined=0 render_hierarchy_internal=463680 render_hierarchy_callbacks=18137 render_model_calls=33357 render_model_revocations=0 render_hierarchy_resumes=0 rigid_hierarchy_calls=7205 morph_hierarchy_calls=0 land_render_calls=227 collision_fused_cross=0 collision_fused_length=0 collision_fused_normalize=0 matrix_bulk_pushes=0 matrix_bulk_pops=0 matrix_bulk_saved=0 matrix_bulk_loaded=0 render_context_captures=13348 render_context_commits=13348 render_context_fallbacks=0 render_context_direct_calls=26696 palette_batch_calls=19747 palette_batch_vertices=698227 palette_batch_declined=0 palette_batch_closed_loops=19747 projection_batch_calls=20341 projection_batch_vertices=702847 projection_batch_declined=1 projection_batch_verified=0 sound_metadata_hits=0 sound_metadata_misses=0 sound_metadata_verified=0 deferred_midi_notes=0 animation_hierarchy_original_calls=0 animation_hierarchy_nodes=18083 animation_direct_write_calls=453 pose_blend_native_calls=0 pose_blend_original_calls=0 pose_direct_write_calls=0 matrix_vector_point_native_calls=6792 matrix_vector_point_original_calls=0 matrix_vector_direction_native_calls=3929 matrix_vector_direction_original_calls=0 matrix_vector_store_native_calls=0 matrix_vector_store_original_calls=0 matrix_vector_translation_native_calls=0 matrix_vector_translation_original_calls=0 atan_native_calls=0 inverse_trig_native_calls=11274 inverse_trig_declined=0 inverse_memory_calls=0 inverse_memory_stores=0 atan_original_calls=0 atan_quotient_native_calls=2 atan_quotient_original_calls=0 atan_polynomial_native_calls=0 atan_polynomial_original_calls=0 atan_scale_native_calls=0 atan_scale_original_calls=0 matrix_inverse_original_calls=0 matrix_determinant_native_calls=0 matrix_determinant_original_calls=0 player_state_readable=1 player_x=-8.40334 player_y=3.99717 player_z=5.89902 player_x_bits=3238425616 player_y_bits=1082118556 player_z_bits=1086112957 frame_window_begin=5 frame_window_end=25 game_ticks=227 hud_timer_ticks=10739 update_timing=0 update_tasks=0 update_tails=0 update_main_tasks=0 update_alternate_tasks=0 update_waits=0 update_elapsed=0 update_elapsed_extra=0 update_timer_setups=0 periodic_epoch_ns=118834171104890 periodic_callbacks=1 render_completion_experiment=0 guest_render_submitted=0 guest_render_completed=0 guest_render_dispatched=0 guest_render_callback=0 guest_render_counter=0 guest_render_nonzero_callbacks=0 update_unreadable=0 execution_thread_id=67397 execution_cpu_valid=1 execution_cpu_100ns=656173734 process_cpu_valid=1 process_cpu_100ns=3828037534 execution_cycles_valid=0 execution_cycles=0 phase=0 final=0
SONIC_NATIVE_SCENARIO_GAMEPLAY_SAMPLE id=gamma-emerald-coast protocol=3 input_profile=3 monotonic_ns=118836643077985 elapsed_ms=19376 collision_debug_signed=-1 frame=269 presentations=264 relative_frame=17 max_frame_ns=1426327443 input_applied_frames=17 completed_frames=18 drawn_frames=17 cadence_readable=1 active_video_hz=50 clock_owner=postpal-checkpoint clock_bound_frame=0 tv_mode_readable=1 tv_mode_word=1 release_slots=2 logical_delta=2 sixty_frame_fixture=0 native_gameplay_math=1 native_leaf_math=1 math_scope_readable=1 main_state=4 scene=15 palette_native_calls=20056 palette_original_calls=0 vertex_normals_native_calls=0 vertex_normals_original_calls=0 matrix_push_native_calls=21786 matrix_push_original_calls=0 matrix_pop_native_calls=23115 matrix_pop_original_calls=0 matrix_staged_groups=0 collision_cross_native_calls=233 collision_length_native_calls=3543 collision_normalize_native_calls=2662 collision_cross_original_calls=0 collision_length_original_calls=0 collision_normalize_original_calls=0 matrix_inverse_native_calls=1 triangle_contacts_native_calls=0 triangle_contacts_original_calls=0 triangle_contacts_scope_blocked_calls=0 collision_candidates_native_calls=687 collision_candidates_scope_blocked_calls=0 collision_candidates_original_calls=0 motion_sampling_native_calls=0 motion_sampling_original_calls=0 animation_hierarchy_native_calls=461 model_packets=0 model_snapshots=0 model_packet_verified=0 model_packet_vertices=0 model_gpu_draws=0 model_point_uploads=0 model_corner_uploads=0 closed_memory_calls=85063 closed_memory_words=2348382 collision_memory_intervals=0 collision_memory_reads=0 collision_memory_writes=0 model_pipeline_calls=33981 model_pipeline_declined=0 model_pipeline_points=622836 model_pipeline_normals=18003 model_pipeline_draws=18003 model_pipeline_direct_outputs=18070 model_pipeline_root_operations=0 model_pipeline_closed_children=69335 object_distance_calls=141575 object_distance_native=141575 object_distance_fallback=0 object_activation_calls=230 object_lifetime_calls=14471 object_records=138690 object_created=57 object_retired=0 object_declined=0 object_slow_accesses=0 movement_calls=0 movement_declined=0 movement_callbacks=0 movement_reentries=0 contact_family_calls=691 object_contact_calls=231 camera_operation_calls=230 contact_family_internal=505153 contact_family_foreign=6885 contact_family_resumes=0 world_calls=231 world_declined=0 world_internal=12809 world_callbacks=41792 world_resumes=0 world_membership=3927 world_eligibility=4140 render_hierarchy_calls=8914 render_hierarchy_declined=0 render_hierarchy_internal=472929 render_hierarchy_callbacks=18456 render_model_calls=33981 render_model_revocations=0 render_hierarchy_resumes=0 rigid_hierarchy_calls=7333 morph_hierarchy_calls=0 land_render_calls=231 collision_fused_cross=0 collision_fused_length=0 collision_fused_normalize=0 matrix_bulk_pushes=0 matrix_bulk_pops=0 matrix_bulk_saved=0 matrix_bulk_loaded=0 render_context_captures=13576 render_context_commits=13576 render_context_fallbacks=0 render_context_direct_calls=27152 palette_batch_calls=20056 palette_batch_vertices=708943 palette_batch_declined=0 palette_batch_closed_loops=20056 projection_batch_calls=20659 projection_batch_vertices=713633 projection_batch_declined=1 projection_batch_verified=0 sound_metadata_hits=0 sound_metadata_misses=0 sound_metadata_verified=0 deferred_midi_notes=0 animation_hierarchy_original_calls=0 animation_hierarchy_nodes=18403 animation_direct_write_calls=461 pose_blend_native_calls=0 pose_blend_original_calls=0 pose_direct_write_calls=0 matrix_vector_point_native_calls=6897 matrix_vector_point_original_calls=0 matrix_vector_direction_native_calls=3992 matrix_vector_direction_original_calls=0 matrix_vector_store_native_calls=0 matrix_vector_store_original_calls=0 matrix_vector_translation_native_calls=0 matrix_vector_translation_original_calls=0 atan_native_calls=0 inverse_trig_native_calls=11420 inverse_trig_declined=0 inverse_memory_calls=0 inverse_memory_stores=0 atan_original_calls=0 atan_quotient_native_calls=2 atan_quotient_original_calls=0 atan_polynomial_native_calls=0 atan_polynomial_original_calls=0 atan_scale_native_calls=0 atan_scale_original_calls=0 matrix_inverse_original_calls=0 matrix_determinant_native_calls=0 matrix_determinant_original_calls=0 player_state_readable=1 player_x=-9.76964 player_y=3.9969 player_z=6.82388 player_x_bits=3239858294 player_y_bits=1082117440 player_z_bits=1088052541 frame_window_begin=5 frame_window_end=25 game_ticks=231 hud_timer_ticks=10735 update_timing=0 update_tasks=0 update_tails=0 update_main_tasks=0 update_alternate_tasks=0 update_waits=0 update_elapsed=0 update_elapsed_extra=0 update_timer_setups=0 periodic_epoch_ns=118835553511508 periodic_callbacks=0 render_completion_experiment=0 guest_render_submitted=0 guest_render_completed=0 guest_render_dispatched=0 guest_render_callback=0 guest_render_counter=0 guest_render_nonzero_callbacks=0 update_unreadable=0 execution_thread_id=67397 execution_cpu_valid=1 execution_cpu_100ns=662332032 process_cpu_valid=1 process_cpu_100ns=3863768554 execution_cycles_valid=0 execution_cycles=0 phase=0 final=0
SONIC_NATIVE_SCENARIO_GAMEPLAY_SAMPLE id=gamma-emerald-coast protocol=3 input_profile=3 monotonic_ns=118837978942748 elapsed_ms=20712 collision_debug_signed=-1 frame=270 presentations=265 relative_frame=18 max_frame_ns=1426327443 input_applied_frames=18 completed_frames=19 drawn_frames=18 cadence_readable=1 active_video_hz=50 clock_owner=postpal-checkpoint clock_bound_frame=0 tv_mode_readable=1 tv_mode_word=1 release_slots=2 logical_delta=2 sixty_frame_fixture=0 native_gameplay_math=1 native_leaf_math=1 math_scope_readable=1 main_state=4 scene=15 palette_native_calls=20364 palette_original_calls=0 vertex_normals_native_calls=0 vertex_normals_original_calls=0 matrix_push_native_calls=22092 matrix_push_original_calls=0 matrix_pop_native_calls=23436 matrix_pop_original_calls=0 matrix_staged_groups=0 collision_cross_native_calls=237 collision_length_native_calls=3587 collision_normalize_native_calls=2698 collision_cross_original_calls=0 collision_length_original_calls=0 collision_normalize_original_calls=0 matrix_inverse_native_calls=1 triangle_contacts_native_calls=0 triangle_contacts_original_calls=0 triangle_contacts_scope_blocked_calls=0 collision_candidates_native_calls=696 collision_candidates_scope_blocked_calls=0 collision_candidates_original_calls=0 motion_sampling_native_calls=0 motion_sampling_original_calls=0 animation_hierarchy_native_calls=467 model_packets=0 model_snapshots=0 model_packet_verified=0 model_packet_vertices=0 model_gpu_draws=0 model_point_uploads=0 model_corner_uploads=0 closed_memory_calls=86194 closed_memory_words=2382324 collision_memory_intervals=0 collision_memory_reads=0 collision_memory_writes=0 model_pipeline_calls=34474 model_pipeline_declined=0 model_pipeline_points=632136 model_pipeline_normals=18277 model_pipeline_draws=18277 model_pipeline_direct_outputs=18345 model_pipeline_root_operations=0 model_pipeline_closed_children=70349 object_distance_calls=143423 object_distance_native=143423 object_distance_fallback=0 object_activation_calls=233 object_lifetime_calls=14663 object_records=140499 object_created=57 object_retired=0 object_declined=0 object_slow_accesses=0 movement_calls=0 movement_declined=0 movement_callbacks=0 movement_reentries=0 contact_family_calls=700 object_contact_calls=234 camera_operation_calls=233 contact_family_internal=510292 contact_family_foreign=6987 contact_family_resumes=0 world_calls=234 world_declined=0 world_internal=12932 world_callbacks=42320 world_resumes=0 world_membership=3978 world_eligibility=4194 render_hierarchy_calls=9033 render_hierarchy_declined=0 render_hierarchy_internal=479800 render_hierarchy_callbacks=18696 render_model_calls=34474 render_model_revocations=0 render_hierarchy_resumes=0 rigid_hierarchy_calls=7429 morph_hierarchy_calls=0 land_render_calls=234 collision_fused_cross=0 collision_fused_length=0 collision_fused_normalize=0 matrix_bulk_pushes=0 matrix_bulk_pops=0 matrix_bulk_saved=0 matrix_bulk_loaded=0 render_context_captures=13750 render_context_commits=13750 render_context_fallbacks=0 render_context_direct_calls=27500 palette_batch_calls=20364 palette_batch_vertices=719655 palette_batch_declined=0 palette_batch_closed_loops=20364 projection_batch_calls=20976 projection_batch_vertices=724415 projection_batch_declined=1 projection_batch_verified=0 sound_metadata_hits=0 sound_metadata_misses=0 sound_metadata_verified=0 deferred_midi_notes=0 animation_hierarchy_original_calls=0 animation_hierarchy_nodes=18643 animation_direct_write_calls=467 pose_blend_native_calls=0 pose_blend_original_calls=0 pose_direct_write_calls=0 matrix_vector_point_native_calls=6983 matrix_vector_point_original_calls=0 matrix_vector_direction_native_calls=4048 matrix_vector_direction_original_calls=0 matrix_vector_store_native_calls=0 matrix_vector_store_original_calls=0 matrix_vector_translation_native_calls=0 matrix_vector_translation_original_calls=0 atan_native_calls=0 inverse_trig_native_calls=11531 inverse_trig_declined=0 inverse_memory_calls=0 inverse_memory_stores=0 atan_original_calls=0 atan_quotient_native_calls=2 atan_quotient_original_calls=0 atan_polynomial_native_calls=0 atan_polynomial_original_calls=0 atan_scale_native_calls=0 atan_scale_original_calls=0 matrix_inverse_original_calls=0 matrix_determinant_native_calls=0 matrix_determinant_original_calls=0 player_state_readable=1 player_x=-10.7946 player_y=3.9967 player_z=7.51715 player_x_bits=3240933068 player_y_bits=1082116600 player_z_bits=1089506438 frame_window_begin=5 frame_window_end=25 game_ticks=234 hud_timer_ticks=10732 update_timing=0 update_tasks=0 update_tails=0 update_main_tasks=0 update_alternate_tasks=0 update_waits=0 update_elapsed=0 update_elapsed_extra=0 update_timer_setups=0 periodic_epoch_ns=118836647989748 periodic_callbacks=1 render_completion_experiment=0 guest_render_submitted=0 guest_render_completed=0 guest_render_dispatched=0 guest_render_callback=0 guest_render_counter=0 guest_render_nonzero_callbacks=0 update_unreadable=0 execution_thread_id=67397 execution_cpu_valid=1 execution_cpu_100ns=667490043 process_cpu_valid=1 process_cpu_100ns=3900241564 execution_cycles_valid=0 execution_cycles=0 phase=0 final=0
SONIC_NATIVE_SCENARIO_GAMEPLAY_SAMPLE id=gamma-emerald-coast protocol=3 input_profile=3 monotonic_ns=118839061885279 elapsed_ms=21795 collision_debug_signed=-1 frame=271 presentations=266 relative_frame=19 max_frame_ns=1426327443 input_applied_frames=19 completed_frames=20 drawn_frames=19 cadence_readable=1 active_video_hz=50 clock_owner=postpal-checkpoint clock_bound_frame=0 tv_mode_readable=1 tv_mode_word=1 release_slots=2 logical_delta=2 sixty_frame_fixture=0 native_gameplay_math=1 native_leaf_math=1 math_scope_readable=1 main_state=4 scene=15 palette_native_calls=20672 palette_original_calls=0 vertex_normals_native_calls=0 vertex_normals_original_calls=0 matrix_push_native_calls=22486 matrix_push_original_calls=0 matrix_pop_native_calls=23850 matrix_pop_original_calls=0 matrix_staged_groups=0 collision_cross_native_calls=242 collision_length_native_calls=3645 collision_normalize_native_calls=2745 collision_cross_original_calls=0 collision_length_original_calls=0 collision_normalize_original_calls=0 matrix_inverse_native_calls=1 triangle_contacts_native_calls=0 triangle_contacts_original_calls=0 triangle_contacts_scope_blocked_calls=0 collision_candidates_native_calls=708 collision_candidates_scope_blocked_calls=0 collision_candidates_original_calls=0 motion_sampling_native_calls=0 motion_sampling_original_calls=0 animation_hierarchy_native_calls=475 model_packets=0 model_snapshots=0 model_packet_verified=0 model_packet_vertices=0 model_gpu_draws=0 model_point_uploads=0 model_corner_uploads=0 closed_memory_calls=87562 closed_memory_words=2419850 collision_memory_intervals=0 collision_memory_reads=0 collision_memory_writes=0 model_pipeline_calls=35048 model_pipeline_declined=0 model_pipeline_points=641436 model_pipeline_normals=18551 model_pipeline_draws=18551 model_pipeline_direct_outputs=18620 model_pipeline_root_operations=0 model_pipeline_closed_children=71393 object_distance_calls=145886 object_distance_native=145886 object_distance_fallback=0 object_activation_calls=237 object_lifetime_calls=14919 object_records=142911 object_created=57 object_retired=0 object_declined=0 object_slow_accesses=0 movement_calls=0 movement_declined=0 movement_callbacks=0 movement_reentries=0 contact_family_calls=712 object_contact_calls=238 camera_operation_calls=237 contact_family_internal=517312 contact_family_foreign=7123 contact_family_resumes=0 world_calls=238 world_declined=0 world_internal=13096 world_callbacks=43024 world_resumes=0 world_membership=4046 world_eligibility=4266 render_hierarchy_calls=9188 render_hierarchy_declined=0 render_hierarchy_internal=487814 render_hierarchy_callbacks=19015 render_model_calls=35048 render_model_revocations=0 render_hierarchy_resumes=0 rigid_hierarchy_calls=7557 morph_hierarchy_calls=0 land_render_calls=238 collision_fused_cross=0 collision_fused_length=0 collision_fused_normalize=0 matrix_bulk_pushes=0 matrix_bulk_pops=0 matrix_bulk_saved=0 matrix_bulk_loaded=0 render_context_captures=13974 render_context_commits=13974 render_context_fallbacks=0 render_context_direct_calls=27948 palette_batch_calls=20672 palette_batch_vertices=730367 palette_batch_declined=0 palette_batch_closed_loops=20672 projection_batch_calls=21293 projection_batch_vertices=735197 projection_batch_declined=1 projection_batch_verified=0 sound_metadata_hits=0 sound_metadata_misses=0 sound_metadata_verified=0 deferred_midi_notes=0 animation_hierarchy_original_calls=0 animation_hierarchy_nodes=18963 animation_direct_write_calls=475 pose_blend_native_calls=0 pose_blend_original_calls=0 pose_direct_write_calls=0 matrix_vector_point_native_calls=7092 matrix_vector_point_original_calls=0 matrix_vector_direction_native_calls=4119 matrix_vector_direction_original_calls=0 matrix_vector_store_native_calls=0 matrix_vector_store_original_calls=0 matrix_vector_translation_native_calls=0 matrix_vector_translation_original_calls=0 atan_native_calls=0 inverse_trig_native_calls=11681 inverse_trig_declined=0 inverse_memory_calls=0 inverse_memory_stores=0 atan_original_calls=0 atan_quotient_native_calls=2 atan_quotient_original_calls=0 atan_polynomial_native_calls=0 atan_polynomial_original_calls=0 atan_scale_native_calls=0 atan_scale_original_calls=0 matrix_inverse_original_calls=0 matrix_determinant_native_calls=0 matrix_determinant_original_calls=0 player_state_readable=1 player_x=-12.1618 player_y=3.99644 player_z=8.4408 player_x_bits=3242366601 player_y_bits=1082115488 player_z_bits=1090981254 frame_window_begin=5 frame_window_end=25 game_ticks=238 hud_timer_ticks=10728 update_timing=0 update_tasks=0 update_tails=0 update_main_tasks=0 update_alternate_tasks=0 update_waits=0 update_elapsed=0 update_elapsed_extra=0 update_timer_setups=0 periodic_epoch_ns=118837983449155 periodic_callbacks=0 render_completion_experiment=0 guest_render_submitted=0 guest_render_completed=0 guest_render_dispatched=0 guest_render_callback=0 guest_render_counter=0 guest_render_nonzero_callbacks=0 update_unreadable=0 execution_thread_id=67397 execution_cpu_valid=1 execution_cpu_100ns=673641268 process_cpu_valid=1 process_cpu_100ns=3935843065 execution_cycles_valid=0 execution_cycles=0 phase=0 final=0
SONIC_NATIVE_SCENARIO_GAMEPLAY_SAMPLE id=gamma-emerald-coast protocol=3 input_profile=3 monotonic_ns=118840131280109 elapsed_ms=22864 collision_debug_signed=-1 frame=272 presentations=267 relative_frame=20 max_frame_ns=1426327443 input_applied_frames=20 completed_frames=21 drawn_frames=20 cadence_readable=1 active_video_hz=50 clock_owner=postpal-checkpoint clock_bound_frame=0 tv_mode_readable=1 tv_mode_word=1 release_slots=2 logical_delta=2 sixty_frame_fixture=0 native_gameplay_math=1 native_leaf_math=1 math_scope_readable=1 main_state=4 scene=15 palette_native_calls=20981 palette_original_calls=0 vertex_normals_native_calls=0 vertex_normals_original_calls=0 matrix_push_native_calls=22781 matrix_push_original_calls=0 matrix_pop_native_calls=24160 matrix_pop_original_calls=0 matrix_staged_groups=0 collision_cross_native_calls=246 collision_length_native_calls=3689 collision_normalize_native_calls=2781 collision_cross_original_calls=0 collision_length_original_calls=0 collision_normalize_original_calls=0 matrix_inverse_native_calls=1 triangle_contacts_native_calls=0 triangle_contacts_original_calls=0 triangle_contacts_scope_blocked_calls=0 collision_candidates_native_calls=717 collision_candidates_scope_blocked_calls=0 collision_candidates_original_calls=0 motion_sampling_native_calls=0 motion_sampling_original_calls=0 animation_hierarchy_native_calls=481 model_packets=0 model_snapshots=0 model_packet_verified=0 model_packet_vertices=0 model_gpu_draws=0 model_point_uploads=0 model_corner_uploads=0 closed_memory_calls=88654 closed_memory_words=2453495 collision_memory_intervals=0 collision_memory_reads=0 collision_memory_writes=0 model_pipeline_calls=35522 model_pipeline_declined=0 model_pipeline_points=650744 model_pipeline_normals=18826 model_pipeline_draws=18826 model_pipeline_direct_outputs=18896 model_pipeline_root_operations=0 model_pipeline_closed_children=72470 object_distance_calls=147731 object_distance_native=147731 object_distance_fallback=0 object_activation_calls=240 object_lifetime_calls=15111 object_records=144720 object_created=57 object_retired=0 object_declined=0 object_slow_accesses=0 movement_calls=0 movement_declined=0 movement_callbacks=0 movement_reentries=0 contact_family_calls=721 object_contact_calls=241 camera_operation_calls=240 contact_family_internal=522577 contact_family_foreign=7225 contact_family_resumes=0 world_calls=241 world_declined=0 world_internal=13219 world_callbacks=43552 world_resumes=0 world_membership=4097 world_eligibility=4320 render_hierarchy_calls=9305 render_hierarchy_declined=0 render_hierarchy_internal=494671 render_hierarchy_callbacks=19255 render_model_calls=35522 render_model_revocations=0 render_hierarchy_resumes=0 rigid_hierarchy_calls=7653 morph_hierarchy_calls=0 land_render_calls=241 collision_fused_cross=0 collision_fused_length=0 collision_fused_normalize=0 matrix_bulk_pushes=0 matrix_bulk_pops=0 matrix_bulk_saved=0 matrix_bulk_loaded=0 render_context_captures=14176 render_context_commits=14176 render_context_fallbacks=0 render_context_direct_calls=28352 palette_batch_calls=20981 palette_batch_vertices=741087 palette_batch_declined=0 palette_batch_closed_loops=20981 projection_batch_calls=21611 projection_batch_vertices=745987 projection_batch_declined=1 projection_batch_verified=0 sound_metadata_hits=0 sound_metadata_misses=0 sound_metadata_verified=0 deferred_midi_notes=0 animation_hierarchy_original_calls=0 animation_hierarchy_nodes=19203 animation_direct_write_calls=481 pose_blend_native_calls=0 pose_blend_original_calls=0 pose_direct_write_calls=0 matrix_vector_point_native_calls=7168 matrix_vector_point_original_calls=0 matrix_vector_direction_native_calls=4167 matrix_vector_direction_original_calls=0 matrix_vector_store_native_calls=0 matrix_vector_store_original_calls=0 matrix_vector_translation_native_calls=0 matrix_vector_translation_original_calls=0 atan_native_calls=0 inverse_trig_native_calls=11794 inverse_trig_declined=0 inverse_memory_calls=0 inverse_memory_stores=0 atan_original_calls=0 atan_quotient_native_calls=2 atan_quotient_original_calls=0 atan_polynomial_native_calls=0 atan_polynomial_original_calls=0 atan_scale_native_calls=0 atan_scale_original_calls=0 matrix_inverse_original_calls=0 matrix_determinant_native_calls=0 matrix_determinant_original_calls=0 player_state_readable=1 player_x=-13.1874 player_y=3.99624 player_z=9.13305 player_x_bits=3243442092 player_y_bits=1082114652 player_z_bits=1091707133 frame_window_begin=5 frame_window_end=25 game_ticks=241 hud_timer_ticks=10725 update_timing=0 update_tasks=0 update_tails=0 update_main_tasks=0 update_alternate_tasks=0 update_waits=0 update_elapsed=0 update_elapsed_extra=0 update_timer_setups=0 periodic_epoch_ns=118839068134073 periodic_callbacks=0 render_completion_experiment=0 guest_render_submitted=0 guest_render_completed=0 guest_render_dispatched=0 guest_render_callback=0 guest_render_counter=0 guest_render_nonzero_callbacks=0 update_unreadable=0 execution_thread_id=67397 execution_cpu_valid=1 execution_cpu_100ns=678656091 process_cpu_valid=1 process_cpu_100ns=3969685966 execution_cycles_valid=0 execution_cycles=0 phase=0 final=0
SONIC_NATIVE_SCENARIO_GAMEPLAY_SAMPLE id=gamma-emerald-coast protocol=3 input_profile=3 monotonic_ns=118841204976029 elapsed_ms=23938 collision_debug_signed=-1 frame=273 presentations=268 relative_frame=21 max_frame_ns=1426327443 input_applied_frames=21 completed_frames=22 drawn_frames=21 cadence_readable=1 active_video_hz=50 clock_owner=postpal-checkpoint clock_bound_frame=0 tv_mode_readable=1 tv_mode_word=1 release_slots=2 logical_delta=2 sixty_frame_fixture=0 native_gameplay_math=1 native_leaf_math=1 math_scope_readable=1 main_state=4 scene=15 palette_native_calls=21290 palette_original_calls=0 vertex_normals_native_calls=0 vertex_normals_original_calls=0 matrix_push_native_calls=23076 matrix_push_original_calls=0 matrix_pop_native_calls=24470 matrix_pop_original_calls=0 matrix_staged_groups=0 collision_cross_native_calls=250 collision_length_native_calls=3733 collision_normalize_native_calls=2817 collision_cross_original_calls=0 collision_length_original_calls=0 collision_normalize_original_calls=0 matrix_inverse_native_calls=1 triangle_contacts_native_calls=0 triangle_contacts_original_calls=0 triangle_contacts_scope_blocked_calls=0 collision_candidates_native_calls=726 collision_candidates_scope_blocked_calls=0 collision_candidates_original_calls=0 motion_sampling_native_calls=0 motion_sampling_original_calls=0 animation_hierarchy_native_calls=487 model_packets=0 model_snapshots=0 model_packet_verified=0 model_packet_vertices=0 model_gpu_draws=0 model_point_uploads=0 model_corner_uploads=0 closed_memory_calls=89746 closed_memory_words=2487140 collision_memory_intervals=0 collision_memory_reads=0 collision_memory_writes=0 model_pipeline_calls=36001 model_pipeline_declined=0 model_pipeline_points=660052 model_pipeline_normals=19101 model_pipeline_draws=19101 model_pipeline_direct_outputs=19172 model_pipeline_root_operations=0 model_pipeline_closed_children=73547 object_distance_calls=149576 object_distance_native=149576 object_distance_fallback=0 object_activation_calls=243 object_lifetime_calls=15303 object_records=146529 object_created=57 object_retired=0 object_declined=0 object_slow_accesses=0 movement_calls=0 movement_declined=0 movement_callbacks=0 movement_reentries=0 contact_family_calls=730 object_contact_calls=244 camera_operation_calls=243 contact_family_internal=528043 contact_family_foreign=7327 contact_family_resumes=0 world_calls=244 world_declined=0 world_internal=13342 world_callbacks=44080 world_resumes=0 world_membership=4148 world_eligibility=4374 render_hierarchy_calls=9423 render_hierarchy_declined=0 render_hierarchy_internal=501584 render_hierarchy_callbacks=19495 render_model_calls=36001 render_model_revocations=0 render_hierarchy_resumes=0 rigid_hierarchy_calls=7749 morph_hierarchy_calls=0 land_render_calls=244 collision_fused_cross=0 collision_fused_length=0 collision_fused_normalize=0 matrix_bulk_pushes=0 matrix_bulk_pops=0 matrix_bulk_saved=0 matrix_bulk_loaded=0 render_context_captures=14379 render_context_commits=14379 render_context_fallbacks=0 render_context_direct_calls=28758 palette_batch_calls=21290 palette_batch_vertices=751807 palette_batch_declined=0 palette_batch_closed_loops=21290 projection_batch_calls=21929 projection_batch_vertices=756777 projection_batch_declined=1 projection_batch_verified=0 sound_metadata_hits=0 sound_metadata_misses=0 sound_metadata_verified=0 deferred_midi_notes=0 animation_hierarchy_original_calls=0 animation_hierarchy_nodes=19443 animation_direct_write_calls=487 pose_blend_native_calls=0 pose_blend_original_calls=0 pose_direct_write_calls=0 matrix_vector_point_native_calls=7244 matrix_vector_point_original_calls=0 matrix_vector_direction_native_calls=4215 matrix_vector_direction_original_calls=0 matrix_vector_store_native_calls=0 matrix_vector_store_original_calls=0 matrix_vector_translation_native_calls=0 matrix_vector_translation_original_calls=0 atan_native_calls=0 inverse_trig_native_calls=11905 inverse_trig_declined=0 inverse_memory_calls=0 inverse_memory_stores=0 atan_original_calls=0 atan_quotient_native_calls=2 atan_quotient_original_calls=0 atan_polynomial_native_calls=0 atan_polynomial_original_calls=0 atan_scale_native_calls=0 atan_scale_original_calls=0 matrix_inverse_original_calls=0 matrix_determinant_native_calls=0 matrix_determinant_original_calls=0 player_state_readable=1 player_x=-14.2134 player_y=3.99604 player_z=9.82491 player_x_bits=3244517860 player_y_bits=1082113816 player_z_bits=1092432599 frame_window_begin=5 frame_window_end=25 game_ticks=244 hud_timer_ticks=10722 update_timing=0 update_tasks=0 update_tails=0 update_main_tasks=0 update_alternate_tasks=0 update_waits=0 update_elapsed=0 update_elapsed_extra=0 update_timer_setups=0 periodic_epoch_ns=118840137368829 periodic_callbacks=0 render_completion_experiment=0 guest_render_submitted=0 guest_render_completed=0 guest_render_dispatched=0 guest_render_callback=0 guest_render_counter=0 guest_render_nonzero_callbacks=0 update_unreadable=0 execution_thread_id=67397 execution_cpu_valid=1 execution_cpu_100ns=683771890 process_cpu_valid=1 process_cpu_100ns=4003676050 execution_cycles_valid=0 execution_cycles=0 phase=0 final=0
SONIC_NATIVE_SCENARIO_GAMEPLAY_SAMPLE id=gamma-emerald-coast protocol=3 input_profile=3 monotonic_ns=118842321403911 elapsed_ms=25054 collision_debug_signed=-1 frame=274 presentations=269 relative_frame=22 max_frame_ns=1426327443 input_applied_frames=22 completed_frames=23 drawn_frames=22 cadence_readable=1 active_video_hz=50 clock_owner=postpal-checkpoint clock_bound_frame=0 tv_mode_readable=1 tv_mode_word=1 release_slots=2 logical_delta=2 sixty_frame_fixture=0 native_gameplay_math=1 native_leaf_math=1 math_scope_readable=1 main_state=4 scene=15 palette_native_calls=21599 palette_original_calls=0 vertex_normals_native_calls=0 vertex_normals_original_calls=0 matrix_push_native_calls=23462 matrix_push_original_calls=0 matrix_pop_native_calls=24876 matrix_pop_original_calls=0 matrix_staged_groups=0 collision_cross_native_calls=255 collision_length_native_calls=3791 collision_normalize_native_calls=2864 collision_cross_original_calls=0 collision_length_original_calls=0 collision_normalize_original_calls=0 matrix_inverse_native_calls=1 triangle_contacts_native_calls=0 triangle_contacts_original_calls=0 triangle_contacts_scope_blocked_calls=0 collision_candidates_native_calls=738 collision_candidates_scope_blocked_calls=0 collision_candidates_original_calls=0 motion_sampling_native_calls=0 motion_sampling_original_calls=0 animation_hierarchy_native_calls=495 model_packets=0 model_snapshots=0 model_packet_verified=0 model_packet_vertices=0 model_gpu_draws=0 model_point_uploads=0 model_corner_uploads=0 closed_memory_calls=91083 closed_memory_words=2524459 collision_memory_intervals=0 collision_memory_reads=0 collision_memory_writes=0 model_pipeline_calls=36581 model_pipeline_declined=0 model_pipeline_points=669360 model_pipeline_normals=19376 model_pipeline_draws=19376 model_pipeline_direct_outputs=19448 model_pipeline_root_operations=0 model_pipeline_closed_children=74624 object_distance_calls=152036 object_distance_native=152036 object_distance_fallback=0 object_activation_calls=247 object_lifetime_calls=15559 object_records=148941 object_created=57 object_retired=0 object_declined=0 object_slow_accesses=0 movement_calls=0 movement_declined=0 movement_callbacks=0 movement_reentries=0 contact_family_calls=742 object_contact_calls=248 camera_operation_calls=247 contact_family_internal=535243 contact_family_foreign=7463 contact_family_resumes=0 world_calls=248 world_declined=0 world_internal=13506 world_callbacks=44784 world_resumes=0 world_membership=4216 world_eligibility=4446 render_hierarchy_calls=9579 render_hierarchy_declined=0 render_hierarchy_internal=509873 render_hierarchy_callbacks=19814 render_model_calls=36581 render_model_revocations=0 render_hierarchy_resumes=0 rigid_hierarchy_calls=7877 morph_hierarchy_calls=0 land_render_calls=248 collision_fused_cross=0 collision_fused_length=0 collision_fused_normalize=0 matrix_bulk_pushes=0 matrix_bulk_pops=0 matrix_bulk_saved=0 matrix_bulk_loaded=0 render_context_captures=14619 render_context_commits=14619 render_context_fallbacks=0 render_context_direct_calls=29238 palette_batch_calls=21599 palette_batch_vertices=762527 palette_batch_declined=0 palette_batch_closed_loops=21599 projection_batch_calls=22247 projection_batch_vertices=767567 projection_batch_declined=1 projection_batch_verified=0 sound_metadata_hits=0 sound_metadata_misses=0 sound_metadata_verified=0 deferred_midi_notes=0 animation_hierarchy_original_calls=0 animation_hierarchy_nodes=19763 animation_direct_write_calls=495 pose_blend_native_calls=0 pose_blend_original_calls=0 pose_direct_write_calls=0 matrix_vector_point_native_calls=7345 matrix_vector_point_original_calls=0 matrix_vector_direction_native_calls=4278 matrix_vector_direction_original_calls=0 matrix_vector_store_native_calls=0 matrix_vector_store_original_calls=0 matrix_vector_translation_native_calls=0 matrix_vector_translation_original_calls=0 atan_native_calls=0 inverse_trig_native_calls=12047 inverse_trig_declined=0 inverse_memory_calls=0 inverse_memory_stores=0 atan_original_calls=0 atan_quotient_native_calls=2 atan_quotient_original_calls=0 atan_polynomial_native_calls=0 atan_polynomial_original_calls=0 atan_scale_native_calls=0 atan_scale_original_calls=0 matrix_inverse_original_calls=0 matrix_determinant_native_calls=0 matrix_determinant_original_calls=0 player_state_readable=1 player_x=-15.5817 player_y=3.99577 player_z=10.7468 player_x_bits=3245952639 player_y_bits=1082112704 player_z_bits=1093399256 frame_window_begin=5 frame_window_end=25 game_ticks=248 hud_timer_ticks=10718 update_timing=0 update_tasks=0 update_tails=0 update_main_tasks=0 update_alternate_tasks=0 update_waits=0 update_elapsed=0 update_elapsed_extra=0 update_timer_setups=0 periodic_epoch_ns=118841212655722 periodic_callbacks=0 render_completion_experiment=0 guest_render_submitted=0 guest_render_completed=0 guest_render_dispatched=0 guest_render_callback=0 guest_render_counter=0 guest_render_nonzero_callbacks=0 update_unreadable=0 execution_thread_id=67397 execution_cpu_valid=1 execution_cpu_100ns=689874581 process_cpu_valid=1 process_cpu_100ns=4039832347 execution_cycles_valid=0 execution_cycles=0 phase=0 final=0
SONIC_NATIVE_SCENARIO_GAMEPLAY_SAMPLE id=gamma-emerald-coast protocol=3 input_profile=3 monotonic_ns=118843402974829 elapsed_ms=26136 collision_debug_signed=-1 frame=275 presentations=270 relative_frame=23 max_frame_ns=1426327443 input_applied_frames=23 completed_frames=24 drawn_frames=23 cadence_readable=1 active_video_hz=50 clock_owner=postpal-checkpoint clock_bound_frame=0 tv_mode_readable=1 tv_mode_word=1 release_slots=2 logical_delta=2 sixty_frame_fixture=0 native_gameplay_math=1 native_leaf_math=1 math_scope_readable=1 main_state=4 scene=15 palette_native_calls=21909 palette_original_calls=0 vertex_normals_native_calls=0 vertex_normals_original_calls=0 matrix_push_native_calls=23757 matrix_push_original_calls=0 matrix_pop_native_calls=25186 matrix_pop_original_calls=0 matrix_staged_groups=0 collision_cross_native_calls=259 collision_length_native_calls=3835 collision_normalize_native_calls=2900 collision_cross_original_calls=0 collision_length_original_calls=0 collision_normalize_original_calls=0 matrix_inverse_native_calls=1 triangle_contacts_native_calls=0 triangle_contacts_original_calls=0 triangle_contacts_scope_blocked_calls=0 collision_candidates_native_calls=747 collision_candidates_scope_blocked_calls=0 collision_candidates_original_calls=0 motion_sampling_native_calls=0 motion_sampling_original_calls=0 animation_hierarchy_native_calls=501 model_packets=0 model_snapshots=0 model_packet_verified=0 model_packet_vertices=0 model_gpu_draws=0 model_point_uploads=0 model_corner_uploads=0 closed_memory_calls=92176 closed_memory_words=2558153 collision_memory_intervals=0 collision_memory_reads=0 collision_memory_writes=0 model_pipeline_calls=37061 model_pipeline_declined=0 model_pipeline_points=678692 model_pipeline_normals=19652 model_pipeline_draws=19652 model_pipeline_direct_outputs=19725 model_pipeline_root_operations=0 model_pipeline_closed_children=75704 object_distance_calls=153881 object_distance_native=153881 object_distance_fallback=0 object_activation_calls=250 object_lifetime_calls=15751 object_records=150750 object_created=57 object_retired=0 object_declined=0 object_slow_accesses=0 movement_calls=0 movement_declined=0 movement_callbacks=0 movement_reentries=0 contact_family_calls=751 object_contact_calls=251 camera_operation_calls=250 contact_family_internal=540511 contact_family_foreign=7565 contact_family_resumes=0 world_calls=251 world_declined=0 world_internal=13629 world_callbacks=45312 world_resumes=0 world_membership=4267 world_eligibility=4500 render_hierarchy_calls=9697 render_hierarchy_declined=0 render_hierarchy_internal=516789 render_hierarchy_callbacks=20054 render_model_calls=37061 render_model_revocations=0 render_hierarchy_resumes=0 rigid_hierarchy_calls=7973 morph_hierarchy_calls=0 land_render_calls=251 collision_fused_cross=0 collision_fused_length=0 collision_fused_normalize=0 matrix_bulk_pushes=0 matrix_bulk_pops=0 matrix_bulk_saved=0 matrix_bulk_loaded=0 render_context_captures=14822 render_context_commits=14822 render_context_fallbacks=0 render_context_direct_calls=29644 palette_batch_calls=21909 palette_batch_vertices=773271 palette_batch_declined=0 palette_batch_closed_loops=21909 projection_batch_calls=22566 projection_batch_vertices=778381 projection_batch_declined=1 projection_batch_verified=0 sound_metadata_hits=0 sound_metadata_misses=0 sound_metadata_verified=0 deferred_midi_notes=0 animation_hierarchy_original_calls=0 animation_hierarchy_nodes=20003 animation_direct_write_calls=501 pose_blend_native_calls=0 pose_blend_original_calls=0 pose_direct_write_calls=0 matrix_vector_point_native_calls=7421 matrix_vector_point_original_calls=0 matrix_vector_direction_native_calls=4326 matrix_vector_direction_original_calls=0 matrix_vector_store_native_calls=0 matrix_vector_store_original_calls=0 matrix_vector_translation_native_calls=0 matrix_vector_translation_original_calls=0 atan_native_calls=0 inverse_trig_native_calls=12154 inverse_trig_declined=0 inverse_memory_calls=0 inverse_memory_stores=0 atan_original_calls=0 atan_quotient_native_calls=2 atan_quotient_original_calls=0 atan_polynomial_native_calls=0 atan_polynomial_original_calls=0 atan_scale_native_calls=0 atan_scale_original_calls=0 matrix_inverse_original_calls=0 matrix_determinant_native_calls=0 matrix_determinant_original_calls=0 player_state_readable=1 player_x=-16.6082 player_y=3.99557 player_z=11.4377 player_x_bits=3246710174 player_y_bits=1082111872 player_z_bits=1094123759 frame_window_begin=5 frame_window_end=25 game_ticks=251 hud_timer_ticks=10715 update_timing=0 update_tasks=0 update_tails=0 update_main_tasks=0 update_alternate_tasks=0 update_waits=0 update_elapsed=0 update_elapsed_extra=0 update_timer_setups=0 periodic_epoch_ns=118842326295280 periodic_callbacks=0 render_completion_experiment=0 guest_render_submitted=0 guest_render_completed=0 guest_render_dispatched=0 guest_render_callback=0 guest_render_counter=0 guest_render_nonzero_callbacks=0 update_unreadable=0 execution_thread_id=67397 execution_cpu_valid=1 execution_cpu_100ns=694952997 process_cpu_valid=1 process_cpu_100ns=4074117734 execution_cycles_valid=0 execution_cycles=0 phase=0 final=0
SONIC_NATIVE_SCENARIO_GAMEPLAY_SAMPLE id=gamma-emerald-coast protocol=3 input_profile=3 monotonic_ns=118844517793050 elapsed_ms=27251 collision_debug_signed=-1 frame=276 presentations=271 relative_frame=24 max_frame_ns=1426327443 input_applied_frames=24 completed_frames=25 drawn_frames=24 cadence_readable=1 active_video_hz=50 clock_owner=postpal-checkpoint clock_bound_frame=0 tv_mode_readable=1 tv_mode_word=1 release_slots=2 logical_delta=2 sixty_frame_fixture=0 native_gameplay_math=1 native_leaf_math=1 math_scope_readable=1 main_state=4 scene=15 palette_native_calls=22219 palette_original_calls=0 vertex_normals_native_calls=0 vertex_normals_original_calls=0 matrix_push_native_calls=24143 matrix_push_original_calls=0 matrix_pop_native_calls=25592 matrix_pop_original_calls=0 matrix_staged_groups=0 collision_cross_native_calls=264 collision_length_native_calls=3893 collision_normalize_native_calls=2947 collision_cross_original_calls=0 collision_length_original_calls=0 collision_normalize_original_calls=0 matrix_inverse_native_calls=1 triangle_contacts_native_calls=0 triangle_contacts_original_calls=0 triangle_contacts_scope_blocked_calls=0 collision_candidates_native_calls=759 collision_candidates_scope_blocked_calls=0 collision_candidates_original_calls=0 motion_sampling_native_calls=0 motion_sampling_original_calls=0 animation_hierarchy_native_calls=509 model_packets=0 model_snapshots=0 model_packet_verified=0 model_packet_vertices=0 model_gpu_draws=0 model_point_uploads=0 model_corner_uploads=0 closed_memory_calls=93514 closed_memory_words=2595521 collision_memory_intervals=0 collision_memory_reads=0 collision_memory_writes=0 model_pipeline_calls=37632 model_pipeline_declined=0 model_pipeline_points=688024 model_pipeline_normals=19928 model_pipeline_draws=19928 model_pipeline_direct_outputs=20002 model_pipeline_root_operations=0 model_pipeline_closed_children=76784 object_distance_calls=156341 object_distance_native=156341 object_distance_fallback=0 object_activation_calls=254 object_lifetime_calls=16007 object_records=153162 object_created=57 object_retired=0 object_declined=0 object_slow_accesses=0 movement_calls=0 movement_declined=0 movement_callbacks=0 movement_reentries=0 contact_family_calls=763 object_contact_calls=255 camera_operation_calls=254 contact_family_internal=547447 contact_family_foreign=7701 contact_family_resumes=0 world_calls=255 world_declined=0 world_internal=13793 world_callbacks=46016 world_resumes=0 world_membership=4335 world_eligibility=4572 render_hierarchy_calls=9851 render_hierarchy_declined=0 render_hierarchy_internal=524969 render_hierarchy_callbacks=20373 render_model_calls=37632 render_model_revocations=0 render_hierarchy_resumes=0 rigid_hierarchy_calls=8101 morph_hierarchy_calls=0 land_render_calls=255 collision_fused_cross=0 collision_fused_length=0 collision_fused_normalize=0 matrix_bulk_pushes=0 matrix_bulk_pops=0 matrix_bulk_saved=0 matrix_bulk_loaded=0 render_context_captures=15060 render_context_commits=15060 render_context_fallbacks=0 render_context_direct_calls=30120 palette_batch_calls=22219 palette_batch_vertices=784015 palette_batch_declined=0 palette_batch_closed_loops=22219 projection_batch_calls=22885 projection_batch_vertices=789195 projection_batch_declined=1 projection_batch_verified=0 sound_metadata_hits=0 sound_metadata_misses=0 sound_metadata_verified=0 deferred_midi_notes=0 animation_hierarchy_original_calls=0 animation_hierarchy_nodes=20323 animation_direct_write_calls=509 pose_blend_native_calls=0 pose_blend_original_calls=0 pose_direct_write_calls=0 matrix_vector_point_native_calls=7522 matrix_vector_point_original_calls=0 matrix_vector_direction_native_calls=4389 matrix_vector_direction_original_calls=0 matrix_vector_store_native_calls=0 matrix_vector_store_original_calls=0 matrix_vector_translation_native_calls=0 matrix_vector_translation_original_calls=0 atan_native_calls=0 inverse_trig_native_calls=12296 inverse_trig_declined=0 inverse_memory_calls=0 inverse_memory_stores=0 atan_original_calls=0 atan_quotient_native_calls=2 atan_quotient_original_calls=0 atan_polynomial_native_calls=0 atan_polynomial_original_calls=0 atan_scale_native_calls=0 atan_scale_original_calls=0 matrix_inverse_original_calls=0 matrix_determinant_native_calls=0 matrix_determinant_original_calls=0 player_state_readable=1 player_x=-17.9774 player_y=3.99531 player_z=12.3584 player_x_bits=3247427998 player_y_bits=1082110760 player_z_bits=1095089104 frame_window_begin=5 frame_window_end=25 game_ticks=255 hud_timer_ticks=10711 update_timing=0 update_tasks=0 update_tails=0 update_main_tasks=0 update_alternate_tasks=0 update_waits=0 update_elapsed=0 update_elapsed_extra=0 update_timer_setups=0 periodic_epoch_ns=118843408750941 periodic_callbacks=0 render_completion_experiment=0 guest_render_submitted=0 guest_render_completed=0 guest_render_dispatched=0 guest_render_callback=0 guest_render_counter=0 guest_render_nonzero_callbacks=0 update_unreadable=0 execution_thread_id=67397 execution_cpu_valid=1 execution_cpu_100ns=701124058 process_cpu_valid=1 process_cpu_100ns=4110122913 execution_cycles_valid=0 execution_cycles=0 phase=0 final=0
SONIC_NATIVE_SCENARIO_GAMEPLAY_SAMPLE id=gamma-emerald-coast protocol=3 input_profile=3 monotonic_ns=118845593991006 elapsed_ms=28327 collision_debug_signed=-1 frame=277 presentations=272 relative_frame=25 max_frame_ns=1426327443 input_applied_frames=25 completed_frames=26 drawn_frames=25 cadence_readable=1 active_video_hz=50 clock_owner=postpal-checkpoint clock_bound_frame=0 tv_mode_readable=1 tv_mode_word=1 release_slots=2 logical_delta=2 sixty_frame_fixture=0 native_gameplay_math=1 native_leaf_math=1 math_scope_readable=1 main_state=4 scene=15 palette_native_calls=22530 palette_original_calls=0 vertex_normals_native_calls=0 vertex_normals_original_calls=0 matrix_push_native_calls=24446 matrix_push_original_calls=0 matrix_pop_native_calls=25910 matrix_pop_original_calls=0 matrix_staged_groups=0 collision_cross_native_calls=268 collision_length_native_calls=3937 collision_normalize_native_calls=2983 collision_cross_original_calls=0 collision_length_original_calls=0 collision_normalize_original_calls=0 matrix_inverse_native_calls=1 triangle_contacts_native_calls=0 triangle_contacts_original_calls=0 triangle_contacts_scope_blocked_calls=0 collision_candidates_native_calls=768 collision_candidates_scope_blocked_calls=0 collision_candidates_original_calls=0 motion_sampling_native_calls=0 motion_sampling_original_calls=0 animation_hierarchy_native_calls=515 model_packets=0 model_snapshots=0 model_packet_verified=0 model_packet_vertices=0 model_gpu_draws=0 model_point_uploads=0 model_corner_uploads=0 closed_memory_calls=94640 closed_memory_words=2629456 collision_memory_intervals=0 collision_memory_reads=0 collision_memory_writes=0 model_pipeline_calls=38113 model_pipeline_declined=0 model_pipeline_points=697364 model_pipeline_normals=20205 model_pipeline_draws=20205 model_pipeline_direct_outputs=20280 model_pipeline_root_operations=0 model_pipeline_closed_children=77897 object_distance_calls=158183 object_distance_native=158183 object_distance_fallback=0 object_activation_calls=257 object_lifetime_calls=16199 object_records=154971 object_created=57 object_retired=0 object_declined=0 object_slow_accesses=0 movement_calls=0 movement_declined=0 movement_callbacks=0 movement_reentries=0 contact_family_calls=772 object_contact_calls=258 camera_operation_calls=257 contact_family_internal=552649 contact_family_foreign=7803 contact_family_resumes=0 world_calls=258 world_declined=0 world_internal=13916 world_callbacks=46544 world_resumes=0 world_membership=4386 world_eligibility=4626 render_hierarchy_calls=9969 render_hierarchy_declined=0 render_hierarchy_internal=532104 render_hierarchy_callbacks=20613 render_model_calls=38113 render_model_revocations=0 render_hierarchy_resumes=0 rigid_hierarchy_calls=8197 morph_hierarchy_calls=0 land_render_calls=258 collision_fused_cross=0 collision_fused_length=0 collision_fused_normalize=0 matrix_bulk_pushes=0 matrix_bulk_pops=0 matrix_bulk_saved=0 matrix_bulk_loaded=0 render_context_captures=15278 render_context_commits=15278 render_context_fallbacks=0 render_context_direct_calls=30556 palette_batch_calls=22530 palette_batch_vertices=794767 palette_batch_declined=0 palette_batch_closed_loops=22530 projection_batch_calls=23205 projection_batch_vertices=800017 projection_batch_declined=1 projection_batch_verified=0 sound_metadata_hits=0 sound_metadata_misses=0 sound_metadata_verified=0 deferred_midi_notes=0 animation_hierarchy_original_calls=0 animation_hierarchy_nodes=20563 animation_direct_write_calls=515 pose_blend_native_calls=0 pose_blend_original_calls=0 pose_direct_write_calls=0 matrix_vector_point_native_calls=7606 matrix_vector_point_original_calls=0 matrix_vector_direction_native_calls=4445 matrix_vector_direction_original_calls=0 matrix_vector_store_native_calls=0 matrix_vector_store_original_calls=0 matrix_vector_translation_native_calls=0 matrix_vector_translation_original_calls=0 atan_native_calls=0 inverse_trig_native_calls=12403 inverse_trig_declined=0 inverse_memory_calls=0 inverse_memory_stores=0 atan_original_calls=0 atan_quotient_native_calls=2 atan_quotient_original_calls=0 atan_polynomial_native_calls=0 atan_polynomial_original_calls=0 atan_scale_native_calls=0 atan_scale_original_calls=0 matrix_inverse_original_calls=0 matrix_determinant_native_calls=0 matrix_determinant_original_calls=0 player_state_readable=1 player_x=-19.0045 player_y=3.99511 player_z=13.0484 player_x_bits=3247966524 player_y_bits=1082109928 player_z_bits=1095812633 frame_window_begin=5 frame_window_end=25 game_ticks=258 hud_timer_ticks=10708 update_timing=0 update_tasks=0 update_tails=0 update_main_tasks=0 update_alternate_tasks=0 update_waits=0 update_elapsed=0 update_elapsed_extra=0 update_timer_setups=0 periodic_epoch_ns=118844522602287 periodic_callbacks=0 render_completion_experiment=0 guest_render_submitted=0 guest_render_completed=0 guest_render_dispatched=0 guest_render_callback=0 guest_render_counter=0 guest_render_nonzero_callbacks=0 update_unreadable=0 execution_thread_id=67397 execution_cpu_valid=1 execution_cpu_100ns=706279963 process_cpu_valid=1 process_cpu_100ns=4144496422 execution_cycles_valid=0 execution_cycles=0 phase=0 final=1
SONIC_NATIVE_SCENARIO_GAMEPLAY_COMPLETE id=gamma-emerald-coast protocol=3 input_profile=3 monotonic_ns=118845593991006 elapsed_ms=28327 frame=277 presentations=272 relative_frame=25 input_applied_frames=25 completed_frames=26 drawn_frames=25 max_frame_ns=1426327443 p95_frame_ns=1382450478 p99_frame_ns=1426327443 frame_samples=25 frame_samples_truncated=0
SONIC_NATIVE_SCENARIO_DEADLINE_ARMED frame=277 presentations=272
KATANA_NATIVE_FRAME_PACING_SNAPSHOT {"schema":1,"simulation_frames":277,"presentation_frames":273,"repeated_presentations":0,"late_simulation_frames":0,"missed_presentation_deadlines":7574,"simulation_rate_hz":30,"presentation_rate_hz":60,"enabled":true}
KATANA_NATIVE_PRODUCT_GATE status=not-reached milestone=FirstVisibleGameFrame stop_reason=2 bootstrap_phase=2
KATANA_RUNTIME_STOP_FRONTIER {"version":2,"stop_reason":2,"pc":2349152670,"pr":2349152670,"active_instruction":2349161410,"active_instruction_physical":201677762,"active_block":0,"active_block_physical":0,"active_block_size":0,"gpr":[126432174,2356798248,0,2349143952,0,2356800708,2356800704,4,2356545712,2349898930,2350259184,2348878714,2348878680,2349252608,2350509724,2348872648],"gbr":2358246912,"vbr":2348872704,"sr":1610612992,"mach":0,"macl":1924,"fpul":46,"fpscr":262245,"retired_guest_instructions":56375964,"attempted_guest_instructions":56375964}
