SONIC_CPU_PATH_DEFAULTS version=20260916 ram_regions=1 prepared_transfers=1
SONIC_INTERNAL_DIAGNOSTICS version=1 enabled=0
KATANA_NATIVE_PORT_BRINGUP unresolved_hardware_sites=96 probes=1
KATANA_NATIVE_BUILD_PROFILE name=performance pgo_mode=off pgo_profile_sha256=none aot_all_o2=1
SONIC_PRESENTATION mode=hor-plus output=800x500 renderer=vulkan camera=original render_percent=50 x_scale=0.833333 gameplay_timing=original
SONIC_STARTUP phase=Loading game code...
SONIC_STARTUP_PREFETCH backend=linux advised_bytes=317652992 mode=asynchronous
SONIC_STARTUP phase=Loading game data...
SONIC_STARTUP phase=Connecting controllers...
SONIC_STARTUP phase=Preparing graphics...
SONIC_VULKAN_DEVICE name=llvmpipe (LLVM 20.1.2, 256 bits) api=1.4 type2_nodes=5592405
SONIC_SHADER_CACHE backend=vulkan driver_hit=0 bytes=0
SONIC_VULKAN_WARMUP pipelines=0
SONIC_STARTUP phase=Starting game...
KATANA_NATIVE_FRAME_PACING simulation_fps=30 presentation_fps=60 catch_up=disabled
KATANA_NATIVE_PORT_BUILD_IDENTITY_V1:sha256:05a1c67fc1d6e5aee33963d0c1456242e84507378b637b71a9b3dd885ddc8e47
SONIC_NATIVE_PERIODIC_ADOPT reload=12500000 observed=12251537
SONIC_NATIVE_TEXTURE_SET acquired domain=main index=0 rows=7 archives=7 publication=guest-registry
SONIC_NATIVE_FRAME_BOUNDARY owner=frame-begin index=0 action=present open=1 draws=0 clear=0,0,0,1
SONIC_NATIVE_INPUT slot=0 connected=0 buttons=0x0 pressed=0x0 released=0x0
SONIC_NATIVE_INPUT slot=1 connected=0 buttons=0x0 pressed=0x0 released=0x0
SONIC_NATIVE_INPUT slot=2 connected=0 buttons=0x0 pressed=0x0 released=0x0
SONIC_NATIVE_INPUT slot=3 connected=0 buttons=0x0 pressed=0x0 released=0x0
SONIC_NATIVE_PRETRANSFORMED_PROBE r4=0x8c00f358 pr=0x8c09b4ea sp=0x8c00f350 fullscreen=1 r5=0x4 r6=0x60 fr4=0xbc23d70a streams=0x8c00f368,0x8c00f388,0x0 v0=[0x0,0x0,0xef000000] v1=[0x0,0x43f00000,0xef000000] v2=[0x44200000,0x43f00000,0xef000000] v3=[0x44200000,0x0,0xef000000]
SONIC_NATIVE_DRAW_PACKET frame=1 ordinal=0 vertices=4 topology=4 cull=0 shading=0 blend=1:6:7 depth=1:1:6 list=2 material=1:1:1:0
SONIC_NATIVE_DRAW_VERTEX ordinal=0 index=0 position=0,0,1 color=0,0,0,0.937255
SONIC_NATIVE_DRAW_VERTEX ordinal=0 index=1 position=640,0,1 color=0,0,0,0.937255
SONIC_NATIVE_DRAW_VERTEX ordinal=0 index=2 position=0,480,1 color=0,0,0,0.937255
SONIC_NATIVE_DRAW_VERTEX ordinal=0 index=3 position=640,480,1 color=0,0,0,0.937255
SONIC_NATIVE_DRAW_PACKET frame=1 ordinal=1 vertices=4 topology=4 cull=0 shading=1 blend=0:1:0 depth=1:1:6 list=0 material=1:0:0:0
SONIC_NATIVE_DRAW_VERTEX ordinal=1 index=0 position=-64,0,0.1 color=1,1,1,1
SONIC_NATIVE_DRAW_VERTEX ordinal=1 index=1 position=-64,256,0.1 color=1,1,1,1
SONIC_NATIVE_DRAW_VERTEX ordinal=1 index=2 position=192,0,0.1 color=1,1,1,1
SONIC_NATIVE_DRAW_VERTEX ordinal=1 index=3 position=192,256,0.1 color=1,1,1,1
SONIC_NATIVE_DRAW_PACKET frame=1 ordinal=2 vertices=4 topology=4 cull=0 shading=1 blend=0:1:0 depth=1:1:6 list=0 material=1:0:0:0
SONIC_NATIVE_DRAW_VERTEX ordinal=2 index=0 position=192,0,0.1 color=1,1,1,1
SONIC_NATIVE_DRAW_VERTEX ordinal=2 index=1 position=192,256,0.1 color=1,1,1,1
SONIC_NATIVE_DRAW_VERTEX ordinal=2 index=2 position=448,0,0.1 color=1,1,1,1
SONIC_NATIVE_DRAW_VERTEX ordinal=2 index=3 position=448,256,0.1 color=1,1,1,1
SONIC_NATIVE_DRAW_PACKET frame=1 ordinal=3 vertices=4 topology=4 cull=0 shading=1 blend=0:1:0 depth=1:1:6 list=0 material=1:0:0:0
SONIC_NATIVE_DRAW_VERTEX ordinal=3 index=0 position=448,0,0.1 color=1,1,1,1
SONIC_NATIVE_DRAW_VERTEX ordinal=3 index=1 position=448,256,0.1 color=1,1,1,1
SONIC_NATIVE_DRAW_VERTEX ordinal=3 index=2 position=704,0,0.1 color=1,1,1,1
SONIC_NATIVE_DRAW_VERTEX ordinal=3 index=3 position=704,256,0.1 color=1,1,1,1
SONIC_NATIVE_DRAW_PACKET frame=1 ordinal=4 vertices=4 topology=4 cull=0 shading=1 blend=0:1:0 depth=1:1:6 list=0 material=1:0:0:0
SONIC_NATIVE_DRAW_VERTEX ordinal=4 index=0 position=-64,256,0.1 color=1,1,1,1
SONIC_NATIVE_DRAW_VERTEX ordinal=4 index=1 position=-64,512,0.1 color=1,1,1,1
SONIC_NATIVE_DRAW_VERTEX ordinal=4 index=2 position=192,256,0.1 color=1,1,1,1
SONIC_NATIVE_DRAW_VERTEX ordinal=4 index=3 position=192,512,0.1 color=1,1,1,1
SONIC_NATIVE_DRAW_PACKET frame=1 ordinal=5 vertices=4 topology=4 cull=0 shading=1 blend=0:1:0 depth=1:1:6 list=0 material=1:0:0:0
SONIC_NATIVE_DRAW_VERTEX ordinal=5 index=0 position=192,256,0.1 color=1,1,1,1
SONIC_NATIVE_DRAW_VERTEX ordinal=5 index=1 position=192,512,0.1 color=1,1,1,1
SONIC_NATIVE_DRAW_VERTEX ordinal=5 index=2 position=448,256,0.1 color=1,1,1,1
SONIC_NATIVE_DRAW_VERTEX ordinal=5 index=3 position=448,512,0.1 color=1,1,1,1
SONIC_NATIVE_DRAW_PACKET frame=1 ordinal=6 vertices=4 topology=4 cull=0 shading=1 blend=0:1:0 depth=1:1:6 list=0 material=1:0:0:0
SONIC_NATIVE_DRAW_VERTEX ordinal=6 index=0 position=448,256,0.1 color=1,1,1,1
SONIC_NATIVE_DRAW_VERTEX ordinal=6 index=1 position=448,512,0.1 color=1,1,1,1
SONIC_NATIVE_DRAW_VERTEX ordinal=6 index=2 position=704,256,0.1 color=1,1,1,1
SONIC_NATIVE_DRAW_VERTEX ordinal=6 index=3 position=704,512,0.1 color=1,1,1,1
SONIC_NATIVE_FRAME_BOUNDARY owner=frame-begin index=1 action=present open=1 draws=7 clear=0,0,0,1
SONIC_VULKAN_PRESENT mode=immediate vsync_setting=2 visible=0
SONIC_VULKAN_PIPELINE kind=3 warmup=0 elapsed_ms=12.260
SONIC_STARTUP ready=1 elapsed_ms=13887.468
SONIC_NATIVE_FRAME_BOUNDARY owner=frame-begin index=2 action=present open=1 draws=7 clear=0,0,0,1
SONIC_VULKAN_PIPELINE kind=0 warmup=0 elapsed_ms=77.300
SONIC_VULKAN_PIPELINE kind=1 warmup=0 elapsed_ms=96.429
SONIC_VULKAN_PIPELINE kind=2 warmup=0 elapsed_ms=66.540
SONIC_NATIVE_FRAME_BOUNDARY owner=frame-begin index=3 action=present open=1 draws=7 clear=0,0,0,1
SONIC_NATIVE_FRAME_BOUNDARY owner=frame-begin index=4 action=present open=1 draws=7 clear=0,0,0,1
SONIC_NATIVE_FRAME_BOUNDARY owner=frame-begin index=5 action=present open=1 draws=7 clear=0,0,0,1
SONIC_NATIVE_FRAME_BOUNDARY owner=frame-begin index=6 action=present open=1 draws=7 clear=0,0,0,1
SONIC_NATIVE_FRAME_BOUNDARY owner=frame-begin index=7 action=present open=1 draws=7 clear=0,0,0,1
SONIC_NATIVE_FRAME_BOUNDARY owner=frame-begin index=8 action=present open=1 draws=7 clear=0,0,0,1
SONIC_NATIVE_FRAME_BOUNDARY owner=frame-begin index=9 action=present open=1 draws=7 clear=0,0,0,1
SONIC_NATIVE_MOVIE_SEQUENCE diagnostic-menu-edge=1
SONIC_NATIVE_MOVIE_SEQUENCE skip id=0 clip=0 input=menu
SONIC_NATIVE_MOVIE_SEQUENCE completed id=0 clips=0 skipped=1 completion_status=1 decoded_video=0 presented_video=0 audio_frames=0 visibly_non_black=0
SONIC_NATIVE_CONTENT request=advertise.prs normalized=ADVERTISE.PRS destination=0xcd00000
SONIC_NATIVE_PRS_SOURCE staged=SONICAD/ADVERTISE.PRS decoded=sha256:6e8a5806f1f32e6c17c70c30c953600f16fcdb4959b8cd91094c4b32062793d5 encoded_start=0xcd00000 encoded_bytes=0x2b000 sequence=1
SONIC_NATIVE_CONTENT loaded=SONICAD/ADVERTISE.PRS destination=0xcd00000 bytes=0x2ae96 sector_bytes=0x2b000
SONIC_NATIVE_PRS retired_runtime_images=1 retired_loaded_aot=0 destination=0xc900000
SONIC_NATIVE_PRS_MODULE identity=sha256:6e8a5806f1f32e6c17c70c30c953600f16fcdb4959b8cd91094c4b32062793d5 source=0x8088b000 runtime=0xc900000 bytes=0xe4648 generation=3 transition_epoch=1
SONIC_NATIVE_SOUND_BANK_MAP collection=0:1 available=13 retained=0 replaced=0 retired_one_shot=0 retired_sequence=0 stale_handles=0
SONIC_NATIVE_SOUND_COLLECTION loaded=SONICAD/MOBILE1.MLT bytes=1222016 active=1
SONIC_NATIVE_SOUND_BANK_MAP collection=1:1 available=13 retained=0 replaced=13 retired_one_shot=0 retired_sequence=0 stale_handles=0
SONIC_NATIVE_SOUND_COLLECTION loaded=SONICAD/EGGCARRIER.MLT bytes=1311520 active=2
SONIC_NATIVE_SOUND_BANK_MAP collection=2:1 available=5 retained=10 replaced=3 retired_one_shot=0 retired_sequence=0 stale_handles=0
SONIC_NATIVE_SOUND_COLLECTION loaded=SONICAD/V_SONICTAILS_E.MLT bytes=201472 active=3
SONIC_NATIVE_SOUND_BANK_MAP collection=3:1 available=5 retained=12 replaced=3 retired_one_shot=0 retired_sequence=0 stale_handles=0
SONIC_NATIVE_SOUND_COLLECTION loaded=SONICAD/P_SONICTAILS.MLT bytes=144000 active=4
SONIC_NATIVE_SCENARIO_STAGE_QUEUED id=knuckles-sky-deck stage=6:2 context=3 table=20:2 main=11->2 tuple_override=0 gameplay_probe=1 protocol=3 input_profile=3 frame=193 presentations=190
SONIC_NATIVE_CONTENT request=k_mot.PRS normalized=K_MOT.PRS destination=0xcd00000
SONIC_NATIVE_CONTENT loaded=SONICAD/K_MOT.PRS destination=0xcd00000 bytes=0x26ab7 sector_bytes=0x27000
SONIC_NATIVE_TEXTURE_SET acquired domain=character index=3 rows=2 archives=2 publication=guest-registry
SONIC_NATIVE_TEXTURE_SET acquired domain=main index=0 rows=7 archives=7 publication=guest-registry
SONIC_NATIVE_SDK_TEXTURE_VIEW pvm=0 acquired=1 copied=1 texlist=0x8c1bee94
SONIC_NATIVE_PRETRANSFORMED_STREAM kind=textured source=0x8c798718 count=4 texture_key=0x989800 translucent=0
SONIC_VULKAN_PIPELINE kind=0 warmup=0 elapsed_ms=78.782
SONIC_NATIVE_SOUND_BANK_MAP collection=4:1 available=13 retained=4 replaced=13 retired_one_shot=0 retired_sequence=0 stale_handles=0
SONIC_NATIVE_SOUND_COLLECTION loaded=SONICAD/SKYDECK_E.MLT bytes=1330944 active=5
SONIC_NATIVE_SOUND_BANK_MAP collection=5:1 available=5 retained=12 replaced=5 retired_one_shot=0 retired_sequence=0 stale_handles=0
SONIC_NATIVE_SOUND_COLLECTION loaded=SONICAD/V_KNUCKLES_E.MLT bytes=157408 active=6
SONIC_NATIVE_SOUND_BANK_MAP collection=6:1 available=5 retained=12 replaced=5 retired_one_shot=0 retired_sequence=0 stale_handles=0
SONIC_NATIVE_SOUND_COLLECTION loaded=SONICAD/P_KNUCKLES.MLT bytes=200160 active=7
SONIC_NATIVE_CONTENT request=stg06.PRS normalized=STG06.PRS destination=0xcd00000
SONIC_NATIVE_PRS_SOURCE staged=SONICAD/STG06.PRS decoded=sha256:50897cb1d7cf013171f400573286329cd401e9d45410e722ddc2a2b8778b8872 encoded_start=0xcd00000 encoded_bytes=0xc3800 sequence=2
SONIC_NATIVE_CONTENT loaded=SONICAD/STG06.PRS destination=0xcd00000 bytes=0xc31cc sector_bytes=0xc3800
SONIC_NATIVE_OVERLAY_TASK_RETIRE destination=0xc900000 bytes=0x1e74b8 owners=1 tasks=2 roots=2 child_graph=1 transition=sha256:50897cb1d7cf013171f400573286329cd401e9d45410e722ddc2a2b8778b8872
SONIC_NATIVE_OVERLAY_TASK_OWNER kind=loaded-aot identity=sha256:6e8a5806f1f32e6c17c70c30c953600f16fcdb4959b8cd91094c4b32062793d5 runtime=0x8c900000 bytes=0xe4648 generation=3
SONIC_NATIVE_PRS retired_runtime_images=0 retired_loaded_aot=1 destination=0xc900000
SONIC_NATIVE_PRS_MODULE identity=sha256:50897cb1d7cf013171f400573286329cd401e9d45410e722ddc2a2b8778b8872 source=0x836bb000 runtime=0xc900000 bytes=0x1e74b8 generation=5 transition_epoch=2
SONIC_NATIVE_CONTENT request=set0600K.bin normalized=SET0600K.BIN destination=0xcb68000
SONIC_NATIVE_CONTENT missing_path=SET0600K.BIN guest_pointer=0x8c00f314 destination=0xcb68000
SONIC_NATIVE_CONTENT request=set0600S.bin normalized=SET0600S.BIN destination=0xcb68000
SONIC_NATIVE_CONTENT loaded=SONICAD/SET0600S.BIN destination=0xcb68000 bytes=0x5be0 sector_bytes=0x6000
SONIC_NATIVE_CONTENT request=set0601K.bin normalized=SET0601K.BIN destination=0xcb70000
SONIC_NATIVE_CONTENT missing_path=SET0601K.BIN guest_pointer=0x8c00f314 destination=0xcb70000
SONIC_NATIVE_CONTENT request=set0601S.bin normalized=SET0601S.BIN destination=0xcb70000
SONIC_NATIVE_CONTENT loaded=SONICAD/SET0601S.BIN destination=0xcb70000 bytes=0x6120 sector_bytes=0x6800
SONIC_NATIVE_CONTENT request=set0602K.bin normalized=SET0602K.BIN destination=0xcb78000
SONIC_NATIVE_CONTENT loaded=SONICAD/SET0602K.BIN destination=0xcb78000 bytes=0x3220 sector_bytes=0x3800
SONIC_NATIVE_CONTENT request=cam0600K.bin normalized=CAM0600K.BIN destination=0xcb50000
SONIC_NATIVE_CONTENT missing_path=CAM0600K.BIN guest_pointer=0x8c00f318 destination=0xcb50000
SONIC_NATIVE_CONTENT request=cam0600S.bin normalized=CAM0600S.BIN destination=0xcb50000
SONIC_NATIVE_CONTENT loaded=SONICAD/CAM0600S.BIN destination=0xcb50000 bytes=0x2440 sector_bytes=0x2800
SONIC_NATIVE_CONTENT request=cam0601K.bin normalized=CAM0601K.BIN destination=0xcb58000
SONIC_NATIVE_CONTENT missing_path=CAM0601K.BIN guest_pointer=0x8c00f318 destination=0xcb58000
SONIC_NATIVE_CONTENT request=cam0601S.bin normalized=CAM0601S.BIN destination=0xcb58000
SONIC_NATIVE_CONTENT loaded=SONICAD/CAM0601S.BIN destination=0xcb58000 bytes=0xa80 sector_bytes=0x1000
SONIC_NATIVE_CONTENT request=cam0602K.bin normalized=CAM0602K.BIN destination=0xcb60000
SONIC_NATIVE_CONTENT loaded=SONICAD/CAM0602K.BIN destination=0xcb60000 bytes=0xb40 sector_bytes=0x1000
SONIC_NATIVE_TEXTURE_SET acquired domain=character index=3 rows=2 archives=2 publication=guest-registry
SONIC_NATIVE_TEXTURE_SET acquired domain=main index=0 rows=7 archives=7 publication=guest-registry
SONIC_NATIVE_SDK_TEXTURE_VIEW pvm=1 acquired=213 copied=213 texlist=0xc9fbb30
SONIC_NATIVE_SDK_TEXTURE_VIEW pvm=1 acquired=34 copied=34 texlist=0xcae1eb0
SONIC_NATIVE_SDK_TEXTURE_VIEW pvm=1 acquired=14 copied=14 texlist=0x8c5c4fe0
SONIC_NATIVE_SDK_TEXTURE_VIEW pvm=1 acquired=3 copied=3 texlist=0x8c5c25cc
SONIC_NATIVE_SDK_TEXTURE_VIEW pvm=1 acquired=2 copied=2 texlist=0x8c5c16cc
SONIC_NATIVE_SDK_TEXTURE_VIEW pvm=1 acquired=9 copied=9 texlist=0xcae2150
SONIC_NATIVE_SDK_TEXTURE_VIEW pvm=1 acquired=5 copied=5 texlist=0x8c16aebc
SONIC_NATIVE_SDK_TEXTURE_VIEW pvm=1 acquired=5 copied=5 texlist=0x8c17000c
SONIC_NATIVE_SDK_TEXTURE_VIEW pvm=1 acquired=5 copied=5 texlist=0x8c16d7d8
SONIC_NATIVE_SDK_TEXTURE_VIEW pvm=1 acquired=4 copied=4 texlist=0x8c1843a0
SONIC_NATIVE_SDK_TEXTURE_VIEW pvm=1 acquired=4 copied=4 texlist=0x8c188720
SONIC_NATIVE_SDK_TEXTURE_VIEW pvm=1 acquired=12 copied=12 texlist=0x8c1be900
SONIC_NATIVE_SDK_TEXTURE_VIEW pvm=0 acquired=1 copied=1 texlist=0xcae3a94
SONIC_NATIVE_SDK_TEXTURE_VIEW pvm=1 acquired=65 copied=65 texlist=0xc9ac954
SONIC_NATIVE_LIGHTING_CONTENT loaded=SONICAD/SL_60B.BIN destination=0x8c6aeec4 backing=0xc6aeec4 bytes=0x800 sector_bytes=0x800
SONIC_NATIVE_LIGHTING_CONTENT loaded=SONICAD/PL_60B.BIN destination=0x8c038f60 backing=0xc038f60 bytes=0x2200 sector_bytes=0x2800
SONIC_NATIVE_SDK_TEXTURE_VIEW pvm=0 acquired=1 copied=1 texlist=0x8c6b67b8
SONIC_NATIVE_LIGHTING_CONTENT loaded=SONICAD/PL_60B.BIN destination=0xcae8b4c backing=0xcae8b4c bytes=0x2200 sector_bytes=0x2800
SONIC_NATIVE_LIGHTING_CONTENT loaded=SONICAD/PL_61B.BIN destination=0xcaecb4c backing=0xcaecb4c bytes=0x3180 sector_bytes=0x3800
SONIC_VULKAN_PIPELINE kind=0 warmup=0 elapsed_ms=113.655
SONIC_VULKAN_PIPELINE kind=0 warmup=0 elapsed_ms=112.519
SONIC_VULKAN_PIPELINE kind=1 warmup=0 elapsed_ms=123.051
SONIC_VULKAN_PIPELINE kind=1 warmup=0 elapsed_ms=95.433
SONIC_VULKAN_PIPELINE kind=1 warmup=0 elapsed_ms=97.398
SONIC_NATIVE_CONTENT_RANGE bound=SONICAD/EVENT_ADX_US.AFS start_sector=450138 sectors=31836 bytes=65200128
SONIC_NATIVE_ADX_AFS bound=SONICAD/EVENT_ADX_US.AFS identity=sha256:58a427309d55eb6613b09a056461c5d5f4e3c82e61936980d2d2d1bf04cd0dcd afs_id=0 entries=2044
SONIC_NATIVE_PCM_STREAM_RING registered bank=15 offset=0x1fbfc0 bytes=0x4000 resource=0x141f8 mirror=0x8c8d371c
SONIC_NATIVE_PCM_STREAM_RING registered bank=14 offset=0x1f7f80 bytes=0x4000 resource=0x141f0 mirror=0x8c8d3714
SONIC_NATIVE_PCM_STREAM_RING registered bank=13 offset=0x1f3f40 bytes=0x4000 resource=0x141e8 mirror=0x8c8d370c
[adx @ 0x74299007be40] Estimating duration from bitrate, this may be inaccurate
SONIC_NATIVE_ADX start=SONICAD/SKYDECK2.ADX identity=sha256:1d6c87e33916c1317f971fd9f85ac2160d52a9e1e7620f48bc4aaf8c00ae3b01 guest_handle=0x8c6736f0 callsite=0x8c107892 pr=0x8c107894 bgm_signature=0x0 bgm_trace=0 bgm_frame=0 bgm_selection=0 bgm_request=0 bgm_mirror=0 bgm_handles=0x0,0x0 voice=0:1 active=1 playing=1 queued=2048 loop=1 loop_start=331103 loop_end=3819640 gain=0.891251 wrapper_valid=1 wrapper=0x2000301,0x8c8a3850,0x0,0x8c8a4950,0x8c8a64f8,0x8c8a64f8
[adx @ 0x74299007be40] Estimating duration from bitrate, this may be inaccurate
SONIC_NATIVE_SCENARIO_GAMEPLAY_STARTED id=knuckles-sky-deck protocol=3 input_profile=3 monotonic_ns=119093053612133 frame=252 presentations=247 load_ms=114151 owner_generation=5 stage_state=0 stage_mode=1
SONIC_NATIVE_INPUT slot=0 connected=1 buttons=0x0 pressed=0x0 released=0x0
SONIC_NATIVE_SCENARIO_GAMEPLAY_SAMPLE id=knuckles-sky-deck protocol=3 input_profile=3 monotonic_ns=119094959173895 elapsed_ms=1905 collision_debug_signed=-1 frame=253 presentations=248 relative_frame=1 max_frame_ns=1905561762 input_applied_frames=1 completed_frames=2 drawn_frames=1 cadence_readable=1 active_video_hz=50 clock_owner=postpal-checkpoint clock_bound_frame=0 tv_mode_readable=1 tv_mode_word=1 release_slots=2 logical_delta=2 sixty_frame_fixture=0 native_gameplay_math=1 native_leaf_math=1 math_scope_readable=1 main_state=4 scene=15 palette_native_calls=21318 palette_original_calls=0 vertex_normals_native_calls=0 vertex_normals_original_calls=0 matrix_push_native_calls=12532 matrix_push_original_calls=0 matrix_pop_native_calls=14864 matrix_pop_original_calls=0 matrix_staged_groups=0 collision_cross_native_calls=352 collision_length_native_calls=4988 collision_normalize_native_calls=1232 collision_cross_original_calls=0 collision_length_original_calls=0 collision_normalize_original_calls=0 matrix_inverse_native_calls=8925 triangle_contacts_native_calls=0 triangle_contacts_original_calls=0 triangle_contacts_scope_blocked_calls=0 collision_candidates_native_calls=3768 collision_candidates_scope_blocked_calls=0 collision_candidates_original_calls=0 motion_sampling_native_calls=0 motion_sampling_original_calls=0 animation_hierarchy_native_calls=175 model_packets=0 model_snapshots=0 model_packet_verified=0 model_packet_vertices=0 model_gpu_draws=0 model_point_uploads=0 model_corner_uploads=0 closed_memory_calls=198978 closed_memory_words=2623346 collision_memory_intervals=0 collision_memory_reads=0 collision_memory_writes=0 model_pipeline_calls=21440 model_pipeline_declined=0 model_pipeline_points=551040 model_pipeline_normals=20015 model_pipeline_draws=20015 model_pipeline_direct_outputs=20121 model_pipeline_root_operations=0 model_pipeline_closed_children=0 object_distance_calls=75316 object_distance_native=75316 object_distance_fallback=0 object_activation_calls=175 object_lifetime_calls=27237 object_records=70000 object_created=153 object_retired=6 object_declined=0 object_slow_accesses=0 movement_calls=0 movement_declined=0 movement_callbacks=0 movement_reentries=0 contact_family_calls=0 object_contact_calls=0 camera_operation_calls=0 contact_family_internal=0 contact_family_foreign=0 contact_family_resumes=0 world_calls=176 world_declined=0 world_internal=17965 world_callbacks=60355 world_resumes=0 world_membership=16887 world_eligibility=16791 render_hierarchy_calls=4364 render_hierarchy_declined=0 render_hierarchy_internal=61609 render_hierarchy_callbacks=6993 render_model_calls=0 render_model_revocations=0 render_hierarchy_resumes=0 rigid_hierarchy_calls=3905 morph_hierarchy_calls=0 land_render_calls=0 collision_fused_cross=0 collision_fused_length=0 collision_fused_normalize=0 matrix_bulk_pushes=0 matrix_bulk_pops=0 matrix_bulk_saved=0 matrix_bulk_loaded=0 render_context_captures=7147 render_context_commits=7147 render_context_fallbacks=0 render_context_direct_calls=14294 palette_batch_calls=21318 palette_batch_vertices=605363 palette_batch_declined=0 palette_batch_closed_loops=21318 projection_batch_calls=22806 projection_batch_vertices=626012 projection_batch_declined=46 projection_batch_verified=0 sound_metadata_hits=0 sound_metadata_misses=0 sound_metadata_verified=0 deferred_midi_notes=0 animation_hierarchy_original_calls=0 animation_hierarchy_nodes=12775 animation_direct_write_calls=175 pose_blend_native_calls=0 pose_blend_original_calls=0 pose_direct_write_calls=0 matrix_vector_point_native_calls=26694 matrix_vector_point_original_calls=0 matrix_vector_direction_native_calls=28845 matrix_vector_direction_original_calls=0 matrix_vector_store_native_calls=0 matrix_vector_store_original_calls=0 matrix_vector_translation_native_calls=0 matrix_vector_translation_original_calls=0 atan_native_calls=0 inverse_trig_native_calls=57487 inverse_trig_declined=0 inverse_memory_calls=0 inverse_memory_stores=0 atan_original_calls=0 atan_quotient_native_calls=2 atan_quotient_original_calls=0 atan_polynomial_native_calls=0 atan_polynomial_original_calls=0 atan_scale_native_calls=0 atan_scale_original_calls=0 matrix_inverse_original_calls=0 matrix_determinant_native_calls=0 matrix_determinant_original_calls=0 player_state_readable=1 player_x=673.893 player_y=199.992 player_z=12.0037 player_x_bits=1143503146 player_y_bits=1128791560 player_z_bits=1094717177 frame_window_begin=5 frame_window_end=25 game_ticks=176 hud_timer_ticks=10 update_timing=0 update_tasks=0 update_tails=0 update_main_tasks=0 update_alternate_tasks=0 update_waits=0 update_elapsed=0 update_elapsed_extra=0 update_timer_setups=0 periodic_epoch_ns=119093055238030 periodic_callbacks=0 render_completion_experiment=0 guest_render_submitted=0 guest_render_completed=0 guest_render_dispatched=0 guest_render_callback=0 guest_render_counter=0 guest_render_nonzero_callbacks=0 update_unreadable=0 execution_thread_id=67568 execution_cpu_valid=1 execution_cpu_100ns=744260831 process_cpu_valid=1 process_cpu_100ns=4659082259 execution_cycles_valid=0 execution_cycles=0 phase=0 final=0
SONIC_NATIVE_SCENARIO_GAMEPLAY_SAMPLE id=knuckles-sky-deck protocol=3 input_profile=3 monotonic_ns=119096874934142 elapsed_ms=3821 collision_debug_signed=-1 frame=254 presentations=249 relative_frame=2 max_frame_ns=1915760247 input_applied_frames=2 completed_frames=3 drawn_frames=2 cadence_readable=1 active_video_hz=50 clock_owner=postpal-checkpoint clock_bound_frame=0 tv_mode_readable=1 tv_mode_word=1 release_slots=2 logical_delta=2 sixty_frame_fixture=0 native_gameplay_math=1 native_leaf_math=1 math_scope_readable=1 main_state=4 scene=15 palette_native_calls=21735 palette_original_calls=0 vertex_normals_native_calls=0 vertex_normals_original_calls=0 matrix_push_native_calls=12798 matrix_push_original_calls=0 matrix_pop_native_calls=15185 matrix_pop_original_calls=0 matrix_staged_groups=0 collision_cross_native_calls=360 collision_length_native_calls=5101 collision_normalize_native_calls=1260 collision_cross_original_calls=0 collision_length_original_calls=0 collision_normalize_original_calls=0 matrix_inverse_native_calls=9129 triangle_contacts_native_calls=0 triangle_contacts_original_calls=0 triangle_contacts_scope_blocked_calls=0 collision_candidates_native_calls=3864 collision_candidates_scope_blocked_calls=0 collision_candidates_original_calls=0 motion_sampling_native_calls=0 motion_sampling_original_calls=0 animation_hierarchy_native_calls=179 model_packets=0 model_snapshots=0 model_packet_verified=0 model_packet_vertices=0 model_gpu_draws=0 model_point_uploads=0 model_corner_uploads=0 closed_memory_calls=203539 closed_memory_words=2679590 collision_memory_intervals=0 collision_memory_reads=0 collision_memory_writes=0 model_pipeline_calls=21865 model_pipeline_declined=0 model_pipeline_points=561858 model_pipeline_normals=20407 model_pipeline_draws=20407 model_pipeline_direct_outputs=20515 model_pipeline_root_operations=0 model_pipeline_closed_children=0 object_distance_calls=77036 object_distance_native=77036 object_distance_fallback=0 object_activation_calls=179 object_lifetime_calls=27861 object_records=71600 object_created=153 object_retired=6 object_declined=0 object_slow_accesses=0 movement_calls=0 movement_declined=0 movement_callbacks=0 movement_reentries=0 contact_family_calls=0 object_contact_calls=0 camera_operation_calls=0 contact_family_internal=0 contact_family_foreign=0 contact_family_resumes=0 world_calls=180 world_declined=0 world_internal=17969 world_callbacks=61547 world_resumes=0 world_membership=17271 world_eligibility=17175 render_hierarchy_calls=4457 render_hierarchy_declined=0 render_hierarchy_internal=62828 render_hierarchy_callbacks=7137 render_model_calls=0 render_model_revocations=0 render_hierarchy_resumes=0 rigid_hierarchy_calls=3989 morph_hierarchy_calls=0 land_render_calls=0 collision_fused_cross=0 collision_fused_length=0 collision_fused_normalize=0 matrix_bulk_pushes=0 matrix_bulk_pops=0 matrix_bulk_saved=0 matrix_bulk_loaded=0 render_context_captures=7294 render_context_commits=7294 render_context_fallbacks=0 render_context_direct_calls=14588 palette_batch_calls=21735 palette_batch_vertices=617198 palette_batch_declined=0 palette_batch_closed_loops=21735 projection_batch_calls=23253 projection_batch_vertices=638267 projection_batch_declined=46 projection_batch_verified=0 sound_metadata_hits=0 sound_metadata_misses=0 sound_metadata_verified=0 deferred_midi_notes=0 animation_hierarchy_original_calls=0 animation_hierarchy_nodes=13067 animation_direct_write_calls=179 pose_blend_native_calls=0 pose_blend_original_calls=0 pose_direct_write_calls=0 matrix_vector_point_native_calls=27148 matrix_vector_point_original_calls=0 matrix_vector_direction_native_calls=29504 matrix_vector_direction_original_calls=0 matrix_vector_store_native_calls=0 matrix_vector_store_original_calls=0 matrix_vector_translation_native_calls=0 matrix_vector_translation_original_calls=0 atan_native_calls=0 inverse_trig_native_calls=58999 inverse_trig_declined=0 inverse_memory_calls=0 inverse_memory_stores=0 atan_original_calls=0 atan_quotient_native_calls=2 atan_quotient_original_calls=0 atan_polynomial_native_calls=0 atan_polynomial_original_calls=0 atan_scale_native_calls=0 atan_scale_original_calls=0 matrix_inverse_original_calls=0 matrix_determinant_native_calls=0 matrix_determinant_original_calls=0 player_state_readable=1 player_x=673.506 player_y=199.992 player_z=12.0307 player_x_bits=1143496795 player_y_bits=1128791554 player_z_bits=1094745552 frame_window_begin=5 frame_window_end=25 game_ticks=180 hud_timer_ticks=14 update_timing=0 update_tasks=0 update_tails=0 update_main_tasks=0 update_alternate_tasks=0 update_waits=0 update_elapsed=0 update_elapsed_extra=0 update_timer_setups=0 periodic_epoch_ns=119094965321296 periodic_callbacks=0 render_completion_experiment=0 guest_render_submitted=0 guest_render_completed=0 guest_render_dispatched=0 guest_render_callback=0 guest_render_counter=0 guest_render_nonzero_callbacks=0 update_unreadable=0 execution_thread_id=67568 execution_cpu_valid=1 execution_cpu_100ns=754070076 process_cpu_valid=1 process_cpu_100ns=4722196643 execution_cycles_valid=0 execution_cycles=0 phase=0 final=0
SONIC_NATIVE_SCENARIO_GAMEPLAY_SAMPLE id=knuckles-sky-deck protocol=3 input_profile=3 monotonic_ns=119098802821043 elapsed_ms=5749 collision_debug_signed=-1 frame=255 presentations=250 relative_frame=3 max_frame_ns=1927886901 input_applied_frames=3 completed_frames=4 drawn_frames=3 cadence_readable=1 active_video_hz=50 clock_owner=postpal-checkpoint clock_bound_frame=0 tv_mode_readable=1 tv_mode_word=1 release_slots=2 logical_delta=2 sixty_frame_fixture=0 native_gameplay_math=1 native_leaf_math=1 math_scope_readable=1 main_state=4 scene=15 palette_native_calls=22151 palette_original_calls=0 vertex_normals_native_calls=0 vertex_normals_original_calls=0 matrix_push_native_calls=13024 matrix_push_original_calls=0 matrix_pop_native_calls=15452 matrix_pop_original_calls=0 matrix_staged_groups=0 collision_cross_native_calls=366 collision_length_native_calls=5188 collision_normalize_native_calls=1281 collision_cross_original_calls=0 collision_length_original_calls=0 collision_normalize_original_calls=0 matrix_inverse_native_calls=9282 triangle_contacts_native_calls=0 triangle_contacts_original_calls=0 triangle_contacts_scope_blocked_calls=0 collision_candidates_native_calls=3936 collision_candidates_scope_blocked_calls=0 collision_candidates_original_calls=0 motion_sampling_native_calls=0 motion_sampling_original_calls=0 animation_hierarchy_native_calls=182 model_packets=0 model_snapshots=0 model_packet_verified=0 model_packet_vertices=0 model_gpu_draws=0 model_point_uploads=0 model_corner_uploads=0 closed_memory_calls=207109 closed_memory_words=2728657 collision_memory_intervals=0 collision_memory_reads=0 collision_memory_writes=0 model_pipeline_calls=22280 model_pipeline_declined=0 model_pipeline_points=572613 model_pipeline_normals=20798 model_pipeline_draws=20798 model_pipeline_direct_outputs=20908 model_pipeline_root_operations=0 model_pipeline_closed_children=0 object_distance_calls=78326 object_distance_native=78326 object_distance_fallback=0 object_activation_calls=182 object_lifetime_calls=28329 object_records=72800 object_created=153 object_retired=6 object_declined=0 object_slow_accesses=0 movement_calls=0 movement_declined=0 movement_callbacks=0 movement_reentries=0 contact_family_calls=0 object_contact_calls=0 camera_operation_calls=0 contact_family_internal=0 contact_family_foreign=0 contact_family_resumes=0 world_calls=183 world_declined=0 world_internal=17972 world_callbacks=62441 world_resumes=0 world_membership=17559 world_eligibility=17463 render_hierarchy_calls=4539 render_hierarchy_declined=0 render_hierarchy_internal=64042 render_hierarchy_callbacks=7271 render_model_calls=0 render_model_revocations=0 render_hierarchy_resumes=0 rigid_hierarchy_calls=4062 morph_hierarchy_calls=0 land_render_calls=0 collision_fused_cross=0 collision_fused_length=0 collision_fused_normalize=0 matrix_bulk_pushes=0 matrix_bulk_pops=0 matrix_bulk_saved=0 matrix_bulk_loaded=0 render_context_captures=7430 render_context_commits=7430 render_context_fallbacks=0 render_context_direct_calls=14860 palette_batch_calls=22151 palette_batch_vertices=628970 palette_batch_declined=0 palette_batch_closed_loops=22151 projection_batch_calls=23699 projection_batch_vertices=650459 projection_batch_declined=46 projection_batch_verified=0 sound_metadata_hits=0 sound_metadata_misses=0 sound_metadata_verified=0 deferred_midi_notes=0 animation_hierarchy_original_calls=0 animation_hierarchy_nodes=13286 animation_direct_write_calls=182 pose_blend_native_calls=0 pose_blend_original_calls=0 pose_direct_write_calls=0 matrix_vector_point_native_calls=27492 matrix_vector_point_original_calls=0 matrix_vector_direction_native_calls=30000 matrix_vector_direction_original_calls=0 matrix_vector_store_native_calls=0 matrix_vector_store_original_calls=0 matrix_vector_translation_native_calls=0 matrix_vector_translation_original_calls=0 atan_native_calls=0 inverse_trig_native_calls=60125 inverse_trig_declined=0 inverse_memory_calls=0 inverse_memory_stores=0 atan_original_calls=0 atan_quotient_native_calls=2 atan_quotient_original_calls=0 atan_polynomial_native_calls=0 atan_polynomial_original_calls=0 atan_scale_native_calls=0 atan_scale_original_calls=0 matrix_inverse_original_calls=0 matrix_determinant_native_calls=0 matrix_determinant_original_calls=0 player_state_readable=1 player_x=673.031 player_y=199.992 player_z=12.0746 player_x_bits=1143489028 player_y_bits=1128791546 player_z_bits=1094791608 frame_window_begin=5 frame_window_end=25 game_ticks=183 hud_timer_ticks=17 update_timing=0 update_tasks=0 update_tails=0 update_main_tasks=0 update_alternate_tasks=0 update_waits=0 update_elapsed=0 update_elapsed_extra=0 update_timer_setups=0 periodic_epoch_ns=119096880704961 periodic_callbacks=0 render_completion_experiment=0 guest_render_submitted=0 guest_render_completed=0 guest_render_dispatched=0 guest_render_callback=0 guest_render_counter=0 guest_render_nonzero_callbacks=0 update_unreadable=0 execution_thread_id=67568 execution_cpu_valid=1 execution_cpu_100ns=763239637 process_cpu_valid=1 process_cpu_100ns=4785090641 execution_cycles_valid=0 execution_cycles=0 phase=0 final=0
SONIC_NATIVE_SCENARIO_GAMEPLAY_SAMPLE id=knuckles-sky-deck protocol=3 input_profile=3 monotonic_ns=119100725873861 elapsed_ms=7672 collision_debug_signed=-1 frame=256 presentations=251 relative_frame=4 max_frame_ns=1927886901 input_applied_frames=4 completed_frames=5 drawn_frames=4 cadence_readable=1 active_video_hz=50 clock_owner=postpal-checkpoint clock_bound_frame=0 tv_mode_readable=1 tv_mode_word=1 release_slots=2 logical_delta=2 sixty_frame_fixture=0 native_gameplay_math=1 native_leaf_math=1 math_scope_readable=1 main_state=4 scene=15 palette_native_calls=22567 palette_original_calls=0 vertex_normals_native_calls=0 vertex_normals_original_calls=0 matrix_push_native_calls=13289 matrix_push_original_calls=0 matrix_pop_native_calls=15772 matrix_pop_original_calls=0 matrix_staged_groups=0 collision_cross_native_calls=374 collision_length_native_calls=5301 collision_normalize_native_calls=1309 collision_cross_original_calls=0 collision_length_original_calls=0 collision_normalize_original_calls=0 matrix_inverse_native_calls=9486 triangle_contacts_native_calls=0 triangle_contacts_original_calls=0 triangle_contacts_scope_blocked_calls=0 collision_candidates_native_calls=4032 collision_candidates_scope_blocked_calls=0 collision_candidates_original_calls=0 motion_sampling_native_calls=0 motion_sampling_original_calls=0 animation_hierarchy_native_calls=186 model_packets=0 model_snapshots=0 model_packet_verified=0 model_packet_vertices=0 model_gpu_draws=0 model_point_uploads=0 model_corner_uploads=0 closed_memory_calls=211619 closed_memory_words=2784462 collision_memory_intervals=0 collision_memory_reads=0 collision_memory_writes=0 model_pipeline_calls=22704 model_pipeline_declined=0 model_pipeline_points=583368 model_pipeline_normals=21189 model_pipeline_draws=21189 model_pipeline_direct_outputs=21301 model_pipeline_root_operations=0 model_pipeline_closed_children=0 object_distance_calls=80046 object_distance_native=80046 object_distance_fallback=0 object_activation_calls=186 object_lifetime_calls=28953 object_records=74400 object_created=153 object_retired=6 object_declined=0 object_slow_accesses=0 movement_calls=0 movement_declined=0 movement_callbacks=0 movement_reentries=0 contact_family_calls=0 object_contact_calls=0 camera_operation_calls=0 contact_family_internal=0 contact_family_foreign=0 contact_family_resumes=0 world_calls=187 world_declined=0 world_internal=17976 world_callbacks=63633 world_resumes=0 world_membership=17943 world_eligibility=17847 render_hierarchy_calls=4631 render_hierarchy_declined=0 render_hierarchy_internal=65261 render_hierarchy_callbacks=7414 render_model_calls=0 render_model_revocations=0 render_hierarchy_resumes=0 rigid_hierarchy_calls=4145 morph_hierarchy_calls=0 land_render_calls=0 collision_fused_cross=0 collision_fused_length=0 collision_fused_normalize=0 matrix_bulk_pushes=0 matrix_bulk_pops=0 matrix_bulk_saved=0 matrix_bulk_loaded=0 render_context_captures=7576 render_context_commits=7576 render_context_fallbacks=0 render_context_direct_calls=15152 palette_batch_calls=22567 palette_batch_vertices=640742 palette_batch_declined=0 palette_batch_closed_loops=22567 projection_batch_calls=24145 projection_batch_vertices=662651 projection_batch_declined=46 projection_batch_verified=0 sound_metadata_hits=0 sound_metadata_misses=0 sound_metadata_verified=0 deferred_midi_notes=0 animation_hierarchy_original_calls=0 animation_hierarchy_nodes=13578 animation_direct_write_calls=186 pose_blend_native_calls=0 pose_blend_original_calls=0 pose_direct_write_calls=0 matrix_vector_point_native_calls=27946 matrix_vector_point_original_calls=0 matrix_vector_direction_native_calls=30659 matrix_vector_direction_original_calls=0 matrix_vector_store_native_calls=0 matrix_vector_store_original_calls=0 matrix_vector_translation_native_calls=0 matrix_vector_translation_original_calls=0 atan_native_calls=0 inverse_trig_native_calls=61605 inverse_trig_declined=0 inverse_memory_calls=0 inverse_memory_stores=0 atan_original_calls=0 atan_quotient_native_calls=2 atan_quotient_original_calls=0 atan_polynomial_native_calls=0 atan_polynomial_original_calls=0 atan_scale_native_calls=0 atan_scale_original_calls=0 matrix_inverse_original_calls=0 matrix_determinant_native_calls=0 matrix_determinant_original_calls=0 player_state_readable=1 player_x=672.26 player_y=199.992 player_z=12.1573 player_x_bits=1143476394 player_y_bits=1128791532 player_z_bits=1094878301 frame_window_begin=5 frame_window_end=25 game_ticks=187 hud_timer_ticks=21 update_timing=0 update_tasks=0 update_tails=0 update_main_tasks=0 update_alternate_tasks=0 update_waits=0 update_elapsed=0 update_elapsed_extra=0 update_timer_setups=0 periodic_epoch_ns=119098808170861 periodic_callbacks=1 render_completion_experiment=0 guest_render_submitted=0 guest_render_completed=0 guest_render_dispatched=0 guest_render_callback=0 guest_render_counter=0 guest_render_nonzero_callbacks=0 update_unreadable=0 execution_thread_id=67568 execution_cpu_valid=1 execution_cpu_100ns=773645751 process_cpu_valid=1 process_cpu_100ns=4848988292 execution_cycles_valid=0 execution_cycles=0 phase=0 final=0
SONIC_NATIVE_SCENARIO_GAMEPLAY_SAMPLE id=knuckles-sky-deck protocol=3 input_profile=3 monotonic_ns=119102605796836 elapsed_ms=9552 collision_debug_signed=-1 frame=257 presentations=252 relative_frame=5 max_frame_ns=1927886901 input_applied_frames=5 completed_frames=6 drawn_frames=5 cadence_readable=1 active_video_hz=50 clock_owner=postpal-checkpoint clock_bound_frame=0 tv_mode_readable=1 tv_mode_word=1 release_slots=2 logical_delta=2 sixty_frame_fixture=0 native_gameplay_math=1 native_leaf_math=1 math_scope_readable=1 main_state=4 scene=15 palette_native_calls=22983 palette_original_calls=0 vertex_normals_native_calls=0 vertex_normals_original_calls=0 matrix_push_native_calls=13515 matrix_push_original_calls=0 matrix_pop_native_calls=16039 matrix_pop_original_calls=0 matrix_staged_groups=0 collision_cross_native_calls=380 collision_length_native_calls=5388 collision_normalize_native_calls=1330 collision_cross_original_calls=0 collision_length_original_calls=0 collision_normalize_original_calls=0 matrix_inverse_native_calls=9639 triangle_contacts_native_calls=0 triangle_contacts_original_calls=0 triangle_contacts_scope_blocked_calls=0 collision_candidates_native_calls=4104 collision_candidates_scope_blocked_calls=0 collision_candidates_original_calls=0 motion_sampling_native_calls=0 motion_sampling_original_calls=0 animation_hierarchy_native_calls=189 model_packets=0 model_snapshots=0 model_packet_verified=0 model_packet_vertices=0 model_gpu_draws=0 model_point_uploads=0 model_corner_uploads=0 closed_memory_calls=215165 closed_memory_words=2833393 collision_memory_intervals=0 collision_memory_reads=0 collision_memory_writes=0 model_pipeline_calls=23119 model_pipeline_declined=0 model_pipeline_points=594123 model_pipeline_normals=21580 model_pipeline_draws=21580 model_pipeline_direct_outputs=21694 model_pipeline_root_operations=0 model_pipeline_closed_children=0 object_distance_calls=81336 object_distance_native=81336 object_distance_fallback=0 object_activation_calls=189 object_lifetime_calls=29421 object_records=75600 object_created=153 object_retired=6 object_declined=0 object_slow_accesses=0 movement_calls=0 movement_declined=0 movement_callbacks=0 movement_reentries=0 contact_family_calls=0 object_contact_calls=0 camera_operation_calls=0 contact_family_internal=0 contact_family_foreign=0 contact_family_resumes=0 world_calls=190 world_declined=0 world_internal=17979 world_callbacks=64527 world_resumes=0 world_membership=18231 world_eligibility=18135 render_hierarchy_calls=4713 render_hierarchy_declined=0 render_hierarchy_internal=66475 render_hierarchy_callbacks=7548 render_model_calls=0 render_model_revocations=0 render_hierarchy_resumes=0 rigid_hierarchy_calls=4218 morph_hierarchy_calls=0 land_render_calls=0 collision_fused_cross=0 collision_fused_length=0 collision_fused_normalize=0 matrix_bulk_pushes=0 matrix_bulk_pops=0 matrix_bulk_saved=0 matrix_bulk_loaded=0 render_context_captures=7712 render_context_commits=7712 render_context_fallbacks=0 render_context_direct_calls=15424 palette_batch_calls=22983 palette_batch_vertices=652514 palette_batch_declined=0 palette_batch_closed_loops=22983 projection_batch_calls=24591 projection_batch_vertices=674843 projection_batch_declined=46 projection_batch_verified=0 sound_metadata_hits=0 sound_metadata_misses=0 sound_metadata_verified=0 deferred_midi_notes=0 animation_hierarchy_original_calls=0 animation_hierarchy_nodes=13797 animation_direct_write_calls=189 pose_blend_native_calls=0 pose_blend_original_calls=0 pose_direct_write_calls=0 matrix_vector_point_native_calls=28290 matrix_vector_point_original_calls=0 matrix_vector_direction_native_calls=31155 matrix_vector_direction_original_calls=0 matrix_vector_store_native_calls=0 matrix_vector_store_original_calls=0 matrix_vector_translation_native_calls=0 matrix_vector_translation_original_calls=0 atan_native_calls=0 inverse_trig_native_calls=62715 inverse_trig_declined=0 inverse_memory_calls=0 inverse_memory_stores=0 atan_original_calls=0 atan_quotient_native_calls=2 atan_quotient_original_calls=0 atan_polynomial_native_calls=0 atan_polynomial_original_calls=0 atan_scale_native_calls=0 atan_scale_original_calls=0 matrix_inverse_original_calls=0 matrix_determinant_native_calls=0 matrix_determinant_original_calls=0 player_state_readable=1 player_x=671.683 player_y=199.992 player_z=12.2247 player_x_bits=1143466929 player_y_bits=1128791521 player_z_bits=1094948998 frame_window_begin=5 frame_window_end=25 game_ticks=190 hud_timer_ticks=24 update_timing=0 update_tasks=0 update_tails=0 update_main_tasks=0 update_alternate_tasks=0 update_waits=0 update_elapsed=0 update_elapsed_extra=0 update_timer_setups=0 periodic_epoch_ns=119100732655698 periodic_callbacks=0 render_completion_experiment=0 guest_render_submitted=0 guest_render_completed=0 guest_render_dispatched=0 guest_render_callback=0 guest_render_counter=0 guest_render_nonzero_callbacks=0 update_unreadable=0 execution_thread_id=67568 execution_cpu_valid=1 execution_cpu_100ns=781700384 process_cpu_valid=1 process_cpu_100ns=4909622350 execution_cycles_valid=0 execution_cycles=0 phase=0 final=0
SONIC_NATIVE_SCENARIO_GAMEPLAY_SAMPLE id=knuckles-sky-deck protocol=3 input_profile=3 monotonic_ns=119104500071040 elapsed_ms=11446 collision_debug_signed=-1 frame=258 presentations=253 relative_frame=6 max_frame_ns=1927886901 input_applied_frames=6 completed_frames=7 drawn_frames=6 cadence_readable=1 active_video_hz=50 clock_owner=postpal-checkpoint clock_bound_frame=0 tv_mode_readable=1 tv_mode_word=1 release_slots=2 logical_delta=2 sixty_frame_fixture=0 native_gameplay_math=1 native_leaf_math=1 math_scope_readable=1 main_state=4 scene=15 palette_native_calls=23400 palette_original_calls=0 vertex_normals_native_calls=0 vertex_normals_original_calls=0 matrix_push_native_calls=13744 matrix_push_original_calls=0 matrix_pop_native_calls=16309 matrix_pop_original_calls=0 matrix_staged_groups=0 collision_cross_native_calls=386 collision_length_native_calls=5467 collision_normalize_native_calls=1351 collision_cross_original_calls=0 collision_length_original_calls=0 collision_normalize_original_calls=0 matrix_inverse_native_calls=9792 triangle_contacts_native_calls=0 triangle_contacts_original_calls=0 triangle_contacts_scope_blocked_calls=0 collision_candidates_native_calls=4176 collision_candidates_scope_blocked_calls=0 collision_candidates_original_calls=0 motion_sampling_native_calls=0 motion_sampling_original_calls=0 animation_hierarchy_native_calls=192 model_packets=0 model_snapshots=0 model_packet_verified=0 model_packet_vertices=0 model_gpu_draws=0 model_point_uploads=0 model_corner_uploads=0 closed_memory_calls=218763 closed_memory_words=2882688 collision_memory_intervals=0 collision_memory_reads=0 collision_memory_writes=0 model_pipeline_calls=23535 model_pipeline_declined=0 model_pipeline_points=604941 model_pipeline_normals=21972 model_pipeline_draws=21972 model_pipeline_direct_outputs=22088 model_pipeline_root_operations=0 model_pipeline_closed_children=0 object_distance_calls=82626 object_distance_native=82626 object_distance_fallback=0 object_activation_calls=192 object_lifetime_calls=29889 object_records=76800 object_created=153 object_retired=6 object_declined=0 object_slow_accesses=0 movement_calls=0 movement_declined=0 movement_callbacks=0 movement_reentries=0 contact_family_calls=0 object_contact_calls=0 camera_operation_calls=0 contact_family_internal=0 contact_family_foreign=0 contact_family_resumes=0 world_calls=193 world_declined=0 world_internal=18121 world_callbacks=65474 world_resumes=0 world_membership=18522 world_eligibility=18425 render_hierarchy_calls=4796 render_hierarchy_declined=0 render_hierarchy_internal=67689 render_hierarchy_callbacks=7683 render_model_calls=0 render_model_revocations=0 render_hierarchy_resumes=0 rigid_hierarchy_calls=4292 morph_hierarchy_calls=0 land_render_calls=0 collision_fused_cross=0 collision_fused_length=0 collision_fused_normalize=0 matrix_bulk_pushes=0 matrix_bulk_pops=0 matrix_bulk_saved=0 matrix_bulk_loaded=0 render_context_captures=7849 render_context_commits=7849 render_context_fallbacks=0 render_context_direct_calls=15698 palette_batch_calls=23400 palette_batch_vertices=664349 palette_batch_declined=0 palette_batch_closed_loops=23400 projection_batch_calls=25038 projection_batch_vertices=687098 projection_batch_declined=46 projection_batch_verified=0 sound_metadata_hits=0 sound_metadata_misses=0 sound_metadata_verified=0 deferred_midi_notes=0 animation_hierarchy_original_calls=0 animation_hierarchy_nodes=14016 animation_direct_write_calls=192 pose_blend_native_calls=0 pose_blend_original_calls=0 pose_direct_write_calls=0 matrix_vector_point_native_calls=28679 matrix_vector_point_original_calls=0 matrix_vector_direction_native_calls=31651 matrix_vector_direction_original_calls=0 matrix_vector_store_native_calls=0 matrix_vector_store_original_calls=0 matrix_vector_translation_native_calls=0 matrix_vector_translation_original_calls=0 atan_native_calls=0 inverse_trig_native_calls=63825 inverse_trig_declined=0 inverse_memory_calls=0 inverse_memory_stores=0 atan_original_calls=0 atan_quotient_native_calls=2 atan_quotient_original_calls=0 atan_polynomial_native_calls=0 atan_polynomial_original_calls=0 atan_scale_native_calls=0 atan_scale_original_calls=0 matrix_inverse_original_calls=0 matrix_determinant_native_calls=0 matrix_determinant_original_calls=0 player_state_readable=1 player_x=671.105 player_y=199.992 player_z=12.295 player_x_bits=1143457469 player_y_bits=1128791510 player_z_bits=1095022726 frame_window_begin=5 frame_window_end=25 game_ticks=193 hud_timer_ticks=27 update_timing=0 update_tasks=0 update_tails=0 update_main_tasks=0 update_alternate_tasks=0 update_waits=0 update_elapsed=0 update_elapsed_extra=0 update_timer_setups=0 periodic_epoch_ns=119102613417882 periodic_callbacks=0 render_completion_experiment=0 guest_render_submitted=0 guest_render_completed=0 guest_render_dispatched=0 guest_render_callback=0 guest_render_counter=0 guest_render_nonzero_callbacks=0 update_unreadable=0 execution_thread_id=67568 execution_cpu_valid=1 execution_cpu_100ns=790062415 process_cpu_valid=1 process_cpu_100ns=4970724061 execution_cycles_valid=0 execution_cycles=0 phase=0 final=0
SONIC_NATIVE_SCENARIO_GAMEPLAY_SAMPLE id=knuckles-sky-deck protocol=3 input_profile=3 monotonic_ns=119106408542543 elapsed_ms=13354 collision_debug_signed=-1 frame=259 presentations=254 relative_frame=7 max_frame_ns=1927886901 input_applied_frames=7 completed_frames=8 drawn_frames=7 cadence_readable=1 active_video_hz=50 clock_owner=postpal-checkpoint clock_bound_frame=0 tv_mode_readable=1 tv_mode_word=1 release_slots=2 logical_delta=2 sixty_frame_fixture=0 native_gameplay_math=1 native_leaf_math=1 math_scope_readable=1 main_state=4 scene=15 palette_native_calls=23817 palette_original_calls=0 vertex_normals_native_calls=0 vertex_normals_original_calls=0 matrix_push_native_calls=14010 matrix_push_original_calls=0 matrix_pop_native_calls=16630 matrix_pop_original_calls=0 matrix_staged_groups=0 collision_cross_native_calls=394 collision_length_native_calls=5580 collision_normalize_native_calls=1379 collision_cross_original_calls=0 collision_length_original_calls=0 collision_normalize_original_calls=0 matrix_inverse_native_calls=9996 triangle_contacts_native_calls=0 triangle_contacts_original_calls=0 triangle_contacts_scope_blocked_calls=0 collision_candidates_native_calls=4272 collision_candidates_scope_blocked_calls=0 collision_candidates_original_calls=0 motion_sampling_native_calls=0 motion_sampling_original_calls=0 animation_hierarchy_native_calls=196 model_packets=0 model_snapshots=0 model_packet_verified=0 model_packet_vertices=0 model_gpu_draws=0 model_point_uploads=0 model_corner_uploads=0 closed_memory_calls=223276 closed_memory_words=2938660 collision_memory_intervals=0 collision_memory_reads=0 collision_memory_writes=0 model_pipeline_calls=23960 model_pipeline_declined=0 model_pipeline_points=615759 model_pipeline_normals=22364 model_pipeline_draws=22364 model_pipeline_direct_outputs=22482 model_pipeline_root_operations=0 model_pipeline_closed_children=0 object_distance_calls=84346 object_distance_native=84346 object_distance_fallback=0 object_activation_calls=196 object_lifetime_calls=30513 object_records=78400 object_created=153 object_retired=6 object_declined=0 object_slow_accesses=0 movement_calls=0 movement_declined=0 movement_callbacks=0 movement_reentries=0 contact_family_calls=0 object_contact_calls=0 camera_operation_calls=0 contact_family_internal=0 contact_family_foreign=0 contact_family_resumes=0 world_calls=197 world_declined=0 world_internal=18125 world_callbacks=66666 world_resumes=0 world_membership=18910 world_eligibility=18813 render_hierarchy_calls=4889 render_hierarchy_declined=0 render_hierarchy_internal=68908 render_hierarchy_callbacks=7827 render_model_calls=0 render_model_revocations=0 render_hierarchy_resumes=0 rigid_hierarchy_calls=4376 morph_hierarchy_calls=0 land_render_calls=0 collision_fused_cross=0 collision_fused_length=0 collision_fused_normalize=0 matrix_bulk_pushes=0 matrix_bulk_pops=0 matrix_bulk_saved=0 matrix_bulk_loaded=0 render_context_captures=7996 render_context_commits=7996 render_context_fallbacks=0 render_context_direct_calls=15992 palette_batch_calls=23817 palette_batch_vertices=676184 palette_batch_declined=0 palette_batch_closed_loops=23817 projection_batch_calls=25485 projection_batch_vertices=699353 projection_batch_declined=46 projection_batch_verified=0 sound_metadata_hits=0 sound_metadata_misses=0 sound_metadata_verified=0 deferred_midi_notes=0 animation_hierarchy_original_calls=0 animation_hierarchy_nodes=14308 animation_direct_write_calls=196 pose_blend_native_calls=0 pose_blend_original_calls=0 pose_direct_write_calls=0 matrix_vector_point_native_calls=29133 matrix_vector_point_original_calls=0 matrix_vector_direction_native_calls=32310 matrix_vector_direction_original_calls=0 matrix_vector_store_native_calls=0 matrix_vector_store_original_calls=0 matrix_vector_translation_native_calls=0 matrix_vector_translation_original_calls=0 atan_native_calls=0 inverse_trig_native_calls=65305 inverse_trig_declined=0 inverse_memory_calls=0 inverse_memory_stores=0 atan_original_calls=0 atan_quotient_native_calls=2 atan_quotient_original_calls=0 atan_polynomial_native_calls=0 atan_polynomial_original_calls=0 atan_scale_native_calls=0 atan_scale_original_calls=0 matrix_inverse_original_calls=0 matrix_determinant_native_calls=0 matrix_determinant_original_calls=0 player_state_readable=1 player_x=670.336 player_y=199.991 player_z=12.3916 player_x_bits=1143444863 player_y_bits=1128791495 player_z_bits=1095124000 frame_window_begin=5 frame_window_end=25 game_ticks=197 hud_timer_ticks=31 update_timing=0 update_tasks=0 update_tails=0 update_main_tasks=0 update_alternate_tasks=0 update_waits=0 update_elapsed=0 update_elapsed_extra=0 update_timer_setups=0 periodic_epoch_ns=119104505129202 periodic_callbacks=0 render_completion_experiment=0 guest_render_submitted=0 guest_render_completed=0 guest_render_dispatched=0 guest_render_callback=0 guest_render_counter=0 guest_render_nonzero_callbacks=0 update_unreadable=0 execution_thread_id=67568 execution_cpu_valid=1 execution_cpu_100ns=799853323 process_cpu_valid=1 process_cpu_100ns=5033991933 execution_cycles_valid=0 execution_cycles=0 phase=0 final=0
SONIC_NATIVE_SCENARIO_GAMEPLAY_SAMPLE id=knuckles-sky-deck protocol=3 input_profile=3 monotonic_ns=119108308504090 elapsed_ms=15254 collision_debug_signed=-1 frame=260 presentations=255 relative_frame=8 max_frame_ns=1927886901 input_applied_frames=8 completed_frames=9 drawn_frames=8 cadence_readable=1 active_video_hz=50 clock_owner=postpal-checkpoint clock_bound_frame=0 tv_mode_readable=1 tv_mode_word=1 release_slots=2 logical_delta=2 sixty_frame_fixture=0 native_gameplay_math=1 native_leaf_math=1 math_scope_readable=1 main_state=4 scene=15 palette_native_calls=24234 palette_original_calls=0 vertex_normals_native_calls=0 vertex_normals_original_calls=0 matrix_push_native_calls=14237 matrix_push_original_calls=0 matrix_pop_native_calls=16898 matrix_pop_original_calls=0 matrix_staged_groups=0 collision_cross_native_calls=400 collision_length_native_calls=5667 collision_normalize_native_calls=1400 collision_cross_original_calls=0 collision_length_original_calls=0 collision_normalize_original_calls=0 matrix_inverse_native_calls=10149 triangle_contacts_native_calls=0 triangle_contacts_original_calls=0 triangle_contacts_scope_blocked_calls=0 collision_candidates_native_calls=4344 collision_candidates_scope_blocked_calls=0 collision_candidates_original_calls=0 motion_sampling_native_calls=0 motion_sampling_original_calls=0 animation_hierarchy_native_calls=199 model_packets=0 model_snapshots=0 model_packet_verified=0 model_packet_vertices=0 model_gpu_draws=0 model_point_uploads=0 model_corner_uploads=0 closed_memory_calls=226825 closed_memory_words=2987758 collision_memory_intervals=0 collision_memory_reads=0 collision_memory_writes=0 model_pipeline_calls=24376 model_pipeline_declined=0 model_pipeline_points=626577 model_pipeline_normals=22756 model_pipeline_draws=22756 model_pipeline_direct_outputs=22876 model_pipeline_root_operations=0 model_pipeline_closed_children=0 object_distance_calls=85636 object_distance_native=85636 object_distance_fallback=0 object_activation_calls=199 object_lifetime_calls=30981 object_records=79600 object_created=153 object_retired=6 object_declined=0 object_slow_accesses=0 movement_calls=0 movement_declined=0 movement_callbacks=0 movement_reentries=0 contact_family_calls=0 object_contact_calls=0 camera_operation_calls=0 contact_family_internal=0 contact_family_foreign=0 contact_family_resumes=0 world_calls=200 world_declined=0 world_internal=18128 world_callbacks=67560 world_resumes=0 world_membership=19201 world_eligibility=19104 render_hierarchy_calls=4972 render_hierarchy_declined=0 render_hierarchy_internal=70122 render_hierarchy_callbacks=7962 render_model_calls=0 render_model_revocations=0 render_hierarchy_resumes=0 rigid_hierarchy_calls=4450 morph_hierarchy_calls=0 land_render_calls=0 collision_fused_cross=0 collision_fused_length=0 collision_fused_normalize=0 matrix_bulk_pushes=0 matrix_bulk_pops=0 matrix_bulk_saved=0 matrix_bulk_loaded=0 render_context_captures=8133 render_context_commits=8133 render_context_fallbacks=0 render_context_direct_calls=16266 palette_batch_calls=24234 palette_batch_vertices=688019 palette_batch_declined=0 palette_batch_closed_loops=24234 projection_batch_calls=25932 projection_batch_vertices=711608 projection_batch_declined=46 projection_batch_verified=0 sound_metadata_hits=0 sound_metadata_misses=0 sound_metadata_verified=0 deferred_midi_notes=0 animation_hierarchy_original_calls=0 animation_hierarchy_nodes=14527 animation_direct_write_calls=199 pose_blend_native_calls=0 pose_blend_original_calls=0 pose_direct_write_calls=0 matrix_vector_point_native_calls=29477 matrix_vector_point_original_calls=0 matrix_vector_direction_native_calls=32806 matrix_vector_direction_original_calls=0 matrix_vector_store_native_calls=0 matrix_vector_store_original_calls=0 matrix_vector_translation_native_calls=0 matrix_vector_translation_original_calls=0 atan_native_calls=0 inverse_trig_native_calls=66415 inverse_trig_declined=0 inverse_memory_calls=0 inverse_memory_stores=0 atan_original_calls=0 atan_quotient_native_calls=2 atan_quotient_original_calls=0 atan_polynomial_native_calls=0 atan_polynomial_original_calls=0 atan_scale_native_calls=0 atan_scale_original_calls=0 matrix_inverse_original_calls=0 matrix_determinant_native_calls=0 matrix_determinant_original_calls=0 player_state_readable=1 player_x=669.759 player_y=199.991 player_z=12.4654 player_x_bits=1143435410 player_y_bits=1128791484 player_z_bits=1095201344 frame_window_begin=5 frame_window_end=25 game_ticks=200 hud_timer_ticks=34 update_timing=0 update_tasks=0 update_tails=0 update_main_tasks=0 update_alternate_tasks=0 update_waits=0 update_elapsed=0 update_elapsed_extra=0 update_timer_setups=0 periodic_epoch_ns=119106416193202 periodic_callbacks=0 render_completion_experiment=0 guest_render_submitted=0 guest_render_completed=0 guest_render_dispatched=0 guest_render_callback=0 guest_render_counter=0 guest_render_nonzero_callbacks=0 update_unreadable=0 execution_thread_id=67568 execution_cpu_valid=1 execution_cpu_100ns=807995575 process_cpu_valid=1 process_cpu_100ns=5095122908 execution_cycles_valid=0 execution_cycles=0 phase=0 final=0
SONIC_NATIVE_SCENARIO_GAMEPLAY_SAMPLE id=knuckles-sky-deck protocol=3 input_profile=3 monotonic_ns=119110248605506 elapsed_ms=17194 collision_debug_signed=-1 frame=261 presentations=256 relative_frame=9 max_frame_ns=1940101416 input_applied_frames=9 completed_frames=10 drawn_frames=9 cadence_readable=1 active_video_hz=50 clock_owner=postpal-checkpoint clock_bound_frame=0 tv_mode_readable=1 tv_mode_word=1 release_slots=2 logical_delta=2 sixty_frame_fixture=0 native_gameplay_math=1 native_leaf_math=1 math_scope_readable=1 main_state=4 scene=15 palette_native_calls=24650 palette_original_calls=0 vertex_normals_native_calls=0 vertex_normals_original_calls=0 matrix_push_native_calls=14502 matrix_push_original_calls=0 matrix_pop_native_calls=17218 matrix_pop_original_calls=0 matrix_staged_groups=0 collision_cross_native_calls=408 collision_length_native_calls=5777 collision_normalize_native_calls=1428 collision_cross_original_calls=0 collision_length_original_calls=0 collision_normalize_original_calls=0 matrix_inverse_native_calls=10353 triangle_contacts_native_calls=0 triangle_contacts_original_calls=0 triangle_contacts_scope_blocked_calls=0 collision_candidates_native_calls=4438 collision_candidates_scope_blocked_calls=0 collision_candidates_original_calls=0 motion_sampling_native_calls=0 motion_sampling_original_calls=0 animation_hierarchy_native_calls=203 model_packets=0 model_snapshots=0 model_packet_verified=0 model_packet_vertices=0 model_gpu_draws=0 model_point_uploads=0 model_corner_uploads=0 closed_memory_calls=231308 closed_memory_words=3043408 collision_memory_intervals=0 collision_memory_reads=0 collision_memory_writes=0 model_pipeline_calls=24800 model_pipeline_declined=0 model_pipeline_points=637332 model_pipeline_normals=23147 model_pipeline_draws=23147 model_pipeline_direct_outputs=23269 model_pipeline_root_operations=0 model_pipeline_closed_children=0 object_distance_calls=87356 object_distance_native=87356 object_distance_fallback=0 object_activation_calls=203 object_lifetime_calls=31605 object_records=81200 object_created=153 object_retired=6 object_declined=0 object_slow_accesses=0 movement_calls=0 movement_declined=0 movement_callbacks=0 movement_reentries=0 contact_family_calls=0 object_contact_calls=0 camera_operation_calls=0 contact_family_internal=0 contact_family_foreign=0 contact_family_resumes=0 world_calls=204 world_declined=0 world_internal=18132 world_callbacks=68752 world_resumes=0 world_membership=19589 world_eligibility=19492 render_hierarchy_calls=5064 render_hierarchy_declined=0 render_hierarchy_internal=71341 render_hierarchy_callbacks=8105 render_model_calls=0 render_model_revocations=0 render_hierarchy_resumes=0 rigid_hierarchy_calls=4533 morph_hierarchy_calls=0 land_render_calls=0 collision_fused_cross=0 collision_fused_length=0 collision_fused_normalize=0 matrix_bulk_pushes=0 matrix_bulk_pops=0 matrix_bulk_saved=0 matrix_bulk_loaded=0 render_context_captures=8279 render_context_commits=8279 render_context_fallbacks=0 render_context_direct_calls=16558 palette_batch_calls=24650 palette_batch_vertices=699791 palette_batch_declined=0 palette_batch_closed_loops=24650 projection_batch_calls=26378 projection_batch_vertices=723800 projection_batch_declined=46 projection_batch_verified=0 sound_metadata_hits=0 sound_metadata_misses=0 sound_metadata_verified=0 deferred_midi_notes=0 animation_hierarchy_original_calls=0 animation_hierarchy_nodes=14819 animation_direct_write_calls=203 pose_blend_native_calls=0 pose_blend_original_calls=0 pose_direct_write_calls=0 matrix_vector_point_native_calls=29931 matrix_vector_point_original_calls=0 matrix_vector_direction_native_calls=33465 matrix_vector_direction_original_calls=0 matrix_vector_store_native_calls=0 matrix_vector_store_original_calls=0 matrix_vector_translation_native_calls=0 matrix_vector_translation_original_calls=0 atan_native_calls=0 inverse_trig_native_calls=67881 inverse_trig_declined=0 inverse_memory_calls=0 inverse_memory_stores=0 atan_original_calls=0 atan_quotient_native_calls=2 atan_quotient_original_calls=0 atan_polynomial_native_calls=0 atan_polynomial_original_calls=0 atan_scale_native_calls=0 atan_scale_original_calls=0 matrix_inverse_original_calls=0 matrix_determinant_native_calls=0 matrix_determinant_original_calls=0 player_state_readable=1 player_x=668.99 player_y=199.991 player_z=12.5647 player_x_bits=1143422810 player_y_bits=1128791470 player_z_bits=1095305512 frame_window_begin=5 frame_window_end=25 game_ticks=204 hud_timer_ticks=38 update_timing=0 update_tasks=0 update_tails=0 update_main_tasks=0 update_alternate_tasks=0 update_waits=0 update_elapsed=0 update_elapsed_extra=0 update_timer_setups=0 periodic_epoch_ns=119108314457893 periodic_callbacks=0 render_completion_experiment=0 guest_render_submitted=0 guest_render_completed=0 guest_render_dispatched=0 guest_render_callback=0 guest_render_counter=0 guest_render_nonzero_callbacks=0 update_unreadable=0 execution_thread_id=67568 execution_cpu_valid=1 execution_cpu_100ns=817817727 process_cpu_valid=1 process_cpu_100ns=5158936661 execution_cycles_valid=0 execution_cycles=0 phase=0 final=0
SONIC_NATIVE_SCENARIO_GAMEPLAY_SAMPLE id=knuckles-sky-deck protocol=3 input_profile=3 monotonic_ns=119112136741635 elapsed_ms=19083 collision_debug_signed=-1 frame=262 presentations=257 relative_frame=10 max_frame_ns=1940101416 input_applied_frames=10 completed_frames=11 drawn_frames=10 cadence_readable=1 active_video_hz=50 clock_owner=postpal-checkpoint clock_bound_frame=0 tv_mode_readable=1 tv_mode_word=1 release_slots=2 logical_delta=2 sixty_frame_fixture=0 native_gameplay_math=1 native_leaf_math=1 math_scope_readable=1 main_state=4 scene=15 palette_native_calls=25068 palette_original_calls=0 vertex_normals_native_calls=0 vertex_normals_original_calls=0 matrix_push_native_calls=14730 matrix_push_original_calls=0 matrix_pop_native_calls=17487 matrix_pop_original_calls=0 matrix_staged_groups=0 collision_cross_native_calls=414 collision_length_native_calls=5861 collision_normalize_native_calls=1449 collision_cross_original_calls=0 collision_length_original_calls=0 collision_normalize_original_calls=0 matrix_inverse_native_calls=10506 triangle_contacts_native_calls=0 triangle_contacts_original_calls=0 triangle_contacts_scope_blocked_calls=0 collision_candidates_native_calls=4509 collision_candidates_scope_blocked_calls=0 collision_candidates_original_calls=0 motion_sampling_native_calls=0 motion_sampling_original_calls=0 animation_hierarchy_native_calls=206 model_packets=0 model_snapshots=0 model_packet_verified=0 model_packet_vertices=0 model_gpu_draws=0 model_point_uploads=0 model_corner_uploads=0 closed_memory_calls=234839 closed_memory_words=3092552 collision_memory_intervals=0 collision_memory_reads=0 collision_memory_writes=0 model_pipeline_calls=25217 model_pipeline_declined=0 model_pipeline_points=648213 model_pipeline_normals=23540 model_pipeline_draws=23540 model_pipeline_direct_outputs=23664 model_pipeline_root_operations=0 model_pipeline_closed_children=0 object_distance_calls=88646 object_distance_native=88646 object_distance_fallback=0 object_activation_calls=206 object_lifetime_calls=32073 object_records=82400 object_created=153 object_retired=6 object_declined=0 object_slow_accesses=0 movement_calls=0 movement_declined=0 movement_callbacks=0 movement_reentries=0 contact_family_calls=0 object_contact_calls=0 camera_operation_calls=0 contact_family_internal=0 contact_family_foreign=0 contact_family_resumes=0 world_calls=207 world_declined=0 world_internal=18135 world_callbacks=69646 world_resumes=0 world_membership=19880 world_eligibility=19783 render_hierarchy_calls=5148 render_hierarchy_declined=0 render_hierarchy_internal=72555 render_hierarchy_callbacks=8241 render_model_calls=0 render_model_revocations=0 render_hierarchy_resumes=0 rigid_hierarchy_calls=4608 morph_hierarchy_calls=0 land_render_calls=0 collision_fused_cross=0 collision_fused_length=0 collision_fused_normalize=0 matrix_bulk_pushes=0 matrix_bulk_pops=0 matrix_bulk_saved=0 matrix_bulk_loaded=0 render_context_captures=8417 render_context_commits=8417 render_context_fallbacks=0 render_context_direct_calls=16834 palette_batch_calls=25068 palette_batch_vertices=711689 palette_batch_declined=0 palette_batch_closed_loops=25068 projection_batch_calls=26826 projection_batch_vertices=736118 projection_batch_declined=46 projection_batch_verified=0 sound_metadata_hits=0 sound_metadata_misses=0 sound_metadata_verified=0 deferred_midi_notes=0 animation_hierarchy_original_calls=0 animation_hierarchy_nodes=15038 animation_direct_write_calls=206 pose_blend_native_calls=0 pose_blend_original_calls=0 pose_direct_write_calls=0 matrix_vector_point_native_calls=30275 matrix_vector_point_original_calls=0 matrix_vector_direction_native_calls=33961 matrix_vector_direction_original_calls=0 matrix_vector_store_native_calls=0 matrix_vector_store_original_calls=0 matrix_vector_translation_native_calls=0 matrix_vector_translation_original_calls=0 atan_native_calls=0 inverse_trig_native_calls=68981 inverse_trig_declined=0 inverse_memory_calls=0 inverse_memory_stores=0 atan_original_calls=0 atan_quotient_native_calls=2 atan_quotient_original_calls=0 atan_polynomial_native_calls=0 atan_polynomial_original_calls=0 atan_scale_native_calls=0 atan_scale_original_calls=0 matrix_inverse_original_calls=0 matrix_determinant_native_calls=0 matrix_determinant_original_calls=0 player_state_readable=1 player_x=668.413 player_y=199.991 player_z=12.6397 player_x_bits=1143413360 player_y_bits=1128791459 player_z_bits=1095384068 frame_window_begin=5 frame_window_end=25 game_ticks=207 hud_timer_ticks=41 update_timing=0 update_tasks=0 update_tails=0 update_main_tasks=0 update_alternate_tasks=0 update_waits=0 update_elapsed=0 update_elapsed_extra=0 update_timer_setups=0 periodic_epoch_ns=119110254741175 periodic_callbacks=0 render_completion_experiment=0 guest_render_submitted=0 guest_render_completed=0 guest_render_dispatched=0 guest_render_callback=0 guest_render_counter=0 guest_render_nonzero_callbacks=0 update_unreadable=0 execution_thread_id=67568 execution_cpu_valid=1 execution_cpu_100ns=826217668 process_cpu_valid=1 process_cpu_100ns=5219910661 execution_cycles_valid=0 execution_cycles=0 phase=0 final=0
SONIC_NATIVE_SCENARIO_GAMEPLAY_SAMPLE id=knuckles-sky-deck protocol=3 input_profile=3 monotonic_ns=119114024912712 elapsed_ms=20971 collision_debug_signed=-1 frame=263 presentations=258 relative_frame=11 max_frame_ns=1940101416 input_applied_frames=11 completed_frames=12 drawn_frames=11 cadence_readable=1 active_video_hz=50 clock_owner=postpal-checkpoint clock_bound_frame=0 tv_mode_readable=1 tv_mode_word=1 release_slots=2 logical_delta=2 sixty_frame_fixture=0 native_gameplay_math=1 native_leaf_math=1 math_scope_readable=1 main_state=4 scene=15 palette_native_calls=25485 palette_original_calls=0 vertex_normals_native_calls=0 vertex_normals_original_calls=0 matrix_push_native_calls=14957 matrix_push_original_calls=0 matrix_pop_native_calls=17755 matrix_pop_original_calls=0 matrix_staged_groups=0 collision_cross_native_calls=420 collision_length_native_calls=5945 collision_normalize_native_calls=1470 collision_cross_original_calls=0 collision_length_original_calls=0 collision_normalize_original_calls=0 matrix_inverse_native_calls=10659 triangle_contacts_native_calls=0 triangle_contacts_original_calls=0 triangle_contacts_scope_blocked_calls=0 collision_candidates_native_calls=4581 collision_candidates_scope_blocked_calls=0 collision_candidates_original_calls=0 motion_sampling_native_calls=0 motion_sampling_original_calls=0 animation_hierarchy_native_calls=209 model_packets=0 model_snapshots=0 model_packet_verified=0 model_packet_vertices=0 model_gpu_draws=0 model_point_uploads=0 model_corner_uploads=0 closed_memory_calls=238373 closed_memory_words=3141563 collision_memory_intervals=0 collision_memory_reads=0 collision_memory_writes=0 model_pipeline_calls=25633 model_pipeline_declined=0 model_pipeline_points=659031 model_pipeline_normals=23932 model_pipeline_draws=23932 model_pipeline_direct_outputs=24058 model_pipeline_root_operations=0 model_pipeline_closed_children=0 object_distance_calls=89936 object_distance_native=89936 object_distance_fallback=0 object_activation_calls=209 object_lifetime_calls=32541 object_records=83600 object_created=153 object_retired=6 object_declined=0 object_slow_accesses=0 movement_calls=0 movement_declined=0 movement_callbacks=0 movement_reentries=0 contact_family_calls=0 object_contact_calls=0 camera_operation_calls=0 contact_family_internal=0 contact_family_foreign=0 contact_family_resumes=0 world_calls=210 world_declined=0 world_internal=18138 world_callbacks=70540 world_resumes=0 world_membership=20171 world_eligibility=20074 render_hierarchy_calls=5231 render_hierarchy_declined=0 render_hierarchy_internal=73769 render_hierarchy_callbacks=8376 render_model_calls=0 render_model_revocations=0 render_hierarchy_resumes=0 rigid_hierarchy_calls=4682 morph_hierarchy_calls=0 land_render_calls=0 collision_fused_cross=0 collision_fused_length=0 collision_fused_normalize=0 matrix_bulk_pushes=0 matrix_bulk_pops=0 matrix_bulk_saved=0 matrix_bulk_loaded=0 render_context_captures=8554 render_context_commits=8554 render_context_fallbacks=0 render_context_direct_calls=17108 palette_batch_calls=25485 palette_batch_vertices=723524 palette_batch_declined=0 palette_batch_closed_loops=25485 projection_batch_calls=27273 projection_batch_vertices=748373 projection_batch_declined=46 projection_batch_verified=0 sound_metadata_hits=0 sound_metadata_misses=0 sound_metadata_verified=0 deferred_midi_notes=0 animation_hierarchy_original_calls=0 animation_hierarchy_nodes=15257 animation_direct_write_calls=209 pose_blend_native_calls=0 pose_blend_original_calls=0 pose_direct_write_calls=0 matrix_vector_point_native_calls=30619 matrix_vector_point_original_calls=0 matrix_vector_direction_native_calls=34457 matrix_vector_direction_original_calls=0 matrix_vector_store_native_calls=0 matrix_vector_store_original_calls=0 matrix_vector_translation_native_calls=0 matrix_vector_translation_original_calls=0 atan_native_calls=0 inverse_trig_native_calls=70085 inverse_trig_declined=0 inverse_memory_calls=0 inverse_memory_stores=0 atan_original_calls=0 atan_quotient_native_calls=2 atan_quotient_original_calls=0 atan_polynomial_native_calls=0 atan_polynomial_original_calls=0 atan_scale_native_calls=0 atan_scale_original_calls=0 matrix_inverse_original_calls=0 matrix_determinant_native_calls=0 matrix_determinant_original_calls=0 player_state_readable=1 player_x=667.836 player_y=199.991 player_z=12.7148 player_x_bits=1143403910 player_y_bits=1128791448 player_z_bits=1095462814 frame_window_begin=5 frame_window_end=25 game_ticks=210 hud_timer_ticks=44 update_timing=0 update_tasks=0 update_tails=0 update_main_tasks=0 update_alternate_tasks=0 update_waits=0 update_elapsed=0 update_elapsed_extra=0 update_timer_setups=0 periodic_epoch_ns=119112144262949 periodic_callbacks=0 render_completion_experiment=0 guest_render_submitted=0 guest_render_completed=0 guest_render_dispatched=0 guest_render_callback=0 guest_render_counter=0 guest_render_nonzero_callbacks=0 update_unreadable=0 execution_thread_id=67568 execution_cpu_valid=1 execution_cpu_100ns=834123149 process_cpu_valid=1 process_cpu_100ns=5280260584 execution_cycles_valid=0 execution_cycles=0 phase=0 final=0
SONIC_NATIVE_SCENARIO_GAMEPLAY_SAMPLE id=knuckles-sky-deck protocol=3 input_profile=3 monotonic_ns=119115915652007 elapsed_ms=22862 collision_debug_signed=-1 frame=264 presentations=259 relative_frame=12 max_frame_ns=1940101416 input_applied_frames=12 completed_frames=13 drawn_frames=12 cadence_readable=1 active_video_hz=50 clock_owner=postpal-checkpoint clock_bound_frame=0 tv_mode_readable=1 tv_mode_word=1 release_slots=2 logical_delta=2 sixty_frame_fixture=0 native_gameplay_math=1 native_leaf_math=1 math_scope_readable=1 main_state=4 scene=15 palette_native_calls=25902 palette_original_calls=0 vertex_normals_native_calls=0 vertex_normals_original_calls=0 matrix_push_native_calls=15223 matrix_push_original_calls=0 matrix_pop_native_calls=18076 matrix_pop_original_calls=0 matrix_staged_groups=0 collision_cross_native_calls=428 collision_length_native_calls=6055 collision_normalize_native_calls=1498 collision_cross_original_calls=0 collision_length_original_calls=0 collision_normalize_original_calls=0 matrix_inverse_native_calls=10863 triangle_contacts_native_calls=0 triangle_contacts_original_calls=0 triangle_contacts_scope_blocked_calls=0 collision_candidates_native_calls=4677 collision_candidates_scope_blocked_calls=0 collision_candidates_original_calls=0 motion_sampling_native_calls=0 motion_sampling_original_calls=0 animation_hierarchy_native_calls=213 model_packets=0 model_snapshots=0 model_packet_verified=0 model_packet_vertices=0 model_gpu_draws=0 model_point_uploads=0 model_corner_uploads=0 closed_memory_calls=242866 closed_memory_words=3197419 collision_memory_intervals=0 collision_memory_reads=0 collision_memory_writes=0 model_pipeline_calls=26058 model_pipeline_declined=0 model_pipeline_points=669849 model_pipeline_normals=24324 model_pipeline_draws=24324 model_pipeline_direct_outputs=24452 model_pipeline_root_operations=0 model_pipeline_closed_children=0 object_distance_calls=91661 object_distance_native=91661 object_distance_fallback=0 object_activation_calls=213 object_lifetime_calls=33168 object_records=85200 object_created=154 object_retired=6 object_declined=0 object_slow_accesses=0 movement_calls=0 movement_declined=0 movement_callbacks=0 movement_reentries=0 contact_family_calls=0 object_contact_calls=0 camera_operation_calls=0 contact_family_internal=0 contact_family_foreign=0 contact_family_resumes=0 world_calls=214 world_declined=0 world_internal=18142 world_callbacks=71732 world_resumes=0 world_membership=20559 world_eligibility=20462 render_hierarchy_calls=5324 render_hierarchy_declined=0 render_hierarchy_internal=74988 render_hierarchy_callbacks=8520 render_model_calls=0 render_model_revocations=0 render_hierarchy_resumes=0 rigid_hierarchy_calls=4766 morph_hierarchy_calls=0 land_render_calls=0 collision_fused_cross=0 collision_fused_length=0 collision_fused_normalize=0 matrix_bulk_pushes=0 matrix_bulk_pops=0 matrix_bulk_saved=0 matrix_bulk_loaded=0 render_context_captures=8701 render_context_commits=8701 render_context_fallbacks=0 render_context_direct_calls=17402 palette_batch_calls=25902 palette_batch_vertices=735359 palette_batch_declined=0 palette_batch_closed_loops=25902 projection_batch_calls=27720 projection_batch_vertices=760628 projection_batch_declined=46 projection_batch_verified=0 sound_metadata_hits=0 sound_metadata_misses=0 sound_metadata_verified=0 deferred_midi_notes=0 animation_hierarchy_original_calls=0 animation_hierarchy_nodes=15549 animation_direct_write_calls=213 pose_blend_native_calls=0 pose_blend_original_calls=0 pose_direct_write_calls=0 matrix_vector_point_native_calls=31073 matrix_vector_point_original_calls=0 matrix_vector_direction_native_calls=35116 matrix_vector_direction_original_calls=0 matrix_vector_store_native_calls=0 matrix_vector_store_original_calls=0 matrix_vector_translation_native_calls=0 matrix_vector_translation_original_calls=0 atan_native_calls=0 inverse_trig_native_calls=71557 inverse_trig_declined=0 inverse_memory_calls=0 inverse_memory_stores=0 atan_original_calls=0 atan_quotient_native_calls=2 atan_quotient_original_calls=0 atan_polynomial_native_calls=0 atan_polynomial_original_calls=0 atan_scale_native_calls=0 atan_scale_original_calls=0 matrix_inverse_original_calls=0 matrix_determinant_native_calls=0 matrix_determinant_original_calls=0 player_state_readable=1 player_x=667.067 player_y=199.99 player_z=12.815 player_x_bits=1143391310 player_y_bits=1128791434 player_z_bits=1095567886 frame_window_begin=5 frame_window_end=25 game_ticks=214 hud_timer_ticks=48 update_timing=0 update_tasks=0 update_tails=0 update_main_tasks=0 update_alternate_tasks=0 update_waits=0 update_elapsed=0 update_elapsed_extra=0 update_timer_setups=0 periodic_epoch_ns=119114030858134 periodic_callbacks=0 render_completion_experiment=0 guest_render_submitted=0 guest_render_completed=0 guest_render_dispatched=0 guest_render_callback=0 guest_render_counter=0 guest_render_nonzero_callbacks=0 update_unreadable=0 execution_thread_id=67568 execution_cpu_valid=1 execution_cpu_100ns=843762008 process_cpu_valid=1 process_cpu_100ns=5342483661 execution_cycles_valid=0 execution_cycles=0 phase=0 final=0
SONIC_NATIVE_SCENARIO_GAMEPLAY_SAMPLE id=knuckles-sky-deck protocol=3 input_profile=3 monotonic_ns=119117772287980 elapsed_ms=24718 collision_debug_signed=-1 frame=265 presentations=260 relative_frame=13 max_frame_ns=1940101416 input_applied_frames=13 completed_frames=14 drawn_frames=13 cadence_readable=1 active_video_hz=50 clock_owner=postpal-checkpoint clock_bound_frame=0 tv_mode_readable=1 tv_mode_word=1 release_slots=2 logical_delta=2 sixty_frame_fixture=0 native_gameplay_math=1 native_leaf_math=1 math_scope_readable=1 main_state=4 scene=15 palette_native_calls=26322 palette_original_calls=0 vertex_normals_native_calls=0 vertex_normals_original_calls=0 matrix_push_native_calls=15451 matrix_push_original_calls=0 matrix_pop_native_calls=18345 matrix_pop_original_calls=0 matrix_staged_groups=0 collision_cross_native_calls=434 collision_length_native_calls=6132 collision_normalize_native_calls=1519 collision_cross_original_calls=0 collision_length_original_calls=0 collision_normalize_original_calls=0 matrix_inverse_native_calls=11016 triangle_contacts_native_calls=0 triangle_contacts_original_calls=0 triangle_contacts_scope_blocked_calls=0 collision_candidates_native_calls=4749 collision_candidates_scope_blocked_calls=0 collision_candidates_original_calls=0 motion_sampling_native_calls=0 motion_sampling_original_calls=0 animation_hierarchy_native_calls=216 model_packets=0 model_snapshots=0 model_packet_verified=0 model_packet_vertices=0 model_gpu_draws=0 model_point_uploads=0 model_corner_uploads=0 closed_memory_calls=246387 closed_memory_words=3246575 collision_memory_intervals=0 collision_memory_reads=0 collision_memory_writes=0 model_pipeline_calls=26477 model_pipeline_declined=0 model_pipeline_points=680769 model_pipeline_normals=24719 model_pipeline_draws=24719 model_pipeline_direct_outputs=24849 model_pipeline_root_operations=0 model_pipeline_closed_children=0 object_distance_calls=92958 object_distance_native=92958 object_distance_fallback=0 object_activation_calls=216 object_lifetime_calls=33642 object_records=86400 object_created=154 object_retired=6 object_declined=0 object_slow_accesses=0 movement_calls=0 movement_declined=0 movement_callbacks=0 movement_reentries=0 contact_family_calls=0 object_contact_calls=0 camera_operation_calls=0 contact_family_internal=0 contact_family_foreign=0 contact_family_resumes=0 world_calls=217 world_declined=0 world_internal=18145 world_callbacks=72626 world_resumes=0 world_membership=20850 world_eligibility=20753 render_hierarchy_calls=5408 render_hierarchy_declined=0 render_hierarchy_internal=76249 render_hierarchy_callbacks=8658 render_model_calls=0 render_model_revocations=0 render_hierarchy_resumes=0 rigid_hierarchy_calls=4840 morph_hierarchy_calls=0 land_render_calls=0 collision_fused_cross=0 collision_fused_length=0 collision_fused_normalize=0 matrix_bulk_pushes=0 matrix_bulk_pops=0 matrix_bulk_saved=0 matrix_bulk_loaded=0 render_context_captures=8839 render_context_commits=8839 render_context_fallbacks=0 render_context_direct_calls=17678 palette_batch_calls=26322 palette_batch_vertices=747296 palette_batch_declined=0 palette_batch_closed_loops=26322 projection_batch_calls=28170 projection_batch_vertices=772985 projection_batch_declined=46 projection_batch_verified=0 sound_metadata_hits=0 sound_metadata_misses=0 sound_metadata_verified=0 deferred_midi_notes=0 animation_hierarchy_original_calls=0 animation_hierarchy_nodes=15768 animation_direct_write_calls=216 pose_blend_native_calls=0 pose_blend_original_calls=0 pose_direct_write_calls=0 matrix_vector_point_native_calls=31417 matrix_vector_point_original_calls=0 matrix_vector_direction_native_calls=35612 matrix_vector_direction_original_calls=0 matrix_vector_store_native_calls=0 matrix_vector_store_original_calls=0 matrix_vector_translation_native_calls=0 matrix_vector_translation_original_calls=0 atan_native_calls=0 inverse_trig_native_calls=72649 inverse_trig_declined=0 inverse_memory_calls=0 inverse_memory_stores=0 atan_original_calls=0 atan_quotient_native_calls=2 atan_quotient_original_calls=0 atan_polynomial_native_calls=0 atan_polynomial_original_calls=0 atan_scale_native_calls=0 atan_scale_original_calls=0 matrix_inverse_original_calls=0 matrix_determinant_native_calls=0 matrix_determinant_original_calls=0 player_state_readable=1 player_x=666.49 player_y=199.99 player_z=12.8901 player_x_bits=1143381860 player_y_bits=1128791423 player_z_bits=1095646690 frame_window_begin=5 frame_window_end=25 game_ticks=217 hud_timer_ticks=51 update_timing=0 update_tasks=0 update_tails=0 update_main_tasks=0 update_alternate_tasks=0 update_waits=0 update_elapsed=0 update_elapsed_extra=0 update_timer_setups=0 periodic_epoch_ns=119115921332592 periodic_callbacks=0 render_completion_experiment=0 guest_render_submitted=0 guest_render_completed=0 guest_render_dispatched=0 guest_render_callback=0 guest_render_counter=0 guest_render_nonzero_callbacks=0 update_unreadable=0 execution_thread_id=67568 execution_cpu_valid=1 execution_cpu_100ns=851595267 process_cpu_valid=1 process_cpu_100ns=5402127967 execution_cycles_valid=0 execution_cycles=0 phase=0 final=0
SONIC_NATIVE_SCENARIO_GAMEPLAY_SAMPLE id=knuckles-sky-deck protocol=3 input_profile=3 monotonic_ns=119119662918375 elapsed_ms=26609 collision_debug_signed=-1 frame=266 presentations=261 relative_frame=14 max_frame_ns=1940101416 input_applied_frames=14 completed_frames=15 drawn_frames=14 cadence_readable=1 active_video_hz=50 clock_owner=postpal-checkpoint clock_bound_frame=0 tv_mode_readable=1 tv_mode_word=1 release_slots=2 logical_delta=2 sixty_frame_fixture=0 native_gameplay_math=1 native_leaf_math=1 math_scope_readable=1 main_state=4 scene=15 palette_native_calls=26742 palette_original_calls=0 vertex_normals_native_calls=0 vertex_normals_original_calls=0 matrix_push_native_calls=15718 matrix_push_original_calls=0 matrix_pop_native_calls=18667 matrix_pop_original_calls=0 matrix_staged_groups=0 collision_cross_native_calls=442 collision_length_native_calls=6245 collision_normalize_native_calls=1547 collision_cross_original_calls=0 collision_length_original_calls=0 collision_normalize_original_calls=0 matrix_inverse_native_calls=11220 triangle_contacts_native_calls=0 triangle_contacts_original_calls=0 triangle_contacts_scope_blocked_calls=0 collision_candidates_native_calls=4845 collision_candidates_scope_blocked_calls=0 collision_candidates_original_calls=0 motion_sampling_native_calls=0 motion_sampling_original_calls=0 animation_hierarchy_native_calls=220 model_packets=0 model_snapshots=0 model_packet_verified=0 model_packet_vertices=0 model_gpu_draws=0 model_point_uploads=0 model_corner_uploads=0 closed_memory_calls=250861 closed_memory_words=3302542 collision_memory_intervals=0 collision_memory_reads=0 collision_memory_writes=0 model_pipeline_calls=26905 model_pipeline_declined=0 model_pipeline_points=691689 model_pipeline_normals=25114 model_pipeline_draws=25114 model_pipeline_direct_outputs=25246 model_pipeline_root_operations=0 model_pipeline_closed_children=0 object_distance_calls=94685 object_distance_native=94685 object_distance_fallback=0 object_activation_calls=220 object_lifetime_calls=34274 object_records=88000 object_created=155 object_retired=7 object_declined=0 object_slow_accesses=0 movement_calls=0 movement_declined=0 movement_callbacks=0 movement_reentries=0 contact_family_calls=0 object_contact_calls=0 camera_operation_calls=0 contact_family_internal=0 contact_family_foreign=0 contact_family_resumes=0 world_calls=221 world_declined=0 world_internal=18149 world_callbacks=73818 world_resumes=0 world_membership=21238 world_eligibility=21141 render_hierarchy_calls=5502 render_hierarchy_declined=0 render_hierarchy_internal=77515 render_hierarchy_callbacks=8805 render_model_calls=0 render_model_revocations=0 render_hierarchy_resumes=0 rigid_hierarchy_calls=4924 morph_hierarchy_calls=0 land_render_calls=0 collision_fused_cross=0 collision_fused_length=0 collision_fused_normalize=0 matrix_bulk_pushes=0 matrix_bulk_pops=0 matrix_bulk_saved=0 matrix_bulk_loaded=0 render_context_captures=8987 render_context_commits=8987 render_context_fallbacks=0 render_context_direct_calls=17974 palette_batch_calls=26742 palette_batch_vertices=759233 palette_batch_declined=0 palette_batch_closed_loops=26742 projection_batch_calls=28620 projection_batch_vertices=785342 projection_batch_declined=46 projection_batch_verified=0 sound_metadata_hits=0 sound_metadata_misses=0 sound_metadata_verified=0 deferred_midi_notes=0 animation_hierarchy_original_calls=0 animation_hierarchy_nodes=16060 animation_direct_write_calls=220 pose_blend_native_calls=0 pose_blend_original_calls=0 pose_direct_write_calls=0 matrix_vector_point_native_calls=31871 matrix_vector_point_original_calls=0 matrix_vector_direction_native_calls=36271 matrix_vector_direction_original_calls=0 matrix_vector_store_native_calls=0 matrix_vector_store_original_calls=0 matrix_vector_translation_native_calls=0 matrix_vector_translation_original_calls=0 atan_native_calls=0 inverse_trig_native_calls=74105 inverse_trig_declined=0 inverse_memory_calls=0 inverse_memory_stores=0 atan_original_calls=0 atan_quotient_native_calls=2 atan_quotient_original_calls=0 atan_polynomial_native_calls=0 atan_polynomial_original_calls=0 atan_scale_native_calls=0 atan_scale_original_calls=0 matrix_inverse_original_calls=0 matrix_determinant_native_calls=0 matrix_determinant_original_calls=0 player_state_readable=1 player_x=665.721 player_y=199.99 player_z=12.9903 player_x_bits=1143369260 player_y_bits=1128791408 player_z_bits=1095751762 frame_window_begin=5 frame_window_end=25 game_ticks=221 hud_timer_ticks=55 update_timing=0 update_tasks=0 update_tails=0 update_main_tasks=0 update_alternate_tasks=0 update_waits=0 update_elapsed=0 update_elapsed_extra=0 update_timer_setups=0 periodic_epoch_ns=119117778243460 periodic_callbacks=0 render_completion_experiment=0 guest_render_submitted=0 guest_render_completed=0 guest_render_dispatched=0 guest_render_callback=0 guest_render_counter=0 guest_render_nonzero_callbacks=0 update_unreadable=0 execution_thread_id=67568 execution_cpu_valid=1 execution_cpu_100ns=861163118 process_cpu_valid=1 process_cpu_100ns=5464165229 execution_cycles_valid=0 execution_cycles=0 phase=0 final=0
SONIC_NATIVE_SCENARIO_GAMEPLAY_SAMPLE id=knuckles-sky-deck protocol=3 input_profile=3 monotonic_ns=119121550650676 elapsed_ms=28497 collision_debug_signed=-1 frame=267 presentations=262 relative_frame=15 max_frame_ns=1940101416 input_applied_frames=15 completed_frames=16 drawn_frames=15 cadence_readable=1 active_video_hz=50 clock_owner=postpal-checkpoint clock_bound_frame=0 tv_mode_readable=1 tv_mode_word=1 release_slots=2 logical_delta=2 sixty_frame_fixture=0 native_gameplay_math=1 native_leaf_math=1 math_scope_readable=1 main_state=4 scene=15 palette_native_calls=27165 palette_original_calls=0 vertex_normals_native_calls=0 vertex_normals_original_calls=0 matrix_push_native_calls=15948 matrix_push_original_calls=0 matrix_pop_native_calls=18938 matrix_pop_original_calls=0 matrix_staged_groups=0 collision_cross_native_calls=448 collision_length_native_calls=6329 collision_normalize_native_calls=1568 collision_cross_original_calls=0 collision_length_original_calls=0 collision_normalize_original_calls=0 matrix_inverse_native_calls=11373 triangle_contacts_native_calls=0 triangle_contacts_original_calls=0 triangle_contacts_scope_blocked_calls=0 collision_candidates_native_calls=4917 collision_candidates_scope_blocked_calls=0 collision_candidates_original_calls=0 motion_sampling_native_calls=0 motion_sampling_original_calls=0 animation_hierarchy_native_calls=223 model_packets=0 model_snapshots=0 model_packet_verified=0 model_packet_vertices=0 model_gpu_draws=0 model_point_uploads=0 model_corner_uploads=0 closed_memory_calls=254383 closed_memory_words=3352157 collision_memory_intervals=0 collision_memory_reads=0 collision_memory_writes=0 model_pipeline_calls=27325 model_pipeline_declined=0 model_pipeline_points=702672 model_pipeline_normals=25510 model_pipeline_draws=25510 model_pipeline_direct_outputs=25644 model_pipeline_root_operations=0 model_pipeline_closed_children=0 object_distance_calls=95979 object_distance_native=95979 object_distance_fallback=0 object_activation_calls=223 object_lifetime_calls=34748 object_records=89200 object_created=155 object_retired=7 object_declined=0 object_slow_accesses=0 movement_calls=0 movement_declined=0 movement_callbacks=0 movement_reentries=0 contact_family_calls=0 object_contact_calls=0 camera_operation_calls=0 contact_family_internal=0 contact_family_foreign=0 contact_family_resumes=0 world_calls=224 world_declined=0 world_internal=18152 world_callbacks=74712 world_resumes=0 world_membership=21529 world_eligibility=21432 render_hierarchy_calls=5587 render_hierarchy_declined=0 render_hierarchy_internal=78776 render_hierarchy_callbacks=8944 render_model_calls=0 render_model_revocations=0 render_hierarchy_resumes=0 rigid_hierarchy_calls=4999 morph_hierarchy_calls=0 land_render_calls=0 collision_fused_cross=0 collision_fused_length=0 collision_fused_normalize=0 matrix_bulk_pushes=0 matrix_bulk_pops=0 matrix_bulk_saved=0 matrix_bulk_loaded=0 render_context_captures=9128 render_context_commits=9128 render_context_fallbacks=0 render_context_direct_calls=18256 palette_batch_calls=27165 palette_batch_vertices=771375 palette_batch_declined=0 palette_batch_closed_loops=27165 projection_batch_calls=29073 projection_batch_vertices=797904 projection_batch_declined=46 projection_batch_verified=0 sound_metadata_hits=0 sound_metadata_misses=0 sound_metadata_verified=0 deferred_midi_notes=0 animation_hierarchy_original_calls=0 animation_hierarchy_nodes=16279 animation_direct_write_calls=223 pose_blend_native_calls=0 pose_blend_original_calls=0 pose_direct_write_calls=0 matrix_vector_point_native_calls=32215 matrix_vector_point_original_calls=0 matrix_vector_direction_native_calls=36767 matrix_vector_direction_original_calls=0 matrix_vector_store_native_calls=0 matrix_vector_store_original_calls=0 matrix_vector_translation_native_calls=0 matrix_vector_translation_original_calls=0 atan_native_calls=0 inverse_trig_native_calls=75193 inverse_trig_declined=0 inverse_memory_calls=0 inverse_memory_stores=0 atan_original_calls=0 atan_quotient_native_calls=2 atan_quotient_original_calls=0 atan_polynomial_native_calls=0 atan_polynomial_original_calls=0 atan_scale_native_calls=0 atan_scale_original_calls=0 matrix_inverse_original_calls=0 matrix_determinant_native_calls=0 matrix_determinant_original_calls=0 player_state_readable=1 player_x=665.145 player_y=199.99 player_z=13.0655 player_x_bits=1143359810 player_y_bits=1128791397 player_z_bits=1095830566 frame_window_begin=5 frame_window_end=25 game_ticks=224 hud_timer_ticks=58 update_timing=0 update_tasks=0 update_tails=0 update_main_tasks=0 update_alternate_tasks=0 update_waits=0 update_elapsed=0 update_elapsed_extra=0 update_timer_setups=0 periodic_epoch_ns=119119668439724 periodic_callbacks=0 render_completion_experiment=0 guest_render_submitted=0 guest_render_completed=0 guest_render_dispatched=0 guest_render_callback=0 guest_render_counter=0 guest_render_nonzero_callbacks=0 update_unreadable=0 execution_thread_id=67568 execution_cpu_valid=1 execution_cpu_100ns=869622666 process_cpu_valid=1 process_cpu_100ns=5525050064 execution_cycles_valid=0 execution_cycles=0 phase=0 final=0
SONIC_NATIVE_SCENARIO_GAMEPLAY_SAMPLE id=knuckles-sky-deck protocol=3 input_profile=3 monotonic_ns=119123460331227 elapsed_ms=30406 collision_debug_signed=-1 frame=268 presentations=263 relative_frame=16 max_frame_ns=1940101416 input_applied_frames=16 completed_frames=17 drawn_frames=16 cadence_readable=1 active_video_hz=50 clock_owner=postpal-checkpoint clock_bound_frame=0 tv_mode_readable=1 tv_mode_word=1 release_slots=2 logical_delta=2 sixty_frame_fixture=0 native_gameplay_math=1 native_leaf_math=1 math_scope_readable=1 main_state=4 scene=15 palette_native_calls=27588 palette_original_calls=0 vertex_normals_native_calls=0 vertex_normals_original_calls=0 matrix_push_native_calls=16178 matrix_push_original_calls=0 matrix_pop_native_calls=19209 matrix_pop_original_calls=0 matrix_staged_groups=0 collision_cross_native_calls=454 collision_length_native_calls=6414 collision_normalize_native_calls=1589 collision_cross_original_calls=0 collision_length_original_calls=0 collision_normalize_original_calls=0 matrix_inverse_native_calls=11526 triangle_contacts_native_calls=0 triangle_contacts_original_calls=0 triangle_contacts_scope_blocked_calls=0 collision_candidates_native_calls=4989 collision_candidates_scope_blocked_calls=0 collision_candidates_original_calls=0 motion_sampling_native_calls=0 motion_sampling_original_calls=0 animation_hierarchy_native_calls=226 model_packets=0 model_snapshots=0 model_packet_verified=0 model_packet_vertices=0 model_gpu_draws=0 model_point_uploads=0 model_corner_uploads=0 closed_memory_calls=257881 closed_memory_words=3401636 collision_memory_intervals=0 collision_memory_reads=0 collision_memory_writes=0 model_pipeline_calls=27745 model_pipeline_declined=0 model_pipeline_points=713655 model_pipeline_normals=25906 model_pipeline_draws=25906 model_pipeline_direct_outputs=26042 model_pipeline_root_operations=0 model_pipeline_closed_children=0 object_distance_calls=97269 object_distance_native=97269 object_distance_fallback=0 object_activation_calls=226 object_lifetime_calls=35222 object_records=90400 object_created=155 object_retired=7 object_declined=0 object_slow_accesses=0 movement_calls=0 movement_declined=0 movement_callbacks=0 movement_reentries=0 contact_family_calls=0 object_contact_calls=0 camera_operation_calls=0 contact_family_internal=0 contact_family_foreign=0 contact_family_resumes=0 world_calls=227 world_declined=0 world_internal=18155 world_callbacks=75606 world_resumes=0 world_membership=21820 world_eligibility=21723 render_hierarchy_calls=5672 render_hierarchy_declined=0 render_hierarchy_internal=80037 render_hierarchy_callbacks=9083 render_model_calls=0 render_model_revocations=0 render_hierarchy_resumes=0 rigid_hierarchy_calls=5074 morph_hierarchy_calls=0 land_render_calls=0 collision_fused_cross=0 collision_fused_length=0 collision_fused_normalize=0 matrix_bulk_pushes=0 matrix_bulk_pops=0 matrix_bulk_saved=0 matrix_bulk_loaded=0 render_context_captures=9269 render_context_commits=9269 render_context_fallbacks=0 render_context_direct_calls=18538 palette_batch_calls=27588 palette_batch_vertices=783517 palette_batch_declined=0 palette_batch_closed_loops=27588 projection_batch_calls=29526 projection_batch_vertices=810466 projection_batch_declined=46 projection_batch_verified=0 sound_metadata_hits=0 sound_metadata_misses=0 sound_metadata_verified=0 deferred_midi_notes=0 animation_hierarchy_original_calls=0 animation_hierarchy_nodes=16498 animation_direct_write_calls=226 pose_blend_native_calls=0 pose_blend_original_calls=0 pose_direct_write_calls=0 matrix_vector_point_native_calls=32559 matrix_vector_point_original_calls=0 matrix_vector_direction_native_calls=37263 matrix_vector_direction_original_calls=0 matrix_vector_store_native_calls=0 matrix_vector_store_original_calls=0 matrix_vector_translation_native_calls=0 matrix_vector_translation_original_calls=0 atan_native_calls=0 inverse_trig_native_calls=76265 inverse_trig_declined=0 inverse_memory_calls=0 inverse_memory_stores=0 atan_original_calls=0 atan_quotient_native_calls=2 atan_quotient_original_calls=0 atan_polynomial_native_calls=0 atan_polynomial_original_calls=0 atan_scale_native_calls=0 atan_scale_original_calls=0 matrix_inverse_original_calls=0 matrix_determinant_native_calls=0 matrix_determinant_original_calls=0 player_state_readable=1 player_x=664.568 player_y=199.99 player_z=13.1406 player_x_bits=1143350360 player_y_bits=1128791387 player_z_bits=1095909370 frame_window_begin=5 frame_window_end=25 game_ticks=227 hud_timer_ticks=61 update_timing=0 update_tasks=0 update_tails=0 update_main_tasks=0 update_alternate_tasks=0 update_waits=0 update_elapsed=0 update_elapsed_extra=0 update_timer_setups=0 periodic_epoch_ns=119121556875742 periodic_callbacks=0 render_completion_experiment=0 guest_render_submitted=0 guest_render_completed=0 guest_render_dispatched=0 guest_render_callback=0 guest_render_counter=0 guest_render_nonzero_callbacks=0 update_unreadable=0 execution_thread_id=67568 execution_cpu_valid=1 execution_cpu_100ns=878367992 process_cpu_valid=1 process_cpu_100ns=5587102730 execution_cycles_valid=0 execution_cycles=0 phase=0 final=0
SONIC_NATIVE_SCENARIO_GAMEPLAY_SAMPLE id=knuckles-sky-deck protocol=3 input_profile=3 monotonic_ns=119125392614302 elapsed_ms=32339 collision_debug_signed=-1 frame=269 presentations=264 relative_frame=17 max_frame_ns=1940101416 input_applied_frames=17 completed_frames=18 drawn_frames=17 cadence_readable=1 active_video_hz=50 clock_owner=postpal-checkpoint clock_bound_frame=0 tv_mode_readable=1 tv_mode_word=1 release_slots=2 logical_delta=2 sixty_frame_fixture=0 native_gameplay_math=1 native_leaf_math=1 math_scope_readable=1 main_state=4 scene=15 palette_native_calls=28010 palette_original_calls=0 vertex_normals_native_calls=0 vertex_normals_original_calls=0 matrix_push_native_calls=16445 matrix_push_original_calls=0 matrix_pop_native_calls=19531 matrix_pop_original_calls=0 matrix_staged_groups=0 collision_cross_native_calls=462 collision_length_native_calls=6524 collision_normalize_native_calls=1617 collision_cross_original_calls=0 collision_length_original_calls=0 collision_normalize_original_calls=0 matrix_inverse_native_calls=11730 triangle_contacts_native_calls=0 triangle_contacts_original_calls=0 triangle_contacts_scope_blocked_calls=0 collision_candidates_native_calls=5085 collision_candidates_scope_blocked_calls=0 collision_candidates_original_calls=0 motion_sampling_native_calls=0 motion_sampling_original_calls=0 animation_hierarchy_native_calls=230 model_packets=0 model_snapshots=0 model_packet_verified=0 model_packet_vertices=0 model_gpu_draws=0 model_point_uploads=0 model_corner_uploads=0 closed_memory_calls=262285 closed_memory_words=3457481 collision_memory_intervals=0 collision_memory_reads=0 collision_memory_writes=0 model_pipeline_calls=28172 model_pipeline_declined=0 model_pipeline_points=724575 model_pipeline_normals=26301 model_pipeline_draws=26301 model_pipeline_direct_outputs=26439 model_pipeline_root_operations=0 model_pipeline_closed_children=0 object_distance_calls=98989 object_distance_native=98989 object_distance_fallback=0 object_activation_calls=230 object_lifetime_calls=35854 object_records=92000 object_created=155 object_retired=7 object_declined=0 object_slow_accesses=0 movement_calls=0 movement_declined=0 movement_callbacks=0 movement_reentries=0 contact_family_calls=0 object_contact_calls=0 camera_operation_calls=0 contact_family_internal=0 contact_family_foreign=0 contact_family_resumes=0 world_calls=231 world_declined=0 world_internal=18159 world_callbacks=76798 world_resumes=0 world_membership=22208 world_eligibility=22111 render_hierarchy_calls=5765 render_hierarchy_declined=0 render_hierarchy_internal=81303 render_hierarchy_callbacks=9229 render_model_calls=0 render_model_revocations=0 render_hierarchy_resumes=0 rigid_hierarchy_calls=5157 morph_hierarchy_calls=0 land_render_calls=0 collision_fused_cross=0 collision_fused_length=0 collision_fused_normalize=0 matrix_bulk_pushes=0 matrix_bulk_pops=0 matrix_bulk_saved=0 matrix_bulk_loaded=0 render_context_captures=9418 render_context_commits=9418 render_context_fallbacks=0 render_context_direct_calls=18836 palette_batch_calls=28010 palette_batch_vertices=795596 palette_batch_declined=0 palette_batch_closed_loops=28010 projection_batch_calls=29978 projection_batch_vertices=822965 projection_batch_declined=46 projection_batch_verified=0 sound_metadata_hits=0 sound_metadata_misses=0 sound_metadata_verified=0 deferred_midi_notes=0 animation_hierarchy_original_calls=0 animation_hierarchy_nodes=16790 animation_direct_write_calls=230 pose_blend_native_calls=0 pose_blend_original_calls=0 pose_direct_write_calls=0 matrix_vector_point_native_calls=33013 matrix_vector_point_original_calls=0 matrix_vector_direction_native_calls=37922 matrix_vector_direction_original_calls=0 matrix_vector_store_native_calls=0 matrix_vector_store_original_calls=0 matrix_vector_translation_native_calls=0 matrix_vector_translation_original_calls=0 atan_native_calls=0 inverse_trig_native_calls=77673 inverse_trig_declined=0 inverse_memory_calls=0 inverse_memory_stores=0 atan_original_calls=0 atan_quotient_native_calls=2 atan_quotient_original_calls=0 atan_polynomial_native_calls=0 atan_polynomial_original_calls=0 atan_scale_native_calls=0 atan_scale_original_calls=0 matrix_inverse_original_calls=0 matrix_determinant_native_calls=0 matrix_determinant_original_calls=0 player_state_readable=1 player_x=663.799 player_y=199.989 player_z=13.2407 player_x_bits=1143337760 player_y_bits=1128791372 player_z_bits=1096014324 frame_window_begin=5 frame_window_end=25 game_ticks=231 hud_timer_ticks=65 update_timing=0 update_tasks=0 update_tails=0 update_main_tasks=0 update_alternate_tasks=0 update_waits=0 update_elapsed=0 update_elapsed_extra=0 update_timer_setups=0 periodic_epoch_ns=119123466236701 periodic_callbacks=1 render_completion_experiment=0 guest_render_submitted=0 guest_render_completed=0 guest_render_dispatched=0 guest_render_callback=0 guest_render_counter=0 guest_render_nonzero_callbacks=0 update_unreadable=0 execution_thread_id=67568 execution_cpu_valid=1 execution_cpu_100ns=888521974 process_cpu_valid=1 process_cpu_100ns=5650806331 execution_cycles_valid=0 execution_cycles=0 phase=0 final=0
SONIC_NATIVE_SCENARIO_GAMEPLAY_SAMPLE id=knuckles-sky-deck protocol=3 input_profile=3 monotonic_ns=119127289497246 elapsed_ms=34235 collision_debug_signed=-1 frame=270 presentations=265 relative_frame=18 max_frame_ns=1940101416 input_applied_frames=18 completed_frames=19 drawn_frames=18 cadence_readable=1 active_video_hz=50 clock_owner=postpal-checkpoint clock_bound_frame=0 tv_mode_readable=1 tv_mode_word=1 release_slots=2 logical_delta=2 sixty_frame_fixture=0 native_gameplay_math=1 native_leaf_math=1 math_scope_readable=1 main_state=4 scene=15 palette_native_calls=28432 palette_original_calls=0 vertex_normals_native_calls=0 vertex_normals_original_calls=0 matrix_push_native_calls=16673 matrix_push_original_calls=0 matrix_pop_native_calls=19800 matrix_pop_original_calls=0 matrix_staged_groups=0 collision_cross_native_calls=468 collision_length_native_calls=6609 collision_normalize_native_calls=1638 collision_cross_original_calls=0 collision_length_original_calls=0 collision_normalize_original_calls=0 matrix_inverse_native_calls=11883 triangle_contacts_native_calls=0 triangle_contacts_original_calls=0 triangle_contacts_scope_blocked_calls=0 collision_candidates_native_calls=5157 collision_candidates_scope_blocked_calls=0 collision_candidates_original_calls=0 motion_sampling_native_calls=0 motion_sampling_original_calls=0 animation_hierarchy_native_calls=233 model_packets=0 model_snapshots=0 model_packet_verified=0 model_packet_vertices=0 model_gpu_draws=0 model_point_uploads=0 model_corner_uploads=0 closed_memory_calls=265754 closed_memory_words=3506617 collision_memory_intervals=0 collision_memory_reads=0 collision_memory_writes=0 model_pipeline_calls=28590 model_pipeline_declined=0 model_pipeline_points=735495 model_pipeline_normals=26696 model_pipeline_draws=26696 model_pipeline_direct_outputs=26836 model_pipeline_root_operations=0 model_pipeline_closed_children=0 object_distance_calls=100279 object_distance_native=100279 object_distance_fallback=0 object_activation_calls=233 object_lifetime_calls=36328 object_records=93200 object_created=155 object_retired=7 object_declined=0 object_slow_accesses=0 movement_calls=0 movement_declined=0 movement_callbacks=0 movement_reentries=0 contact_family_calls=0 object_contact_calls=0 camera_operation_calls=0 contact_family_internal=0 contact_family_foreign=0 contact_family_resumes=0 world_calls=234 world_declined=0 world_internal=18162 world_callbacks=77692 world_resumes=0 world_membership=22499 world_eligibility=22402 render_hierarchy_calls=5848 render_hierarchy_declined=0 render_hierarchy_internal=82564 render_hierarchy_callbacks=9366 render_model_calls=0 render_model_revocations=0 render_hierarchy_resumes=0 rigid_hierarchy_calls=5230 morph_hierarchy_calls=0 land_render_calls=0 collision_fused_cross=0 collision_fused_length=0 collision_fused_normalize=0 matrix_bulk_pushes=0 matrix_bulk_pops=0 matrix_bulk_saved=0 matrix_bulk_loaded=0 render_context_captures=9557 render_context_commits=9557 render_context_fallbacks=0 render_context_direct_calls=19114 palette_batch_calls=28432 palette_batch_vertices=807675 palette_batch_declined=0 palette_batch_closed_loops=28432 projection_batch_calls=30430 projection_batch_vertices=835464 projection_batch_declined=46 projection_batch_verified=0 sound_metadata_hits=0 sound_metadata_misses=0 sound_metadata_verified=0 deferred_midi_notes=0 animation_hierarchy_original_calls=0 animation_hierarchy_nodes=17009 animation_direct_write_calls=233 pose_blend_native_calls=0 pose_blend_original_calls=0 pose_direct_write_calls=0 matrix_vector_point_native_calls=33357 matrix_vector_point_original_calls=0 matrix_vector_direction_native_calls=38418 matrix_vector_direction_original_calls=0 matrix_vector_store_native_calls=0 matrix_vector_store_original_calls=0 matrix_vector_translation_native_calls=0 matrix_vector_translation_original_calls=0 atan_native_calls=0 inverse_trig_native_calls=78729 inverse_trig_declined=0 inverse_memory_calls=0 inverse_memory_stores=0 atan_original_calls=0 atan_quotient_native_calls=2 atan_quotient_original_calls=0 atan_polynomial_native_calls=0 atan_polynomial_original_calls=0 atan_scale_native_calls=0 atan_scale_original_calls=0 matrix_inverse_original_calls=0 matrix_determinant_native_calls=0 matrix_determinant_original_calls=0 player_state_readable=1 player_x=663.222 player_y=199.989 player_z=13.3156 player_x_bits=1143328310 player_y_bits=1128791361 player_z_bits=1096092901 frame_window_begin=5 frame_window_end=25 game_ticks=234 hud_timer_ticks=68 update_timing=0 update_tasks=0 update_tails=0 update_main_tasks=0 update_alternate_tasks=0 update_waits=0 update_elapsed=0 update_elapsed_extra=0 update_timer_setups=0 periodic_epoch_ns=119125398504411 periodic_callbacks=0 render_completion_experiment=0 guest_render_submitted=0 guest_render_completed=0 guest_render_dispatched=0 guest_render_callback=0 guest_render_counter=0 guest_render_nonzero_callbacks=0 update_unreadable=0 execution_thread_id=67568 execution_cpu_valid=1 execution_cpu_100ns=896854584 process_cpu_valid=1 process_cpu_100ns=5712186016 execution_cycles_valid=0 execution_cycles=0 phase=0 final=0
SONIC_NATIVE_SCENARIO_GAMEPLAY_SAMPLE id=knuckles-sky-deck protocol=3 input_profile=3 monotonic_ns=119129177336088 elapsed_ms=36123 collision_debug_signed=-1 frame=271 presentations=266 relative_frame=19 max_frame_ns=1940101416 input_applied_frames=19 completed_frames=20 drawn_frames=19 cadence_readable=1 active_video_hz=50 clock_owner=postpal-checkpoint clock_bound_frame=0 tv_mode_readable=1 tv_mode_word=1 release_slots=2 logical_delta=2 sixty_frame_fixture=0 native_gameplay_math=1 native_leaf_math=1 math_scope_readable=1 main_state=4 scene=15 palette_native_calls=28853 palette_original_calls=0 vertex_normals_native_calls=0 vertex_normals_original_calls=0 matrix_push_native_calls=16940 matrix_push_original_calls=0 matrix_pop_native_calls=20122 matrix_pop_original_calls=0 matrix_staged_groups=0 collision_cross_native_calls=476 collision_length_native_calls=6719 collision_normalize_native_calls=1666 collision_cross_original_calls=0 collision_length_original_calls=0 collision_normalize_original_calls=0 matrix_inverse_native_calls=12087 triangle_contacts_native_calls=0 triangle_contacts_original_calls=0 triangle_contacts_scope_blocked_calls=0 collision_candidates_native_calls=5253 collision_candidates_scope_blocked_calls=0 collision_candidates_original_calls=0 motion_sampling_native_calls=0 motion_sampling_original_calls=0 animation_hierarchy_native_calls=237 model_packets=0 model_snapshots=0 model_packet_verified=0 model_packet_vertices=0 model_gpu_draws=0 model_point_uploads=0 model_corner_uploads=0 closed_memory_calls=270157 closed_memory_words=3562397 collision_memory_intervals=0 collision_memory_reads=0 collision_memory_writes=0 model_pipeline_calls=29017 model_pipeline_declined=0 model_pipeline_points=746415 model_pipeline_normals=27091 model_pipeline_draws=27091 model_pipeline_direct_outputs=27233 model_pipeline_root_operations=0 model_pipeline_closed_children=0 object_distance_calls=101997 object_distance_native=101997 object_distance_fallback=0 object_activation_calls=237 object_lifetime_calls=36960 object_records=94800 object_created=155 object_retired=7 object_declined=0 object_slow_accesses=0 movement_calls=0 movement_declined=0 movement_callbacks=0 movement_reentries=0 contact_family_calls=0 object_contact_calls=0 camera_operation_calls=0 contact_family_internal=0 contact_family_foreign=0 contact_family_resumes=0 world_calls=238 world_declined=0 world_internal=18166 world_callbacks=78884 world_resumes=0 world_membership=22887 world_eligibility=22790 render_hierarchy_calls=5941 render_hierarchy_declined=0 render_hierarchy_internal=83830 render_hierarchy_callbacks=9512 render_model_calls=0 render_model_revocations=0 render_hierarchy_resumes=0 rigid_hierarchy_calls=5313 morph_hierarchy_calls=0 land_render_calls=0 collision_fused_cross=0 collision_fused_length=0 collision_fused_normalize=0 matrix_bulk_pushes=0 matrix_bulk_pops=0 matrix_bulk_saved=0 matrix_bulk_loaded=0 render_context_captures=9705 render_context_commits=9705 render_context_fallbacks=0 render_context_direct_calls=19410 palette_batch_calls=28853 palette_batch_vertices=819722 palette_batch_declined=0 palette_batch_closed_loops=28853 projection_batch_calls=30881 projection_batch_vertices=847931 projection_batch_declined=46 projection_batch_verified=0 sound_metadata_hits=0 sound_metadata_misses=0 sound_metadata_verified=0 deferred_midi_notes=0 animation_hierarchy_original_calls=0 animation_hierarchy_nodes=17301 animation_direct_write_calls=237 pose_blend_native_calls=0 pose_blend_original_calls=0 pose_direct_write_calls=0 matrix_vector_point_native_calls=33811 matrix_vector_point_original_calls=0 matrix_vector_direction_native_calls=39077 matrix_vector_direction_original_calls=0 matrix_vector_store_native_calls=0 matrix_vector_store_original_calls=0 matrix_vector_translation_native_calls=0 matrix_vector_translation_original_calls=0 atan_native_calls=0 inverse_trig_native_calls=80137 inverse_trig_declined=0 inverse_memory_calls=0 inverse_memory_stores=0 atan_original_calls=0 atan_quotient_native_calls=2 atan_quotient_original_calls=0 atan_polynomial_native_calls=0 atan_polynomial_original_calls=0 atan_scale_native_calls=0 atan_scale_original_calls=0 matrix_inverse_original_calls=0 matrix_determinant_native_calls=0 matrix_determinant_original_calls=0 player_state_readable=1 player_x=662.453 player_y=199.989 player_z=13.4153 player_x_bits=1143315710 player_y_bits=1128791347 player_z_bits=1096197411 frame_window_begin=5 frame_window_end=25 game_ticks=238 hud_timer_ticks=72 update_timing=0 update_tasks=0 update_tails=0 update_main_tasks=0 update_alternate_tasks=0 update_waits=0 update_elapsed=0 update_elapsed_extra=0 update_timer_setups=0 periodic_epoch_ns=119127294892880 periodic_callbacks=1 render_completion_experiment=0 guest_render_submitted=0 guest_render_completed=0 guest_render_dispatched=0 guest_render_callback=0 guest_render_counter=0 guest_render_nonzero_callbacks=0 update_unreadable=0 execution_thread_id=67568 execution_cpu_valid=1 execution_cpu_100ns=906855647 process_cpu_valid=1 process_cpu_100ns=5775036923 execution_cycles_valid=0 execution_cycles=0 phase=0 final=0
SONIC_NATIVE_SCENARIO_GAMEPLAY_SAMPLE id=knuckles-sky-deck protocol=3 input_profile=3 monotonic_ns=119131051322417 elapsed_ms=37997 collision_debug_signed=-1 frame=272 presentations=267 relative_frame=20 max_frame_ns=1940101416 input_applied_frames=20 completed_frames=21 drawn_frames=20 cadence_readable=1 active_video_hz=50 clock_owner=postpal-checkpoint clock_bound_frame=0 tv_mode_readable=1 tv_mode_word=1 release_slots=2 logical_delta=2 sixty_frame_fixture=0 native_gameplay_math=1 native_leaf_math=1 math_scope_readable=1 main_state=4 scene=15 palette_native_calls=29274 palette_original_calls=0 vertex_normals_native_calls=0 vertex_normals_original_calls=0 matrix_push_native_calls=17170 matrix_push_original_calls=0 matrix_pop_native_calls=20393 matrix_pop_original_calls=0 matrix_staged_groups=0 collision_cross_native_calls=482 collision_length_native_calls=6796 collision_normalize_native_calls=1687 collision_cross_original_calls=0 collision_length_original_calls=0 collision_normalize_original_calls=0 matrix_inverse_native_calls=12240 triangle_contacts_native_calls=0 triangle_contacts_original_calls=0 triangle_contacts_scope_blocked_calls=0 collision_candidates_native_calls=5325 collision_candidates_scope_blocked_calls=0 collision_candidates_original_calls=0 motion_sampling_native_calls=0 motion_sampling_original_calls=0 animation_hierarchy_native_calls=240 model_packets=0 model_snapshots=0 model_packet_verified=0 model_packet_vertices=0 model_gpu_draws=0 model_point_uploads=0 model_corner_uploads=0 closed_memory_calls=273634 closed_memory_words=3611449 collision_memory_intervals=0 collision_memory_reads=0 collision_memory_writes=0 model_pipeline_calls=29435 model_pipeline_declined=0 model_pipeline_points=757335 model_pipeline_normals=27486 model_pipeline_draws=27486 model_pipeline_direct_outputs=27630 model_pipeline_root_operations=0 model_pipeline_closed_children=0 object_distance_calls=103284 object_distance_native=103284 object_distance_fallback=0 object_activation_calls=240 object_lifetime_calls=37434 object_records=96000 object_created=155 object_retired=7 object_declined=0 object_slow_accesses=0 movement_calls=0 movement_declined=0 movement_callbacks=0 movement_reentries=0 contact_family_calls=0 object_contact_calls=0 camera_operation_calls=0 contact_family_internal=0 contact_family_foreign=0 contact_family_resumes=0 world_calls=241 world_declined=0 world_internal=18306 world_callbacks=79827 world_resumes=0 world_membership=23181 world_eligibility=23083 render_hierarchy_calls=6024 render_hierarchy_declined=0 render_hierarchy_internal=85091 render_hierarchy_callbacks=9649 render_model_calls=0 render_model_revocations=0 render_hierarchy_resumes=0 rigid_hierarchy_calls=5386 morph_hierarchy_calls=0 land_render_calls=0 collision_fused_cross=0 collision_fused_length=0 collision_fused_normalize=0 matrix_bulk_pushes=0 matrix_bulk_pops=0 matrix_bulk_saved=0 matrix_bulk_loaded=0 render_context_captures=9843 render_context_commits=9843 render_context_fallbacks=0 render_context_direct_calls=19686 palette_batch_calls=29274 palette_batch_vertices=831769 palette_batch_declined=0 palette_batch_closed_loops=29274 projection_batch_calls=31332 projection_batch_vertices=860398 projection_batch_declined=46 projection_batch_verified=0 sound_metadata_hits=0 sound_metadata_misses=0 sound_metadata_verified=0 deferred_midi_notes=0 animation_hierarchy_original_calls=0 animation_hierarchy_nodes=17520 animation_direct_write_calls=240 pose_blend_native_calls=0 pose_blend_original_calls=0 pose_direct_write_calls=0 matrix_vector_point_native_calls=34196 matrix_vector_point_original_calls=0 matrix_vector_direction_native_calls=39573 matrix_vector_direction_original_calls=0 matrix_vector_store_native_calls=0 matrix_vector_store_original_calls=0 matrix_vector_translation_native_calls=0 matrix_vector_translation_original_calls=0 atan_native_calls=0 inverse_trig_native_calls=81169 inverse_trig_declined=0 inverse_memory_calls=0 inverse_memory_stores=0 atan_original_calls=0 atan_quotient_native_calls=2 atan_quotient_original_calls=0 atan_polynomial_native_calls=0 atan_polynomial_original_calls=0 atan_scale_native_calls=0 atan_scale_original_calls=0 matrix_inverse_original_calls=0 matrix_determinant_native_calls=0 matrix_determinant_original_calls=0 player_state_readable=1 player_x=661.876 player_y=199.989 player_z=13.4899 player_x_bits=1143306260 player_y_bits=1128791336 player_z_bits=1096275638 frame_window_begin=5 frame_window_end=25 game_ticks=241 hud_timer_ticks=75 update_timing=0 update_tasks=0 update_tails=0 update_main_tasks=0 update_alternate_tasks=0 update_waits=0 update_elapsed=0 update_elapsed_extra=0 update_timer_setups=0 periodic_epoch_ns=119129185487648 periodic_callbacks=0 render_completion_experiment=0 guest_render_submitted=0 guest_render_completed=0 guest_render_dispatched=0 guest_render_callback=0 guest_render_counter=0 guest_render_nonzero_callbacks=0 update_unreadable=0 execution_thread_id=67568 execution_cpu_valid=1 execution_cpu_100ns=915246046 process_cpu_valid=1 process_cpu_100ns=5835897311 execution_cycles_valid=0 execution_cycles=0 phase=0 final=0
SONIC_NATIVE_SCENARIO_GAMEPLAY_SAMPLE id=knuckles-sky-deck protocol=3 input_profile=3 monotonic_ns=119132963871609 elapsed_ms=39910 collision_debug_signed=-1 frame=273 presentations=268 relative_frame=21 max_frame_ns=1940101416 input_applied_frames=21 completed_frames=22 drawn_frames=21 cadence_readable=1 active_video_hz=50 clock_owner=postpal-checkpoint clock_bound_frame=0 tv_mode_readable=1 tv_mode_word=1 release_slots=2 logical_delta=2 sixty_frame_fixture=0 native_gameplay_math=1 native_leaf_math=1 math_scope_readable=1 main_state=4 scene=15 palette_native_calls=29695 palette_original_calls=0 vertex_normals_native_calls=0 vertex_normals_original_calls=0 matrix_push_native_calls=17398 matrix_push_original_calls=0 matrix_pop_native_calls=20662 matrix_pop_original_calls=0 matrix_staged_groups=0 collision_cross_native_calls=488 collision_length_native_calls=6880 collision_normalize_native_calls=1708 collision_cross_original_calls=0 collision_length_original_calls=0 collision_normalize_original_calls=0 matrix_inverse_native_calls=12393 triangle_contacts_native_calls=0 triangle_contacts_original_calls=0 triangle_contacts_scope_blocked_calls=0 collision_candidates_native_calls=5397 collision_candidates_scope_blocked_calls=0 collision_candidates_original_calls=0 motion_sampling_native_calls=0 motion_sampling_original_calls=0 animation_hierarchy_native_calls=243 model_packets=0 model_snapshots=0 model_packet_verified=0 model_packet_vertices=0 model_gpu_draws=0 model_point_uploads=0 model_corner_uploads=0 closed_memory_calls=277066 closed_memory_words=3660316 collision_memory_intervals=0 collision_memory_reads=0 collision_memory_writes=0 model_pipeline_calls=29853 model_pipeline_declined=0 model_pipeline_points=768255 model_pipeline_normals=27881 model_pipeline_draws=27881 model_pipeline_direct_outputs=28027 model_pipeline_root_operations=0 model_pipeline_closed_children=0 object_distance_calls=104571 object_distance_native=104571 object_distance_fallback=0 object_activation_calls=243 object_lifetime_calls=37908 object_records=97200 object_created=155 object_retired=7 object_declined=0 object_slow_accesses=0 movement_calls=0 movement_declined=0 movement_callbacks=0 movement_reentries=0 contact_family_calls=0 object_contact_calls=0 camera_operation_calls=0 contact_family_internal=0 contact_family_foreign=0 contact_family_resumes=0 world_calls=244 world_declined=0 world_internal=18309 world_callbacks=80721 world_resumes=0 world_membership=23475 world_eligibility=23377 render_hierarchy_calls=6107 render_hierarchy_declined=0 render_hierarchy_internal=86352 render_hierarchy_callbacks=9786 render_model_calls=0 render_model_revocations=0 render_hierarchy_resumes=0 rigid_hierarchy_calls=5459 morph_hierarchy_calls=0 land_render_calls=0 collision_fused_cross=0 collision_fused_length=0 collision_fused_normalize=0 matrix_bulk_pushes=0 matrix_bulk_pops=0 matrix_bulk_saved=0 matrix_bulk_loaded=0 render_context_captures=9981 render_context_commits=9981 render_context_fallbacks=0 render_context_direct_calls=19962 palette_batch_calls=29695 palette_batch_vertices=843816 palette_batch_declined=0 palette_batch_closed_loops=29695 projection_batch_calls=31783 projection_batch_vertices=872865 projection_batch_declined=46 projection_batch_verified=0 sound_metadata_hits=0 sound_metadata_misses=0 sound_metadata_verified=0 deferred_midi_notes=0 animation_hierarchy_original_calls=0 animation_hierarchy_nodes=17739 animation_direct_write_calls=243 pose_blend_native_calls=0 pose_blend_original_calls=0 pose_direct_write_calls=0 matrix_vector_point_native_calls=34540 matrix_vector_point_original_calls=0 matrix_vector_direction_native_calls=40069 matrix_vector_direction_original_calls=0 matrix_vector_store_native_calls=0 matrix_vector_store_original_calls=0 matrix_vector_translation_native_calls=0 matrix_vector_translation_original_calls=0 atan_native_calls=0 inverse_trig_native_calls=82199 inverse_trig_declined=0 inverse_memory_calls=0 inverse_memory_stores=0 atan_original_calls=0 atan_quotient_native_calls=2 atan_quotient_original_calls=0 atan_polynomial_native_calls=0 atan_polynomial_original_calls=0 atan_scale_native_calls=0 atan_scale_original_calls=0 matrix_inverse_original_calls=0 matrix_determinant_native_calls=0 matrix_determinant_original_calls=0 player_state_readable=1 player_x=661.299 player_y=199.989 player_z=13.5644 player_x_bits=1143296810 player_y_bits=1128791325 player_z_bits=1096353688 frame_window_begin=5 frame_window_end=25 game_ticks=244 hud_timer_ticks=78 update_timing=0 update_tasks=0 update_tails=0 update_main_tasks=0 update_alternate_tasks=0 update_waits=0 update_elapsed=0 update_elapsed_extra=0 update_timer_setups=0 periodic_epoch_ns=119131056244530 periodic_callbacks=0 render_completion_experiment=0 guest_render_submitted=0 guest_render_completed=0 guest_render_dispatched=0 guest_render_callback=0 guest_render_counter=0 guest_render_nonzero_callbacks=0 update_unreadable=0 execution_thread_id=67568 execution_cpu_valid=1 execution_cpu_100ns=923964584 process_cpu_valid=1 process_cpu_100ns=5897897344 execution_cycles_valid=0 execution_cycles=0 phase=0 final=0
SONIC_NATIVE_SCENARIO_GAMEPLAY_SAMPLE id=knuckles-sky-deck protocol=3 input_profile=3 monotonic_ns=119134893486331 elapsed_ms=41839 collision_debug_signed=-1 frame=274 presentations=269 relative_frame=22 max_frame_ns=1940101416 input_applied_frames=22 completed_frames=23 drawn_frames=22 cadence_readable=1 active_video_hz=50 clock_owner=postpal-checkpoint clock_bound_frame=0 tv_mode_readable=1 tv_mode_word=1 release_slots=2 logical_delta=2 sixty_frame_fixture=0 native_gameplay_math=1 native_leaf_math=1 math_scope_readable=1 main_state=4 scene=15 palette_native_calls=30116 palette_original_calls=0 vertex_normals_native_calls=0 vertex_normals_original_calls=0 matrix_push_native_calls=17665 matrix_push_original_calls=0 matrix_pop_native_calls=20984 matrix_pop_original_calls=0 matrix_staged_groups=0 collision_cross_native_calls=496 collision_length_native_calls=6990 collision_normalize_native_calls=1736 collision_cross_original_calls=0 collision_length_original_calls=0 collision_normalize_original_calls=0 matrix_inverse_native_calls=12597 triangle_contacts_native_calls=0 triangle_contacts_original_calls=0 triangle_contacts_scope_blocked_calls=0 collision_candidates_native_calls=5493 collision_candidates_scope_blocked_calls=0 collision_candidates_original_calls=0 motion_sampling_native_calls=0 motion_sampling_original_calls=0 animation_hierarchy_native_calls=247 model_packets=0 model_snapshots=0 model_packet_verified=0 model_packet_vertices=0 model_gpu_draws=0 model_point_uploads=0 model_corner_uploads=0 closed_memory_calls=281421 closed_memory_words=3715824 collision_memory_intervals=0 collision_memory_reads=0 collision_memory_writes=0 model_pipeline_calls=30280 model_pipeline_declined=0 model_pipeline_points=779175 model_pipeline_normals=28276 model_pipeline_draws=28276 model_pipeline_direct_outputs=28424 model_pipeline_root_operations=0 model_pipeline_closed_children=0 object_distance_calls=106284 object_distance_native=106284 object_distance_fallback=0 object_activation_calls=247 object_lifetime_calls=38540 object_records=98800 object_created=155 object_retired=7 object_declined=0 object_slow_accesses=0 movement_calls=0 movement_declined=0 movement_callbacks=0 movement_reentries=0 contact_family_calls=0 object_contact_calls=0 camera_operation_calls=0 contact_family_internal=0 contact_family_foreign=0 contact_family_resumes=0 world_calls=248 world_declined=0 world_internal=18313 world_callbacks=81913 world_resumes=0 world_membership=23867 world_eligibility=23769 render_hierarchy_calls=6200 render_hierarchy_declined=0 render_hierarchy_internal=87618 render_hierarchy_callbacks=9932 render_model_calls=0 render_model_revocations=0 render_hierarchy_resumes=0 rigid_hierarchy_calls=5542 morph_hierarchy_calls=0 land_render_calls=0 collision_fused_cross=0 collision_fused_length=0 collision_fused_normalize=0 matrix_bulk_pushes=0 matrix_bulk_pops=0 matrix_bulk_saved=0 matrix_bulk_loaded=0 render_context_captures=10129 render_context_commits=10129 render_context_fallbacks=0 render_context_direct_calls=20258 palette_batch_calls=30116 palette_batch_vertices=855863 palette_batch_declined=0 palette_batch_closed_loops=30116 projection_batch_calls=32234 projection_batch_vertices=885332 projection_batch_declined=46 projection_batch_verified=0 sound_metadata_hits=0 sound_metadata_misses=0 sound_metadata_verified=0 deferred_midi_notes=0 animation_hierarchy_original_calls=0 animation_hierarchy_nodes=18031 animation_direct_write_calls=247 pose_blend_native_calls=0 pose_blend_original_calls=0 pose_direct_write_calls=0 matrix_vector_point_native_calls=34994 matrix_vector_point_original_calls=0 matrix_vector_direction_native_calls=40728 matrix_vector_direction_original_calls=0 matrix_vector_store_native_calls=0 matrix_vector_store_original_calls=0 matrix_vector_translation_native_calls=0 matrix_vector_translation_original_calls=0 atan_native_calls=0 inverse_trig_native_calls=83567 inverse_trig_declined=0 inverse_memory_calls=0 inverse_memory_stores=0 atan_original_calls=0 atan_quotient_native_calls=2 atan_quotient_original_calls=0 atan_polynomial_native_calls=0 atan_polynomial_original_calls=0 atan_scale_native_calls=0 atan_scale_original_calls=0 matrix_inverse_original_calls=0 matrix_determinant_native_calls=0 matrix_determinant_original_calls=0 player_state_readable=1 player_x=660.53 player_y=199.988 player_z=13.6633 player_x_bits=1143284210 player_y_bits=1128791310 player_z_bits=1096457490 frame_window_begin=5 frame_window_end=25 game_ticks=248 hud_timer_ticks=82 update_timing=0 update_tasks=0 update_tails=0 update_main_tasks=0 update_alternate_tasks=0 update_waits=0 update_elapsed=0 update_elapsed_extra=0 update_timer_setups=0 periodic_epoch_ns=119132968828363 periodic_callbacks=0 render_completion_experiment=0 guest_render_submitted=0 guest_render_completed=0 guest_render_dispatched=0 guest_render_callback=0 guest_render_counter=0 guest_render_nonzero_callbacks=0 update_unreadable=0 execution_thread_id=67568 execution_cpu_valid=1 execution_cpu_100ns=933906869 process_cpu_valid=1 process_cpu_100ns=5961354733 execution_cycles_valid=0 execution_cycles=0 phase=0 final=0
SONIC_NATIVE_SCENARIO_GAMEPLAY_SAMPLE id=knuckles-sky-deck protocol=3 input_profile=3 monotonic_ns=119136812273772 elapsed_ms=43758 collision_debug_signed=-1 frame=275 presentations=270 relative_frame=23 max_frame_ns=1940101416 input_applied_frames=23 completed_frames=24 drawn_frames=23 cadence_readable=1 active_video_hz=50 clock_owner=postpal-checkpoint clock_bound_frame=0 tv_mode_readable=1 tv_mode_word=1 release_slots=2 logical_delta=2 sixty_frame_fixture=0 native_gameplay_math=1 native_leaf_math=1 math_scope_readable=1 main_state=4 scene=15 palette_native_calls=30537 palette_original_calls=0 vertex_normals_native_calls=0 vertex_normals_original_calls=0 matrix_push_native_calls=17894 matrix_push_original_calls=0 matrix_pop_native_calls=21254 matrix_pop_original_calls=0 matrix_staged_groups=0 collision_cross_native_calls=502 collision_length_native_calls=7075 collision_normalize_native_calls=1757 collision_cross_original_calls=0 collision_length_original_calls=0 collision_normalize_original_calls=0 matrix_inverse_native_calls=12750 triangle_contacts_native_calls=0 triangle_contacts_original_calls=0 triangle_contacts_scope_blocked_calls=0 collision_candidates_native_calls=5565 collision_candidates_scope_blocked_calls=0 collision_candidates_original_calls=0 motion_sampling_native_calls=0 motion_sampling_original_calls=0 animation_hierarchy_native_calls=250 model_packets=0 model_snapshots=0 model_packet_verified=0 model_packet_vertices=0 model_gpu_draws=0 model_point_uploads=0 model_corner_uploads=0 closed_memory_calls=284819 closed_memory_words=3764645 collision_memory_intervals=0 collision_memory_reads=0 collision_memory_writes=0 model_pipeline_calls=30699 model_pipeline_declined=0 model_pipeline_points=790158 model_pipeline_normals=28672 model_pipeline_draws=28672 model_pipeline_direct_outputs=28822 model_pipeline_root_operations=0 model_pipeline_closed_children=0 object_distance_calls=107568 object_distance_native=107568 object_distance_fallback=0 object_activation_calls=250 object_lifetime_calls=39014 object_records=100000 object_created=155 object_retired=7 object_declined=0 object_slow_accesses=0 movement_calls=0 movement_declined=0 movement_callbacks=0 movement_reentries=0 contact_family_calls=0 object_contact_calls=0 camera_operation_calls=0 contact_family_internal=0 contact_family_foreign=0 contact_family_resumes=0 world_calls=251 world_declined=0 world_internal=18316 world_callbacks=82807 world_resumes=0 world_membership=24161 world_eligibility=24063 render_hierarchy_calls=6284 render_hierarchy_declined=0 render_hierarchy_internal=88879 render_hierarchy_callbacks=10070 render_model_calls=0 render_model_revocations=0 render_hierarchy_resumes=0 rigid_hierarchy_calls=5616 morph_hierarchy_calls=0 land_render_calls=0 collision_fused_cross=0 collision_fused_length=0 collision_fused_normalize=0 matrix_bulk_pushes=0 matrix_bulk_pops=0 matrix_bulk_saved=0 matrix_bulk_loaded=0 render_context_captures=10267 render_context_commits=10267 render_context_fallbacks=0 render_context_direct_calls=20534 palette_batch_calls=30537 palette_batch_vertices=867969 palette_batch_declined=0 palette_batch_closed_loops=30537 projection_batch_calls=32685 projection_batch_vertices=897858 projection_batch_declined=46 projection_batch_verified=0 sound_metadata_hits=0 sound_metadata_misses=0 sound_metadata_verified=0 deferred_midi_notes=0 animation_hierarchy_original_calls=0 animation_hierarchy_nodes=18250 animation_direct_write_calls=250 pose_blend_native_calls=0 pose_blend_original_calls=0 pose_direct_write_calls=0 matrix_vector_point_native_calls=35338 matrix_vector_point_original_calls=0 matrix_vector_direction_native_calls=41224 matrix_vector_direction_original_calls=0 matrix_vector_store_native_calls=0 matrix_vector_store_original_calls=0 matrix_vector_translation_native_calls=0 matrix_vector_translation_original_calls=0 atan_native_calls=0 inverse_trig_native_calls=84569 inverse_trig_declined=0 inverse_memory_calls=0 inverse_memory_stores=0 atan_original_calls=0 atan_quotient_native_calls=2 atan_quotient_original_calls=0 atan_polynomial_native_calls=0 atan_polynomial_original_calls=0 atan_scale_native_calls=0 atan_scale_original_calls=0 matrix_inverse_original_calls=0 matrix_determinant_native_calls=0 matrix_determinant_original_calls=0 player_state_readable=1 player_x=659.954 player_y=199.988 player_z=13.7374 player_x_bits=1143274759 player_y_bits=1128791300 player_z_bits=1096535137 frame_window_begin=5 frame_window_end=25 game_ticks=251 hud_timer_ticks=85 update_timing=0 update_tasks=0 update_tails=0 update_main_tasks=0 update_alternate_tasks=0 update_waits=0 update_elapsed=0 update_elapsed_extra=0 update_timer_setups=0 periodic_epoch_ns=119134900443331 periodic_callbacks=0 render_completion_experiment=0 guest_render_submitted=0 guest_render_completed=0 guest_render_dispatched=0 guest_render_callback=0 guest_render_counter=0 guest_render_nonzero_callbacks=0 update_unreadable=0 execution_thread_id=67568 execution_cpu_valid=1 execution_cpu_100ns=942185493 process_cpu_valid=1 process_cpu_100ns=6022980628 execution_cycles_valid=0 execution_cycles=0 phase=0 final=0
SONIC_NATIVE_SCENARIO_GAMEPLAY_SAMPLE id=knuckles-sky-deck protocol=3 input_profile=3 monotonic_ns=119138707454428 elapsed_ms=45653 collision_debug_signed=-1 frame=276 presentations=271 relative_frame=24 max_frame_ns=1940101416 input_applied_frames=24 completed_frames=25 drawn_frames=24 cadence_readable=1 active_video_hz=50 clock_owner=postpal-checkpoint clock_bound_frame=0 tv_mode_readable=1 tv_mode_word=1 release_slots=2 logical_delta=2 sixty_frame_fixture=0 native_gameplay_math=1 native_leaf_math=1 math_scope_readable=1 main_state=4 scene=15 palette_native_calls=30957 palette_original_calls=0 vertex_normals_native_calls=0 vertex_normals_original_calls=0 matrix_push_native_calls=18161 matrix_push_original_calls=0 matrix_pop_native_calls=21576 matrix_pop_original_calls=0 matrix_staged_groups=0 collision_cross_native_calls=510 collision_length_native_calls=7185 collision_normalize_native_calls=1785 collision_cross_original_calls=0 collision_length_original_calls=0 collision_normalize_original_calls=0 matrix_inverse_native_calls=12954 triangle_contacts_native_calls=0 triangle_contacts_original_calls=0 triangle_contacts_scope_blocked_calls=0 collision_candidates_native_calls=5661 collision_candidates_scope_blocked_calls=0 collision_candidates_original_calls=0 motion_sampling_native_calls=0 motion_sampling_original_calls=0 animation_hierarchy_native_calls=254 model_packets=0 model_snapshots=0 model_packet_verified=0 model_packet_vertices=0 model_gpu_draws=0 model_point_uploads=0 model_corner_uploads=0 closed_memory_calls=289125 closed_memory_words=3819872 collision_memory_intervals=0 collision_memory_reads=0 collision_memory_writes=0 model_pipeline_calls=31126 model_pipeline_declined=0 model_pipeline_points=801078 model_pipeline_normals=29067 model_pipeline_draws=29067 model_pipeline_direct_outputs=29219 model_pipeline_root_operations=0 model_pipeline_closed_children=0 object_distance_calls=109282 object_distance_native=109282 object_distance_fallback=0 object_activation_calls=254 object_lifetime_calls=39647 object_records=101600 object_created=156 object_retired=7 object_declined=0 object_slow_accesses=0 movement_calls=0 movement_declined=0 movement_callbacks=0 movement_reentries=0 contact_family_calls=0 object_contact_calls=0 camera_operation_calls=0 contact_family_internal=0 contact_family_foreign=0 contact_family_resumes=0 world_calls=255 world_declined=0 world_internal=18320 world_callbacks=83999 world_resumes=0 world_membership=24553 world_eligibility=24455 render_hierarchy_calls=6377 render_hierarchy_declined=0 render_hierarchy_internal=90145 render_hierarchy_callbacks=10216 render_model_calls=0 render_model_revocations=0 render_hierarchy_resumes=0 rigid_hierarchy_calls=5699 morph_hierarchy_calls=0 land_render_calls=0 collision_fused_cross=0 collision_fused_length=0 collision_fused_normalize=0 matrix_bulk_pushes=0 matrix_bulk_pops=0 matrix_bulk_saved=0 matrix_bulk_loaded=0 render_context_captures=10414 render_context_commits=10414 render_context_fallbacks=0 render_context_direct_calls=20828 palette_batch_calls=30957 palette_batch_vertices=880012 palette_batch_declined=0 palette_batch_closed_loops=30957 projection_batch_calls=33135 projection_batch_vertices=910321 projection_batch_declined=46 projection_batch_verified=0 sound_metadata_hits=0 sound_metadata_misses=0 sound_metadata_verified=0 deferred_midi_notes=0 animation_hierarchy_original_calls=0 animation_hierarchy_nodes=18542 animation_direct_write_calls=254 pose_blend_native_calls=0 pose_blend_original_calls=0 pose_direct_write_calls=0 matrix_vector_point_native_calls=35792 matrix_vector_point_original_calls=0 matrix_vector_direction_native_calls=41883 matrix_vector_direction_original_calls=0 matrix_vector_store_native_calls=0 matrix_vector_store_original_calls=0 matrix_vector_translation_native_calls=0 matrix_vector_translation_original_calls=0 atan_native_calls=0 inverse_trig_native_calls=85905 inverse_trig_declined=0 inverse_memory_calls=0 inverse_memory_stores=0 atan_original_calls=0 atan_quotient_native_calls=2 atan_quotient_original_calls=0 atan_polynomial_native_calls=0 atan_polynomial_original_calls=0 atan_scale_native_calls=0 atan_scale_original_calls=0 matrix_inverse_original_calls=0 matrix_determinant_native_calls=0 matrix_determinant_original_calls=0 player_state_readable=1 player_x=659.184 player_y=199.988 player_z=13.8359 player_x_bits=1143262155 player_y_bits=1128791285 player_z_bits=1096638475 frame_window_begin=5 frame_window_end=25 game_ticks=255 hud_timer_ticks=89 update_timing=0 update_tasks=0 update_tails=0 update_main_tasks=0 update_alternate_tasks=0 update_waits=0 update_elapsed=0 update_elapsed_extra=0 update_timer_setups=0 periodic_epoch_ns=119136817484189 periodic_callbacks=0 render_completion_experiment=0 guest_render_submitted=0 guest_render_completed=0 guest_render_dispatched=0 guest_render_callback=0 guest_render_counter=0 guest_render_nonzero_callbacks=0 update_unreadable=0 execution_thread_id=67568 execution_cpu_valid=1 execution_cpu_100ns=952019155 process_cpu_valid=1 process_cpu_100ns=6085782125 execution_cycles_valid=0 execution_cycles=0 phase=0 final=0
SONIC_NATIVE_SCENARIO_GAMEPLAY_SAMPLE id=knuckles-sky-deck protocol=3 input_profile=3 monotonic_ns=119140587037940 elapsed_ms=47533 collision_debug_signed=-1 frame=277 presentations=272 relative_frame=25 max_frame_ns=1940101416 input_applied_frames=25 completed_frames=26 drawn_frames=25 cadence_readable=1 active_video_hz=50 clock_owner=postpal-checkpoint clock_bound_frame=0 tv_mode_readable=1 tv_mode_word=1 release_slots=2 logical_delta=2 sixty_frame_fixture=0 native_gameplay_math=1 native_leaf_math=1 math_scope_readable=1 main_state=4 scene=15 palette_native_calls=31377 palette_original_calls=0 vertex_normals_native_calls=0 vertex_normals_original_calls=0 matrix_push_native_calls=18391 matrix_push_original_calls=0 matrix_pop_native_calls=21847 matrix_pop_original_calls=0 matrix_staged_groups=0 collision_cross_native_calls=516 collision_length_native_calls=7270 collision_normalize_native_calls=1806 collision_cross_original_calls=0 collision_length_original_calls=0 collision_normalize_original_calls=0 matrix_inverse_native_calls=13107 triangle_contacts_native_calls=0 triangle_contacts_original_calls=0 triangle_contacts_scope_blocked_calls=0 collision_candidates_native_calls=5733 collision_candidates_scope_blocked_calls=0 collision_candidates_original_calls=0 motion_sampling_native_calls=0 motion_sampling_original_calls=0 animation_hierarchy_native_calls=257 model_packets=0 model_snapshots=0 model_packet_verified=0 model_packet_vertices=0 model_gpu_draws=0 model_point_uploads=0 model_corner_uploads=0 closed_memory_calls=292519 closed_memory_words=3868537 collision_memory_intervals=0 collision_memory_reads=0 collision_memory_writes=0 model_pipeline_calls=31545 model_pipeline_declined=0 model_pipeline_points=812002 model_pipeline_normals=29463 model_pipeline_draws=29463 model_pipeline_direct_outputs=29617 model_pipeline_root_operations=0 model_pipeline_closed_children=0 object_distance_calls=110569 object_distance_native=110569 object_distance_fallback=0 object_activation_calls=257 object_lifetime_calls=40124 object_records=102800 object_created=156 object_retired=7 object_declined=0 object_slow_accesses=0 movement_calls=0 movement_declined=0 movement_callbacks=0 movement_reentries=0 contact_family_calls=0 object_contact_calls=0 camera_operation_calls=0 contact_family_internal=0 contact_family_foreign=0 contact_family_resumes=0 world_calls=258 world_declined=0 world_internal=18323 world_callbacks=84893 world_resumes=0 world_membership=24847 world_eligibility=24749 render_hierarchy_calls=6461 render_hierarchy_declined=0 render_hierarchy_internal=91406 render_hierarchy_callbacks=10354 render_model_calls=0 render_model_revocations=0 render_hierarchy_resumes=0 rigid_hierarchy_calls=5773 morph_hierarchy_calls=0 land_render_calls=0 collision_fused_cross=0 collision_fused_length=0 collision_fused_normalize=0 matrix_bulk_pushes=0 matrix_bulk_pops=0 matrix_bulk_saved=0 matrix_bulk_loaded=0 render_context_captures=10551 render_context_commits=10551 render_context_fallbacks=0 render_context_direct_calls=21102 palette_batch_calls=31377 palette_batch_vertices=892045 palette_batch_declined=0 palette_batch_closed_loops=31377 projection_batch_calls=33585 projection_batch_vertices=922774 projection_batch_declined=46 projection_batch_verified=0 sound_metadata_hits=0 sound_metadata_misses=0 sound_metadata_verified=0 deferred_midi_notes=0 animation_hierarchy_original_calls=0 animation_hierarchy_nodes=18761 animation_direct_write_calls=257 pose_blend_native_calls=0 pose_blend_original_calls=0 pose_direct_write_calls=0 matrix_vector_point_native_calls=36137 matrix_vector_point_original_calls=0 matrix_vector_direction_native_calls=42379 matrix_vector_direction_original_calls=0 matrix_vector_store_native_calls=0 matrix_vector_store_original_calls=0 matrix_vector_translation_native_calls=0 matrix_vector_translation_original_calls=0 atan_native_calls=0 inverse_trig_native_calls=86903 inverse_trig_declined=0 inverse_memory_calls=0 inverse_memory_stores=0 atan_original_calls=0 atan_quotient_native_calls=2 atan_quotient_original_calls=0 atan_polynomial_native_calls=0 atan_polynomial_original_calls=0 atan_scale_native_calls=0 atan_scale_original_calls=0 matrix_inverse_original_calls=0 matrix_determinant_native_calls=0 matrix_determinant_original_calls=0 player_state_readable=1 player_x=658.607 player_y=199.988 player_z=13.9097 player_x_bits=1143252702 player_y_bits=1128791274 player_z_bits=1096715792 frame_window_begin=5 frame_window_end=25 game_ticks=258 hud_timer_ticks=92 update_timing=0 update_tasks=0 update_tails=0 update_main_tasks=0 update_alternate_tasks=0 update_waits=0 update_elapsed=0 update_elapsed_extra=0 update_timer_setups=0 periodic_epoch_ns=119138711967832 periodic_callbacks=0 render_completion_experiment=0 guest_render_submitted=0 guest_render_completed=0 guest_render_dispatched=0 guest_render_callback=0 guest_render_counter=0 guest_render_nonzero_callbacks=0 update_unreadable=0 execution_thread_id=67568 execution_cpu_valid=1 execution_cpu_100ns=960962078 process_cpu_valid=1 process_cpu_100ns=6146968738 execution_cycles_valid=0 execution_cycles=0 phase=0 final=1
SONIC_NATIVE_SCENARIO_GAMEPLAY_COMPLETE id=knuckles-sky-deck protocol=3 input_profile=3 monotonic_ns=119140587037940 elapsed_ms=47533 frame=277 presentations=272 relative_frame=25 input_applied_frames=25 completed_frames=26 drawn_frames=25 max_frame_ns=1940101416 p95_frame_ns=1932283075 p99_frame_ns=1940101416 frame_samples=25 frame_samples_truncated=0
SONIC_NATIVE_SCENARIO_DEADLINE_ARMED frame=277 presentations=272
KATANA_NATIVE_FRAME_PACING_SNAPSHOT {"schema":1,"simulation_frames":277,"presentation_frames":273,"repeated_presentations":0,"late_simulation_frames":0,"missed_presentation_deadlines":11303,"simulation_rate_hz":30,"presentation_rate_hz":60,"enabled":true}
KATANA_NATIVE_PRODUCT_GATE status=not-reached milestone=FirstVisibleGameFrame stop_reason=2 bootstrap_phase=2
KATANA_RUNTIME_STOP_FRONTIER {"version":2,"stop_reason":2,"pc":2349152670,"pr":2349152670,"active_instruction":2349161410,"active_instruction_physical":201677762,"active_block":0,"active_block_physical":0,"active_block_size":0,"gpr":[172400620,2356798248,0,2349143952,0,2356800708,2356800704,4,2356545712,2349898930,2350259184,2348878714,2348878680,2349252608,2350509724,2348872648],"gbr":2358246912,"vbr":2348872704,"sr":1610612992,"mach":0,"macl":1924,"fpul":53,"fpscr":262245,"retired_guest_instructions":99826962,"attempted_guest_instructions":99826962}
